scenario,variant,policy,metric,mean,ci95,n
S1,cap16/group_exact,dp,groups_consumed,8,0,3
S1,cap16/group_exact,dp,groups_dropped,0,0,3
S1,cap16/group_exact,dp,groups_unfinished,0,0,3
S1,cap16/group_exact,dp,drops_policy,0,0,3
S1,cap16/group_exact,dp,drops_stale,0,0,3
S1,cap16/group_exact,dp,drops_colocated_switch,0,0,3
S1,cap16/group_exact,dp,tokens_consumed,70178.7,11438,3
S1,cap16/group_exact,dp,tokens_dropped,0,0,3
S1,cap16/group_exact,dp,waste_frac,0,0,3
S1,cap16/group_exact,dp,length_bias,0,0,3
S1,cap16/group_exact,dp,run_s,47.71,35.4263,3
S1,cap16/group_exact,dp,phase_time_s,47.71,35.4263,3
S1,cap16/group_exact,dp,gen_time_s,47.3773,35.4113,3
S1,cap16/group_exact,dp,straggler_s,0,0,3
S1,cap16/group_exact,dp,mean_ready_s,27.494,7.74184,3
S1,cap16/group_exact,dp,gpu_idle_frac,0.397605,0.357492,3
S1,cap16/group_exact,dp,gen_frac,0.596476,0.352202,3
S1,cap16/group_exact,dp,overhead_frac,0.00591848,0.00533603,3
S1,cap16/group_exact,dp,padding_frac,0.625164,0.0422444,3
S1,cap16/group_exact,dp,verify_delay_mean_s,0.209943,0.00605637,3
S1,cap16/group_exact,dp,verify_delay_p95_s,0.314,0.0151104,3
S1,cap16/group_exact,dp,instants,66.6667,3.79458,3
S1,cap16/group_exact,dp,policy_calls,66.6667,3.79458,3
S1,cap16/group_exact,dp,violations,0,0,3
S1,cap16/group_exact,dp,lb_gap,0.248244,0.0750485,3
S1,cap16/group_exact,dp,J,1.46077,0.681424,3
S1,cap16/group_exact,fifo_chunk,groups_consumed,8,0,3
S1,cap16/group_exact,fifo_chunk,groups_dropped,0,0,3
S1,cap16/group_exact,fifo_chunk,groups_unfinished,0,0,3
S1,cap16/group_exact,fifo_chunk,drops_policy,0,0,3
S1,cap16/group_exact,fifo_chunk,drops_stale,0,0,3
S1,cap16/group_exact,fifo_chunk,drops_colocated_switch,0,0,3
S1,cap16/group_exact,fifo_chunk,tokens_consumed,70178.7,11438,3
S1,cap16/group_exact,fifo_chunk,tokens_dropped,0,0,3
S1,cap16/group_exact,fifo_chunk,waste_frac,0,0,3
S1,cap16/group_exact,fifo_chunk,length_bias,0,0,3
S1,cap16/group_exact,fifo_chunk,run_s,50.7763,10.0091,3
S1,cap16/group_exact,fifo_chunk,phase_time_s,50.7763,10.0091,3
S1,cap16/group_exact,fifo_chunk,gen_time_s,50.444,9.87051,3
S1,cap16/group_exact,fifo_chunk,straggler_s,0,0,3
S1,cap16/group_exact,fifo_chunk,mean_ready_s,29.5235,4.81059,3
S1,cap16/group_exact,fifo_chunk,gpu_idle_frac,0.226459,0.0536604,3
S1,cap16/group_exact,fifo_chunk,gen_frac,0.768207,0.0546555,3
S1,cap16/group_exact,fifo_chunk,overhead_frac,0.00533483,0.00104215,3
S1,cap16/group_exact,fifo_chunk,padding_frac,0.530678,0.0708144,3
S1,cap16/group_exact,fifo_chunk,verify_delay_mean_s,0.209943,0.00605637,3
S1,cap16/group_exact,fifo_chunk,verify_delay_p95_s,0.314,0.0151104,3
S1,cap16/group_exact,fifo_chunk,instants,71.3333,2.86844,3
S1,cap16/group_exact,fifo_chunk,policy_calls,71.3333,2.86844,3
S1,cap16/group_exact,fifo_chunk,violations,0,0,3
S1,cap16/group_exact,fifo_chunk,lb_gap,0.404224,0.919945,3
S1,cap16/group_exact,fifo_chunk,J,1.32164,0.163568,3
S1,cap16/group_exact,oracle_dp,groups_consumed,8,0,3
S1,cap16/group_exact,oracle_dp,groups_dropped,0,0,3
S1,cap16/group_exact,oracle_dp,groups_unfinished,0,0,3
S1,cap16/group_exact,oracle_dp,drops_policy,0,0,3
S1,cap16/group_exact,oracle_dp,drops_stale,0,0,3
S1,cap16/group_exact,oracle_dp,drops_colocated_switch,0,0,3
S1,cap16/group_exact,oracle_dp,tokens_consumed,70178.7,11438,3
S1,cap16/group_exact,oracle_dp,tokens_dropped,0,0,3
S1,cap16/group_exact,oracle_dp,waste_frac,0,0,3
S1,cap16/group_exact,oracle_dp,length_bias,0,0,3
S1,cap16/group_exact,oracle_dp,run_s,47.7317,35.5074,3
S1,cap16/group_exact,oracle_dp,phase_time_s,47.7317,35.5074,3
S1,cap16/group_exact,oracle_dp,gen_time_s,47.3773,35.4113,3
S1,cap16/group_exact,oracle_dp,straggler_s,0,0,3
S1,cap16/group_exact,oracle_dp,mean_ready_s,40.8188,25.7264,3
S1,cap16/group_exact,oracle_dp,gpu_idle_frac,0.621337,0.107445,3
S1,cap16/group_exact,oracle_dp,gen_frac,0.372744,0.102136,3
S1,cap16/group_exact,oracle_dp,overhead_frac,0.00591848,0.00533603,3
S1,cap16/group_exact,oracle_dp,padding_frac,0.402863,0.217466,3
S1,cap16/group_exact,oracle_dp,verify_delay_mean_s,0.209943,0.00605637,3
S1,cap16/group_exact,oracle_dp,verify_delay_p95_s,0.314,0.0151104,3
S1,cap16/group_exact,oracle_dp,instants,67,0,3
S1,cap16/group_exact,oracle_dp,policy_calls,67,0,3
S1,cap16/group_exact,oracle_dp,violations,0,0,3
S1,cap16/group_exact,oracle_dp,lb_gap,0.248244,0.0750485,3
S1,cap16/group_exact,oracle_dp,J,1.35063,0.744458,3
S1,cap16/group_exact,reference,groups_consumed,8,0,3
S1,cap16/group_exact,reference,groups_dropped,0,0,3
S1,cap16/group_exact,reference,groups_unfinished,0,0,3
S1,cap16/group_exact,reference,drops_policy,0,0,3
S1,cap16/group_exact,reference,drops_stale,0,0,3
S1,cap16/group_exact,reference,drops_colocated_switch,0,0,3
S1,cap16/group_exact,reference,tokens_consumed,70178.7,11438,3
S1,cap16/group_exact,reference,tokens_dropped,0,0,3
S1,cap16/group_exact,reference,waste_frac,0,0,3
S1,cap16/group_exact,reference,length_bias,0,0,3
S1,cap16/group_exact,reference,run_s,47.7333,35.5003,3
S1,cap16/group_exact,reference,phase_time_s,47.7333,35.5003,3
S1,cap16/group_exact,reference,gen_time_s,47.3773,35.4113,3
S1,cap16/group_exact,reference,straggler_s,0,0,3
S1,cap16/group_exact,reference,mean_ready_s,28.4339,12.9557,3
S1,cap16/group_exact,reference,gpu_idle_frac,0.380048,0.364794,3
S1,cap16/group_exact,reference,gen_frac,0.614033,0.360092,3
S1,cap16/group_exact,reference,overhead_frac,0.00591848,0.00533603,3
S1,cap16/group_exact,reference,padding_frac,0.632886,0.114701,3
S1,cap16/group_exact,reference,verify_delay_mean_s,0.209943,0.00605637,3
S1,cap16/group_exact,reference,verify_delay_p95_s,0.314,0.0151104,3
S1,cap16/group_exact,reference,instants,67,2.48414,3
S1,cap16/group_exact,reference,policy_calls,67,2.48414,3
S1,cap16/group_exact,reference,violations,0,0,3
S1,cap16/group_exact,reference,lb_gap,0.248244,0.0750485,3
S1,cap16/group_exact,reference,J,1.46003,0.679285,3
S1,cap16/group_exact,sorted_chunk,groups_consumed,8,0,3
S1,cap16/group_exact,sorted_chunk,groups_dropped,0,0,3
S1,cap16/group_exact,sorted_chunk,groups_unfinished,0,0,3
S1,cap16/group_exact,sorted_chunk,drops_policy,0,0,3
S1,cap16/group_exact,sorted_chunk,drops_stale,0,0,3
S1,cap16/group_exact,sorted_chunk,drops_colocated_switch,0,0,3
S1,cap16/group_exact,sorted_chunk,tokens_consumed,70178.7,11438,3
S1,cap16/group_exact,sorted_chunk,tokens_dropped,0,0,3
S1,cap16/group_exact,sorted_chunk,waste_frac,0,0,3
S1,cap16/group_exact,sorted_chunk,length_bias,0,0,3
S1,cap16/group_exact,sorted_chunk,run_s,68.59,7.67405,3
S1,cap16/group_exact,sorted_chunk,phase_time_s,68.59,7.67405,3
S1,cap16/group_exact,sorted_chunk,gen_time_s,68.265,7.89514,3
S1,cap16/group_exact,sorted_chunk,straggler_s,0,0,3
S1,cap16/group_exact,sorted_chunk,mean_ready_s,47.9616,18.377,3
S1,cap16/group_exact,sorted_chunk,gpu_idle_frac,0.0929919,0.069442,3
S1,cap16/group_exact,sorted_chunk,gen_frac,0.902842,0.0698147,3
S1,cap16/group_exact,sorted_chunk,overhead_frac,0.00416614,0.00047047,3
S1,cap16/group_exact,sorted_chunk,padding_frac,0.439513,0.0907831,3
S1,cap16/group_exact,sorted_chunk,verify_delay_mean_s,0.209943,0.00605637,3
S1,cap16/group_exact,sorted_chunk,verify_delay_p95_s,0.314,0.0151104,3
S1,cap16/group_exact,sorted_chunk,instants,80,0,3
S1,cap16/group_exact,sorted_chunk,policy_calls,80,0,3
S1,cap16/group_exact,sorted_chunk,violations,0,0,3
S1,cap16/group_exact,sorted_chunk,lb_gap,0.921737,1.52517,3
S1,cap16/group_exact,sorted_chunk,J,1.40151,0.161076,3
S1,cap16/group_moderate,dp,groups_consumed,8,0,3
S1,cap16/group_moderate,dp,groups_dropped,0,0,3
S1,cap16/group_moderate,dp,groups_unfinished,0,0,3
S1,cap16/group_moderate,dp,drops_policy,0,0,3
S1,cap16/group_moderate,dp,drops_stale,0,0,3
S1,cap16/group_moderate,dp,drops_colocated_switch,0,0,3
S1,cap16/group_moderate,dp,tokens_consumed,70178.7,11438,3
S1,cap16/group_moderate,dp,tokens_dropped,0,0,3
S1,cap16/group_moderate,dp,waste_frac,0,0,3
S1,cap16/group_moderate,dp,length_bias,0,0,3
S1,cap16/group_moderate,dp,run_s,47.71,35.4263,3
S1,cap16/group_moderate,dp,phase_time_s,47.71,35.4263,3
S1,cap16/group_moderate,dp,gen_time_s,47.3773,35.4113,3
S1,cap16/group_moderate,dp,straggler_s,0,0,3
S1,cap16/group_moderate,dp,mean_ready_s,27.0025,8.40885,3
S1,cap16/group_moderate,dp,gpu_idle_frac,0.407263,0.374167,3
S1,cap16/group_moderate,dp,gen_frac,0.586819,0.369011,3
S1,cap16/group_moderate,dp,overhead_frac,0.00591848,0.00533603,3
S1,cap16/group_moderate,dp,padding_frac,0.617341,0.0700959,3
S1,cap16/group_moderate,dp,verify_delay_mean_s,0.209943,0.00605637,3
S1,cap16/group_moderate,dp,verify_delay_p95_s,0.314,0.0151104,3
S1,cap16/group_moderate,dp,instants,66,4.30265,3
S1,cap16/group_moderate,dp,policy_calls,66,4.30265,3
S1,cap16/group_moderate,dp,violations,0,0,3
S1,cap16/group_moderate,dp,lb_gap,0.248244,0.0750485,3
S1,cap16/group_moderate,dp,J,1.45778,0.674479,3
S1,cap16/group_moderate,fifo_chunk,groups_consumed,8,0,3
S1,cap16/group_moderate,fifo_chunk,groups_dropped,0,0,3
S1,cap16/group_moderate,fifo_chunk,groups_unfinished,0,0,3
S1,cap16/group_moderate,fifo_chunk,drops_policy,0,0,3
S1,cap16/group_moderate,fifo_chunk,drops_stale,0,0,3
S1,cap16/group_moderate,fifo_chunk,drops_colocated_switch,0,0,3
S1,cap16/group_moderate,fifo_chunk,tokens_consumed,70178.7,11438,3
S1,cap16/group_moderate,fifo_chunk,tokens_dropped,0,0,3
S1,cap16/group_moderate,fifo_chunk,waste_frac,0,0,3
S1,cap16/group_moderate,fifo_chunk,length_bias,0,0,3
S1,cap16/group_moderate,fifo_chunk,run_s,50.7763,10.0091,3
S1,cap16/group_moderate,fifo_chunk,phase_time_s,50.7763,10.0091,3
S1,cap16/group_moderate,fifo_chunk,gen_time_s,50.444,9.87051,3
S1,cap16/group_moderate,fifo_chunk,straggler_s,0,0,3
S1,cap16/group_moderate,fifo_chunk,mean_ready_s,29.5235,4.81059,3
S1,cap16/group_moderate,fifo_chunk,gpu_idle_frac,0.226459,0.0536604,3
S1,cap16/group_moderate,fifo_chunk,gen_frac,0.768207,0.0546555,3
S1,cap16/group_moderate,fifo_chunk,overhead_frac,0.00533483,0.00104215,3
S1,cap16/group_moderate,fifo_chunk,padding_frac,0.530678,0.0708144,3
S1,cap16/group_moderate,fifo_chunk,verify_delay_mean_s,0.209943,0.00605637,3
S1,cap16/group_moderate,fifo_chunk,verify_delay_p95_s,0.314,0.0151104,3
S1,cap16/group_moderate,fifo_chunk,instants,71.3333,2.86844,3
S1,cap16/group_moderate,fifo_chunk,policy_calls,71.3333,2.86844,3
S1,cap16/group_moderate,fifo_chunk,violations,0,0,3
S1,cap16/group_moderate,fifo_chunk,lb_gap,0.404224,0.919945,3
S1,cap16/group_moderate,fifo_chunk,J,1.32164,0.163568,3
S1,cap16/group_moderate,oracle_dp,groups_consumed,8,0,3
S1,cap16/group_moderate,oracle_dp,groups_dropped,0,0,3
S1,cap16/group_moderate,oracle_dp,groups_unfinished,0,0,3
S1,cap16/group_moderate,oracle_dp,drops_policy,0,0,3
S1,cap16/group_moderate,oracle_dp,drops_stale,0,0,3
S1,cap16/group_moderate,oracle_dp,drops_colocated_switch,0,0,3
S1,cap16/group_moderate,oracle_dp,tokens_consumed,70178.7,11438,3
S1,cap16/group_moderate,oracle_dp,tokens_dropped,0,0,3
S1,cap16/group_moderate,oracle_dp,waste_frac,0,0,3
S1,cap16/group_moderate,oracle_dp,length_bias,0,0,3
S1,cap16/group_moderate,oracle_dp,run_s,47.7317,35.5074,3
S1,cap16/group_moderate,oracle_dp,phase_time_s,47.7317,35.5074,3
S1,cap16/group_moderate,oracle_dp,gen_time_s,47.3773,35.4113,3
S1,cap16/group_moderate,oracle_dp,straggler_s,0,0,3
S1,cap16/group_moderate,oracle_dp,mean_ready_s,40.8188,25.7264,3
S1,cap16/group_moderate,oracle_dp,gpu_idle_frac,0.621337,0.107445,3
S1,cap16/group_moderate,oracle_dp,gen_frac,0.372744,0.102136,3
S1,cap16/group_moderate,oracle_dp,overhead_frac,0.00591848,0.00533603,3
S1,cap16/group_moderate,oracle_dp,padding_frac,0.402863,0.217466,3
S1,cap16/group_moderate,oracle_dp,verify_delay_mean_s,0.209943,0.00605637,3
S1,cap16/group_moderate,oracle_dp,verify_delay_p95_s,0.314,0.0151104,3
S1,cap16/group_moderate,oracle_dp,instants,67,0,3
S1,cap16/group_moderate,oracle_dp,policy_calls,67,0,3
S1,cap16/group_moderate,oracle_dp,violations,0,0,3
S1,cap16/group_moderate,oracle_dp,lb_gap,0.248244,0.0750485,3
S1,cap16/group_moderate,oracle_dp,J,1.35063,0.744458,3
S1,cap16/group_moderate,reference,groups_consumed,8,0,3
S1,cap16/group_moderate,reference,groups_dropped,0,0,3
S1,cap16/group_moderate,reference,groups_unfinished,0,0,3
S1,cap16/group_moderate,reference,drops_policy,0,0,3
S1,cap16/group_moderate,reference,drops_stale,0,0,3
S1,cap16/group_moderate,reference,drops_colocated_switch,0,0,3
S1,cap16/group_moderate,reference,tokens_consumed,70178.7,11438,3
S1,cap16/group_moderate,reference,tokens_dropped,0,0,3
S1,cap16/group_moderate,reference,waste_frac,0,0,3
S1,cap16/group_moderate,reference,length_bias,0,0,3
S1,cap16/group_moderate,reference,run_s,47.7333,35.5003,3
S1,cap16/group_moderate,reference,phase_time_s,47.7333,35.5003,3
S1,cap16/group_moderate,reference,gen_time_s,47.3773,35.4113,3
S1,cap16/group_moderate,reference,straggler_s,0,0,3
S1,cap16/group_moderate,reference,mean_ready_s,28.4339,12.9557,3
S1,cap16/group_moderate,reference,gpu_idle_frac,0.380048,0.364794,3
S1,cap16/group_moderate,reference,gen_frac,0.614033,0.360092,3
S1,cap16/group_moderate,reference,overhead_frac,0.00591848,0.00533603,3
S1,cap16/group_moderate,reference,padding_frac,0.632886,0.114701,3
S1,cap16/group_moderate,reference,verify_delay_mean_s,0.209943,0.00605637,3
S1,cap16/group_moderate,reference,verify_delay_p95_s,0.314,0.0151104,3
S1,cap16/group_moderate,reference,instants,67,2.48414,3
S1,cap16/group_moderate,reference,policy_calls,67,2.48414,3
S1,cap16/group_moderate,reference,violations,0,0,3
S1,cap16/group_moderate,reference,lb_gap,0.248244,0.0750485,3
S1,cap16/group_moderate,reference,J,1.46003,0.679285,3
S1,cap16/group_moderate,sorted_chunk,groups_consumed,8,0,3
S1,cap16/group_moderate,sorted_chunk,groups_dropped,0,0,3
S1,cap16/group_moderate,sorted_chunk,groups_unfinished,0,0,3
S1,cap16/group_moderate,sorted_chunk,drops_policy,0,0,3
S1,cap16/group_moderate,sorted_chunk,drops_stale,0,0,3
S1,cap16/group_moderate,sorted_chunk,drops_colocated_switch,0,0,3
S1,cap16/group_moderate,sorted_chunk,tokens_consumed,70178.7,11438,3
S1,cap16/group_moderate,sorted_chunk,tokens_dropped,0,0,3
S1,cap16/group_moderate,sorted_chunk,waste_frac,0,0,3
S1,cap16/group_moderate,sorted_chunk,length_bias,0,0,3
S1,cap16/group_moderate,sorted_chunk,run_s,69.275,21.3785,3
S1,cap16/group_moderate,sorted_chunk,phase_time_s,69.275,21.3785,3
S1,cap16/group_moderate,sorted_chunk,gen_time_s,69.0127,21.4348,3
S1,cap16/group_moderate,sorted_chunk,straggler_s,0,0,3
S1,cap16/group_moderate,sorted_chunk,mean_ready_s,46.3161,21.1397,3
S1,cap16/group_moderate,sorted_chunk,gpu_idle_frac,0.0985456,0.10708,3
S1,cap16/group_moderate,sorted_chunk,gen_frac,0.897299,0.105877,3
S1,cap16/group_moderate,sorted_chunk,overhead_frac,0.00415564,0.00120564,3
S1,cap16/group_moderate,sorted_chunk,padding_frac,0.439513,0.0907831,3
S1,cap16/group_moderate,sorted_chunk,verify_delay_mean_s,0.209943,0.00605637,3
S1,cap16/group_moderate,sorted_chunk,verify_delay_p95_s,0.314,0.0151104,3
S1,cap16/group_moderate,sorted_chunk,instants,80,0,3
S1,cap16/group_moderate,sorted_chunk,policy_calls,80,0,3
S1,cap16/group_moderate,sorted_chunk,violations,0,0,3
S1,cap16/group_moderate,sorted_chunk,lb_gap,0.921206,1.31016,3
S1,cap16/group_moderate,sorted_chunk,J,1.41343,0.395085,3
S1,cap16/none,dp,groups_consumed,8,0,3
S1,cap16/none,dp,groups_dropped,0,0,3
S1,cap16/none,dp,groups_unfinished,0,0,3
S1,cap16/none,dp,drops_policy,0,0,3
S1,cap16/none,dp,drops_stale,0,0,3
S1,cap16/none,dp,drops_colocated_switch,0,0,3
S1,cap16/none,dp,tokens_consumed,70178.7,11438,3
S1,cap16/none,dp,tokens_dropped,0,0,3
S1,cap16/none,dp,waste_frac,0,0,3
S1,cap16/none,dp,length_bias,0,0,3
S1,cap16/none,dp,run_s,47.7333,35.5003,3
S1,cap16/none,dp,phase_time_s,47.7333,35.5003,3
S1,cap16/none,dp,gen_time_s,47.3773,35.4113,3
S1,cap16/none,dp,straggler_s,0,0,3
S1,cap16/none,dp,mean_ready_s,28.4339,12.9557,3
S1,cap16/none,dp,gpu_idle_frac,0.380048,0.364794,3
S1,cap16/none,dp,gen_frac,0.614033,0.360092,3
S1,cap16/none,dp,overhead_frac,0.00591848,0.00533603,3
S1,cap16/none,dp,padding_frac,0.632886,0.114701,3
S1,cap16/none,dp,verify_delay_mean_s,0.209943,0.00605637,3
S1,cap16/none,dp,verify_delay_p95_s,0.314,0.0151104,3
S1,cap16/none,dp,instants,67,2.48414,3
S1,cap16/none,dp,policy_calls,67,2.48414,3
S1,cap16/none,dp,violations,0,0,3
S1,cap16/none,dp,lb_gap,0.248244,0.0750485,3
S1,cap16/none,dp,J,1.46003,0.679285,3
S1,cap16/none,fifo_chunk,groups_consumed,8,0,3
S1,cap16/none,fifo_chunk,groups_dropped,0,0,3
S1,cap16/none,fifo_chunk,groups_unfinished,0,0,3
S1,cap16/none,fifo_chunk,drops_policy,0,0,3
S1,cap16/none,fifo_chunk,drops_stale,0,0,3
S1,cap16/none,fifo_chunk,drops_colocated_switch,0,0,3
S1,cap16/none,fifo_chunk,tokens_consumed,70178.7,11438,3
S1,cap16/none,fifo_chunk,tokens_dropped,0,0,3
S1,cap16/none,fifo_chunk,waste_frac,0,0,3
S1,cap16/none,fifo_chunk,length_bias,0,0,3
S1,cap16/none,fifo_chunk,run_s,50.7763,10.0091,3
S1,cap16/none,fifo_chunk,phase_time_s,50.7763,10.0091,3
S1,cap16/none,fifo_chunk,gen_time_s,50.444,9.87051,3
S1,cap16/none,fifo_chunk,straggler_s,0,0,3
S1,cap16/none,fifo_chunk,mean_ready_s,29.5235,4.81059,3
S1,cap16/none,fifo_chunk,gpu_idle_frac,0.226459,0.0536604,3
S1,cap16/none,fifo_chunk,gen_frac,0.768207,0.0546555,3
S1,cap16/none,fifo_chunk,overhead_frac,0.00533483,0.00104215,3
S1,cap16/none,fifo_chunk,padding_frac,0.530678,0.0708144,3
S1,cap16/none,fifo_chunk,verify_delay_mean_s,0.209943,0.00605637,3
S1,cap16/none,fifo_chunk,verify_delay_p95_s,0.314,0.0151104,3
S1,cap16/none,fifo_chunk,instants,71.3333,2.86844,3
S1,cap16/none,fifo_chunk,policy_calls,71.3333,2.86844,3
S1,cap16/none,fifo_chunk,violations,0,0,3
S1,cap16/none,fifo_chunk,lb_gap,0.404224,0.919945,3
S1,cap16/none,fifo_chunk,J,1.32164,0.163568,3
S1,cap16/none,oracle_dp,groups_consumed,8,0,3
S1,cap16/none,oracle_dp,groups_dropped,0,0,3
S1,cap16/none,oracle_dp,groups_unfinished,0,0,3
S1,cap16/none,oracle_dp,drops_policy,0,0,3
S1,cap16/none,oracle_dp,drops_stale,0,0,3
S1,cap16/none,oracle_dp,drops_colocated_switch,0,0,3
S1,cap16/none,oracle_dp,tokens_consumed,70178.7,11438,3
S1,cap16/none,oracle_dp,tokens_dropped,0,0,3
S1,cap16/none,oracle_dp,waste_frac,0,0,3
S1,cap16/none,oracle_dp,length_bias,0,0,3
S1,cap16/none,oracle_dp,run_s,47.7317,35.5074,3
S1,cap16/none,oracle_dp,phase_time_s,47.7317,35.5074,3
S1,cap16/none,oracle_dp,gen_time_s,47.3773,35.4113,3
S1,cap16/none,oracle_dp,straggler_s,0,0,3
S1,cap16/none,oracle_dp,mean_ready_s,40.8188,25.7264,3
S1,cap16/none,oracle_dp,gpu_idle_frac,0.621337,0.107445,3
S1,cap16/none,oracle_dp,gen_frac,0.372744,0.102136,3
S1,cap16/none,oracle_dp,overhead_frac,0.00591848,0.00533603,3
S1,cap16/none,oracle_dp,padding_frac,0.402863,0.217466,3
S1,cap16/none,oracle_dp,verify_delay_mean_s,0.209943,0.00605637,3
S1,cap16/none,oracle_dp,verify_delay_p95_s,0.314,0.0151104,3
S1,cap16/none,oracle_dp,instants,67,0,3
S1,cap16/none,oracle_dp,policy_calls,67,0,3
S1,cap16/none,oracle_dp,violations,0,0,3
S1,cap16/none,oracle_dp,lb_gap,0.248244,0.0750485,3
S1,cap16/none,oracle_dp,J,1.35063,0.744458,3
S1,cap16/none,reference,groups_consumed,8,0,3
S1,cap16/none,reference,groups_dropped,0,0,3
S1,cap16/none,reference,groups_unfinished,0,0,3
S1,cap16/none,reference,drops_policy,0,0,3
S1,cap16/none,reference,drops_stale,0,0,3
S1,cap16/none,reference,drops_colocated_switch,0,0,3
S1,cap16/none,reference,tokens_consumed,70178.7,11438,3
S1,cap16/none,reference,tokens_dropped,0,0,3
S1,cap16/none,reference,waste_frac,0,0,3
S1,cap16/none,reference,length_bias,0,0,3
S1,cap16/none,reference,run_s,47.7333,35.5003,3
S1,cap16/none,reference,phase_time_s,47.7333,35.5003,3
S1,cap16/none,reference,gen_time_s,47.3773,35.4113,3
S1,cap16/none,reference,straggler_s,0,0,3
S1,cap16/none,reference,mean_ready_s,28.4339,12.9557,3
S1,cap16/none,reference,gpu_idle_frac,0.380048,0.364794,3
S1,cap16/none,reference,gen_frac,0.614033,0.360092,3
S1,cap16/none,reference,overhead_frac,0.00591848,0.00533603,3
S1,cap16/none,reference,padding_frac,0.632886,0.114701,3
S1,cap16/none,reference,verify_delay_mean_s,0.209943,0.00605637,3
S1,cap16/none,reference,verify_delay_p95_s,0.314,0.0151104,3
S1,cap16/none,reference,instants,67,2.48414,3
S1,cap16/none,reference,policy_calls,67,2.48414,3
S1,cap16/none,reference,violations,0,0,3
S1,cap16/none,reference,lb_gap,0.248244,0.0750485,3
S1,cap16/none,reference,J,1.46003,0.679285,3
S1,cap16/none,sorted_chunk,groups_consumed,8,0,3
S1,cap16/none,sorted_chunk,groups_dropped,0,0,3
S1,cap16/none,sorted_chunk,groups_unfinished,0,0,3
S1,cap16/none,sorted_chunk,drops_policy,0,0,3
S1,cap16/none,sorted_chunk,drops_stale,0,0,3
S1,cap16/none,sorted_chunk,drops_colocated_switch,0,0,3
S1,cap16/none,sorted_chunk,tokens_consumed,70178.7,11438,3
S1,cap16/none,sorted_chunk,tokens_dropped,0,0,3
S1,cap16/none,sorted_chunk,waste_frac,0,0,3
S1,cap16/none,sorted_chunk,length_bias,0,0,3
S1,cap16/none,sorted_chunk,run_s,50.7763,10.0091,3
S1,cap16/none,sorted_chunk,phase_time_s,50.7763,10.0091,3
S1,cap16/none,sorted_chunk,gen_time_s,50.444,9.87051,3
S1,cap16/none,sorted_chunk,straggler_s,0,0,3
S1,cap16/none,sorted_chunk,mean_ready_s,29.5235,4.81059,3
S1,cap16/none,sorted_chunk,gpu_idle_frac,0.226459,0.0536604,3
S1,cap16/none,sorted_chunk,gen_frac,0.768207,0.0546555,3
S1,cap16/none,sorted_chunk,overhead_frac,0.00533483,0.00104215,3
S1,cap16/none,sorted_chunk,padding_frac,0.530678,0.0708144,3
S1,cap16/none,sorted_chunk,verify_delay_mean_s,0.209943,0.00605637,3
S1,cap16/none,sorted_chunk,verify_delay_p95_s,0.314,0.0151104,3
S1,cap16/none,sorted_chunk,instants,71.3333,2.86844,3
S1,cap16/none,sorted_chunk,policy_calls,71.3333,2.86844,3
S1,cap16/none,sorted_chunk,violations,0,0,3
S1,cap16/none,sorted_chunk,lb_gap,0.404224,0.919945,3
S1,cap16/none,sorted_chunk,J,1.32164,0.163568,3
S1,cap8/group_exact,dp,groups_consumed,8,0,3
S1,cap8/group_exact,dp,groups_dropped,0,0,3
S1,cap8/group_exact,dp,groups_unfinished,0,0,3
S1,cap8/group_exact,dp,drops_policy,0,0,3
S1,cap8/group_exact,dp,drops_stale,0,0,3
S1,cap8/group_exact,dp,drops_colocated_switch,0,0,3
S1,cap8/group_exact,dp,tokens_consumed,70178.7,11438,3
S1,cap8/group_exact,dp,tokens_dropped,0,0,3
S1,cap8/group_exact,dp,waste_frac,0,0,3
S1,cap8/group_exact,dp,length_bias,0,0,3
S1,cap8/group_exact,dp,run_s,48.8893,4.03125,3
S1,cap8/group_exact,dp,phase_time_s,48.8893,4.03125,3
S1,cap8/group_exact,dp,gen_time_s,48.586,4.04678,3
S1,cap8/group_exact,dp,straggler_s,0,0,3
S1,cap8/group_exact,dp,mean_ready_s,30.5225,8.71163,3
S1,cap8/group_exact,dp,gpu_idle_frac,0.195793,0.202095,3
S1,cap8/group_exact,dp,gen_frac,0.798687,0.202118,3
S1,cap8/group_exact,dp,overhead_frac,0.00552011,0.000457947,3
S1,cap8/group_exact,dp,padding_frac,0.530678,0.0708144,3
S1,cap8/group_exact,dp,verify_delay_mean_s,0.209943,0.00605637,3
S1,cap8/group_exact,dp,verify_delay_p95_s,0.314,0.0151104,3
S1,cap8/group_exact,dp,instants,71.3333,2.86844,3
S1,cap8/group_exact,dp,policy_calls,71.3333,2.86844,3
S1,cap8/group_exact,dp,violations,0,0,3
S1,cap8/group_exact,dp,lb_gap,0.363728,1.03161,3
S1,cap8/group_exact,dp,J,1.27988,0.0434577,3
S1,cap8/group_exact,fifo_chunk,groups_consumed,8,0,3
S1,cap8/group_exact,fifo_chunk,groups_dropped,0,0,3
S1,cap8/group_exact,fifo_chunk,groups_unfinished,0,0,3
S1,cap8/group_exact,fifo_chunk,drops_policy,0,0,3
S1,cap8/group_exact,fifo_chunk,drops_stale,0,0,3
S1,cap8/group_exact,fifo_chunk,drops_colocated_switch,0,0,3
S1,cap8/group_exact,fifo_chunk,tokens_consumed,70178.7,11438,3
S1,cap8/group_exact,fifo_chunk,tokens_dropped,0,0,3
S1,cap8/group_exact,fifo_chunk,waste_frac,0,0,3
S1,cap8/group_exact,fifo_chunk,length_bias,0,0,3
S1,cap8/group_exact,fifo_chunk,run_s,50.7763,10.0091,3
S1,cap8/group_exact,fifo_chunk,phase_time_s,50.7763,10.0091,3
S1,cap8/group_exact,fifo_chunk,gen_time_s,50.444,9.87051,3
S1,cap8/group_exact,fifo_chunk,straggler_s,0,0,3
S1,cap8/group_exact,fifo_chunk,mean_ready_s,29.5235,4.81059,3
S1,cap8/group_exact,fifo_chunk,gpu_idle_frac,0.226459,0.0536604,3
S1,cap8/group_exact,fifo_chunk,gen_frac,0.768207,0.0546555,3
S1,cap8/group_exact,fifo_chunk,overhead_frac,0.00533483,0.00104215,3
S1,cap8/group_exact,fifo_chunk,padding_frac,0.530678,0.0708144,3
S1,cap8/group_exact,fifo_chunk,verify_delay_mean_s,0.209943,0.00605637,3
S1,cap8/group_exact,fifo_chunk,verify_delay_p95_s,0.314,0.0151104,3
S1,cap8/group_exact,fifo_chunk,instants,71.3333,2.86844,3
S1,cap8/group_exact,fifo_chunk,policy_calls,71.3333,2.86844,3
S1,cap8/group_exact,fifo_chunk,violations,0,0,3
S1,cap8/group_exact,fifo_chunk,lb_gap,0.404224,0.919945,3
S1,cap8/group_exact,fifo_chunk,J,1.32035,0.163323,3
S1,cap8/group_exact,oracle_dp,groups_consumed,8,0,3
S1,cap8/group_exact,oracle_dp,groups_dropped,0,0,3
S1,cap8/group_exact,oracle_dp,groups_unfinished,0,0,3
S1,cap8/group_exact,oracle_dp,drops_policy,0,0,3
S1,cap8/group_exact,oracle_dp,drops_stale,0,0,3
S1,cap8/group_exact,oracle_dp,drops_colocated_switch,0,0,3
S1,cap8/group_exact,oracle_dp,tokens_consumed,70178.7,11438,3
S1,cap8/group_exact,oracle_dp,tokens_dropped,0,0,3
S1,cap8/group_exact,oracle_dp,waste_frac,0,0,3
S1,cap8/group_exact,oracle_dp,length_bias,0,0,3
S1,cap8/group_exact,oracle_dp,run_s,42.607,30.7664,3
S1,cap8/group_exact,oracle_dp,phase_time_s,42.607,30.7664,3
S1,cap8/group_exact,oracle_dp,gen_time_s,42.2607,30.6362,3
S1,cap8/group_exact,oracle_dp,straggler_s,0,0,3
S1,cap8/group_exact,oracle_dp,mean_ready_s,30.3198,15.9407,3
S1,cap8/group_exact,oracle_dp,gpu_idle_frac,0.419811,0.256586,3
S1,cap8/group_exact,oracle_dp,gen_frac,0.573384,0.250702,3
S1,cap8/group_exact,oracle_dp,overhead_frac,0.00680451,0.00591389,3
S1,cap8/group_exact,oracle_dp,padding_frac,0.218138,0.164224,3
S1,cap8/group_exact,oracle_dp,verify_delay_mean_s,0.209943,0.00605637,3
S1,cap8/group_exact,oracle_dp,verify_delay_p95_s,0.314,0.0151104,3
S1,cap8/group_exact,oracle_dp,instants,71.3333,1.43422,3
S1,cap8/group_exact,oracle_dp,policy_calls,71.3333,1.43422,3
S1,cap8/group_exact,oracle_dp,violations,0,0,3
S1,cap8/group_exact,oracle_dp,lb_gap,0.115851,0.0350242,3
S1,cap8/group_exact,oracle_dp,J,0.995654,0.6994,3
S1,cap8/group_exact,reference,groups_consumed,8,0,3
S1,cap8/group_exact,reference,groups_dropped,0,0,3
S1,cap8/group_exact,reference,groups_unfinished,0,0,3
S1,cap8/group_exact,reference,drops_policy,0,0,3
S1,cap8/group_exact,reference,drops_stale,0,0,3
S1,cap8/group_exact,reference,drops_colocated_switch,0,0,3
S1,cap8/group_exact,reference,tokens_consumed,70178.7,11438,3
S1,cap8/group_exact,reference,tokens_dropped,0,0,3
S1,cap8/group_exact,reference,waste_frac,0,0,3
S1,cap8/group_exact,reference,length_bias,0,0,3
S1,cap8/group_exact,reference,run_s,50.7763,10.0091,3
S1,cap8/group_exact,reference,phase_time_s,50.7763,10.0091,3
S1,cap8/group_exact,reference,gen_time_s,50.444,9.87051,3
S1,cap8/group_exact,reference,straggler_s,0,0,3
S1,cap8/group_exact,reference,mean_ready_s,29.5235,4.81059,3
S1,cap8/group_exact,reference,gpu_idle_frac,0.226459,0.0536604,3
S1,cap8/group_exact,reference,gen_frac,0.768207,0.0546555,3
S1,cap8/group_exact,reference,overhead_frac,0.00533483,0.00104215,3
S1,cap8/group_exact,reference,padding_frac,0.530678,0.0708144,3
S1,cap8/group_exact,reference,verify_delay_mean_s,0.209943,0.00605637,3
S1,cap8/group_exact,reference,verify_delay_p95_s,0.314,0.0151104,3
S1,cap8/group_exact,reference,instants,71.3333,2.86844,3
S1,cap8/group_exact,reference,policy_calls,71.3333,2.86844,3
S1,cap8/group_exact,reference,violations,0,0,3
S1,cap8/group_exact,reference,lb_gap,0.404224,0.919945,3
S1,cap8/group_exact,reference,J,1.32035,0.163323,3
S1,cap8/group_exact,sorted_chunk,groups_consumed,8,0,3
S1,cap8/group_exact,sorted_chunk,groups_dropped,0,0,3
S1,cap8/group_exact,sorted_chunk,groups_unfinished,0,0,3
S1,cap8/group_exact,sorted_chunk,drops_policy,0,0,3
S1,cap8/group_exact,sorted_chunk,drops_stale,0,0,3
S1,cap8/group_exact,sorted_chunk,drops_colocated_switch,0,0,3
S1,cap8/group_exact,sorted_chunk,tokens_consumed,70178.7,11438,3
S1,cap8/group_exact,sorted_chunk,tokens_dropped,0,0,3
S1,cap8/group_exact,sorted_chunk,waste_frac,0,0,3
S1,cap8/group_exact,sorted_chunk,length_bias,0,0,3
S1,cap8/group_exact,sorted_chunk,run_s,68.59,7.67405,3
S1,cap8/group_exact,sorted_chunk,phase_time_s,68.59,7.67405,3
S1,cap8/group_exact,sorted_chunk,gen_time_s,68.265,7.89514,3
S1,cap8/group_exact,sorted_chunk,straggler_s,0,0,3
S1,cap8/group_exact,sorted_chunk,mean_ready_s,47.9616,18.377,3
S1,cap8/group_exact,sorted_chunk,gpu_idle_frac,0.0929919,0.069442,3
S1,cap8/group_exact,sorted_chunk,gen_frac,0.902842,0.0698147,3
S1,cap8/group_exact,sorted_chunk,overhead_frac,0.00416614,0.00047047,3
S1,cap8/group_exact,sorted_chunk,padding_frac,0.439513,0.0907831,3
S1,cap8/group_exact,sorted_chunk,verify_delay_mean_s,0.209943,0.00605637,3
S1,cap8/group_exact,sorted_chunk,verify_delay_p95_s,0.314,0.0151104,3
S1,cap8/group_exact,sorted_chunk,instants,80,0,3
S1,cap8/group_exact,sorted_chunk,policy_calls,80,0,3
S1,cap8/group_exact,sorted_chunk,violations,0,0,3
S1,cap8/group_exact,sorted_chunk,lb_gap,0.921737,1.52517,3
S1,cap8/group_exact,sorted_chunk,J,1.39976,0.160912,3
S1,cap8/group_moderate,dp,groups_consumed,8,0,3
S1,cap8/group_moderate,dp,groups_dropped,0,0,3
S1,cap8/group_moderate,dp,groups_unfinished,0,0,3
S1,cap8/group_moderate,dp,drops_policy,0,0,3
S1,cap8/group_moderate,dp,drops_stale,0,0,3
S1,cap8/group_moderate,dp,drops_colocated_switch,0,0,3
S1,cap8/group_moderate,dp,tokens_consumed,70178.7,11438,3
S1,cap8/group_moderate,dp,tokens_dropped,0,0,3
S1,cap8/group_moderate,dp,waste_frac,0,0,3
S1,cap8/group_moderate,dp,length_bias,0,0,3
S1,cap8/group_moderate,dp,run_s,50.5423,7.84809,3
S1,cap8/group_moderate,dp,phase_time_s,50.5423,7.84809,3
S1,cap8/group_moderate,dp,gen_time_s,50.199,7.75391,3
S1,cap8/group_moderate,dp,straggler_s,0,0,3
S1,cap8/group_moderate,dp,mean_ready_s,29.6472,10.1963,3
S1,cap8/group_moderate,dp,gpu_idle_frac,0.222968,0.0867811,3
S1,cap8/group_moderate,dp,gen_frac,0.771679,0.0875677,3
S1,cap8/group_moderate,dp,overhead_frac,0.0053526,0.000830478,3
S1,cap8/group_moderate,dp,padding_frac,0.530678,0.0708144,3
S1,cap8/group_moderate,dp,verify_delay_mean_s,0.209943,0.00605637,3
S1,cap8/group_moderate,dp,verify_delay_p95_s,0.314,0.0151104,3
S1,cap8/group_moderate,dp,instants,71.3333,2.86844,3
S1,cap8/group_moderate,dp,policy_calls,71.3333,2.86844,3
S1,cap8/group_moderate,dp,violations,0,0,3
S1,cap8/group_moderate,dp,lb_gap,0.401121,0.960934,3
S1,cap8/group_moderate,dp,J,1.31549,0.117474,3
S1,cap8/group_moderate,fifo_chunk,groups_consumed,8,0,3
S1,cap8/group_moderate,fifo_chunk,groups_dropped,0,0,3
S1,cap8/group_moderate,fifo_chunk,groups_unfinished,0,0,3
S1,cap8/group_moderate,fifo_chunk,drops_policy,0,0,3
S1,cap8/group_moderate,fifo_chunk,drops_stale,0,0,3
S1,cap8/group_moderate,fifo_chunk,drops_colocated_switch,0,0,3
S1,cap8/group_moderate,fifo_chunk,tokens_consumed,70178.7,11438,3
S1,cap8/group_moderate,fifo_chunk,tokens_dropped,0,0,3
S1,cap8/group_moderate,fifo_chunk,waste_frac,0,0,3
S1,cap8/group_moderate,fifo_chunk,length_bias,0,0,3
S1,cap8/group_moderate,fifo_chunk,run_s,50.7763,10.0091,3
S1,cap8/group_moderate,fifo_chunk,phase_time_s,50.7763,10.0091,3
S1,cap8/group_moderate,fifo_chunk,gen_time_s,50.444,9.87051,3
S1,cap8/group_moderate,fifo_chunk,straggler_s,0,0,3
S1,cap8/group_moderate,fifo_chunk,mean_ready_s,29.5235,4.81059,3
S1,cap8/group_moderate,fifo_chunk,gpu_idle_frac,0.226459,0.0536604,3
S1,cap8/group_moderate,fifo_chunk,gen_frac,0.768207,0.0546555,3
S1,cap8/group_moderate,fifo_chunk,overhead_frac,0.00533483,0.00104215,3
S1,cap8/group_moderate,fifo_chunk,padding_frac,0.530678,0.0708144,3
S1,cap8/group_moderate,fifo_chunk,verify_delay_mean_s,0.209943,0.00605637,3
S1,cap8/group_moderate,fifo_chunk,verify_delay_p95_s,0.314,0.0151104,3
S1,cap8/group_moderate,fifo_chunk,instants,71.3333,2.86844,3
S1,cap8/group_moderate,fifo_chunk,policy_calls,71.3333,2.86844,3
S1,cap8/group_moderate,fifo_chunk,violations,0,0,3
S1,cap8/group_moderate,fifo_chunk,lb_gap,0.404224,0.919945,3
S1,cap8/group_moderate,fifo_chunk,J,1.32035,0.163323,3
S1,cap8/group_moderate,oracle_dp,groups_consumed,8,0,3
S1,cap8/group_moderate,oracle_dp,groups_dropped,0,0,3
S1,cap8/group_moderate,oracle_dp,groups_unfinished,0,0,3
S1,cap8/group_moderate,oracle_dp,drops_policy,0,0,3
S1,cap8/group_moderate,oracle_dp,drops_stale,0,0,3
S1,cap8/group_moderate,oracle_dp,drops_colocated_switch,0,0,3
S1,cap8/group_moderate,oracle_dp,tokens_consumed,70178.7,11438,3
S1,cap8/group_moderate,oracle_dp,tokens_dropped,0,0,3
S1,cap8/group_moderate,oracle_dp,waste_frac,0,0,3
S1,cap8/group_moderate,oracle_dp,length_bias,0,0,3
S1,cap8/group_moderate,oracle_dp,run_s,42.607,30.7664,3
S1,cap8/group_moderate,oracle_dp,phase_time_s,42.607,30.7664,3
S1,cap8/group_moderate,oracle_dp,gen_time_s,42.2607,30.6362,3
S1,cap8/group_moderate,oracle_dp,straggler_s,0,0,3
S1,cap8/group_moderate,oracle_dp,mean_ready_s,30.3198,15.9407,3
S1,cap8/group_moderate,oracle_dp,gpu_idle_frac,0.419811,0.256586,3
S1,cap8/group_moderate,oracle_dp,gen_frac,0.573384,0.250702,3
S1,cap8/group_moderate,oracle_dp,overhead_frac,0.00680451,0.00591389,3
S1,cap8/group_moderate,oracle_dp,padding_frac,0.218138,0.164224,3
S1,cap8/group_moderate,oracle_dp,verify_delay_mean_s,0.209943,0.00605637,3
S1,cap8/group_moderate,oracle_dp,verify_delay_p95_s,0.314,0.0151104,3
S1,cap8/group_moderate,oracle_dp,instants,71.3333,1.43422,3
S1,cap8/group_moderate,oracle_dp,policy_calls,71.3333,1.43422,3
S1,cap8/group_moderate,oracle_dp,violations,0,0,3
S1,cap8/group_moderate,oracle_dp,lb_gap,0.115851,0.0350242,3
S1,cap8/group_moderate,oracle_dp,J,0.995654,0.6994,3
S1,cap8/group_moderate,reference,groups_consumed,8,0,3
S1,cap8/group_moderate,reference,groups_dropped,0,0,3
S1,cap8/group_moderate,reference,groups_unfinished,0,0,3
S1,cap8/group_moderate,reference,drops_policy,0,0,3
S1,cap8/group_moderate,reference,drops_stale,0,0,3
S1,cap8/group_moderate,reference,drops_colocated_switch,0,0,3
S1,cap8/group_moderate,reference,tokens_consumed,70178.7,11438,3
S1,cap8/group_moderate,reference,tokens_dropped,0,0,3
S1,cap8/group_moderate,reference,waste_frac,0,0,3
S1,cap8/group_moderate,reference,length_bias,0,0,3
S1,cap8/group_moderate,reference,run_s,50.7763,10.0091,3
S1,cap8/group_moderate,reference,phase_time_s,50.7763,10.0091,3
S1,cap8/group_moderate,reference,gen_time_s,50.444,9.87051,3
S1,cap8/group_moderate,reference,straggler_s,0,0,3
S1,cap8/group_moderate,reference,mean_ready_s,29.5235,4.81059,3
S1,cap8/group_moderate,reference,gpu_idle_frac,0.226459,0.0536604,3
S1,cap8/group_moderate,reference,gen_frac,0.768207,0.0546555,3
S1,cap8/group_moderate,reference,overhead_frac,0.00533483,0.00104215,3
S1,cap8/group_moderate,reference,padding_frac,0.530678,0.0708144,3
S1,cap8/group_moderate,reference,verify_delay_mean_s,0.209943,0.00605637,3
S1,cap8/group_moderate,reference,verify_delay_p95_s,0.314,0.0151104,3
S1,cap8/group_moderate,reference,instants,71.3333,2.86844,3
S1,cap8/group_moderate,reference,policy_calls,71.3333,2.86844,3
S1,cap8/group_moderate,reference,violations,0,0,3
S1,cap8/group_moderate,reference,lb_gap,0.404224,0.919945,3
S1,cap8/group_moderate,reference,J,1.32035,0.163323,3
S1,cap8/group_moderate,sorted_chunk,groups_consumed,8,0,3
S1,cap8/group_moderate,sorted_chunk,groups_dropped,0,0,3
S1,cap8/group_moderate,sorted_chunk,groups_unfinished,0,0,3
S1,cap8/group_moderate,sorted_chunk,drops_policy,0,0,3
S1,cap8/group_moderate,sorted_chunk,drops_stale,0,0,3
S1,cap8/group_moderate,sorted_chunk,drops_colocated_switch,0,0,3
S1,cap8/group_moderate,sorted_chunk,tokens_consumed,70178.7,11438,3
S1,cap8/group_moderate,sorted_chunk,tokens_dropped,0,0,3
S1,cap8/group_moderate,sorted_chunk,waste_frac,0,0,3
S1,cap8/group_moderate,sorted_chunk,length_bias,0,0,3
S1,cap8/group_moderate,sorted_chunk,run_s,69.275,21.3785,3
S1,cap8/group_moderate,sorted_chunk,phase_time_s,69.275,21.3785,3
S1,cap8/group_moderate,sorted_chunk,gen_time_s,69.0127,21.4348,3
S1,cap8/group_moderate,sorted_chunk,straggler_s,0,0,3
S1,cap8/group_moderate,sorted_chunk,mean_ready_s,46.3161,21.1397,3
S1,cap8/group_moderate,sorted_chunk,gpu_idle_frac,0.0985456,0.10708,3
S1,cap8/group_moderate,sorted_chunk,gen_frac,0.897299,0.105877,3
S1,cap8/group_moderate,sorted_chunk,overhead_frac,0.00415564,0.00120564,3
S1,cap8/group_moderate,sorted_chunk,padding_frac,0.439513,0.0907831,3
S1,cap8/group_moderate,sorted_chunk,verify_delay_mean_s,0.209943,0.00605637,3
S1,cap8/group_moderate,sorted_chunk,verify_delay_p95_s,0.314,0.0151104,3
S1,cap8/group_moderate,sorted_chunk,instants,80,0,3
S1,cap8/group_moderate,sorted_chunk,policy_calls,80,0,3
S1,cap8/group_moderate,sorted_chunk,violations,0,0,3
S1,cap8/group_moderate,sorted_chunk,lb_gap,0.921206,1.31016,3
S1,cap8/group_moderate,sorted_chunk,J,1.41167,0.394552,3
S1,cap8/none,dp,groups_consumed,8,0,3
S1,cap8/none,dp,groups_dropped,0,0,3
S1,cap8/none,dp,groups_unfinished,0,0,3
S1,cap8/none,dp,drops_policy,0,0,3
S1,cap8/none,dp,drops_stale,0,0,3
S1,cap8/none,dp,drops_colocated_switch,0,0,3
S1,cap8/none,dp,tokens_consumed,70178.7,11438,3
S1,cap8/none,dp,tokens_dropped,0,0,3
S1,cap8/none,dp,waste_frac,0,0,3
S1,cap8/none,dp,length_bias,0,0,3
S1,cap8/none,dp,run_s,50.7763,10.0091,3
S1,cap8/none,dp,phase_time_s,50.7763,10.0091,3
S1,cap8/none,dp,gen_time_s,50.444,9.87051,3
S1,cap8/none,dp,straggler_s,0,0,3
S1,cap8/none,dp,mean_ready_s,29.5235,4.81059,3
S1,cap8/none,dp,gpu_idle_frac,0.226459,0.0536604,3
S1,cap8/none,dp,gen_frac,0.768207,0.0546555,3
S1,cap8/none,dp,overhead_frac,0.00533483,0.00104215,3
S1,cap8/none,dp,padding_frac,0.530678,0.0708144,3
S1,cap8/none,dp,verify_delay_mean_s,0.209943,0.00605637,3
S1,cap8/none,dp,verify_delay_p95_s,0.314,0.0151104,3
S1,cap8/none,dp,instants,71.3333,2.86844,3
S1,cap8/none,dp,policy_calls,71.3333,2.86844,3
S1,cap8/none,dp,violations,0,0,3
S1,cap8/none,dp,lb_gap,0.404224,0.919945,3
S1,cap8/none,dp,J,1.32035,0.163323,3
S1,cap8/none,fifo_chunk,groups_consumed,8,0,3
S1,cap8/none,fifo_chunk,groups_dropped,0,0,3
S1,cap8/none,fifo_chunk,groups_unfinished,0,0,3
S1,cap8/none,fifo_chunk,drops_policy,0,0,3
S1,cap8/none,fifo_chunk,drops_stale,0,0,3
S1,cap8/none,fifo_chunk,drops_colocated_switch,0,0,3
S1,cap8/none,fifo_chunk,tokens_consumed,70178.7,11438,3
S1,cap8/none,fifo_chunk,tokens_dropped,0,0,3
S1,cap8/none,fifo_chunk,waste_frac,0,0,3
S1,cap8/none,fifo_chunk,length_bias,0,0,3
S1,cap8/none,fifo_chunk,run_s,50.7763,10.0091,3
S1,cap8/none,fifo_chunk,phase_time_s,50.7763,10.0091,3
S1,cap8/none,fifo_chunk,gen_time_s,50.444,9.87051,3
S1,cap8/none,fifo_chunk,straggler_s,0,0,3
S1,cap8/none,fifo_chunk,mean_ready_s,29.5235,4.81059,3
S1,cap8/none,fifo_chunk,gpu_idle_frac,0.226459,0.0536604,3
S1,cap8/none,fifo_chunk,gen_frac,0.768207,0.0546555,3
S1,cap8/none,fifo_chunk,overhead_frac,0.00533483,0.00104215,3
S1,cap8/none,fifo_chunk,padding_frac,0.530678,0.0708144,3
S1,cap8/none,fifo_chunk,verify_delay_mean_s,0.209943,0.00605637,3
S1,cap8/none,fifo_chunk,verify_delay_p95_s,0.314,0.0151104,3
S1,cap8/none,fifo_chunk,instants,71.3333,2.86844,3
S1,cap8/none,fifo_chunk,policy_calls,71.3333,2.86844,3
S1,cap8/none,fifo_chunk,violations,0,0,3
S1,cap8/none,fifo_chunk,lb_gap,0.404224,0.919945,3
S1,cap8/none,fifo_chunk,J,1.32035,0.163323,3
S1,cap8/none,oracle_dp,groups_consumed,8,0,3
S1,cap8/none,oracle_dp,groups_dropped,0,0,3
S1,cap8/none,oracle_dp,groups_unfinished,0,0,3
S1,cap8/none,oracle_dp,drops_policy,0,0,3
S1,cap8/none,oracle_dp,drops_stale,0,0,3
S1,cap8/none,oracle_dp,drops_colocated_switch,0,0,3
S1,cap8/none,oracle_dp,tokens_consumed,70178.7,11438,3
S1,cap8/none,oracle_dp,tokens_dropped,0,0,3
S1,cap8/none,oracle_dp,waste_frac,0,0,3
S1,cap8/none,oracle_dp,length_bias,0,0,3
S1,cap8/none,oracle_dp,run_s,42.607,30.7664,3
S1,cap8/none,oracle_dp,phase_time_s,42.607,30.7664,3
S1,cap8/none,oracle_dp,gen_time_s,42.2607,30.6362,3
S1,cap8/none,oracle_dp,straggler_s,0,0,3
S1,cap8/none,oracle_dp,mean_ready_s,30.3198,15.9407,3
S1,cap8/none,oracle_dp,gpu_idle_frac,0.419811,0.256586,3
S1,cap8/none,oracle_dp,gen_frac,0.573384,0.250702,3
S1,cap8/none,oracle_dp,overhead_frac,0.00680451,0.00591389,3
S1,cap8/none,oracle_dp,padding_frac,0.218138,0.164224,3
S1,cap8/none,oracle_dp,verify_delay_mean_s,0.209943,0.00605637,3
S1,cap8/none,oracle_dp,verify_delay_p95_s,0.314,0.0151104,3
S1,cap8/none,oracle_dp,instants,71.3333,1.43422,3
S1,cap8/none,oracle_dp,policy_calls,71.3333,1.43422,3
S1,cap8/none,oracle_dp,violations,0,0,3
S1,cap8/none,oracle_dp,lb_gap,0.115851,0.0350242,3
S1,cap8/none,oracle_dp,J,0.995654,0.6994,3
S1,cap8/none,reference,groups_consumed,8,0,3
S1,cap8/none,reference,groups_dropped,0,0,3
S1,cap8/none,reference,groups_unfinished,0,0,3
S1,cap8/none,reference,drops_policy,0,0,3
S1,cap8/none,reference,drops_stale,0,0,3
S1,cap8/none,reference,drops_colocated_switch,0,0,3
S1,cap8/none,reference,tokens_consumed,70178.7,11438,3
S1,cap8/none,reference,tokens_dropped,0,0,3
S1,cap8/none,reference,waste_frac,0,0,3
S1,cap8/none,reference,length_bias,0,0,3
S1,cap8/none,reference,run_s,50.7763,10.0091,3
S1,cap8/none,reference,phase_time_s,50.7763,10.0091,3
S1,cap8/none,reference,gen_time_s,50.444,9.87051,3
S1,cap8/none,reference,straggler_s,0,0,3
S1,cap8/none,reference,mean_ready_s,29.5235,4.81059,3
S1,cap8/none,reference,gpu_idle_frac,0.226459,0.0536604,3
S1,cap8/none,reference,gen_frac,0.768207,0.0546555,3
S1,cap8/none,reference,overhead_frac,0.00533483,0.00104215,3
S1,cap8/none,reference,padding_frac,0.530678,0.0708144,3
S1,cap8/none,reference,verify_delay_mean_s,0.209943,0.00605637,3
S1,cap8/none,reference,verify_delay_p95_s,0.314,0.0151104,3
S1,cap8/none,reference,instants,71.3333,2.86844,3
S1,cap8/none,reference,policy_calls,71.3333,2.86844,3
S1,cap8/none,reference,violations,0,0,3
S1,cap8/none,reference,lb_gap,0.404224,0.919945,3
S1,cap8/none,reference,J,1.32035,0.163323,3
S1,cap8/none,sorted_chunk,groups_consumed,8,0,3
S1,cap8/none,sorted_chunk,groups_dropped,0,0,3
S1,cap8/none,sorted_chunk,groups_unfinished,0,0,3
S1,cap8/none,sorted_chunk,drops_policy,0,0,3
S1,cap8/none,sorted_chunk,drops_stale,0,0,3
S1,cap8/none,sorted_chunk,drops_colocated_switch,0,0,3
S1,cap8/none,sorted_chunk,tokens_consumed,70178.7,11438,3
S1,cap8/none,sorted_chunk,tokens_dropped,0,0,3
S1,cap8/none,sorted_chunk,waste_frac,0,0,3
S1,cap8/none,sorted_chunk,length_bias,0,0,3
S1,cap8/none,sorted_chunk,run_s,50.7763,10.0091,3
S1,cap8/none,sorted_chunk,phase_time_s,50.7763,10.0091,3
S1,cap8/none,sorted_chunk,gen_time_s,50.444,9.87051,3
S1,cap8/none,sorted_chunk,straggler_s,0,0,3
S1,cap8/none,sorted_chunk,mean_ready_s,29.5235,4.81059,3
S1,cap8/none,sorted_chunk,gpu_idle_frac,0.226459,0.0536604,3
S1,cap8/none,sorted_chunk,gen_frac,0.768207,0.0546555,3
S1,cap8/none,sorted_chunk,overhead_frac,0.00533483,0.00104215,3
S1,cap8/none,sorted_chunk,padding_frac,0.530678,0.0708144,3
S1,cap8/none,sorted_chunk,verify_delay_mean_s,0.209943,0.00605637,3
S1,cap8/none,sorted_chunk,verify_delay_p95_s,0.314,0.0151104,3
S1,cap8/none,sorted_chunk,instants,71.3333,2.86844,3
S1,cap8/none,sorted_chunk,policy_calls,71.3333,2.86844,3
S1,cap8/none,sorted_chunk,violations,0,0,3
S1,cap8/none,sorted_chunk,lb_gap,0.404224,0.919945,3
S1,cap8/none,sorted_chunk,J,1.32035,0.163323,3
S2,heavy/group,fifo+sample+late+first_free,groups_consumed,64,0,3
S2,heavy/group,fifo+sample+late+first_free,groups_dropped,0,0,3
S2,heavy/group,fifo+sample+late+first_free,groups_unfinished,0,0,3
S2,heavy/group,fifo+sample+late+first_free,drops_policy,0,0,3
S2,heavy/group,fifo+sample+late+first_free,drops_stale,0,0,3
S2,heavy/group,fifo+sample+late+first_free,drops_colocated_switch,0,0,3
S2,heavy/group,fifo+sample+late+first_free,tokens_consumed,585103,46687.3,3
S2,heavy/group,fifo+sample+late+first_free,tokens_dropped,0,0,3
S2,heavy/group,fifo+sample+late+first_free,waste_frac,0,0,3
S2,heavy/group,fifo+sample+late+first_free,length_bias,0,0,3
S2,heavy/group,fifo+sample+late+first_free,run_s,73.6847,13.7698,3
S2,heavy/group,fifo+sample+late+first_free,phase_time_s,73.6847,13.7698,3
S2,heavy/group,fifo+sample+late+first_free,gen_time_s,73.458,13.5395,3
S2,heavy/group,fifo+sample+late+first_free,straggler_s,24.4647,27.178,3
S2,heavy/group,fifo+sample+late+first_free,mean_ready_s,25.2272,2.31351,3
S2,heavy/group,fifo+sample+late+first_free,gpu_idle_frac,0.197173,0.133322,3
S2,heavy/group,fifo+sample+late+first_free,gen_frac,0.796709,0.134582,3
S2,heavy/group,fifo+sample+late+first_free,overhead_frac,0.00611736,0.00126351,3
S2,heavy/group,fifo+sample+late+first_free,padding_frac,0,0,3
S2,heavy/group,fifo+sample+late+first_free,verify_delay_mean_s,0.208391,0.00302957,3
S2,heavy/group,fifo+sample+late+first_free,verify_delay_p95_s,0.320667,0.0127476,3
S2,heavy/group,fifo+sample+late+first_free,instants,1168,34.7779,3
S2,heavy/group,fifo+sample+late+first_free,policy_calls,1168,34.7779,3
S2,heavy/group,fifo+sample+late+first_free,violations,0,0,3
S2,heavy/group,fifo+sample+late+first_free,lb_gap,0.188007,0.160453,3
S2,heavy/group,fifo+sample+late+first_free,J,0.984086,0.105528,3
S2,heavy/group,longest_first+sample+late+lpt,groups_consumed,64,0,3
S2,heavy/group,longest_first+sample+late+lpt,groups_dropped,0,0,3
S2,heavy/group,longest_first+sample+late+lpt,groups_unfinished,0,0,3
S2,heavy/group,longest_first+sample+late+lpt,drops_policy,0,0,3
S2,heavy/group,longest_first+sample+late+lpt,drops_stale,0,0,3
S2,heavy/group,longest_first+sample+late+lpt,drops_colocated_switch,0,0,3
S2,heavy/group,longest_first+sample+late+lpt,tokens_consumed,585103,46687.3,3
S2,heavy/group,longest_first+sample+late+lpt,tokens_dropped,0,0,3
S2,heavy/group,longest_first+sample+late+lpt,waste_frac,0,0,3
S2,heavy/group,longest_first+sample+late+lpt,length_bias,0,0,3
S2,heavy/group,longest_first+sample+late+lpt,run_s,69.6887,6.55357,3
S2,heavy/group,longest_first+sample+late+lpt,phase_time_s,69.6887,6.55357,3
S2,heavy/group,longest_first+sample+late+lpt,gen_time_s,69.45,6.39717,3
S2,heavy/group,longest_first+sample+late+lpt,straggler_s,18.9473,19.7436,3
S2,heavy/group,longest_first+sample+late+lpt,mean_ready_s,27.6183,2.65543,3
S2,heavy/group,longest_first+sample+late+lpt,gpu_idle_frac,0.149951,0.0775671,3
S2,heavy/group,longest_first+sample+late+lpt,gen_frac,0.835823,0.0789577,3
S2,heavy/group,longest_first+sample+late+lpt,overhead_frac,0.0142256,0.00174853,3
S2,heavy/group,longest_first+sample+late+lpt,padding_frac,0,0,3
S2,heavy/group,longest_first+sample+late+lpt,verify_delay_mean_s,0.208391,0.00302957,3
S2,heavy/group,longest_first+sample+late+lpt,verify_delay_p95_s,0.320667,0.0127476,3
S2,heavy/group,longest_first+sample+late+lpt,instants,1146.33,14.5557,3
S2,heavy/group,longest_first+sample+late+lpt,policy_calls,1146.33,14.5557,3
S2,heavy/group,longest_first+sample+late+lpt,violations,0,0,3
S2,heavy/group,longest_first+sample+late+lpt,lb_gap,0.123733,0.0413224,3
S2,heavy/group,longest_first+sample+late+lpt,J,0.912453,0.0652233,3
S2,heavy/group,online_adaptive,groups_consumed,64,0,3
S2,heavy/group,online_adaptive,groups_dropped,0,0,3
S2,heavy/group,online_adaptive,groups_unfinished,0,0,3
S2,heavy/group,online_adaptive,drops_policy,0,0,3
S2,heavy/group,online_adaptive,drops_stale,0,0,3
S2,heavy/group,online_adaptive,drops_colocated_switch,0,0,3
S2,heavy/group,online_adaptive,tokens_consumed,585103,46687.3,3
S2,heavy/group,online_adaptive,tokens_dropped,0,0,3
S2,heavy/group,online_adaptive,waste_frac,0,0,3
S2,heavy/group,online_adaptive,length_bias,0,0,3
S2,heavy/group,online_adaptive,run_s,69.7343,6.65047,3
S2,heavy/group,online_adaptive,phase_time_s,69.7343,6.65047,3
S2,heavy/group,online_adaptive,gen_time_s,69.4957,6.49968,3
S2,heavy/group,online_adaptive,straggler_s,18.9763,19.7483,3
S2,heavy/group,online_adaptive,mean_ready_s,27.624,2.65396,3
S2,heavy/group,online_adaptive,gpu_idle_frac,0.150441,0.078385,3
S2,heavy/group,online_adaptive,gen_frac,0.835301,0.0796604,3
S2,heavy/group,online_adaptive,overhead_frac,0.0142586,0.00178073,3
S2,heavy/group,online_adaptive,padding_frac,0,0,3
S2,heavy/group,online_adaptive,verify_delay_mean_s,0.208391,0.00302957,3
S2,heavy/group,online_adaptive,verify_delay_p95_s,0.320667,0.0127476,3
S2,heavy/group,online_adaptive,instants,1155,19.4017,3
S2,heavy/group,online_adaptive,policy_calls,1155,19.4017,3
S2,heavy/group,online_adaptive,violations,0,0,3
S2,heavy/group,online_adaptive,lb_gap,0.124462,0.0429835,3
S2,heavy/group,online_adaptive,J,0.913246,0.0680326,3
S2,heavy/group,online_eb,groups_consumed,64,0,3
S2,heavy/group,online_eb,groups_dropped,0,0,3
S2,heavy/group,online_eb,groups_unfinished,0,0,3
S2,heavy/group,online_eb,drops_policy,0,0,3
S2,heavy/group,online_eb,drops_stale,0,0,3
S2,heavy/group,online_eb,drops_colocated_switch,0,0,3
S2,heavy/group,online_eb,tokens_consumed,585103,46687.3,3
S2,heavy/group,online_eb,tokens_dropped,0,0,3
S2,heavy/group,online_eb,waste_frac,0,0,3
S2,heavy/group,online_eb,length_bias,0,0,3
S2,heavy/group,online_eb,run_s,69.617,6.08002,3
S2,heavy/group,online_eb,phase_time_s,69.617,6.08002,3
S2,heavy/group,online_eb,gen_time_s,69.3783,5.94004,3
S2,heavy/group,online_eb,straggler_s,19.2263,20.5889,3
S2,heavy/group,online_eb,mean_ready_s,27.6014,2.67604,3
S2,heavy/group,online_eb,gpu_idle_frac,0.149147,0.0850788,3
S2,heavy/group,online_eb,gen_frac,0.8367,0.0860928,3
S2,heavy/group,online_eb,overhead_frac,0.0141534,0.0012445,3
S2,heavy/group,online_eb,padding_frac,0,0,3
S2,heavy/group,online_eb,verify_delay_mean_s,0.208391,0.00302957,3
S2,heavy/group,online_eb,verify_delay_p95_s,0.320667,0.0127476,3
S2,heavy/group,online_eb,instants,1151.67,5.73687,3
S2,heavy/group,online_eb,policy_calls,1151.67,5.73687,3
S2,heavy/group,online_eb,violations,0,0,3
S2,heavy/group,online_eb,lb_gap,0.122619,0.0341992,3
S2,heavy/group,online_eb,J,0.91119,0.0614947,3
S2,heavy/group,oracle_lpt,groups_consumed,64,0,3
S2,heavy/group,oracle_lpt,groups_dropped,0,0,3
S2,heavy/group,oracle_lpt,groups_unfinished,0,0,3
S2,heavy/group,oracle_lpt,drops_policy,0,0,3
S2,heavy/group,oracle_lpt,drops_stale,0,0,3
S2,heavy/group,oracle_lpt,drops_colocated_switch,0,0,3
S2,heavy/group,oracle_lpt,tokens_consumed,585103,46687.3,3
S2,heavy/group,oracle_lpt,tokens_dropped,0,0,3
S2,heavy/group,oracle_lpt,waste_frac,0,0,3
S2,heavy/group,oracle_lpt,length_bias,0,0,3
S2,heavy/group,oracle_lpt,run_s,68.408,4.74259,3
S2,heavy/group,oracle_lpt,phase_time_s,68.408,4.74259,3
S2,heavy/group,oracle_lpt,gen_time_s,68.2483,4.75966,3
S2,heavy/group,oracle_lpt,straggler_s,20.7903,26.3238,3
S2,heavy/group,oracle_lpt,mean_ready_s,27.7725,2.40779,3
S2,heavy/group,oracle_lpt,gpu_idle_frac,0.0741554,0.200181,3
S2,heavy/group,oracle_lpt,gen_frac,0.914093,0.201094,3
S2,heavy/group,oracle_lpt,overhead_frac,0.0117517,0.00104813,3
S2,heavy/group,oracle_lpt,padding_frac,0,0,3
S2,heavy/group,oracle_lpt,verify_delay_mean_s,0.208391,0.00302957,3
S2,heavy/group,oracle_lpt,verify_delay_p95_s,0.320667,0.0127476,3
S2,heavy/group,oracle_lpt,instants,1182.67,19.2954,3
S2,heavy/group,oracle_lpt,policy_calls,1182.67,19.2954,3
S2,heavy/group,oracle_lpt,violations,0,0,3
S2,heavy/group,oracle_lpt,lb_gap,0.104441,0.0158594,3
S2,heavy/group,oracle_lpt,J,0.859165,0.0437244,3
S2,heavy/group,reference,groups_consumed,64,0,3
S2,heavy/group,reference,groups_dropped,0,0,3
S2,heavy/group,reference,groups_unfinished,0,0,3
S2,heavy/group,reference,drops_policy,0,0,3
S2,heavy/group,reference,drops_stale,0,0,3
S2,heavy/group,reference,drops_colocated_switch,0,0,3
S2,heavy/group,reference,tokens_consumed,585103,46687.3,3
S2,heavy/group,reference,tokens_dropped,0,0,3
S2,heavy/group,reference,waste_frac,0,0,3
S2,heavy/group,reference,length_bias,0,0,3
S2,heavy/group,reference,run_s,78.6797,19.0305,3
S2,heavy/group,reference,phase_time_s,78.6797,19.0305,3
S2,heavy/group,reference,gen_time_s,78.5283,19.0622,3
S2,heavy/group,reference,straggler_s,25.293,33.805,3
S2,heavy/group,reference,mean_ready_s,25.4346,3.01681,3
S2,heavy/group,reference,gpu_idle_frac,0.341974,0.187274,3
S2,heavy/group,reference,gen_frac,0.656138,0.186851,3
S2,heavy/group,reference,overhead_frac,0.00188783,0.000586568,3
S2,heavy/group,reference,padding_frac,0,0,3
S2,heavy/group,reference,verify_delay_mean_s,0.208391,0.00302957,3
S2,heavy/group,reference,verify_delay_p95_s,0.320667,0.0127476,3
S2,heavy/group,reference,instants,1032.67,20.079,3
S2,heavy/group,reference,policy_calls,1032.67,20.079,3
S2,heavy/group,reference,violations,0,0,3
S2,heavy/group,reference,lb_gap,0.269454,0.240753,3
S2,heavy/group,reference,J,1.11651,0.300896,3
S2,heavy/none,fifo+sample+late+first_free,groups_consumed,64,0,3
S2,heavy/none,fifo+sample+late+first_free,groups_dropped,0,0,3
S2,heavy/none,fifo+sample+late+first_free,groups_unfinished,0,0,3
S2,heavy/none,fifo+sample+late+first_free,drops_policy,0,0,3
S2,heavy/none,fifo+sample+late+first_free,drops_stale,0,0,3
S2,heavy/none,fifo+sample+late+first_free,drops_colocated_switch,0,0,3
S2,heavy/none,fifo+sample+late+first_free,tokens_consumed,585103,46687.3,3
S2,heavy/none,fifo+sample+late+first_free,tokens_dropped,0,0,3
S2,heavy/none,fifo+sample+late+first_free,waste_frac,0,0,3
S2,heavy/none,fifo+sample+late+first_free,length_bias,0,0,3
S2,heavy/none,fifo+sample+late+first_free,run_s,73.6847,13.7698,3
S2,heavy/none,fifo+sample+late+first_free,phase_time_s,73.6847,13.7698,3
S2,heavy/none,fifo+sample+late+first_free,gen_time_s,73.458,13.5395,3
S2,heavy/none,fifo+sample+late+first_free,straggler_s,24.4647,27.178,3
S2,heavy/none,fifo+sample+late+first_free,mean_ready_s,25.2272,2.31351,3
S2,heavy/none,fifo+sample+late+first_free,gpu_idle_frac,0.197173,0.133322,3
S2,heavy/none,fifo+sample+late+first_free,gen_frac,0.796709,0.134582,3
S2,heavy/none,fifo+sample+late+first_free,overhead_frac,0.00611736,0.00126351,3
S2,heavy/none,fifo+sample+late+first_free,padding_frac,0,0,3
S2,heavy/none,fifo+sample+late+first_free,verify_delay_mean_s,0.208391,0.00302957,3
S2,heavy/none,fifo+sample+late+first_free,verify_delay_p95_s,0.320667,0.0127476,3
S2,heavy/none,fifo+sample+late+first_free,instants,1168,34.7779,3
S2,heavy/none,fifo+sample+late+first_free,policy_calls,1168,34.7779,3
S2,heavy/none,fifo+sample+late+first_free,violations,0,0,3
S2,heavy/none,fifo+sample+late+first_free,lb_gap,0.188007,0.160453,3
S2,heavy/none,fifo+sample+late+first_free,J,0.984086,0.105528,3
S2,heavy/none,longest_first+sample+late+lpt,groups_consumed,64,0,3
S2,heavy/none,longest_first+sample+late+lpt,groups_dropped,0,0,3
S2,heavy/none,longest_first+sample+late+lpt,groups_unfinished,0,0,3
S2,heavy/none,longest_first+sample+late+lpt,drops_policy,0,0,3
S2,heavy/none,longest_first+sample+late+lpt,drops_stale,0,0,3
S2,heavy/none,longest_first+sample+late+lpt,drops_colocated_switch,0,0,3
S2,heavy/none,longest_first+sample+late+lpt,tokens_consumed,585103,46687.3,3
S2,heavy/none,longest_first+sample+late+lpt,tokens_dropped,0,0,3
S2,heavy/none,longest_first+sample+late+lpt,waste_frac,0,0,3
S2,heavy/none,longest_first+sample+late+lpt,length_bias,0,0,3
S2,heavy/none,longest_first+sample+late+lpt,run_s,73.5383,10.2112,3
S2,heavy/none,longest_first+sample+late+lpt,phase_time_s,73.5383,10.2112,3
S2,heavy/none,longest_first+sample+late+lpt,gen_time_s,73.3117,10.1281,3
S2,heavy/none,longest_first+sample+late+lpt,straggler_s,22.5847,21.1715,3
S2,heavy/none,longest_first+sample+late+lpt,mean_ready_s,25.7925,2.73158,3
S2,heavy/none,longest_first+sample+late+lpt,gpu_idle_frac,0.169896,0.132083,3
S2,heavy/none,longest_first+sample+late+lpt,gen_frac,0.816553,0.132763,3
S2,heavy/none,longest_first+sample+late+lpt,overhead_frac,0.0135509,0.00196604,3
S2,heavy/none,longest_first+sample+late+lpt,padding_frac,0,0,3
S2,heavy/none,longest_first+sample+late+lpt,verify_delay_mean_s,0.208391,0.00302957,3
S2,heavy/none,longest_first+sample+late+lpt,verify_delay_p95_s,0.320667,0.0127476,3
S2,heavy/none,longest_first+sample+late+lpt,instants,1165.33,16.5402,3
S2,heavy/none,longest_first+sample+late+lpt,policy_calls,1165.33,16.5402,3
S2,heavy/none,longest_first+sample+late+lpt,violations,0,0,3
S2,heavy/none,longest_first+sample+late+lpt,lb_gap,0.185893,0.0999572,3
S2,heavy/none,longest_first+sample+late+lpt,J,0.968688,0.113596,3
S2,heavy/none,online_adaptive,groups_consumed,64,0,3
S2,heavy/none,online_adaptive,groups_dropped,0,0,3
S2,heavy/none,online_adaptive,groups_unfinished,0,0,3
S2,heavy/none,online_adaptive,drops_policy,0,0,3
S2,heavy/none,online_adaptive,drops_stale,0,0,3
S2,heavy/none,online_adaptive,drops_colocated_switch,0,0,3
S2,heavy/none,online_adaptive,tokens_consumed,585103,46687.3,3
S2,heavy/none,online_adaptive,tokens_dropped,0,0,3
S2,heavy/none,online_adaptive,waste_frac,0,0,3
S2,heavy/none,online_adaptive,length_bias,0,0,3
S2,heavy/none,online_adaptive,run_s,73.6847,10.4661,3
S2,heavy/none,online_adaptive,phase_time_s,73.6847,10.4661,3
S2,heavy/none,online_adaptive,gen_time_s,73.458,10.3649,3
S2,heavy/none,online_adaptive,straggler_s,22.7773,21.9595,3
S2,heavy/none,online_adaptive,mean_ready_s,25.7953,2.72684,3
S2,heavy/none,online_adaptive,gpu_idle_frac,0.187825,0.0549984,3
S2,heavy/none,online_adaptive,gen_frac,0.798622,0.0557516,3
S2,heavy/none,online_adaptive,overhead_frac,0.0135528,0.00196349,3
S2,heavy/none,online_adaptive,padding_frac,0,0,3
S2,heavy/none,online_adaptive,verify_delay_mean_s,0.208391,0.00302957,3
S2,heavy/none,online_adaptive,verify_delay_p95_s,0.320667,0.0127476,3
S2,heavy/none,online_adaptive,instants,1168.67,24.1273,3
S2,heavy/none,online_adaptive,policy_calls,1168.67,24.1273,3
S2,heavy/none,online_adaptive,violations,0,0,3
S2,heavy/none,online_adaptive,lb_gap,0.188232,0.103073,3
S2,heavy/none,online_adaptive,J,0.979411,0.115028,3
S2,heavy/none,online_eb,groups_consumed,64,0,3
S2,heavy/none,online_eb,groups_dropped,0,0,3
S2,heavy/none,online_eb,groups_unfinished,0,0,3
S2,heavy/none,online_eb,drops_policy,0,0,3
S2,heavy/none,online_eb,drops_stale,0,0,3
S2,heavy/none,online_eb,drops_colocated_switch,0,0,3
S2,heavy/none,online_eb,tokens_consumed,585103,46687.3,3
S2,heavy/none,online_eb,tokens_dropped,0,0,3
S2,heavy/none,online_eb,waste_frac,0,0,3
S2,heavy/none,online_eb,length_bias,0,0,3
S2,heavy/none,online_eb,run_s,73.593,10.2657,3
S2,heavy/none,online_eb,phase_time_s,73.593,10.2657,3
S2,heavy/none,online_eb,gen_time_s,73.3663,10.1636,3
S2,heavy/none,online_eb,straggler_s,22.7103,21.6851,3
S2,heavy/none,online_eb,mean_ready_s,25.7874,2.70179,3
S2,heavy/none,online_eb,gpu_idle_frac,0.170762,0.117627,3
S2,heavy/none,online_eb,gen_frac,0.815673,0.11832,3
S2,heavy/none,online_eb,overhead_frac,0.0135644,0.00195902,3
S2,heavy/none,online_eb,padding_frac,0,0,3
S2,heavy/none,online_eb,verify_delay_mean_s,0.208391,0.00302957,3
S2,heavy/none,online_eb,verify_delay_p95_s,0.320667,0.0127476,3
S2,heavy/none,online_eb,instants,1167.33,22.5405,3
S2,heavy/none,online_eb,policy_calls,1167.33,22.5405,3
S2,heavy/none,online_eb,violations,0,0,3
S2,heavy/none,online_eb,lb_gap,0.186767,0.0998401,3
S2,heavy/none,online_eb,J,0.969778,0.10649,3
S2,heavy/none,oracle_lpt,groups_consumed,64,0,3
S2,heavy/none,oracle_lpt,groups_dropped,0,0,3
S2,heavy/none,oracle_lpt,groups_unfinished,0,0,3
S2,heavy/none,oracle_lpt,drops_policy,0,0,3
S2,heavy/none,oracle_lpt,drops_stale,0,0,3
S2,heavy/none,oracle_lpt,drops_colocated_switch,0,0,3
S2,heavy/none,oracle_lpt,tokens_consumed,585103,46687.3,3
S2,heavy/none,oracle_lpt,tokens_dropped,0,0,3
S2,heavy/none,oracle_lpt,waste_frac,0,0,3
S2,heavy/none,oracle_lpt,length_bias,0,0,3
S2,heavy/none,oracle_lpt,run_s,68.408,4.74259,3
S2,heavy/none,oracle_lpt,phase_time_s,68.408,4.74259,3
S2,heavy/none,oracle_lpt,gen_time_s,68.2483,4.75966,3
S2,heavy/none,oracle_lpt,straggler_s,20.7903,26.3238,3
S2,heavy/none,oracle_lpt,mean_ready_s,27.7725,2.40779,3
S2,heavy/none,oracle_lpt,gpu_idle_frac,0.0741554,0.200181,3
S2,heavy/none,oracle_lpt,gen_frac,0.914093,0.201094,3
S2,heavy/none,oracle_lpt,overhead_frac,0.0117517,0.00104813,3
S2,heavy/none,oracle_lpt,padding_frac,0,0,3
S2,heavy/none,oracle_lpt,verify_delay_mean_s,0.208391,0.00302957,3
S2,heavy/none,oracle_lpt,verify_delay_p95_s,0.320667,0.0127476,3
S2,heavy/none,oracle_lpt,instants,1182.67,19.2954,3
S2,heavy/none,oracle_lpt,policy_calls,1182.67,19.2954,3
S2,heavy/none,oracle_lpt,violations,0,0,3
S2,heavy/none,oracle_lpt,lb_gap,0.104441,0.0158594,3
S2,heavy/none,oracle_lpt,J,0.859165,0.0437244,3
S2,heavy/none,reference,groups_consumed,64,0,3
S2,heavy/none,reference,groups_dropped,0,0,3
S2,heavy/none,reference,groups_unfinished,0,0,3
S2,heavy/none,reference,drops_policy,0,0,3
S2,heavy/none,reference,drops_stale,0,0,3
S2,heavy/none,reference,drops_colocated_switch,0,0,3
S2,heavy/none,reference,tokens_consumed,585103,46687.3,3
S2,heavy/none,reference,tokens_dropped,0,0,3
S2,heavy/none,reference,waste_frac,0,0,3
S2,heavy/none,reference,length_bias,0,0,3
S2,heavy/none,reference,run_s,78.6797,19.0305,3
S2,heavy/none,reference,phase_time_s,78.6797,19.0305,3
S2,heavy/none,reference,gen_time_s,78.5283,19.0622,3
S2,heavy/none,reference,straggler_s,25.293,33.805,3
S2,heavy/none,reference,mean_ready_s,25.4346,3.01681,3
S2,heavy/none,reference,gpu_idle_frac,0.341974,0.187274,3
S2,heavy/none,reference,gen_frac,0.656138,0.186851,3
S2,heavy/none,reference,overhead_frac,0.00188783,0.000586568,3
S2,heavy/none,reference,padding_frac,0,0,3
S2,heavy/none,reference,verify_delay_mean_s,0.208391,0.00302957,3
S2,heavy/none,reference,verify_delay_p95_s,0.320667,0.0127476,3
S2,heavy/none,reference,instants,1032.67,20.079,3
S2,heavy/none,reference,policy_calls,1032.67,20.079,3
S2,heavy/none,reference,violations,0,0,3
S2,heavy/none,reference,lb_gap,0.269454,0.240753,3
S2,heavy/none,reference,J,1.11651,0.300896,3
S2,light/group,fifo+sample+late+first_free,groups_consumed,64,0,3
S2,light/group,fifo+sample+late+first_free,groups_dropped,0,0,3
S2,light/group,fifo+sample+late+first_free,groups_unfinished,0,0,3
S2,light/group,fifo+sample+late+first_free,drops_policy,0,0,3
S2,light/group,fifo+sample+late+first_free,drops_stale,0,0,3
S2,light/group,fifo+sample+late+first_free,drops_colocated_switch,0,0,3
S2,light/group,fifo+sample+late+first_free,tokens_consumed,380611,5139.57,3
S2,light/group,fifo+sample+late+first_free,tokens_dropped,0,0,3
S2,light/group,fifo+sample+late+first_free,waste_frac,0,0,3
S2,light/group,fifo+sample+late+first_free,length_bias,0,0,3
S2,light/group,fifo+sample+late+first_free,run_s,24.246,3.2977,3
S2,light/group,fifo+sample+late+first_free,phase_time_s,24.246,3.2977,3
S2,light/group,fifo+sample+late+first_free,gen_time_s,24.0853,3.32847,3
S2,light/group,fifo+sample+late+first_free,straggler_s,5.33267,3.58653,3
S2,light/group,fifo+sample+late+first_free,mean_ready_s,13.5606,0.379293,3
S2,light/group,fifo+sample+late+first_free,gpu_idle_frac,0.132053,0.0871738,3
S2,light/group,fifo+sample+late+first_free,gen_frac,0.849242,0.0844824,3
S2,light/group,fifo+sample+late+first_free,overhead_frac,0.0187051,0.00274122,3
S2,light/group,fifo+sample+late+first_free,padding_frac,0,0,3
S2,light/group,fifo+sample+late+first_free,verify_delay_mean_s,0.208391,0.00302957,3
S2,light/group,fifo+sample+late+first_free,verify_delay_p95_s,0.320667,0.0127476,3
S2,light/group,fifo+sample+late+first_free,instants,1149.33,23.6102,3
S2,light/group,fifo+sample+late+first_free,policy_calls,1149.33,23.6102,3
S2,light/group,fifo+sample+late+first_free,violations,0,0,3
S2,light/group,fifo+sample+late+first_free,lb_gap,0.583339,0.0366241,3
S2,light/group,fifo+sample+late+first_free,J,0.950672,0.162555,3
S2,light/group,longest_first+sample+late+lpt,groups_consumed,64,0,3
S2,light/group,longest_first+sample+late+lpt,groups_dropped,0,0,3
S2,light/group,longest_first+sample+late+lpt,groups_unfinished,0,0,3
S2,light/group,longest_first+sample+late+lpt,drops_policy,0,0,3
S2,light/group,longest_first+sample+late+lpt,drops_stale,0,0,3
S2,light/group,longest_first+sample+late+lpt,drops_colocated_switch,0,0,3
S2,light/group,longest_first+sample+late+lpt,tokens_consumed,380611,5139.57,3
S2,light/group,longest_first+sample+late+lpt,tokens_dropped,0,0,3
S2,light/group,longest_first+sample+late+lpt,waste_frac,0,0,3
S2,light/group,longest_first+sample+late+lpt,length_bias,0,0,3
S2,light/group,longest_first+sample+late+lpt,run_s,21.3643,0.576065,3
S2,light/group,longest_first+sample+late+lpt,phase_time_s,21.3643,0.576065,3
S2,light/group,longest_first+sample+late+lpt,gen_time_s,21.154,0.465728,3
S2,light/group,longest_first+sample+late+lpt,straggler_s,2.03167,0.73471,3
S2,light/group,longest_first+sample+late+lpt,mean_ready_s,14.7327,0.458919,3
S2,light/group,longest_first+sample+late+lpt,gpu_idle_frac,0.0684913,0.0376443,3
S2,light/group,longest_first+sample+late+lpt,gen_frac,0.884675,0.0377877,3
S2,light/group,longest_first+sample+late+lpt,overhead_frac,0.0468341,0.00158774,3
S2,light/group,longest_first+sample+late+lpt,padding_frac,0,0,3
S2,light/group,longest_first+sample+late+lpt,verify_delay_mean_s,0.208391,0.00302957,3
S2,light/group,longest_first+sample+late+lpt,verify_delay_p95_s,0.320667,0.0127476,3
S2,light/group,longest_first+sample+late+lpt,instants,1138.67,25.3739,3
S2,light/group,longest_first+sample+late+lpt,policy_calls,1138.67,25.3739,3
S2,light/group,longest_first+sample+late+lpt,violations,0,0,3
S2,light/group,longest_first+sample+late+lpt,lb_gap,0.393808,0.215241,3
S2,light/group,longest_first+sample+late+lpt,J,0.81375,0.0378556,3
S2,light/group,online_adaptive,groups_consumed,64,0,3
S2,light/group,online_adaptive,groups_dropped,0,0,3
S2,light/group,online_adaptive,groups_unfinished,0,0,3
S2,light/group,online_adaptive,drops_policy,0,0,3
S2,light/group,online_adaptive,drops_stale,0,0,3
S2,light/group,online_adaptive,drops_colocated_switch,0,0,3
S2,light/group,online_adaptive,tokens_consumed,380611,5139.57,3
S2,light/group,online_adaptive,tokens_dropped,0,0,3
S2,light/group,online_adaptive,waste_frac,0,0,3
S2,light/group,online_adaptive,length_bias,0,0,3
S2,light/group,online_adaptive,run_s,21.3513,0.60725,3
S2,light/group,online_adaptive,phase_time_s,21.3513,0.60725,3
S2,light/group,online_adaptive,gen_time_s,21.141,0.487442,3
S2,light/group,online_adaptive,straggler_s,2.01867,0.789754,3
S2,light/group,online_adaptive,mean_ready_s,14.7318,0.454971,3
S2,light/group,online_adaptive,gpu_idle_frac,0.0679434,0.0398396,3
S2,light/group,online_adaptive,gen_frac,0.885227,0.0399644,3
S2,light/group,online_adaptive,overhead_frac,0.0468295,0.00158175,3
S2,light/group,online_adaptive,padding_frac,0,0,3
S2,light/group,online_adaptive,verify_delay_mean_s,0.208391,0.00302957,3
S2,light/group,online_adaptive,verify_delay_p95_s,0.320667,0.0127476,3
S2,light/group,online_adaptive,instants,1141.33,14.1254,3
S2,light/group,online_adaptive,policy_calls,1141.33,14.1254,3
S2,light/group,online_adaptive,violations,0,0,3
S2,light/group,online_adaptive,lb_gap,0.392929,0.214041,3
S2,light/group,online_adaptive,J,0.813001,0.0403324,3
S2,light/group,online_eb,groups_consumed,64,0,3
S2,light/group,online_eb,groups_dropped,0,0,3
S2,light/group,online_eb,groups_unfinished,0,0,3
S2,light/group,online_eb,drops_policy,0,0,3
S2,light/group,online_eb,drops_stale,0,0,3
S2,light/group,online_eb,drops_colocated_switch,0,0,3
S2,light/group,online_eb,tokens_consumed,380611,5139.57,3
S2,light/group,online_eb,tokens_dropped,0,0,3
S2,light/group,online_eb,waste_frac,0,0,3
S2,light/group,online_eb,length_bias,0,0,3
S2,light/group,online_eb,run_s,21.3687,0.527938,3
S2,light/group,online_eb,phase_time_s,21.3687,0.527938,3
S2,light/group,online_eb,gen_time_s,21.1583,0.425146,3
S2,light/group,online_eb,straggler_s,2.029,0.666522,3
S2,light/group,online_eb,mean_ready_s,14.733,0.460155,3
S2,light/group,online_eb,gpu_idle_frac,0.0721116,0.0402738,3
S2,light/group,online_eb,gen_frac,0.881099,0.0396591,3
S2,light/group,online_eb,overhead_frac,0.0467897,0.00144051,3
S2,light/group,online_eb,padding_frac,0,0,3
S2,light/group,online_eb,verify_delay_mean_s,0.208391,0.00302957,3
S2,light/group,online_eb,verify_delay_p95_s,0.320667,0.0127476,3
S2,light/group,online_eb,instants,1137.33,12.254,3
S2,light/group,online_eb,policy_calls,1137.33,12.254,3
S2,light/group,online_eb,violations,0,0,3
S2,light/group,online_eb,lb_gap,0.39409,0.214621,3
S2,light/group,online_eb,J,0.815718,0.0339884,3
S2,light/group,oracle_lpt,groups_consumed,64,0,3
S2,light/group,oracle_lpt,groups_dropped,0,0,3
S2,light/group,oracle_lpt,groups_unfinished,0,0,3
S2,light/group,oracle_lpt,drops_policy,0,0,3
S2,light/group,oracle_lpt,drops_stale,0,0,3
S2,light/group,oracle_lpt,drops_colocated_switch,0,0,3
S2,light/group,oracle_lpt,tokens_consumed,380611,5139.57,3
S2,light/group,oracle_lpt,tokens_dropped,0,0,3
S2,light/group,oracle_lpt,waste_frac,0,0,3
S2,light/group,oracle_lpt,length_bias,0,0,3
S2,light/group,oracle_lpt,run_s,19.4097,2.30397,3
S2,light/group,oracle_lpt,phase_time_s,19.4097,2.30397,3
S2,light/group,oracle_lpt,gen_time_s,19.235,2.37811,3
S2,light/group,oracle_lpt,straggler_s,1.80433,2.83036,3
S2,light/group,oracle_lpt,mean_ready_s,15.0234,0.252286,3
S2,light/group,oracle_lpt,gpu_idle_frac,0.067374,0.0893167,3
S2,light/group,oracle_lpt,gen_frac,0.886574,0.0850208,3
S2,light/group,oracle_lpt,overhead_frac,0.0460525,0.00439537,3
S2,light/group,oracle_lpt,padding_frac,0,0,3
S2,light/group,oracle_lpt,verify_delay_mean_s,0.208391,0.00302957,3
S2,light/group,oracle_lpt,verify_delay_p95_s,0.320667,0.0127476,3
S2,light/group,oracle_lpt,instants,1174.33,31.06,3
S2,light/group,oracle_lpt,policy_calls,1174.33,31.06,3
S2,light/group,oracle_lpt,violations,0,0,3
S2,light/group,oracle_lpt,lb_gap,0.26477,0.0400626,3
S2,light/group,oracle_lpt,J,0.741873,0.128717,3
S2,light/group,reference,groups_consumed,64,0,3
S2,light/group,reference,groups_dropped,0,0,3
S2,light/group,reference,groups_unfinished,0,0,3
S2,light/group,reference,drops_policy,0,0,3
S2,light/group,reference,drops_stale,0,0,3
S2,light/group,reference,drops_colocated_switch,0,0,3
S2,light/group,reference,tokens_consumed,380611,5139.57,3
S2,light/group,reference,tokens_dropped,0,0,3
S2,light/group,reference,waste_frac,0,0,3
S2,light/group,reference,length_bias,0,0,3
S2,light/group,reference,run_s,25.195,4.47608,3
S2,light/group,reference,phase_time_s,25.195,4.47608,3
S2,light/group,reference,gen_time_s,25.0343,4.52388,3
S2,light/group,reference,straggler_s,6.35633,4.47923,3
S2,light/group,reference,mean_ready_s,13.3804,0.468961,3
S2,light/group,reference,gpu_idle_frac,0.231851,0.148557,3
S2,light/group,reference,gen_frac,0.762276,0.147286,3
S2,light/group,reference,overhead_frac,0.00587344,0.00127283,3
S2,light/group,reference,padding_frac,0,0,3
S2,light/group,reference,verify_delay_mean_s,0.208391,0.00302957,3
S2,light/group,reference,verify_delay_p95_s,0.320667,0.0127476,3
S2,light/group,reference,instants,1016,14.9048,3
S2,light/group,reference,policy_calls,1016,14.9048,3
S2,light/group,reference,violations,0,0,3
S2,light/group,reference,lb_gap,0.645007,0.13023,3
S2,light/group,reference,J,1.0352,0.237578,3
S2,light/none,fifo+sample+late+first_free,groups_consumed,64,0,3
S2,light/none,fifo+sample+late+first_free,groups_dropped,0,0,3
S2,light/none,fifo+sample+late+first_free,groups_unfinished,0,0,3
S2,light/none,fifo+sample+late+first_free,drops_policy,0,0,3
S2,light/none,fifo+sample+late+first_free,drops_stale,0,0,3
S2,light/none,fifo+sample+late+first_free,drops_colocated_switch,0,0,3
S2,light/none,fifo+sample+late+first_free,tokens_consumed,380611,5139.57,3
S2,light/none,fifo+sample+late+first_free,tokens_dropped,0,0,3
S2,light/none,fifo+sample+late+first_free,waste_frac,0,0,3
S2,light/none,fifo+sample+late+first_free,length_bias,0,0,3
S2,light/none,fifo+sample+late+first_free,run_s,24.246,3.2977,3
S2,light/none,fifo+sample+late+first_free,phase_time_s,24.246,3.2977,3
S2,light/none,fifo+sample+late+first_free,gen_time_s,24.0853,3.32847,3
S2,light/none,fifo+sample+late+first_free,straggler_s,5.33267,3.58653,3
S2,light/none,fifo+sample+late+first_free,mean_ready_s,13.5606,0.379293,3
S2,light/none,fifo+sample+late+first_free,gpu_idle_frac,0.132053,0.0871738,3
S2,light/none,fifo+sample+late+first_free,gen_frac,0.849242,0.0844824,3
S2,light/none,fifo+sample+late+first_free,overhead_frac,0.0187051,0.00274122,3
S2,light/none,fifo+sample+late+first_free,padding_frac,0,0,3
S2,light/none,fifo+sample+late+first_free,verify_delay_mean_s,0.208391,0.00302957,3
S2,light/none,fifo+sample+late+first_free,verify_delay_p95_s,0.320667,0.0127476,3
S2,light/none,fifo+sample+late+first_free,instants,1149.33,23.6102,3
S2,light/none,fifo+sample+late+first_free,policy_calls,1149.33,23.6102,3
S2,light/none,fifo+sample+late+first_free,violations,0,0,3
S2,light/none,fifo+sample+late+first_free,lb_gap,0.583339,0.0366241,3
S2,light/none,fifo+sample+late+first_free,J,0.950672,0.162555,3
S2,light/none,longest_first+sample+late+lpt,groups_consumed,64,0,3
S2,light/none,longest_first+sample+late+lpt,groups_dropped,0,0,3
S2,light/none,longest_first+sample+late+lpt,groups_unfinished,0,0,3
S2,light/none,longest_first+sample+late+lpt,drops_policy,0,0,3
S2,light/none,longest_first+sample+late+lpt,drops_stale,0,0,3
S2,light/none,longest_first+sample+late+lpt,drops_colocated_switch,0,0,3
S2,light/none,longest_first+sample+late+lpt,tokens_consumed,380611,5139.57,3
S2,light/none,longest_first+sample+late+lpt,tokens_dropped,0,0,3
S2,light/none,longest_first+sample+late+lpt,waste_frac,0,0,3
S2,light/none,longest_first+sample+late+lpt,length_bias,0,0,3
S2,light/none,longest_first+sample+late+lpt,run_s,24.8717,3.20876,3
S2,light/none,longest_first+sample+late+lpt,phase_time_s,24.8717,3.20876,3
S2,light/none,longest_first+sample+late+lpt,gen_time_s,24.711,3.23648,3
S2,light/none,longest_first+sample+late+lpt,straggler_s,5.45467,3.23543,3
S2,light/none,longest_first+sample+late+lpt,mean_ready_s,14.106,0.329002,3
S2,light/none,longest_first+sample+late+lpt,gpu_idle_frac,0.11883,0.106027,3
S2,light/none,longest_first+sample+late+lpt,gen_frac,0.840852,0.102797,3
S2,light/none,longest_first+sample+late+lpt,overhead_frac,0.0403177,0.00573596,3
S2,light/none,longest_first+sample+late+lpt,padding_frac,0,0,3
S2,light/none,longest_first+sample+late+lpt,verify_delay_mean_s,0.208391,0.00302957,3
S2,light/none,longest_first+sample+late+lpt,verify_delay_p95_s,0.320667,0.0127476,3
S2,light/none,longest_first+sample+late+lpt,instants,1151.33,34.4511,3
S2,light/none,longest_first+sample+late+lpt,policy_calls,1151.33,34.4511,3
S2,light/none,longest_first+sample+late+lpt,violations,0,0,3
S2,light/none,longest_first+sample+late+lpt,lb_gap,0.624625,0.0318302,3
S2,light/none,longest_first+sample+late+lpt,J,0.966888,0.166246,3
S2,light/none,online_adaptive,groups_consumed,64,0,3
S2,light/none,online_adaptive,groups_dropped,0,0,3
S2,light/none,online_adaptive,groups_unfinished,0,0,3
S2,light/none,online_adaptive,drops_policy,0,0,3
S2,light/none,online_adaptive,drops_stale,0,0,3
S2,light/none,online_adaptive,drops_colocated_switch,0,0,3
S2,light/none,online_adaptive,tokens_consumed,380611,5139.57,3
S2,light/none,online_adaptive,tokens_dropped,0,0,3
S2,light/none,online_adaptive,waste_frac,0,0,3
S2,light/none,online_adaptive,length_bias,0,0,3
S2,light/none,online_adaptive,run_s,24.8717,3.20876,3
S2,light/none,online_adaptive,phase_time_s,24.8717,3.20876,3
S2,light/none,online_adaptive,gen_time_s,24.711,3.23648,3
S2,light/none,online_adaptive,straggler_s,5.45267,3.23892,3
S2,light/none,online_adaptive,mean_ready_s,14.106,0.328921,3
S2,light/none,online_adaptive,gpu_idle_frac,0.118832,0.106025,3
S2,light/none,online_adaptive,gen_frac,0.840851,0.102796,3
S2,light/none,online_adaptive,overhead_frac,0.0403177,0.00573596,3
S2,light/none,online_adaptive,padding_frac,0,0,3
S2,light/none,online_adaptive,verify_delay_mean_s,0.208391,0.00302957,3
S2,light/none,online_adaptive,verify_delay_p95_s,0.320667,0.0127476,3
S2,light/none,online_adaptive,instants,1151.33,34.4511,3
S2,light/none,online_adaptive,policy_calls,1151.33,34.4511,3
S2,light/none,online_adaptive,violations,0,0,3
S2,light/none,online_adaptive,lb_gap,0.624625,0.0318302,3
S2,light/none,online_adaptive,J,0.966889,0.166244,3
S2,light/none,online_eb,groups_consumed,64,0,3
S2,light/none,online_eb,groups_dropped,0,0,3
S2,light/none,online_eb,groups_unfinished,0,0,3
S2,light/none,online_eb,drops_policy,0,0,3
S2,light/none,online_eb,drops_stale,0,0,3
S2,light/none,online_eb,drops_colocated_switch,0,0,3
S2,light/none,online_eb,tokens_consumed,380611,5139.57,3
S2,light/none,online_eb,tokens_dropped,0,0,3
S2,light/none,online_eb,waste_frac,0,0,3
S2,light/none,online_eb,length_bias,0,0,3
S2,light/none,online_eb,run_s,24.879,3.15073,3
S2,light/none,online_eb,phase_time_s,24.879,3.15073,3
S2,light/none,online_eb,gen_time_s,24.7183,3.18045,3
S2,light/none,online_eb,straggler_s,5.467,3.09655,3
S2,light/none,online_eb,mean_ready_s,14.1049,0.318491,3
S2,light/none,online_eb,gpu_idle_frac,0.126335,0.0834058,3
S2,light/none,online_eb,gen_frac,0.833475,0.0795146,3
S2,light/none,online_eb,overhead_frac,0.04019,0.0055826,3
S2,light/none,online_eb,padding_frac,0,0,3
S2,light/none,online_eb,verify_delay_mean_s,0.208391,0.00302957,3
S2,light/none,online_eb,verify_delay_p95_s,0.320667,0.0127476,3
S2,light/none,online_eb,instants,1145.33,40.9945,3
S2,light/none,online_eb,policy_calls,1145.33,40.9945,3
S2,light/none,online_eb,violations,0,0,3
S2,light/none,online_eb,lb_gap,0.625174,0.0389541,3
S2,light/none,online_eb,J,0.970909,0.156008,3
S2,light/none,oracle_lpt,groups_consumed,64,0,3
S2,light/none,oracle_lpt,groups_dropped,0,0,3
S2,light/none,oracle_lpt,groups_unfinished,0,0,3
S2,light/none,oracle_lpt,drops_policy,0,0,3
S2,light/none,oracle_lpt,drops_stale,0,0,3
S2,light/none,oracle_lpt,drops_colocated_switch,0,0,3
S2,light/none,oracle_lpt,tokens_consumed,380611,5139.57,3
S2,light/none,oracle_lpt,tokens_dropped,0,0,3
S2,light/none,oracle_lpt,waste_frac,0,0,3
S2,light/none,oracle_lpt,length_bias,0,0,3
S2,light/none,oracle_lpt,run_s,19.4097,2.30397,3
S2,light/none,oracle_lpt,phase_time_s,19.4097,2.30397,3
S2,light/none,oracle_lpt,gen_time_s,19.235,2.37811,3
S2,light/none,oracle_lpt,straggler_s,1.80433,2.83036,3
S2,light/none,oracle_lpt,mean_ready_s,15.0234,0.252286,3
S2,light/none,oracle_lpt,gpu_idle_frac,0.067374,0.0893167,3
S2,light/none,oracle_lpt,gen_frac,0.886574,0.0850208,3
S2,light/none,oracle_lpt,overhead_frac,0.0460525,0.00439537,3
S2,light/none,oracle_lpt,padding_frac,0,0,3
S2,light/none,oracle_lpt,verify_delay_mean_s,0.208391,0.00302957,3
S2,light/none,oracle_lpt,verify_delay_p95_s,0.320667,0.0127476,3
S2,light/none,oracle_lpt,instants,1174.33,31.06,3
S2,light/none,oracle_lpt,policy_calls,1174.33,31.06,3
S2,light/none,oracle_lpt,violations,0,0,3
S2,light/none,oracle_lpt,lb_gap,0.26477,0.0400626,3
S2,light/none,oracle_lpt,J,0.741873,0.128717,3
S2,light/none,reference,groups_consumed,64,0,3
S2,light/none,reference,groups_dropped,0,0,3
S2,light/none,reference,groups_unfinished,0,0,3
S2,light/none,reference,drops_policy,0,0,3
S2,light/none,reference,drops_stale,0,0,3
S2,light/none,reference,drops_colocated_switch,0,0,3
S2,light/none,reference,tokens_consumed,380611,5139.57,3
S2,light/none,reference,tokens_dropped,0,0,3
S2,light/none,reference,waste_frac,0,0,3
S2,light/none,reference,length_bias,0,0,3
S2,light/none,reference,run_s,25.195,4.47608,3
S2,light/none,reference,phase_time_s,25.195,4.47608,3
S2,light/none,reference,gen_time_s,25.0343,4.52388,3
S2,light/none,reference,straggler_s,6.35633,4.47923,3
S2,light/none,reference,mean_ready_s,13.3804,0.468961,3
S2,light/none,reference,gpu_idle_frac,0.231851,0.148557,3
S2,light/none,reference,gen_frac,0.762276,0.147286,3
S2,light/none,reference,overhead_frac,0.00587344,0.00127283,3
S2,light/none,reference,padding_frac,0,0,3
S2,light/none,reference,verify_delay_mean_s,0.208391,0.00302957,3
S2,light/none,reference,verify_delay_p95_s,0.320667,0.0127476,3
S2,light/none,reference,instants,1016,14.9048,3
S2,light/none,reference,policy_calls,1016,14.9048,3
S2,light/none,reference,violations,0,0,3
S2,light/none,reference,lb_gap,0.645007,0.13023,3
S2,light/none,reference,J,1.0352,0.237578,3
S3,eta0,best_s2+carry,groups_consumed,768,0,3
S3,eta0,best_s2+carry,groups_dropped,192,0,3
S3,eta0,best_s2+carry,groups_unfinished,0,0,3
S3,eta0,best_s2+carry,drops_policy,0,0,3
S3,eta0,best_s2+carry,drops_stale,192,0,3
S3,eta0,best_s2+carry,drops_colocated_switch,0,0,3
S3,eta0,best_s2+carry,tokens_consumed,5.6758e+06,191957,3
S3,eta0,best_s2+carry,tokens_dropped,4.10179e+06,214515,3
S3,eta0,best_s2+carry,waste_frac,0.419489,0.0061219,3
S3,eta0,best_s2+carry,length_bias,-0.32236,0.0195013,3
S3,eta0,best_s2+carry,run_s,817.796,55.7208,3
S3,eta0,best_s2+carry,gpu_idle_frac,0.500518,0.00133258,3
S3,eta0,best_s2+carry,verify_delay_mean_s,1.37746,0.530587,3
S3,eta0,best_s2+carry,verify_delay_p95_s,5.769,1.13221,3
S3,eta0,best_s2+carry,instants,17424.3,168.122,3
S3,eta0,best_s2+carry,policy_calls,17424.3,168.122,3
S3,eta0,best_s2+carry,violations,0,0,3
S3,eta0,best_s2+carry,J,1.64564,0.0735596,3
S3,eta0,best_s2+carry,window_s,603.719,56.8293,3
S3,eta0,best_s2+carry,step_time_mean_s,67.0799,6.31437,3
S3,eta0,best_s2+carry,step_time_p95_s,75.161,20.1062,3
S3,eta0,best_s2+carry,samples_per_s,7.64009,0.728094,3
S3,eta0,best_s2+carry,completed_tokens_per_s,11786.8,620.896,3
S3,eta0,best_s2+carry,rollout_idle_frac,0.215035,0.00808113,3
S3,eta0,best_s2+carry,gpu_gen_frac,0.378045,0.00532761,3
S3,eta0,best_s2+carry,gpu_overhead_frac,0.0218983,0.0019969,3
S3,eta0,best_s2+carry,gpu_train_frac,0.0995386,0.00442506,3
S3,eta0,best_s2+carry,trainer_wait_frac,0.786001,0.0102201,3
S3,eta0,best_s2+carry,trainer_wait_mean_s,52.7316,5.61528,3
S3,eta0,best_s2+carry,straggler_mean_s,8.31719,2.29011,3
S3,eta0,best_s2+carry,straggler_p95_s,13.1817,1.71588,3
S3,eta0,best_s2+carry,staleness_mean,0,0,3
S3,eta0,best_s2+carry,staleness_max,0,0,3
S3,eta0,best_s2+carry,stale_token_frac,0,0,3
S3,eta0,best_s2+carry,batch_len_cv,0.0993416,0.0595094,3
S3,eta0,best_s2+wait,groups_consumed,768,0,3
S3,eta0,best_s2+wait,groups_dropped,0,0,3
S3,eta0,best_s2+wait,groups_unfinished,0,0,3
S3,eta0,best_s2+wait,drops_policy,0,0,3
S3,eta0,best_s2+wait,drops_stale,0,0,3
S3,eta0,best_s2+wait,drops_colocated_switch,0,0,3
S3,eta0,best_s2+wait,tokens_consumed,8.36626e+06,444176,3
S3,eta0,best_s2+wait,tokens_dropped,0,0,3
S3,eta0,best_s2+wait,waste_frac,0,0,3
S3,eta0,best_s2+wait,length_bias,0,0,3
S3,eta0,best_s2+wait,run_s,1231.36,47.3104,3
S3,eta0,best_s2+wait,gpu_idle_frac,0.572491,0.0223738,3
S3,eta0,best_s2+wait,verify_delay_mean_s,1.47903,0.394774,3
S3,eta0,best_s2+wait,verify_delay_p95_s,6.229,0.972983,3
S3,eta0,best_s2+wait,instants,14038,61.0512,3
S3,eta0,best_s2+wait,policy_calls,14038,61.0512,3
S3,eta0,best_s2+wait,violations,0,0,3
S3,eta0,best_s2+wait,J,1.30636,0.0295357,3
S3,eta0,best_s2+wait,window_s,917.52,21.1784,3
S3,eta0,best_s2+wait,step_time_mean_s,101.947,2.35315,3
S3,eta0,best_s2+wait,step_time_p95_s,112.715,9.27092,3
S3,eta0,best_s2+wait,samples_per_s,5.02252,0.116128,3
S3,eta0,best_s2+wait,completed_tokens_per_s,6597,546.518,3
S3,eta0,best_s2+wait,rollout_idle_frac,0.323636,0.0397978,3
S3,eta0,best_s2+wait,gpu_gen_frac,0.329895,0.0201327,3
S3,eta0,best_s2+wait,gpu_overhead_frac,0.0131915,0.000390981,3
S3,eta0,best_s2+wait,gpu_train_frac,0.0844221,0.00268563,3
S3,eta0,best_s2+wait,trainer_wait_frac,0.821346,0.00514463,3
S3,eta0,best_s2+wait,trainer_wait_mean_s,83.7322,1.40954,3
S3,eta0,best_s2+wait,straggler_mean_s,17.6237,6.56442,3
S3,eta0,best_s2+wait,straggler_p95_s,31.6123,9.25557,3
S3,eta0,best_s2+wait,staleness_mean,0,0,3
S3,eta0,best_s2+wait,staleness_max,0,0,3
S3,eta0,best_s2+wait,stale_token_frac,0,0,3
S3,eta0,best_s2+wait,batch_len_cv,0.112891,0.0777733,3
S3,eta0,reference,groups_consumed,768,0,3
S3,eta0,reference,groups_dropped,0,0,3
S3,eta0,reference,groups_unfinished,0,0,3
S3,eta0,reference,drops_policy,0,0,3
S3,eta0,reference,drops_stale,0,0,3
S3,eta0,reference,drops_colocated_switch,0,0,3
S3,eta0,reference,tokens_consumed,8.15665e+06,440324,3
S3,eta0,reference,tokens_dropped,0,0,3
S3,eta0,reference,waste_frac,0,0,3
S3,eta0,reference,length_bias,0,0,3
S3,eta0,reference,run_s,1265.69,41.3165,3
S3,eta0,reference,gpu_idle_frac,0.620503,0.0275487,3
S3,eta0,reference,verify_delay_mean_s,1.42797,0.361418,3
S3,eta0,reference,verify_delay_p95_s,6.14433,0.878607,3
S3,eta0,reference,instants,12504.3,7.98539,3
S3,eta0,reference,policy_calls,12504.3,7.98539,3
S3,eta0,reference,violations,0,0,3
S3,eta0,reference,J,1.37029,0.0870114,3
S3,eta0,reference,window_s,950.299,41.6132,3
S3,eta0,reference,step_time_mean_s,105.589,4.62369,3
S3,eta0,reference,step_time_p95_s,114.231,8.97766,3
S3,eta0,reference,samples_per_s,4.85,0.210253,3
S3,eta0,reference,completed_tokens_per_s,6410.4,605.998,3
S3,eta0,reference,rollout_idle_frac,0.411892,0.0452584,3
S3,eta0,reference,gpu_gen_frac,0.29084,0.0225879,3
S3,eta0,reference,gpu_overhead_frac,0.0079504,0.000337051,3
S3,eta0,reference,gpu_train_frac,0.0807068,0.00485814,3
S3,eta0,reference,trainer_wait_frac,0.829114,0.0100002,3
S3,eta0,reference,trainer_wait_mean_s,87.5486,4.64412,3
S3,eta0,reference,straggler_mean_s,21.326,9.94347,3
S3,eta0,reference,straggler_p95_s,34.2417,16.4089,3
S3,eta0,reference,staleness_mean,0,0,3
S3,eta0,reference,staleness_max,0,0,3
S3,eta0,reference,stale_token_frac,0,0,3
S3,eta0,reference,batch_len_cv,0.0848408,0.0335132,3
S3,eta1,best_s2+carry,groups_consumed,768,0,3
S3,eta1,best_s2+carry,groups_dropped,146.333,9.40479,3
S3,eta1,best_s2+carry,groups_unfinished,69.6667,14.9737,3
S3,eta1,best_s2+carry,drops_policy,0,0,3
S3,eta1,best_s2+carry,drops_stale,146.333,9.40479,3
S3,eta1,best_s2+carry,drops_colocated_switch,0,0,3
S3,eta1,best_s2+carry,tokens_consumed,6.40751e+06,419020,3
S3,eta1,best_s2+carry,tokens_dropped,3.09539e+06,101773,3
S3,eta1,best_s2+carry,waste_frac,0.325801,0.0193174,3
S3,eta1,best_s2+carry,length_bias,-0.237706,0.0285621,3
S3,eta1,best_s2+carry,run_s,693.57,33.389,3
S3,eta1,best_s2+carry,gpu_idle_frac,0.37066,0.00382454,3
S3,eta1,best_s2+carry,verify_delay_mean_s,1.36238,0.510807,3
S3,eta1,best_s2+carry,verify_delay_p95_s,5.75433,1.37445,3
S3,eta1,best_s2+carry,instants,17318.3,50.1976,3
S3,eta1,best_s2+carry,policy_calls,17318.3,50.1976,3
S3,eta1,best_s2+carry,violations,0,0,3
S3,eta1,best_s2+carry,J,1.37837,0.0207046,3
S3,eta1,best_s2+carry,window_s,527.21,46.4481,3
S3,eta1,best_s2+carry,step_time_mean_s,58.5789,5.1609,3
S3,eta1,best_s2+carry,step_time_p95_s,77.522,10.2606,3
S3,eta1,best_s2+carry,samples_per_s,8.74755,0.755992,3
S3,eta1,best_s2+carry,completed_tokens_per_s,13091.3,530.044,3
S3,eta1,best_s2+carry,rollout_idle_frac,5.35282e-05,0.000230313,3
S3,eta1,best_s2+carry,gpu_gen_frac,0.489322,0.00132277,3
S3,eta1,best_s2+carry,gpu_overhead_frac,0.0191933,0.00202262,3
S3,eta1,best_s2+carry,gpu_train_frac,0.120824,0.00365002,3
S3,eta1,best_s2+carry,trainer_wait_frac,0.741266,0.00787868,3
S3,eta1,best_s2+carry,trainer_wait_mean_s,43.4246,4.07214,3
S3,eta1,best_s2+carry,straggler_mean_s,8.8143,1.94656,3
S3,eta1,best_s2+carry,straggler_p95_s,17.9233,9.21797,3
S3,eta1,best_s2+carry,staleness_mean,0.975116,0.00658782,3
S3,eta1,best_s2+carry,staleness_max,1,0,3
S3,eta1,best_s2+carry,stale_token_frac,0.98944,0.0044598,3
S3,eta1,best_s2+carry,batch_len_cv,0.157798,0.174555,3
S3,eta1,best_s2+wait,groups_consumed,768,0,3
S3,eta1,best_s2+wait,groups_dropped,0,0,3
S3,eta1,best_s2+wait,groups_unfinished,64,0,3
S3,eta1,best_s2+wait,drops_policy,0,0,3
S3,eta1,best_s2+wait,drops_stale,0,0,3
S3,eta1,best_s2+wait,drops_colocated_switch,0,0,3
S3,eta1,best_s2+wait,tokens_consumed,8.36626e+06,444176,3
S3,eta1,best_s2+wait,tokens_dropped,0,0,3
S3,eta1,best_s2+wait,waste_frac,0,0,3
S3,eta1,best_s2+wait,length_bias,0,0,3
S3,eta1,best_s2+wait,run_s,1020.27,41.2404,3
S3,eta1,best_s2+wait,gpu_idle_frac,0.475881,0.0342936,3
S3,eta1,best_s2+wait,verify_delay_mean_s,1.4791,0.394498,3
S3,eta1,best_s2+wait,verify_delay_p95_s,6.223,0.99845,3
S3,eta1,best_s2+wait,instants,14938.3,99.8714,3
S3,eta1,best_s2+wait,policy_calls,14938.3,99.8714,3
S3,eta1,best_s2+wait,violations,0,0,3
S3,eta1,best_s2+wait,J,1.14547,0.0266688,3
S3,eta1,best_s2+wait,window_s,747.919,14.5281,3
S3,eta1,best_s2+wait,step_time_mean_s,83.1021,1.61424,3
S3,eta1,best_s2+wait,step_time_p95_s,93.9463,6.80827,3
S3,eta1,best_s2+wait,samples_per_s,6.16134,0.12009,3
S3,eta1,best_s2+wait,completed_tokens_per_s,8093.26,711.123,3
S3,eta1,best_s2+wait,rollout_idle_frac,0.170929,0.0616289,3
S3,eta1,best_s2+wait,gpu_gen_frac,0.404593,0.0306719,3
S3,eta1,best_s2+wait,gpu_overhead_frac,0.0159594,0.000509548,3
S3,eta1,best_s2+wait,gpu_train_frac,0.103567,0.00373308,3
S3,eta1,best_s2+wait,trainer_wait_frac,0.780833,0.00724274,3
S3,eta1,best_s2+wait,trainer_wait_mean_s,64.8877,0.713706,3
S3,eta1,best_s2+wait,straggler_mean_s,17.8173,6.28884,3
S3,eta1,best_s2+wait,straggler_p95_s,31.2187,10.8863,3
S3,eta1,best_s2+wait,staleness_mean,1,0,3
S3,eta1,best_s2+wait,staleness_max,1,0,3
S3,eta1,best_s2+wait,stale_token_frac,1,0,3
S3,eta1,best_s2+wait,batch_len_cv,0.112891,0.0777733,3
S3,eta1,reference,groups_consumed,768,0,3
S3,eta1,reference,groups_dropped,0,0,3
S3,eta1,reference,groups_unfinished,64,0,3
S3,eta1,reference,drops_policy,0,0,3
S3,eta1,reference,drops_stale,0,0,3
S3,eta1,reference,drops_colocated_switch,0,0,3
S3,eta1,reference,tokens_consumed,8.15665e+06,440324,3
S3,eta1,reference,tokens_dropped,0,0,3
S3,eta1,reference,waste_frac,0,0,3
S3,eta1,reference,length_bias,0,0,3
S3,eta1,reference,run_s,1149,92.9395,3
S3,eta1,reference,gpu_idle_frac,0.572316,0.0666116,3
S3,eta1,reference,verify_delay_mean_s,1.4279,0.360865,3
S3,eta1,reference,verify_delay_p95_s,6.14433,0.878607,3
S3,eta1,reference,instants,13409,244.659,3
S3,eta1,reference,policy_calls,13409,244.659,3
S3,eta1,reference,violations,0,0,3
S3,eta1,reference,J,1.38327,0.216365,3
S3,eta1,reference,window_s,867.516,110.784,3
S3,eta1,reference,step_time_mean_s,96.3907,12.3093,3
S3,eta1,reference,step_time_p95_s,139.132,19.3849,3
S3,eta1,reference,samples_per_s,5.32113,0.682599,3
S3,eta1,reference,completed_tokens_per_s,7041.6,1505.02,3
S3,eta1,reference,rollout_idle_frac,0.332228,0.101493,3
S3,eta1,reference,gpu_gen_frac,0.330341,0.0503673,3
S3,eta1,reference,gpu_overhead_frac,0.00874202,0.00104581,3
S3,eta1,reference,gpu_train_frac,0.0886012,0.0152335,3
S3,eta1,reference,trainer_wait_frac,0.812405,0.0318001,3
S3,eta1,reference,trainer_wait_mean_s,78.3506,13.0537,3
S3,eta1,reference,straggler_mean_s,26.0533,13.5286,3
S3,eta1,reference,straggler_p95_s,54.0277,43.9311,3
S3,eta1,reference,staleness_mean,0.993056,0.0155498,3
S3,eta1,reference,staleness_max,1,0,3
S3,eta1,reference,stale_token_frac,0.990361,0.0177891,3
S3,eta1,reference,batch_len_cv,0.0848408,0.0335132,3
S3,eta1-interrupt,best_s2+carry,groups_consumed,768,0,3
S3,eta1-interrupt,best_s2+carry,groups_dropped,147.333,12.7476,3
S3,eta1-interrupt,best_s2+carry,groups_unfinished,69,8.95669,3
S3,eta1-interrupt,best_s2+carry,drops_policy,0,0,3
S3,eta1-interrupt,best_s2+carry,drops_stale,147.333,12.7476,3
S3,eta1-interrupt,best_s2+carry,drops_colocated_switch,0,0,3
S3,eta1-interrupt,best_s2+carry,tokens_consumed,6.2795e+06,247328,3
S3,eta1-interrupt,best_s2+carry,tokens_dropped,3.14993e+06,184330,3
S3,eta1-interrupt,best_s2+carry,waste_frac,0.334034,0.00614034,3
S3,eta1-interrupt,best_s2+carry,length_bias,-0.248253,0.0138315,3
S3,eta1-interrupt,best_s2+carry,run_s,663.444,35.8636,3
S3,eta1-interrupt,best_s2+carry,gpu_idle_frac,0.362349,0.00992013,3
S3,eta1-interrupt,best_s2+carry,verify_delay_mean_s,1.30142,0.329668,3
S3,eta1-interrupt,best_s2+carry,verify_delay_p95_s,5.69633,0.951688,3
S3,eta1-interrupt,best_s2+carry,instants,17621,392.588,3
S3,eta1-interrupt,best_s2+carry,policy_calls,17621,392.588,3
S3,eta1-interrupt,best_s2+carry,violations,0,0,3
S3,eta1-interrupt,best_s2+carry,J,1.39223,0.0468587,3
S3,eta1-interrupt,best_s2+carry,window_s,483.194,35.4761,3
S3,eta1-interrupt,best_s2+carry,step_time_mean_s,53.6882,3.94178,3
S3,eta1-interrupt,best_s2+carry,step_time_p95_s,65.9847,9.3093,3
S3,eta1-interrupt,best_s2+carry,samples_per_s,9.5422,0.712701,3
S3,eta1-interrupt,best_s2+carry,completed_tokens_per_s,14405.3,759.807,3
S3,eta1-interrupt,best_s2+carry,rollout_idle_frac,0.00312459,0.00655001,3
S3,eta1-interrupt,best_s2+carry,gpu_gen_frac,0.471915,0.00332778,3
S3,eta1-interrupt,best_s2+carry,gpu_overhead_frac,0.0358408,0.000840521,3
S3,eta1-interrupt,best_s2+carry,gpu_train_frac,0.129895,0.00728407,3
S3,eta1-interrupt,best_s2+carry,trainer_wait_frac,0.721573,0.0154365,3
S3,eta1-interrupt,best_s2+carry,trainer_wait_mean_s,38.7442,3.4369,3
S3,eta1-interrupt,best_s2+carry,straggler_mean_s,8.07015,3.11778,3
S3,eta1-interrupt,best_s2+carry,straggler_p95_s,13.3763,6.65789,3
S3,eta1-interrupt,best_s2+carry,staleness_mean,0.898727,0.0518127,3
S3,eta1-interrupt,best_s2+carry,staleness_max,1,0,3
S3,eta1-interrupt,best_s2+carry,stale_token_frac,0.638317,0.0113816,3
S3,eta1-interrupt,best_s2+carry,batch_len_cv,0.125762,0.121159,3
S3,eta1-interrupt,best_s2+wait,groups_consumed,768,0,3
S3,eta1-interrupt,best_s2+wait,groups_dropped,0,0,3
S3,eta1-interrupt,best_s2+wait,groups_unfinished,64,0,3
S3,eta1-interrupt,best_s2+wait,drops_policy,0,0,3
S3,eta1-interrupt,best_s2+wait,drops_stale,0,0,3
S3,eta1-interrupt,best_s2+wait,drops_colocated_switch,0,0,3
S3,eta1-interrupt,best_s2+wait,tokens_consumed,8.36626e+06,444176,3
S3,eta1-interrupt,best_s2+wait,tokens_dropped,0,0,3
S3,eta1-interrupt,best_s2+wait,waste_frac,0,0,3
S3,eta1-interrupt,best_s2+wait,length_bias,0,0,3
S3,eta1-interrupt,best_s2+wait,run_s,1040.31,42.0005,3
S3,eta1-interrupt,best_s2+wait,gpu_idle_frac,0.480149,0.0291866,3
S3,eta1-interrupt,best_s2+wait,verify_delay_mean_s,1.47541,0.384535,3
S3,eta1-interrupt,best_s2+wait,verify_delay_p95_s,6.228,0.971488,3
S3,eta1-interrupt,best_s2+wait,instants,14924.3,93.6205,3
S3,eta1-interrupt,best_s2+wait,policy_calls,14924.3,93.6205,3
S3,eta1-interrupt,best_s2+wait,violations,0,0,3
S3,eta1-interrupt,best_s2+wait,J,1.26341,0.0247208,3
S3,eta1-interrupt,best_s2+wait,window_s,764.685,13.7895,3
S3,eta1-interrupt,best_s2+wait,step_time_mean_s,84.965,1.53217,3
S3,eta1-interrupt,best_s2+wait,step_time_p95_s,95.1597,8.78346,3
S3,eta1-interrupt,best_s2+wait,samples_per_s,6.02622,0.108822,3
S3,eta1-interrupt,best_s2+wait,completed_tokens_per_s,7915.78,693.717,3
S3,eta1-interrupt,best_s2+wait,rollout_idle_frac,0.174661,0.0513371,3
S3,eta1-interrupt,best_s2+wait,gpu_gen_frac,0.395842,0.0260727,3
S3,eta1-interrupt,best_s2+wait,gpu_overhead_frac,0.0227124,0.000509021,3
S3,eta1-interrupt,best_s2+wait,gpu_train_frac,0.101296,0.00373366,3
S3,eta1-interrupt,best_s2+wait,trainer_wait_frac,0.785638,0.00725497,3
S3,eta1-interrupt,best_s2+wait,trainer_wait_mean_s,66.7506,0.589135,3
S3,eta1-interrupt,best_s2+wait,straggler_mean_s,17.6059,6.55197,3
S3,eta1-interrupt,best_s2+wait,straggler_p95_s,31.4243,8.78294,3
S3,eta1-interrupt,best_s2+wait,staleness_mean,1,0,3
S3,eta1-interrupt,best_s2+wait,staleness_max,1,0,3
S3,eta1-interrupt,best_s2+wait,stale_token_frac,0.610931,0.0294778,3
S3,eta1-interrupt,best_s2+wait,batch_len_cv,0.112891,0.0777733,3
S3,eta1-interrupt,reference,groups_consumed,768,0,3
S3,eta1-interrupt,reference,groups_dropped,0,0,3
S3,eta1-interrupt,reference,groups_unfinished,64,0,3
S3,eta1-interrupt,reference,drops_policy,0,0,3
S3,eta1-interrupt,reference,drops_stale,0,0,3
S3,eta1-interrupt,reference,drops_colocated_switch,0,0,3
S3,eta1-interrupt,reference,tokens_consumed,8.15665e+06,440324,3
S3,eta1-interrupt,reference,tokens_dropped,0,0,3
S3,eta1-interrupt,reference,waste_frac,0,0,3
S3,eta1-interrupt,reference,length_bias,0,0,3
S3,eta1-interrupt,reference,run_s,1083.08,36.4975,3
S3,eta1-interrupt,reference,gpu_idle_frac,0.543428,0.0369533,3
S3,eta1-interrupt,reference,verify_delay_mean_s,1.42547,0.352436,3
S3,eta1-interrupt,reference,verify_delay_p95_s,6.14433,0.878607,3
S3,eta1-interrupt,reference,instants,13405.7,233.222,3
S3,eta1-interrupt,reference,policy_calls,13405.7,233.222,3
S3,eta1-interrupt,reference,violations,0,0,3
S3,eta1-interrupt,reference,J,1.34928,0.100213,3
S3,eta1-interrupt,reference,window_s,801.502,40.1794,3
S3,eta1-interrupt,reference,step_time_mean_s,89.0557,4.46437,3
S3,eta1-interrupt,reference,step_time_p95_s,97.445,9.43871,3
S3,eta1-interrupt,reference,samples_per_s,5.75075,0.285062,3
S3,eta1-interrupt,reference,completed_tokens_per_s,7601.36,779.328,3
S3,eta1-interrupt,reference,rollout_idle_frac,0.289485,0.0605082,3
S3,eta1-interrupt,reference,gpu_gen_frac,0.344873,0.0296466,3
S3,eta1-interrupt,reference,gpu_overhead_frac,0.0160005,0.000974129,3
S3,eta1-interrupt,reference,gpu_train_frac,0.0956984,0.0065659,3
S3,eta1-interrupt,reference,trainer_wait_frac,0.797371,0.0135628,3
S3,eta1-interrupt,reference,trainer_wait_mean_s,71.0156,4.57204,3
S3,eta1-interrupt,reference,straggler_mean_s,21.4231,9.71971,3
S3,eta1-interrupt,reference,straggler_p95_s,34.737,14.8833,3
S3,eta1-interrupt,reference,staleness_mean,0.993056,0.0155498,3
S3,eta1-interrupt,reference,staleness_max,1,0,3
S3,eta1-interrupt,reference,stale_token_frac,0.623209,0.0146039,3
S3,eta1-interrupt,reference,batch_len_cv,0.0848408,0.0335132,3
S3,eta1-swap,best_s2+carry,groups_consumed,768,0,3
S3,eta1-swap,best_s2+carry,groups_dropped,153.333,6.25161,3
S3,eta1-swap,best_s2+carry,groups_unfinished,65.6667,16.5402,3
S3,eta1-swap,best_s2+carry,drops_policy,0,0,3
S3,eta1-swap,best_s2+carry,drops_stale,153.333,6.25161,3
S3,eta1-swap,best_s2+carry,drops_colocated_switch,0,0,3
S3,eta1-swap,best_s2+carry,tokens_consumed,6.2369e+06,495938,3
S3,eta1-swap,best_s2+carry,tokens_dropped,3.2338e+06,88320.6,3
S3,eta1-swap,best_s2+carry,waste_frac,0.341563,0.0233294,3
S3,eta1-swap,best_s2+carry,length_bias,-0.254964,0.0377826,3
S3,eta1-swap,best_s2+carry,run_s,642.466,53.4508,3
S3,eta1-swap,best_s2+carry,gpu_idle_frac,0.357695,0.0121148,3
S3,eta1-swap,best_s2+carry,verify_delay_mean_s,1.36177,0.381909,3
S3,eta1-swap,best_s2+carry,verify_delay_p95_s,5.831,1.01624,3
S3,eta1-swap,best_s2+carry,instants,17650.7,386.108,3
S3,eta1-swap,best_s2+carry,policy_calls,17650.7,386.108,3
S3,eta1-swap,best_s2+carry,violations,0,0,3
S3,eta1-swap,best_s2+carry,J,1.3892,0.0351868,3
S3,eta1-swap,best_s2+carry,window_s,464.918,55.4342,3
S3,eta1-swap,best_s2+carry,step_time_mean_s,51.6576,6.15936,3
S3,eta1-swap,best_s2+carry,step_time_p95_s,64.977,11.9135,3
S3,eta1-swap,best_s2+carry,samples_per_s,9.9271,1.21674,3
S3,eta1-swap,best_s2+carry,completed_tokens_per_s,14985.4,1294.74,3
S3,eta1-swap,best_s2+carry,rollout_idle_frac,0.00325313,0.00307147,3
S3,eta1-swap,best_s2+carry,gpu_gen_frac,0.485169,0.000556498,3
S3,eta1-swap,best_s2+carry,gpu_overhead_frac,0.0228985,0.00253734,3
S3,eta1-swap,best_s2+carry,gpu_train_frac,0.134238,0.0102713,3
S3,eta1-swap,best_s2+carry,trainer_wait_frac,0.712136,0.02206,3
S3,eta1-swap,best_s2+carry,trainer_wait_mean_s,36.7971,5.21154,3
S3,eta1-swap,best_s2+carry,straggler_mean_s,7.70211,2.67697,3
S3,eta1-swap,best_s2+carry,straggler_p95_s,12.005,4.43984,3
S3,eta1-swap,best_s2+carry,staleness_mean,0.907407,0.0407624,3
S3,eta1-swap,best_s2+carry,staleness_max,1,0,3
S3,eta1-swap,best_s2+carry,stale_token_frac,0.642639,0.0258833,3
S3,eta1-swap,best_s2+carry,batch_len_cv,0.111963,0.117932,3
S3,eta1-swap,best_s2+wait,groups_consumed,768,0,3
S3,eta1-swap,best_s2+wait,groups_dropped,0,0,3
S3,eta1-swap,best_s2+wait,groups_unfinished,64,0,3
S3,eta1-swap,best_s2+wait,drops_policy,0,0,3
S3,eta1-swap,best_s2+wait,drops_stale,0,0,3
S3,eta1-swap,best_s2+wait,drops_colocated_switch,0,0,3
S3,eta1-swap,best_s2+wait,tokens_consumed,8.36626e+06,444176,3
S3,eta1-swap,best_s2+wait,tokens_dropped,0,0,3
S3,eta1-swap,best_s2+wait,waste_frac,0,0,3
S3,eta1-swap,best_s2+wait,length_bias,0,0,3
S3,eta1-swap,best_s2+wait,run_s,1026.75,41.1897,3
S3,eta1-swap,best_s2+wait,gpu_idle_frac,0.479481,0.0303752,3
S3,eta1-swap,best_s2+wait,verify_delay_mean_s,1.47651,0.387827,3
S3,eta1-swap,best_s2+wait,verify_delay_p95_s,6.229,0.972983,3
S3,eta1-swap,best_s2+wait,instants,14901,93.18,3
S3,eta1-swap,best_s2+wait,policy_calls,14901,93.18,3
S3,eta1-swap,best_s2+wait,violations,0,0,3
S3,eta1-swap,best_s2+wait,J,1.26882,0.0250516,3
S3,eta1-swap,best_s2+wait,window_s,753.593,12.6852,3
S3,eta1-swap,best_s2+wait,step_time_mean_s,83.7325,1.40947,3
S3,eta1-swap,best_s2+wait,step_time_p95_s,93.9093,9.05641,3
S3,eta1-swap,best_s2+wait,samples_per_s,6.1149,0.103076,3
S3,eta1-swap,best_s2+wait,completed_tokens_per_s,8032.37,713.509,3
S3,eta1-swap,best_s2+wait,rollout_idle_frac,0.17648,0.0533608,3
S3,eta1-swap,best_s2+wait,gpu_gen_frac,0.401671,0.0269093,3
S3,eta1-swap,best_s2+wait,gpu_overhead_frac,0.0160605,0.000378283,3
S3,eta1-swap,best_s2+wait,gpu_train_frac,0.102787,0.00391255,3
S3,eta1-swap,best_s2+wait,trainer_wait_frac,0.782482,0.00762409,3
S3,eta1-swap,best_s2+wait,trainer_wait_mean_s,65.518,0.467497,3
S3,eta1-swap,best_s2+wait,straggler_mean_s,17.6234,6.5653,3
S3,eta1-swap,best_s2+wait,straggler_p95_s,31.612,9.25694,3
S3,eta1-swap,best_s2+wait,staleness_mean,1,0,3
S3,eta1-swap,best_s2+wait,staleness_max,1,0,3
S3,eta1-swap,best_s2+wait,stale_token_frac,0.610931,0.0294778,3
S3,eta1-swap,best_s2+wait,batch_len_cv,0.112891,0.0777733,3
S3,eta1-swap,reference,groups_consumed,768,0,3
S3,eta1-swap,reference,groups_dropped,0,0,3
S3,eta1-swap,reference,groups_unfinished,64,0,3
S3,eta1-swap,reference,drops_policy,0,0,3
S3,eta1-swap,reference,drops_stale,0,0,3
S3,eta1-swap,reference,drops_colocated_switch,0,0,3
S3,eta1-swap,reference,tokens_consumed,8.15665e+06,440324,3
S3,eta1-swap,reference,tokens_dropped,0,0,3
S3,eta1-swap,reference,waste_frac,0,0,3
S3,eta1-swap,reference,length_bias,0,0,3
S3,eta1-swap,reference,run_s,1066.54,35.2299,3
S3,eta1-swap,reference,gpu_idle_frac,0.542236,0.038775,3
S3,eta1-swap,reference,verify_delay_mean_s,1.42651,0.356489,3
S3,eta1-swap,reference,verify_delay_p95_s,6.14433,0.878607,3
S3,eta1-swap,reference,instants,13372.3,233.791,3
S3,eta1-swap,reference,policy_calls,13372.3,233.791,3
S3,eta1-swap,reference,violations,0,0,3
S3,eta1-swap,reference,J,1.35045,0.107087,3
S3,eta1-swap,reference,window_s,787.944,41.7962,3
S3,eta1-swap,reference,step_time_mean_s,87.5493,4.64402,3
S3,eta1-swap,reference,step_time_p95_s,95.6557,9.37918,3
S3,eta1-swap,reference,samples_per_s,5.84989,0.306794,3
S3,eta1-swap,reference,completed_tokens_per_s,7732.59,821.042,3
S3,eta1-swap,reference,rollout_idle_frac,0.290597,0.0631497,3
S3,eta1-swap,reference,gpu_gen_frac,0.350825,0.0314751,3
S3,eta1-swap,reference,gpu_overhead_frac,0.00958944,0.0004862,3
S3,eta1-swap,reference,gpu_train_frac,0.0973494,0.00704633,3
S3,eta1-swap,reference,trainer_wait_frac,0.793876,0.0145731,3
S3,eta1-swap,reference,trainer_wait_mean_s,69.5091,4.78195,3
S3,eta1-swap,reference,straggler_mean_s,21.326,9.94402,3
S3,eta1-swap,reference,straggler_p95_s,34.2417,16.4089,3
S3,eta1-swap,reference,staleness_mean,0.993056,0.0155498,3
S3,eta1-swap,reference,staleness_max,1,0,3
S3,eta1-swap,reference,stale_token_frac,0.623209,0.0146039,3
S3,eta1-swap,reference,batch_len_cv,0.0848408,0.0335132,3
S3,eta2,best_s2+carry,groups_consumed,768,0,3
S3,eta2,best_s2+carry,groups_dropped,4.33333,1.43422,3
S3,eta2,best_s2+carry,groups_unfinished,54.6667,23.6102,3
S3,eta2,best_s2+carry,drops_policy,0,0,3
S3,eta2,best_s2+carry,drops_stale,4.33333,1.43422,3
S3,eta2,best_s2+carry,drops_colocated_switch,0,0,3
S3,eta2,best_s2+carry,tokens_consumed,7.95489e+06,443023,3
S3,eta2,best_s2+carry,tokens_dropped,117037,26978,3
S3,eta2,best_s2+carry,waste_frac,0.0145169,0.00388573,3
S3,eta2,best_s2+carry,length_bias,-0.00931526,0.00555201,3
S3,eta2,best_s2+carry,run_s,583.841,30.7105,3
S3,eta2,best_s2+carry,gpu_idle_frac,0.302448,0.00813548,3
S3,eta2,best_s2+carry,verify_delay_mean_s,1.38737,0.312256,3
S3,eta2,best_s2+carry,verify_delay_p95_s,6.00133,0.794327,3
S3,eta2,best_s2+carry,instants,15941.3,654.571,3
S3,eta2,best_s2+carry,policy_calls,15941.3,654.571,3
S3,eta2,best_s2+carry,violations,0,0,3
S3,eta2,best_s2+carry,J,0.66459,0.0260586,3
S3,eta2,best_s2+carry,window_s,423.705,36.5199,3
S3,eta2,best_s2+carry,step_time_mean_s,47.0784,4.05776,3
S3,eta2,best_s2+carry,step_time_p95_s,66.9203,21.4445,3
S3,eta2,best_s2+carry,samples_per_s,10.8842,0.934369,3
S3,eta2,best_s2+carry,completed_tokens_per_s,14331.1,753.016,3
S3,eta2,best_s2+carry,rollout_idle_frac,0,0,3
S3,eta2,best_s2+carry,gpu_gen_frac,0.489878,0.000954383,3
S3,eta2,best_s2+carry,gpu_overhead_frac,0.0207513,0.00153809,3
S3,eta2,best_s2+carry,gpu_train_frac,0.186923,0.00722374,3
S3,eta2,best_s2+carry,trainer_wait_frac,0.604896,0.016271,3
S3,eta2,best_s2+carry,trainer_wait_mean_s,28.4847,3.22433,3
S3,eta2,best_s2+carry,straggler_mean_s,4.45589,2.69073,3
S3,eta2,best_s2+carry,straggler_p95_s,7.832,6.51649,3
S3,eta2,best_s2+carry,staleness_mean,1.18808,0.106021,3
S3,eta2,best_s2+carry,staleness_max,2,0,3
S3,eta2,best_s2+carry,stale_token_frac,0.945688,0.0250715,3
S3,eta2,best_s2+carry,batch_len_cv,0.344069,0.0597337,3
S3,eta2,best_s2+wait,groups_consumed,768,0,3
S3,eta2,best_s2+wait,groups_dropped,0,0,3
S3,eta2,best_s2+wait,groups_unfinished,64,0,3
S3,eta2,best_s2+wait,drops_policy,0,0,3
S3,eta2,best_s2+wait,drops_stale,0,0,3
S3,eta2,best_s2+wait,drops_colocated_switch,0,0,3
S3,eta2,best_s2+wait,tokens_consumed,8.36626e+06,444176,3
S3,eta2,best_s2+wait,tokens_dropped,0,0,3
S3,eta2,best_s2+wait,waste_frac,0,0,3
S3,eta2,best_s2+wait,length_bias,0,0,3
S3,eta2,best_s2+wait,run_s,1020.27,41.2404,3
S3,eta2,best_s2+wait,gpu_idle_frac,0.475881,0.0342936,3
S3,eta2,best_s2+wait,verify_delay_mean_s,1.4791,0.394498,3
S3,eta2,best_s2+wait,verify_delay_p95_s,6.223,0.99845,3
S3,eta2,best_s2+wait,instants,14938.3,99.8714,3
S3,eta2,best_s2+wait,policy_calls,14938.3,99.8714,3
S3,eta2,best_s2+wait,violations,0,0,3
S3,eta2,best_s2+wait,J,1.14547,0.0266688,3
S3,eta2,best_s2+wait,window_s,747.919,14.5281,3
S3,eta2,best_s2+wait,step_time_mean_s,83.1021,1.61424,3
S3,eta2,best_s2+wait,step_time_p95_s,93.9463,6.80827,3
S3,eta2,best_s2+wait,samples_per_s,6.16134,0.12009,3
S3,eta2,best_s2+wait,completed_tokens_per_s,8093.26,711.123,3
S3,eta2,best_s2+wait,rollout_idle_frac,0.170929,0.0616289,3
S3,eta2,best_s2+wait,gpu_gen_frac,0.404593,0.0306719,3
S3,eta2,best_s2+wait,gpu_overhead_frac,0.0159594,0.000509548,3
S3,eta2,best_s2+wait,gpu_train_frac,0.103567,0.00373308,3
S3,eta2,best_s2+wait,trainer_wait_frac,0.780833,0.00724274,3
S3,eta2,best_s2+wait,trainer_wait_mean_s,64.8877,0.713706,3
S3,eta2,best_s2+wait,straggler_mean_s,17.8173,6.28884,3
S3,eta2,best_s2+wait,straggler_p95_s,31.2187,10.8863,3
S3,eta2,best_s2+wait,staleness_mean,1,0,3
S3,eta2,best_s2+wait,staleness_max,1,0,3
S3,eta2,best_s2+wait,stale_token_frac,1,0,3
S3,eta2,best_s2+wait,batch_len_cv,0.112891,0.0777733,3
S3,eta2,reference,groups_consumed,768,0,3
S3,eta2,reference,groups_dropped,0,0,3
S3,eta2,reference,groups_unfinished,64,0,3
S3,eta2,reference,drops_policy,0,0,3
S3,eta2,reference,drops_stale,0,0,3
S3,eta2,reference,drops_colocated_switch,0,0,3
S3,eta2,reference,tokens_consumed,8.15665e+06,440324,3
S3,eta2,reference,tokens_dropped,0,0,3
S3,eta2,reference,waste_frac,0,0,3
S3,eta2,reference,length_bias,0,0,3
S3,eta2,reference,run_s,1149,92.9395,3
S3,eta2,reference,gpu_idle_frac,0.572316,0.0666116,3
S3,eta2,reference,verify_delay_mean_s,1.4279,0.360865,3
S3,eta2,reference,verify_delay_p95_s,6.14433,0.878607,3
S3,eta2,reference,instants,13409,244.659,3
S3,eta2,reference,policy_calls,13409,244.659,3
S3,eta2,reference,violations,0,0,3
S3,eta2,reference,J,1.38327,0.216365,3
S3,eta2,reference,window_s,867.516,110.784,3
S3,eta2,reference,step_time_mean_s,96.3907,12.3093,3
S3,eta2,reference,step_time_p95_s,139.132,19.3849,3
S3,eta2,reference,samples_per_s,5.32113,0.682599,3
S3,eta2,reference,completed_tokens_per_s,7041.6,1505.02,3
S3,eta2,reference,rollout_idle_frac,0.332228,0.101493,3
S3,eta2,reference,gpu_gen_frac,0.330341,0.0503673,3
S3,eta2,reference,gpu_overhead_frac,0.00874202,0.00104581,3
S3,eta2,reference,gpu_train_frac,0.0886012,0.0152335,3
S3,eta2,reference,trainer_wait_frac,0.812405,0.0318001,3
S3,eta2,reference,trainer_wait_mean_s,78.3506,13.0537,3
S3,eta2,reference,straggler_mean_s,26.0533,13.5286,3
S3,eta2,reference,straggler_p95_s,54.0277,43.9311,3
S3,eta2,reference,staleness_mean,0.993056,0.0155498,3
S3,eta2,reference,staleness_max,1,0,3
S3,eta2,reference,stale_token_frac,0.990361,0.0177891,3
S3,eta2,reference,batch_len_cv,0.0848408,0.0335132,3
S3,eta4,best_s2+carry,groups_consumed,768,0,3
S3,eta4,best_s2+carry,groups_dropped,0,0,3
S3,eta4,best_s2+carry,groups_unfinished,54.3333,22.4032,3
S3,eta4,best_s2+carry,drops_policy,0,0,3
S3,eta4,best_s2+carry,drops_stale,0,0,3
S3,eta4,best_s2+carry,drops_colocated_switch,0,0,3
S3,eta4,best_s2+carry,tokens_consumed,8.00808e+06,496539,3
S3,eta4,best_s2+carry,tokens_dropped,0,0,3
S3,eta4,best_s2+carry,waste_frac,0,0,3
S3,eta4,best_s2+carry,length_bias,0,0,3
S3,eta4,best_s2+carry,run_s,575.192,34.9439,3
S3,eta4,best_s2+carry,gpu_idle_frac,0.297295,0.0114451,3
S3,eta4,best_s2+carry,verify_delay_mean_s,1.4017,0.288388,3
S3,eta4,best_s2+carry,verify_delay_p95_s,6,0.783225,3
S3,eta4,best_s2+carry,instants,15910,408.344,3
S3,eta4,best_s2+carry,policy_calls,15910,408.344,3
S3,eta4,best_s2+carry,violations,0,0,3
S3,eta4,best_s2+carry,J,0.628284,0.0384375,3
S3,eta4,best_s2+carry,window_s,415.064,41.215,3
S3,eta4,best_s2+carry,step_time_mean_s,46.1183,4.57945,3
S3,eta4,best_s2+carry,step_time_p95_s,67.2207,23.7853,3
S3,eta4,best_s2+carry,samples_per_s,11.1138,1.1141,3
S3,eta4,best_s2+carry,completed_tokens_per_s,14533.9,727.34,3
S3,eta4,best_s2+carry,rollout_idle_frac,0,0,3
S3,eta4,best_s2+carry,gpu_gen_frac,0.489589,0.00084155,3
S3,eta4,best_s2+carry,gpu_overhead_frac,0.0212646,0.00187088,3
S3,eta4,best_s2+carry,gpu_train_frac,0.191852,0.0104023,3
S3,eta4,best_s2+carry,trainer_wait_frac,0.594589,0.0228901,3
S3,eta4,best_s2+carry,trainer_wait_mean_s,27.4323,3.72824,3
S3,eta4,best_s2+carry,straggler_mean_s,4.30641,1.48487,3
S3,eta4,best_s2+carry,straggler_p95_s,7.70667,6.99009,3
S3,eta4,best_s2+carry,staleness_mean,1.22338,0.066998,3
S3,eta4,best_s2+carry,staleness_max,3,0,3
S3,eta4,best_s2+carry,stale_token_frac,0.947074,0.0177058,3
S3,eta4,best_s2+carry,batch_len_cv,0.336278,0.0238865,3
S3,eta4,best_s2+wait,groups_consumed,768,0,3
S3,eta4,best_s2+wait,groups_dropped,0,0,3
S3,eta4,best_s2+wait,groups_unfinished,64,0,3
S3,eta4,best_s2+wait,drops_policy,0,0,3
S3,eta4,best_s2+wait,drops_stale,0,0,3
S3,eta4,best_s2+wait,drops_colocated_switch,0,0,3
S3,eta4,best_s2+wait,tokens_consumed,8.36626e+06,444176,3
S3,eta4,best_s2+wait,tokens_dropped,0,0,3
S3,eta4,best_s2+wait,waste_frac,0,0,3
S3,eta4,best_s2+wait,length_bias,0,0,3
S3,eta4,best_s2+wait,run_s,1020.27,41.2404,3
S3,eta4,best_s2+wait,gpu_idle_frac,0.475881,0.0342936,3
S3,eta4,best_s2+wait,verify_delay_mean_s,1.4791,0.394498,3
S3,eta4,best_s2+wait,verify_delay_p95_s,6.223,0.99845,3
S3,eta4,best_s2+wait,instants,14938.3,99.8714,3
S3,eta4,best_s2+wait,policy_calls,14938.3,99.8714,3
S3,eta4,best_s2+wait,violations,0,0,3
S3,eta4,best_s2+wait,J,1.14547,0.0266688,3
S3,eta4,best_s2+wait,window_s,747.919,14.5281,3
S3,eta4,best_s2+wait,step_time_mean_s,83.1021,1.61424,3
S3,eta4,best_s2+wait,step_time_p95_s,93.9463,6.80827,3
S3,eta4,best_s2+wait,samples_per_s,6.16134,0.12009,3
S3,eta4,best_s2+wait,completed_tokens_per_s,8093.26,711.123,3
S3,eta4,best_s2+wait,rollout_idle_frac,0.170929,0.0616289,3
S3,eta4,best_s2+wait,gpu_gen_frac,0.404593,0.0306719,3
S3,eta4,best_s2+wait,gpu_overhead_frac,0.0159594,0.000509548,3
S3,eta4,best_s2+wait,gpu_train_frac,0.103567,0.00373308,3
S3,eta4,best_s2+wait,trainer_wait_frac,0.780833,0.00724274,3
S3,eta4,best_s2+wait,trainer_wait_mean_s,64.8877,0.713706,3
S3,eta4,best_s2+wait,straggler_mean_s,17.8173,6.28884,3
S3,eta4,best_s2+wait,straggler_p95_s,31.2187,10.8863,3
S3,eta4,best_s2+wait,staleness_mean,1,0,3
S3,eta4,best_s2+wait,staleness_max,1,0,3
S3,eta4,best_s2+wait,stale_token_frac,1,0,3
S3,eta4,best_s2+wait,batch_len_cv,0.112891,0.0777733,3
S3,eta4,reference,groups_consumed,768,0,3
S3,eta4,reference,groups_dropped,0,0,3
S3,eta4,reference,groups_unfinished,64,0,3
S3,eta4,reference,drops_policy,0,0,3
S3,eta4,reference,drops_stale,0,0,3
S3,eta4,reference,drops_colocated_switch,0,0,3
S3,eta4,reference,tokens_consumed,8.15665e+06,440324,3
S3,eta4,reference,tokens_dropped,0,0,3
S3,eta4,reference,waste_frac,0,0,3
S3,eta4,reference,length_bias,0,0,3
S3,eta4,reference,run_s,1149,92.9395,3
S3,eta4,reference,gpu_idle_frac,0.572316,0.0666116,3
S3,eta4,reference,verify_delay_mean_s,1.4279,0.360865,3
S3,eta4,reference,verify_delay_p95_s,6.14433,0.878607,3
S3,eta4,reference,instants,13409,244.659,3
S3,eta4,reference,policy_calls,13409,244.659,3
S3,eta4,reference,violations,0,0,3
S3,eta4,reference,J,1.38327,0.216365,3
S3,eta4,reference,window_s,867.516,110.784,3
S3,eta4,reference,step_time_mean_s,96.3907,12.3093,3
S3,eta4,reference,step_time_p95_s,139.132,19.3849,3
S3,eta4,reference,samples_per_s,5.32113,0.682599,3
S3,eta4,reference,completed_tokens_per_s,7041.6,1505.02,3
S3,eta4,reference,rollout_idle_frac,0.332228,0.101493,3
S3,eta4,reference,gpu_gen_frac,0.330341,0.0503673,3
S3,eta4,reference,gpu_overhead_frac,0.00874202,0.00104581,3
S3,eta4,reference,gpu_train_frac,0.0886012,0.0152335,3
S3,eta4,reference,trainer_wait_frac,0.812405,0.0318001,3
S3,eta4,reference,trainer_wait_mean_s,78.3506,13.0537,3
S3,eta4,reference,straggler_mean_s,26.0533,13.5286,3
S3,eta4,reference,straggler_p95_s,54.0277,43.9311,3
S3,eta4,reference,staleness_mean,0.993056,0.0155498,3
S3,eta4,reference,staleness_max,1,0,3
S3,eta4,reference,stale_token_frac,0.990361,0.0177891,3
S3,eta4,reference,batch_len_cv,0.0848408,0.0335132,3
S5,servers16,best_s2+v_fifo,groups_consumed,768,0,3
S5,servers16,best_s2+v_fifo,groups_dropped,0,0,3
S5,servers16,best_s2+v_fifo,groups_unfinished,64,0,3
S5,servers16,best_s2+v_fifo,drops_policy,0,0,3
S5,servers16,best_s2+v_fifo,drops_stale,0,0,3
S5,servers16,best_s2+v_fifo,drops_colocated_switch,0,0,3
S5,servers16,best_s2+v_fifo,tokens_consumed,8.96871e+06,482961,3
S5,servers16,best_s2+v_fifo,tokens_dropped,0,0,3
S5,servers16,best_s2+v_fifo,waste_frac,0,0,3
S5,servers16,best_s2+v_fifo,length_bias,0,0,3
S5,servers16,best_s2+v_fifo,run_s,1150.23,35.9523,3
S5,servers16,best_s2+v_fifo,gpu_idle_frac,0.51703,0.0297815,3
S5,servers16,best_s2+v_fifo,verify_delay_mean_s,19.0575,1.6908,3
S5,servers16,best_s2+v_fifo,verify_delay_p95_s,37.1033,8.5087,3
S5,servers16,best_s2+v_fifo,instants,14900.3,144.194,3
S5,servers16,best_s2+v_fifo,policy_calls,14900.3,144.194,3
S5,servers16,best_s2+v_fifo,violations,0,0,3
S5,servers16,best_s2+v_fifo,J,1.22773,0.0826146,3
S5,servers16,best_s2+v_fifo,window_s,855.702,8.74634,3
S5,servers16,best_s2+v_fifo,step_time_mean_s,95.078,0.971816,3
S5,servers16,best_s2+v_fifo,step_time_p95_s,116.607,31.3286,3
S5,servers16,best_s2+v_fifo,samples_per_s,5.38511,0.0549591,3
S5,servers16,best_s2+v_fifo,completed_tokens_per_s,7590.47,833.916,3
S5,servers16,best_s2+v_fifo,rollout_idle_frac,0.243921,0.0503486,3
S5,servers16,best_s2+v_fifo,gpu_gen_frac,0.368238,0.0252256,3
S5,servers16,best_s2+v_fifo,gpu_overhead_frac,0.0150599,1.00696e-05,3
S5,servers16,best_s2+v_fifo,gpu_train_frac,0.0996717,0.00498563,3
S5,servers16,best_s2+v_fifo,trainer_wait_frac,0.790139,0.0100606,3
S5,servers16,best_s2+v_fifo,trainer_wait_mean_s,75.1257,1.65141,3
S5,servers16,best_s2+v_fifo,straggler_mean_s,16.4362,4.82206,3
S5,servers16,best_s2+v_fifo,straggler_p95_s,39.354,28.8289,3
S5,servers16,best_s2+v_fifo,staleness_mean,1,0,3
S5,servers16,best_s2+v_fifo,staleness_max,1,0,3
S5,servers16,best_s2+v_fifo,stale_token_frac,1,0,3
S5,servers16,best_s2+v_fifo,batch_len_cv,0.10947,0.0706699,3
S5,servers16,best_s2+v_group_first,groups_consumed,768,0,3
S5,servers16,best_s2+v_group_first,groups_dropped,0,0,3
S5,servers16,best_s2+v_group_first,groups_unfinished,64,0,3
S5,servers16,best_s2+v_group_first,drops_policy,0,0,3
S5,servers16,best_s2+v_group_first,drops_stale,0,0,3
S5,servers16,best_s2+v_group_first,drops_colocated_switch,0,0,3
S5,servers16,best_s2+v_group_first,tokens_consumed,8.96871e+06,482961,3
S5,servers16,best_s2+v_group_first,tokens_dropped,0,0,3
S5,servers16,best_s2+v_group_first,waste_frac,0,0,3
S5,servers16,best_s2+v_group_first,length_bias,0,0,3
S5,servers16,best_s2+v_group_first,run_s,1161.84,17.274,3
S5,servers16,best_s2+v_group_first,gpu_idle_frac,0.522709,0.0459968,3
S5,servers16,best_s2+v_group_first,verify_delay_mean_s,18.9936,0.891536,3
S5,servers16,best_s2+v_group_first,verify_delay_p95_s,45.3847,3.433,3
S5,servers16,best_s2+v_group_first,instants,14932,132.477,3
S5,servers16,best_s2+v_group_first,policy_calls,14932,132.477,3
S5,servers16,best_s2+v_group_first,violations,0,0,3
S5,servers16,best_s2+v_group_first,J,1.26177,0.114882,3
S5,servers16,best_s2+v_group_first,window_s,866.238,40.2125,3
S5,servers16,best_s2+v_group_first,step_time_mean_s,96.2487,4.46806,3
S5,servers16,best_s2+v_group_first,step_time_p95_s,126.42,19.8255,3
S5,servers16,best_s2+v_group_first,samples_per_s,5.32078,0.244938,3
S5,servers16,best_s2+v_group_first,completed_tokens_per_s,7502.05,1052.95,3
S5,servers16,best_s2+v_group_first,rollout_idle_frac,0.252795,0.0759389,3
S5,servers16,best_s2+v_group_first,gpu_gen_frac,0.363919,0.0376767,3
S5,servers16,best_s2+v_group_first,gpu_overhead_frac,0.0148794,0.000534378,3
S5,servers16,best_s2+v_group_first,gpu_train_frac,0.098492,0.00800443,3
S5,servers16,best_s2+v_group_first,trainer_wait_frac,0.792624,0.0164541,3
S5,servers16,best_s2+v_group_first,trainer_wait_mean_s,76.2964,5.05508,3
S5,servers16,best_s2+v_group_first,straggler_mean_s,18.8795,4.52666,3
S5,servers16,best_s2+v_group_first,straggler_p95_s,48.1807,32.587,3
S5,servers16,best_s2+v_group_first,staleness_mean,1,0,3
S5,servers16,best_s2+v_group_first,staleness_max,1,0,3
S5,servers16,best_s2+v_group_first,stale_token_frac,1,0,3
S5,servers16,best_s2+v_group_first,batch_len_cv,0.10947,0.0706699,3
S5,servers16,best_s2+v_shortest_first,groups_consumed,768,0,3
S5,servers16,best_s2+v_shortest_first,groups_dropped,0,0,3
S5,servers16,best_s2+v_shortest_first,groups_unfinished,64,0,3
S5,servers16,best_s2+v_shortest_first,drops_policy,0,0,3
S5,servers16,best_s2+v_shortest_first,drops_stale,0,0,3
S5,servers16,best_s2+v_shortest_first,drops_colocated_switch,0,0,3
S5,servers16,best_s2+v_shortest_first,tokens_consumed,8.96871e+06,482961,3
S5,servers16,best_s2+v_shortest_first,tokens_dropped,0,0,3
S5,servers16,best_s2+v_shortest_first,waste_frac,0,0,3
S5,servers16,best_s2+v_shortest_first,length_bias,0,0,3
S5,servers16,best_s2+v_shortest_first,run_s,1150.64,35.9353,3
S5,servers16,best_s2+v_shortest_first,gpu_idle_frac,0.517195,0.0296923,3
S5,servers16,best_s2+v_shortest_first,verify_delay_mean_s,14.594,1.39243,3
S5,servers16,best_s2+v_shortest_first,verify_delay_p95_s,37.03,8.5331,3
S5,servers16,best_s2+v_shortest_first,instants,14938,145.338,3
S5,servers16,best_s2+v_shortest_first,policy_calls,14938,145.338,3
S5,servers16,best_s2+v_shortest_first,violations,0,0,3
S5,servers16,best_s2+v_shortest_first,J,1.22811,0.0818047,3
S5,servers16,best_s2+v_shortest_first,window_s,855.994,8.67771,3
S5,servers16,best_s2+v_shortest_first,step_time_mean_s,95.1104,0.96419,3
S5,servers16,best_s2+v_shortest_first,step_time_p95_s,116.611,31.0069,3
S5,servers16,best_s2+v_shortest_first,samples_per_s,5.38327,0.0544816,3
S5,servers16,best_s2+v_shortest_first,completed_tokens_per_s,7587.86,831.574,3
S5,servers16,best_s2+v_shortest_first,rollout_idle_frac,0.24418,0.050226,3
S5,servers16,best_s2+v_shortest_first,gpu_gen_frac,0.368112,0.0251657,3
S5,servers16,best_s2+v_shortest_first,gpu_overhead_frac,0.0150548,4.8617e-06,3
S5,servers16,best_s2+v_shortest_first,gpu_train_frac,0.0996375,0.00495673,3
S5,servers16,best_s2+v_shortest_first,trainer_wait_frac,0.790211,0.0100003,3
S5,servers16,best_s2+v_shortest_first,trainer_wait_mean_s,75.1581,1.63333,3
S5,servers16,best_s2+v_shortest_first,straggler_mean_s,16.4374,4.73672,3
S5,servers16,best_s2+v_shortest_first,straggler_p95_s,39.3503,28.6572,3
S5,servers16,best_s2+v_shortest_first,staleness_mean,1,0,3
S5,servers16,best_s2+v_shortest_first,staleness_max,1,0,3
S5,servers16,best_s2+v_shortest_first,stale_token_frac,1,0,3
S5,servers16,best_s2+v_shortest_first,batch_len_cv,0.10947,0.0706699,3
S5,servers16,reference,groups_consumed,768,0,3
S5,servers16,reference,groups_dropped,0,0,3
S5,servers16,reference,groups_unfinished,64,0,3
S5,servers16,reference,drops_policy,0,0,3
S5,servers16,reference,drops_stale,0,0,3
S5,servers16,reference,drops_colocated_switch,0,0,3
S5,servers16,reference,tokens_consumed,8.74033e+06,450006,3
S5,servers16,reference,tokens_dropped,0,0,3
S5,servers16,reference,waste_frac,0,0,3
S5,servers16,reference,length_bias,0,0,3
S5,servers16,reference,run_s,1247.02,209.067,3
S5,servers16,reference,gpu_idle_frac,0.57923,0.0814118,3
S5,servers16,reference,verify_delay_mean_s,18.4838,2.56293,3
S5,servers16,reference,verify_delay_p95_s,35.409,5.78715,3
S5,servers16,reference,instants,13323.7,215.939,3
S5,servers16,reference,policy_calls,13323.7,215.939,3
S5,servers16,reference,violations,0,0,3
S5,servers16,reference,J,1.39349,0.279296,3
S5,servers16,reference,window_s,934.646,190.816,3
S5,servers16,reference,step_time_mean_s,103.85,21.2017,3
S5,servers16,reference,step_time_p95_s,138.846,26.9684,3
S5,servers16,reference,samples_per_s,4.95151,0.965951,3
S5,servers16,reference,completed_tokens_per_s,7024.2,1768,3
S5,servers16,reference,rollout_idle_frac,0.349522,0.123781,3
S5,servers16,reference,gpu_gen_frac,0.321813,0.061333,3
S5,servers16,reference,gpu_overhead_frac,0.00826176,0.00151278,3
S5,servers16,reference,gpu_train_frac,0.090696,0.0185964,3
S5,servers16,reference,trainer_wait_frac,0.808937,0.0390444,3
S5,servers16,reference,trainer_wait_mean_s,84.0958,21.3454,3
S5,servers16,reference,straggler_mean_s,25.7793,24.7635,3
S5,servers16,reference,straggler_p95_s,62.571,28.7713,3
S5,servers16,reference,staleness_mean,0.991319,0.0149398,3
S5,servers16,reference,staleness_max,1,0,3
S5,servers16,reference,stale_token_frac,0.989515,0.0193908,3
S5,servers16,reference,batch_len_cv,0.088526,0.0363064,3
S5,servers32,best_s2+v_fifo,groups_consumed,768,0,3
S5,servers32,best_s2+v_fifo,groups_dropped,0,0,3
S5,servers32,best_s2+v_fifo,groups_unfinished,64,0,3
S5,servers32,best_s2+v_fifo,drops_policy,0,0,3
S5,servers32,best_s2+v_fifo,drops_stale,0,0,3
S5,servers32,best_s2+v_fifo,drops_colocated_switch,0,0,3
S5,servers32,best_s2+v_fifo,tokens_consumed,8.96871e+06,482961,3
S5,servers32,best_s2+v_fifo,tokens_dropped,0,0,3
S5,servers32,best_s2+v_fifo,waste_frac,0,0,3
S5,servers32,best_s2+v_fifo,length_bias,0,0,3
S5,servers32,best_s2+v_fifo,run_s,1065.72,88.6088,3
S5,servers32,best_s2+v_fifo,gpu_idle_frac,0.470806,0.0260445,3
S5,servers32,best_s2+v_fifo,verify_delay_mean_s,4.3697,0.792428,3
S5,servers32,best_s2+v_fifo,verify_delay_p95_s,11.407,3.01024,3
S5,servers32,best_s2+v_fifo,instants,14953.7,149.159,3
S5,servers32,best_s2+v_fifo,policy_calls,14953.7,149.159,3
S5,servers32,best_s2+v_fifo,violations,0,0,3
S5,servers32,best_s2+v_fifo,J,1.14498,0.106142,3
S5,servers32,best_s2+v_fifo,window_s,780.417,38.9649,3
S5,servers32,best_s2+v_fifo,step_time_mean_s,86.713,4.32944,3
S5,servers32,best_s2+v_fifo,step_time_p95_s,98.4083,9.63959,3
S5,servers32,best_s2+v_fifo,samples_per_s,5.90613,0.294568,3
S5,servers32,best_s2+v_fifo,completed_tokens_per_s,8320.45,557.437,3
S5,servers32,best_s2+v_fifo,rollout_idle_frac,0.171728,0.0463364,3
S5,servers32,best_s2+v_fifo,gpu_gen_frac,0.403527,0.0227614,3
S5,servers32,best_s2+v_fifo,gpu_overhead_frac,0.0163765,0.00112323,3
S5,servers32,best_s2+v_fifo,gpu_train_frac,0.10929,0.00273239,3
S5,servers32,best_s2+v_fifo,trainer_wait_frac,0.769885,0.00580665,3
S5,servers32,best_s2+v_fifo,trainer_wait_mean_s,66.7607,3.66083,3
S5,servers32,best_s2+v_fifo,straggler_mean_s,15.9439,1.45079,3
S5,servers32,best_s2+v_fifo,straggler_p95_s,34.538,27.7658,3
S5,servers32,best_s2+v_fifo,staleness_mean,1,0,3
S5,servers32,best_s2+v_fifo,staleness_max,1,0,3
S5,servers32,best_s2+v_fifo,stale_token_frac,1,0,3
S5,servers32,best_s2+v_fifo,batch_len_cv,0.10947,0.0706699,3
S5,servers32,best_s2+v_group_first,groups_consumed,768,0,3
S5,servers32,best_s2+v_group_first,groups_dropped,0,0,3
S5,servers32,best_s2+v_group_first,groups_unfinished,64,0,3
S5,servers32,best_s2+v_group_first,drops_policy,0,0,3
S5,servers32,best_s2+v_group_first,drops_stale,0,0,3
S5,servers32,best_s2+v_group_first,drops_colocated_switch,0,0,3
S5,servers32,best_s2+v_group_first,tokens_consumed,8.96871e+06,482961,3
S5,servers32,best_s2+v_group_first,tokens_dropped,0,0,3
S5,servers32,best_s2+v_group_first,waste_frac,0,0,3
S5,servers32,best_s2+v_group_first,length_bias,0,0,3
S5,servers32,best_s2+v_group_first,run_s,1065.11,89.3394,3
S5,servers32,best_s2+v_group_first,gpu_idle_frac,0.470404,0.024607,3
S5,servers32,best_s2+v_group_first,verify_delay_mean_s,4.30931,0.75566,3
S5,servers32,best_s2+v_group_first,verify_delay_p95_s,13.36,3.75137,3
S5,servers32,best_s2+v_group_first,instants,14950.3,175.678,3
S5,servers32,best_s2+v_group_first,policy_calls,14950.3,175.678,3
S5,servers32,best_s2+v_group_first,violations,0,0,3
S5,servers32,best_s2+v_group_first,J,1.1427,0.109262,3
S5,servers32,best_s2+v_group_first,window_s,779.813,39.146,3
S5,servers32,best_s2+v_group_first,step_time_mean_s,86.6459,4.34955,3
S5,servers32,best_s2+v_group_first,step_time_p95_s,98.4083,9.63959,3
S5,servers32,best_s2+v_group_first,samples_per_s,5.91071,0.295719,3
S5,servers32,best_s2+v_group_first,completed_tokens_per_s,8326.72,533.255,3
S5,servers32,best_s2+v_group_first,rollout_idle_frac,0.171099,0.044065,3
S5,servers32,best_s2+v_group_first,gpu_gen_frac,0.403833,0.0216327,3
S5,servers32,best_s2+v_group_first,gpu_overhead_frac,0.0163892,0.00112622,3
S5,servers32,best_s2+v_group_first,gpu_train_frac,0.109374,0.00244732,3
S5,servers32,best_s2+v_group_first,trainer_wait_frac,0.769708,0.00524854,3
S5,servers32,best_s2+v_group_first,trainer_wait_mean_s,66.6936,3.6518,3
S5,servers32,best_s2+v_group_first,straggler_mean_s,15.8695,1.64923,3
S5,servers32,best_s2+v_group_first,straggler_p95_s,33.9347,29.3619,3
S5,servers32,best_s2+v_group_first,staleness_mean,1,0,3
S5,servers32,best_s2+v_group_first,staleness_max,1,0,3
S5,servers32,best_s2+v_group_first,stale_token_frac,1,0,3
S5,servers32,best_s2+v_group_first,batch_len_cv,0.10947,0.0706699,3
S5,servers32,best_s2+v_shortest_first,groups_consumed,768,0,3
S5,servers32,best_s2+v_shortest_first,groups_dropped,0,0,3
S5,servers32,best_s2+v_shortest_first,groups_unfinished,64,0,3
S5,servers32,best_s2+v_shortest_first,drops_policy,0,0,3
S5,servers32,best_s2+v_shortest_first,drops_stale,0,0,3
S5,servers32,best_s2+v_shortest_first,drops_colocated_switch,0,0,3
S5,servers32,best_s2+v_shortest_first,tokens_consumed,8.96871e+06,482961,3
S5,servers32,best_s2+v_shortest_first,tokens_dropped,0,0,3
S5,servers32,best_s2+v_shortest_first,waste_frac,0,0,3
S5,servers32,best_s2+v_shortest_first,length_bias,0,0,3
S5,servers32,best_s2+v_shortest_first,run_s,1065.66,88.6729,3
S5,servers32,best_s2+v_shortest_first,gpu_idle_frac,0.470769,0.0259114,3
S5,servers32,best_s2+v_shortest_first,verify_delay_mean_s,3.83009,0.658729,3
S5,servers32,best_s2+v_shortest_first,verify_delay_p95_s,11.4983,3.0228,3
S5,servers32,best_s2+v_shortest_first,instants,14948.3,169.511,3
S5,servers32,best_s2+v_shortest_first,policy_calls,14948.3,169.511,3
S5,servers32,best_s2+v_shortest_first,violations,0,0,3
S5,servers32,best_s2+v_shortest_first,J,1.14477,0.106394,3
S5,servers32,best_s2+v_shortest_first,window_s,780.361,38.9744,3
S5,servers32,best_s2+v_shortest_first,step_time_mean_s,86.7068,4.33049,3
S5,servers32,best_s2+v_shortest_first,step_time_p95_s,98.4083,9.63959,3
S5,servers32,best_s2+v_shortest_first,samples_per_s,5.90655,0.294619,3
S5,servers32,best_s2+v_shortest_first,completed_tokens_per_s,8321.02,555.213,3
S5,servers32,best_s2+v_shortest_first,rollout_idle_frac,0.17167,0.0461266,3
S5,servers32,best_s2+v_shortest_first,gpu_gen_frac,0.403555,0.0226572,3
S5,servers32,best_s2+v_shortest_first,gpu_overhead_frac,0.0163776,0.00112339,3
S5,servers32,best_s2+v_shortest_first,gpu_train_frac,0.109298,0.00270554,3
S5,servers32,best_s2+v_shortest_first,trainer_wait_frac,0.769869,0.00575364,3
S5,servers32,best_s2+v_shortest_first,trainer_wait_mean_s,66.7545,3.65906,3
S5,servers32,best_s2+v_shortest_first,straggler_mean_s,15.9437,1.45736,3
S5,servers32,best_s2+v_shortest_first,straggler_p95_s,34.4827,27.9059,3
S5,servers32,best_s2+v_shortest_first,staleness_mean,1,0,3
S5,servers32,best_s2+v_shortest_first,staleness_max,1,0,3
S5,servers32,best_s2+v_shortest_first,stale_token_frac,1,0,3
S5,servers32,best_s2+v_shortest_first,batch_len_cv,0.10947,0.0706699,3
S5,servers32,reference,groups_consumed,768,0,3
S5,servers32,reference,groups_dropped,0,0,3
S5,servers32,reference,groups_unfinished,64,0,3
S5,servers32,reference,drops_policy,0,0,3
S5,servers32,reference,drops_stale,0,0,3
S5,servers32,reference,drops_colocated_switch,0,0,3
S5,servers32,reference,tokens_consumed,8.74033e+06,450006,3
S5,servers32,reference,tokens_dropped,0,0,3
S5,servers32,reference,waste_frac,0,0,3
S5,servers32,reference,length_bias,0,0,3
S5,servers32,reference,run_s,1205.2,206.712,3
S5,servers32,reference,gpu_idle_frac,0.563017,0.0763971,3
S5,servers32,reference,verify_delay_mean_s,4.16448,0.892291,3
S5,servers32,reference,verify_delay_p95_s,11.162,2.0843,3
S5,servers32,reference,instants,13413.7,243.45,3
S5,servers32,reference,policy_calls,13413.7,243.45,3
S5,servers32,reference,violations,0,0,3
S5,servers32,reference,J,1.37321,0.303019,3
S5,servers32,reference,window_s,899.267,166.024,3
S5,servers32,reference,step_time_mean_s,99.9186,18.4471,3
S5,servers32,reference,step_time_p95_s,132.499,54.2704,3
S5,servers32,reference,samples_per_s,5.14236,0.911931,3
S5,servers32,reference,completed_tokens_per_s,7293.93,1700.6,3
S5,servers32,reference,rollout_idle_frac,0.324454,0.115945,3
S5,servers32,reference,gpu_gen_frac,0.334214,0.0574581,3
S5,servers32,reference,gpu_overhead_frac,0.00858042,0.001419,3
S5,servers32,reference,gpu_train_frac,0.0941882,0.0175553,3
S5,servers32,reference,trainer_wait_frac,0.80158,0.0368517,3
S5,servers32,reference,trainer_wait_mean_s,80.1648,18.5708,3
S5,servers32,reference,straggler_mean_s,26.9115,21.5935,3
S5,servers32,reference,straggler_p95_s,58.0857,55.5159,3
S5,servers32,reference,staleness_mean,0.991319,0.0149398,3
S5,servers32,reference,staleness_max,1,0,3
S5,servers32,reference,stale_token_frac,0.989515,0.0193908,3
S5,servers32,reference,batch_len_cv,0.088526,0.0363064,3
S5,servers4,best_s2+v_fifo,groups_consumed,768,0,3
S5,servers4,best_s2+v_fifo,groups_dropped,0,0,3
S5,servers4,best_s2+v_fifo,groups_unfinished,64,0,3
S5,servers4,best_s2+v_fifo,drops_policy,0,0,3
S5,servers4,best_s2+v_fifo,drops_stale,0,0,3
S5,servers4,best_s2+v_fifo,drops_colocated_switch,0,0,3
S5,servers4,best_s2+v_fifo,tokens_consumed,8.96871e+06,482961,3
S5,servers4,best_s2+v_fifo,tokens_dropped,0,0,3
S5,servers4,best_s2+v_fifo,waste_frac,0,0,3
S5,servers4,best_s2+v_fifo,length_bias,0,0,3
S5,servers4,best_s2+v_fifo,run_s,3671.91,228.73,3
S5,servers4,best_s2+v_fifo,gpu_idle_frac,0.849132,0.00595191,3
S5,servers4,best_s2+v_fifo,verify_delay_mean_s,126.898,12.102,3
S5,servers4,best_s2+v_fifo,verify_delay_p95_s,241.599,41.4483,3
S5,servers4,best_s2+v_fifo,instants,14883.7,90.9457,3
S5,servers4,best_s2+v_fifo,policy_calls,14883.7,90.9457,3
S5,servers4,best_s2+v_fifo,violations,0,0,3
S5,servers4,best_s2+v_fifo,J,1.44552,0.0517144,3
S5,servers4,best_s2+v_fifo,window_s,2743.13,133.765,3
S5,servers4,best_s2+v_fifo,step_time_mean_s,304.792,14.8628,3
S5,servers4,best_s2+v_fifo,step_time_p95_s,349.14,22.8979,3
S5,servers4,best_s2+v_fifo,samples_per_s,1.68026,0.0816001,3
S5,servers4,best_s2+v_fifo,completed_tokens_per_s,2367.09,151.036,3
S5,servers4,best_s2+v_fifo,rollout_idle_frac,0.763731,0.0105639,3
S5,servers4,best_s2+v_fifo,gpu_gen_frac,0.115062,0.00530288,3
S5,servers4,best_s2+v_fifo,gpu_overhead_frac,0.00471273,0.000271202,3
S5,servers4,best_s2+v_fifo,gpu_train_frac,0.0310923,0.000636786,3
S5,servers4,best_s2+v_fifo,trainer_wait_frac,0.934534,0.00136539,3
S5,servers4,best_s2+v_fifo,trainer_wait_mean_s,284.84,14.1436,3
S5,servers4,best_s2+v_fifo,straggler_mean_s,11.7079,3.50667,3
S5,servers4,best_s2+v_fifo,straggler_p95_s,26.6013,10.8233,3
S5,servers4,best_s2+v_fifo,staleness_mean,1,0,3
S5,servers4,best_s2+v_fifo,staleness_max,1,0,3
S5,servers4,best_s2+v_fifo,stale_token_frac,1,0,3
S5,servers4,best_s2+v_fifo,batch_len_cv,0.10947,0.0706699,3
S5,servers4,best_s2+v_group_first,groups_consumed,768,0,3
S5,servers4,best_s2+v_group_first,groups_dropped,0,0,3
S5,servers4,best_s2+v_group_first,groups_unfinished,64,0,3
S5,servers4,best_s2+v_group_first,drops_policy,0,0,3
S5,servers4,best_s2+v_group_first,drops_stale,0,0,3
S5,servers4,best_s2+v_group_first,drops_colocated_switch,0,0,3
S5,servers4,best_s2+v_group_first,tokens_consumed,8.96871e+06,482961,3
S5,servers4,best_s2+v_group_first,tokens_dropped,0,0,3
S5,servers4,best_s2+v_group_first,waste_frac,0,0,3
S5,servers4,best_s2+v_group_first,length_bias,0,0,3
S5,servers4,best_s2+v_group_first,run_s,3689.08,178.067,3
S5,servers4,best_s2+v_group_first,gpu_idle_frac,0.84999,0.00611661,3
S5,servers4,best_s2+v_group_first,verify_delay_mean_s,127.441,6.45307,3
S5,servers4,best_s2+v_group_first,verify_delay_p95_s,251.26,25.502,3
S5,servers4,best_s2+v_group_first,instants,14874,107.049,3
S5,servers4,best_s2+v_group_first,policy_calls,14874,107.049,3
S5,servers4,best_s2+v_group_first,violations,0,0,3
S5,servers4,best_s2+v_group_first,J,1.47797,0.0127094,3
S5,servers4,best_s2+v_group_first,window_s,2758.66,96.1924,3
S5,servers4,best_s2+v_group_first,step_time_mean_s,306.518,10.688,3
S5,servers4,best_s2+v_group_first,step_time_p95_s,349.893,15.6857,3
S5,servers4,best_s2+v_group_first,samples_per_s,1.67059,0.058307,3
S5,servers4,best_s2+v_group_first,completed_tokens_per_s,2353.85,181.958,3
S5,servers4,best_s2+v_group_first,rollout_idle_frac,0.765075,0.0108129,3
S5,servers4,best_s2+v_group_first,gpu_gen_frac,0.114409,0.00547789,3
S5,servers4,best_s2+v_group_first,gpu_overhead_frac,0.00468551,0.000198732,3
S5,servers4,best_s2+v_group_first,gpu_train_frac,0.0309155,0.000717439,3
S5,servers4,best_s2+v_group_first,trainer_wait_frac,0.934906,0.00144143,3
S5,servers4,best_s2+v_group_first,trainer_wait_mean_s,286.566,10.0377,3
S5,servers4,best_s2+v_group_first,straggler_mean_s,34.8711,6.90229,3
S5,servers4,best_s2+v_group_first,straggler_p95_s,58.7763,36.5256,3
S5,servers4,best_s2+v_group_first,staleness_mean,1,0,3
S5,servers4,best_s2+v_group_first,staleness_max,1,0,3
S5,servers4,best_s2+v_group_first,stale_token_frac,1,0,3
S5,servers4,best_s2+v_group_first,batch_len_cv,0.10947,0.0706699,3
S5,servers4,best_s2+v_shortest_first,groups_consumed,768,0,3
S5,servers4,best_s2+v_shortest_first,groups_dropped,0,0,3
S5,servers4,best_s2+v_shortest_first,groups_unfinished,64,0,3
S5,servers4,best_s2+v_shortest_first,drops_policy,0,0,3
S5,servers4,best_s2+v_shortest_first,drops_stale,0,0,3
S5,servers4,best_s2+v_shortest_first,drops_colocated_switch,0,0,3
S5,servers4,best_s2+v_shortest_first,tokens_consumed,8.96871e+06,482961,3
S5,servers4,best_s2+v_shortest_first,tokens_dropped,0,0,3
S5,servers4,best_s2+v_shortest_first,waste_frac,0,0,3
S5,servers4,best_s2+v_shortest_first,length_bias,0,0,3
S5,servers4,best_s2+v_shortest_first,run_s,3671.98,228.212,3
S5,servers4,best_s2+v_shortest_first,gpu_idle_frac,0.849144,0.00600372,3
S5,servers4,best_s2+v_shortest_first,verify_delay_mean_s,94.189,8.46347,3
S5,servers4,best_s2+v_shortest_first,verify_delay_p95_s,238.064,37.0057,3
S5,servers4,best_s2+v_shortest_first,instants,14924.3,149.303,3
S5,servers4,best_s2+v_shortest_first,policy_calls,14924.3,149.303,3
S5,servers4,best_s2+v_shortest_first,violations,0,0,3
S5,servers4,best_s2+v_shortest_first,J,1.44709,0.0481832,3
S5,servers4,best_s2+v_shortest_first,window_s,2743.35,134.082,3
S5,servers4,best_s2+v_shortest_first,step_time_mean_s,304.816,14.898,3
S5,servers4,best_s2+v_shortest_first,step_time_p95_s,349.333,22.1738,3
S5,servers4,best_s2+v_shortest_first,samples_per_s,1.68013,0.0817975,3
S5,servers4,best_s2+v_shortest_first,completed_tokens_per_s,2366.9,151.489,3
S5,servers4,best_s2+v_shortest_first,rollout_idle_frac,0.76375,0.0106452,3
S5,servers4,best_s2+v_shortest_first,gpu_gen_frac,0.115054,0.00534255,3
S5,servers4,best_s2+v_shortest_first,gpu_overhead_frac,0.00471236,0.000271107,3
S5,servers4,best_s2+v_shortest_first,gpu_train_frac,0.0310899,0.000647355,3
S5,servers4,best_s2+v_shortest_first,trainer_wait_frac,0.934539,0.00138706,3
S5,servers4,best_s2+v_shortest_first,trainer_wait_mean_s,284.864,14.1812,3
S5,servers4,best_s2+v_shortest_first,straggler_mean_s,13.7444,3.60559,3
S5,servers4,best_s2+v_shortest_first,straggler_p95_s,28.419,9.04396,3
S5,servers4,best_s2+v_shortest_first,staleness_mean,1,0,3
S5,servers4,best_s2+v_shortest_first,staleness_max,1,0,3
S5,servers4,best_s2+v_shortest_first,stale_token_frac,1,0,3
S5,servers4,best_s2+v_shortest_first,batch_len_cv,0.10947,0.0706699,3
S5,servers4,reference,groups_consumed,768,0,3
S5,servers4,reference,groups_dropped,0,0,3
S5,servers4,reference,groups_unfinished,64,0,3
S5,servers4,reference,drops_policy,0,0,3
S5,servers4,reference,drops_stale,0,0,3
S5,servers4,reference,drops_colocated_switch,0,0,3
S5,servers4,reference,tokens_consumed,8.74033e+06,450006,3
S5,servers4,reference,tokens_dropped,0,0,3
S5,servers4,reference,waste_frac,0,0,3
S5,servers4,reference,length_bias,0,0,3
S5,servers4,reference,run_s,3650.17,189.597,3
S5,servers4,reference,gpu_idle_frac,0.856109,0.00329433,3
S5,servers4,reference,verify_delay_mean_s,125.138,10.1645,3
S5,servers4,reference,verify_delay_p95_s,232.497,10.2882,3
S5,servers4,reference,instants,13247.7,155.081,3
S5,servers4,reference,policy_calls,13247.7,155.081,3
S5,servers4,reference,violations,0,0,3
S5,servers4,reference,J,1.44863,0.0426967,3
S5,servers4,reference,window_s,2721.96,152.553,3
S5,servers4,reference,step_time_mean_s,302.44,16.9503,3
S5,servers4,reference,step_time_p95_s,339.536,37.3192,3
S5,servers4,reference,samples_per_s,1.69347,0.0947755,3
S5,servers4,reference,completed_tokens_per_s,2398.89,130.05,3
S5,servers4,reference,rollout_idle_frac,0.777542,0.00543612,3
S5,servers4,reference,gpu_gen_frac,0.110059,0.00264527,3
S5,servers4,reference,gpu_overhead_frac,0.00282352,0.000163229,3
S5,servers4,reference,gpu_train_frac,0.0310076,0.000601213,3
S5,servers4,reference,trainer_wait_frac,0.934677,0.00137421,3
S5,servers4,reference,trainer_wait_mean_s,282.686,16.2302,3
S5,servers4,reference,straggler_mean_s,15.2914,3.52704,3
S5,servers4,reference,straggler_p95_s,35.557,25.5902,3
S5,servers4,reference,staleness_mean,0.991319,0.0149398,3
S5,servers4,reference,staleness_max,1,0,3
S5,servers4,reference,stale_token_frac,0.989515,0.0193908,3
S5,servers4,reference,batch_len_cv,0.088526,0.0363064,3
S5,servers8,best_s2+v_fifo,groups_consumed,768,0,3
S5,servers8,best_s2+v_fifo,groups_dropped,0,0,3
S5,servers8,best_s2+v_fifo,groups_unfinished,64,0,3
S5,servers8,best_s2+v_fifo,drops_policy,0,0,3
S5,servers8,best_s2+v_fifo,drops_stale,0,0,3
S5,servers8,best_s2+v_fifo,drops_colocated_switch,0,0,3
S5,servers8,best_s2+v_fifo,tokens_consumed,8.96871e+06,482961,3
S5,servers8,best_s2+v_fifo,tokens_dropped,0,0,3
S5,servers8,best_s2+v_fifo,waste_frac,0,0,3
S5,servers8,best_s2+v_fifo,length_bias,0,0,3
S5,servers8,best_s2+v_fifo,run_s,1940.67,137.227,3
S5,servers8,best_s2+v_fifo,gpu_idle_frac,0.712962,0.0130955,3
S5,servers8,best_s2+v_fifo,verify_delay_mean_s,54.657,5.18674,3
S5,servers8,best_s2+v_fifo,verify_delay_p95_s,101.271,20.8593,3
S5,servers8,best_s2+v_fifo,instants,14896,108.081,3
S5,servers8,best_s2+v_fifo,policy_calls,14896,108.081,3
S5,servers8,best_s2+v_fifo,violations,0,0,3
S5,servers8,best_s2+v_fifo,J,0.409676,0.036425,3
S5,servers8,best_s2+v_fifo,window_s,1441.85,72.9768,3
S5,servers8,best_s2+v_fifo,step_time_mean_s,160.205,8.10853,3
S5,servers8,best_s2+v_fifo,step_time_p95_s,188.515,25.0415,3
S5,servers8,best_s2+v_fifo,samples_per_s,3.19679,0.161785,3
S5,servers8,best_s2+v_fifo,completed_tokens_per_s,4503.59,305.909,3
S5,servers8,best_s2+v_fifo,rollout_idle_frac,0.550477,0.0228829,3
S5,servers8,best_s2+v_fifo,gpu_gen_frac,0.218917,0.011452,3
S5,servers8,best_s2+v_fifo,gpu_overhead_frac,0.00896609,0.000511829,3
S5,servers8,best_s2+v_fifo,gpu_train_frac,0.059155,0.00157158,3
S5,servers8,best_s2+v_fifo,trainer_wait_frac,0.875446,0.00333546,3
S5,servers8,best_s2+v_fifo,trainer_wait_mean_s,140.253,7.44146,3
S5,servers8,best_s2+v_fifo,straggler_mean_s,12.9917,1.03792,3
S5,servers8,best_s2+v_fifo,straggler_p95_s,34.278,26.2428,3
S5,servers8,best_s2+v_fifo,staleness_mean,1,0,3
S5,servers8,best_s2+v_fifo,staleness_max,1,0,3
S5,servers8,best_s2+v_fifo,stale_token_frac,1,0,3
S5,servers8,best_s2+v_fifo,batch_len_cv,0.10947,0.0706699,3
S5,servers8,best_s2+v_group_first,groups_consumed,768,0,3
S5,servers8,best_s2+v_group_first,groups_dropped,0,0,3
S5,servers8,best_s2+v_group_first,groups_unfinished,64,0,3
S5,servers8,best_s2+v_group_first,drops_policy,0,0,3
S5,servers8,best_s2+v_group_first,drops_stale,0,0,3
S5,servers8,best_s2+v_group_first,drops_colocated_switch,0,0,3
S5,servers8,best_s2+v_group_first,tokens_consumed,8.96871e+06,482961,3
S5,servers8,best_s2+v_group_first,tokens_dropped,0,0,3
S5,servers8,best_s2+v_group_first,waste_frac,0,0,3
S5,servers8,best_s2+v_group_first,length_bias,0,0,3
S5,servers8,best_s2+v_group_first,run_s,1976.97,71.6739,3
S5,servers8,best_s2+v_group_first,gpu_idle_frac,0.720042,0.0245955,3
S5,servers8,best_s2+v_group_first,verify_delay_mean_s,54.7648,2.98055,3
S5,servers8,best_s2+v_group_first,verify_delay_p95_s,112.121,9.45926,3
S5,servers8,best_s2+v_group_first,instants,14893.3,136.973,3
S5,servers8,best_s2+v_group_first,policy_calls,14893.3,136.973,3
S5,servers8,best_s2+v_group_first,violations,0,0,3
S5,servers8,best_s2+v_group_first,J,0.437485,0.074013,3
S5,servers8,best_s2+v_group_first,window_s,1478.77,74.8151,3
S5,servers8,best_s2+v_group_first,step_time_mean_s,164.307,8.31279,3
S5,servers8,best_s2+v_group_first,step_time_p95_s,195.148,28.6831,3
S5,servers8,best_s2+v_group_first,samples_per_s,3.11696,0.156327,3
S5,servers8,best_s2+v_group_first,completed_tokens_per_s,4394.03,569.061,3
S5,servers8,best_s2+v_group_first,rollout_idle_frac,0.561558,0.0404838,3
S5,servers8,best_s2+v_group_first,gpu_gen_frac,0.213524,0.0201704,3
S5,servers8,best_s2+v_group_first,gpu_overhead_frac,0.0087411,0.000264835,3
S5,servers8,best_s2+v_group_first,gpu_train_frac,0.057693,0.00427835,3
S5,servers8,best_s2+v_group_first,trainer_wait_frac,0.878526,0.00881494,3
S5,servers8,best_s2+v_group_first,trainer_wait_mean_s,144.355,8.59107,3
S5,servers8,best_s2+v_group_first,straggler_mean_s,24.8535,11.0204,3
S5,servers8,best_s2+v_group_first,straggler_p95_s,49.916,44.5783,3
S5,servers8,best_s2+v_group_first,staleness_mean,1,0,3
S5,servers8,best_s2+v_group_first,staleness_max,1,0,3
S5,servers8,best_s2+v_group_first,stale_token_frac,1,0,3
S5,servers8,best_s2+v_group_first,batch_len_cv,0.10947,0.0706699,3
S5,servers8,best_s2+v_shortest_first,groups_consumed,768,0,3
S5,servers8,best_s2+v_shortest_first,groups_dropped,0,0,3
S5,servers8,best_s2+v_shortest_first,groups_unfinished,64,0,3
S5,servers8,best_s2+v_shortest_first,drops_policy,0,0,3
S5,servers8,best_s2+v_shortest_first,drops_stale,0,0,3
S5,servers8,best_s2+v_shortest_first,drops_colocated_switch,0,0,3
S5,servers8,best_s2+v_shortest_first,tokens_consumed,8.96871e+06,482961,3
S5,servers8,best_s2+v_shortest_first,tokens_dropped,0,0,3
S5,servers8,best_s2+v_shortest_first,waste_frac,0,0,3
S5,servers8,best_s2+v_shortest_first,length_bias,0,0,3
S5,servers8,best_s2+v_shortest_first,run_s,1941.68,138.027,3
S5,servers8,best_s2+v_shortest_first,gpu_idle_frac,0.713109,0.0132221,3
S5,servers8,best_s2+v_shortest_first,verify_delay_mean_s,40.8636,3.75955,3
S5,servers8,best_s2+v_shortest_first,verify_delay_p95_s,100.292,19.1369,3
S5,servers8,best_s2+v_shortest_first,instants,14926,126.496,3
S5,servers8,best_s2+v_shortest_first,policy_calls,14926,126.496,3
S5,servers8,best_s2+v_shortest_first,violations,0,0,3
S5,servers8,best_s2+v_shortest_first,J,0.411166,0.0365552,3
S5,servers8,best_s2+v_shortest_first,window_s,1442.59,74.2589,3
S5,servers8,best_s2+v_shortest_first,step_time_mean_s,160.288,8.25099,3
S5,servers8,best_s2+v_shortest_first,step_time_p95_s,188.678,24.6296,3
S5,servers8,best_s2+v_shortest_first,samples_per_s,3.19516,0.164456,3
S5,servers8,best_s2+v_shortest_first,completed_tokens_per_s,4501.27,304.036,3
S5,servers8,best_s2+v_shortest_first,rollout_idle_frac,0.550707,0.0230743,3
S5,servers8,best_s2+v_shortest_first,gpu_gen_frac,0.218805,0.0115398,3
S5,servers8,best_s2+v_shortest_first,gpu_overhead_frac,0.00896152,0.000518683,3
S5,servers8,best_s2+v_shortest_first,gpu_train_frac,0.0591247,0.00160007,3
S5,servers8,best_s2+v_shortest_first,trainer_wait_frac,0.87551,0.00340206,3
S5,servers8,best_s2+v_shortest_first,trainer_wait_mean_s,140.336,7.58353,3
S5,servers8,best_s2+v_shortest_first,straggler_mean_s,13.4806,1.96753,3
S5,servers8,best_s2+v_shortest_first,straggler_p95_s,35.1907,25.98,3
S5,servers8,best_s2+v_shortest_first,staleness_mean,1,0,3
S5,servers8,best_s2+v_shortest_first,staleness_max,1,0,3
S5,servers8,best_s2+v_shortest_first,stale_token_frac,1,0,3
S5,servers8,best_s2+v_shortest_first,batch_len_cv,0.10947,0.0706699,3
S5,servers8,reference,groups_consumed,768,0,3
S5,servers8,reference,groups_dropped,0,0,3
S5,servers8,reference,groups_unfinished,64,0,3
S5,servers8,reference,drops_policy,0,0,3
S5,servers8,reference,drops_stale,0,0,3
S5,servers8,reference,drops_colocated_switch,0,0,3
S5,servers8,reference,tokens_consumed,8.74033e+06,450006,3
S5,servers8,reference,tokens_dropped,0,0,3
S5,servers8,reference,waste_frac,0,0,3
S5,servers8,reference,length_bias,0,0,3
S5,servers8,reference,run_s,1930.24,95.8145,3
S5,servers8,reference,gpu_idle_frac,0.726259,0.00335734,3
S5,servers8,reference,verify_delay_mean_s,53.5501,5.28061,3
S5,servers8,reference,verify_delay_p95_s,97.5077,8.31215,3
S5,servers8,reference,instants,13281.3,149.407,3
S5,servers8,reference,policy_calls,13281.3,149.407,3
S5,servers8,reference,violations,0,0,3
S5,servers8,reference,J,0.417605,0.0469789,3
S5,servers8,reference,window_s,1430.67,64.702,3
S5,servers8,reference,step_time_mean_s,158.963,7.18911,3
S5,servers8,reference,step_time_p95_s,188.123,22.2153,3
S5,servers8,reference,samples_per_s,3.22158,0.145561,3
S5,servers8,reference,completed_tokens_per_s,4563.84,253.219,3
S5,servers8,reference,rollout_idle_frac,0.576791,0.00603039,3
S5,servers8,reference,gpu_gen_frac,0.209379,0.00289962,3
S5,servers8,reference,gpu_overhead_frac,0.00537131,0.000253192,3
S5,servers8,reference,gpu_train_frac,0.0589898,0.000629894,3
S5,servers8,reference,trainer_wait_frac,0.875728,0.00146246,3
S5,servers8,reference,trainer_wait_mean_s,139.21,6.47131,3
S5,servers8,reference,straggler_mean_s,15.0933,4.14473,3
S5,servers8,reference,straggler_p95_s,35.1023,31.2791,3
S5,servers8,reference,staleness_mean,0.991319,0.0149398,3
S5,servers8,reference,staleness_max,1,0,3
S5,servers8,reference,stale_token_frac,0.989515,0.0193908,3
S5,servers8,reference,batch_len_cv,0.088526,0.0363064,3
S8,eta2/estimates_degrade,best_s2+abort(1.5),groups_consumed,768,0,3
S8,eta2/estimates_degrade,best_s2+abort(1.5),groups_dropped,245.667,58.9078,3
S8,eta2/estimates_degrade,best_s2+abort(1.5),groups_unfinished,70.3333,20.079,3
S8,eta2/estimates_degrade,best_s2+abort(1.5),drops_policy,245.667,58.9078,3
S8,eta2/estimates_degrade,best_s2+abort(1.5),drops_stale,0,0,3
S8,eta2/estimates_degrade,best_s2+abort(1.5),drops_colocated_switch,0,0,3
S8,eta2/estimates_degrade,best_s2+abort(1.5),tokens_consumed,6.15375e+06,322705,3
S8,eta2/estimates_degrade,best_s2+abort(1.5),tokens_dropped,3.56808e+06,272466,3
S8,eta2/estimates_degrade,best_s2+abort(1.5),waste_frac,0.367034,0.0298906,3
S8,eta2/estimates_degrade,best_s2+abort(1.5),length_bias,-0.261301,0.0605574,3
S8,eta2/estimates_degrade,best_s2+abort(1.5),run_s,738.284,11.4928,3
S8,eta2/estimates_degrade,best_s2+abort(1.5),gpu_idle_frac,0.37496,0.00583885,3
S8,eta2/estimates_degrade,best_s2+abort(1.5),verify_delay_mean_s,1.43241,0.401038,3
S8,eta2/estimates_degrade,best_s2+abort(1.5),verify_delay_p95_s,6.085,1.18371,3
S8,eta2/estimates_degrade,best_s2+abort(1.5),instants,17975,781.809,3
S8,eta2/estimates_degrade,best_s2+abort(1.5),policy_calls,17975,781.809,3
S8,eta2/estimates_degrade,best_s2+abort(1.5),violations,0,0,3
S8,eta2/estimates_degrade,best_s2+abort(1.5),J,1.45963,0.088885,3
S8,eta2/estimates_degrade,best_s2+abort(1.5),window_s,544.028,15.4536,3
S8,eta2/estimates_degrade,best_s2+abort(1.5),step_time_mean_s,60.4476,1.71707,3
S8,eta2/estimates_degrade,best_s2+abort(1.5),step_time_p95_s,77.6383,8.90738,3
S8,eta2/estimates_degrade,best_s2+abort(1.5),samples_per_s,8.47089,0.241211,3
S8,eta2/estimates_degrade,best_s2+abort(1.5),completed_tokens_per_s,12907.3,472.612,3
S8,eta2/estimates_degrade,best_s2+abort(1.5),rollout_idle_frac,0.000121522,7.23401e-05,3
S8,eta2/estimates_degrade,best_s2+abort(1.5),gpu_gen_frac,0.489245,0.000813208,3
S8,eta2/estimates_degrade,best_s2+abort(1.5),gpu_overhead_frac,0.0189661,0.000641565,3
S8,eta2/estimates_degrade,best_s2+abort(1.5),gpu_train_frac,0.116828,0.00573552,3
S8,eta2/estimates_degrade,best_s2+abort(1.5),trainer_wait_frac,0.749799,0.011618,3
S8,eta2/estimates_degrade,best_s2+abort(1.5),trainer_wait_mean_s,45.3243,1.6503,3
S8,eta2/estimates_degrade,best_s2+abort(1.5),straggler_mean_s,9.47881,4.81429,3
S8,eta2/estimates_degrade,best_s2+abort(1.5),straggler_p95_s,16.1713,13.5857,3
S8,eta2/estimates_degrade,best_s2+abort(1.5),staleness_mean,0.965856,0.0510897,3
S8,eta2/estimates_degrade,best_s2+abort(1.5),staleness_max,1,0,3
S8,eta2/estimates_degrade,best_s2+abort(1.5),stale_token_frac,0.986248,0.0219964,3
S8,eta2/estimates_degrade,best_s2+abort(1.5),batch_len_cv,0.152249,0.0406555,3
S8,eta2/estimates_degrade,best_s2+wait,groups_consumed,768,0,3
S8,eta2/estimates_degrade,best_s2+wait,groups_dropped,0,0,3
S8,eta2/estimates_degrade,best_s2+wait,groups_unfinished,64,0,3
S8,eta2/estimates_degrade,best_s2+wait,drops_policy,0,0,3
S8,eta2/estimates_degrade,best_s2+wait,drops_stale,0,0,3
S8,eta2/estimates_degrade,best_s2+wait,drops_colocated_switch,0,0,3
S8,eta2/estimates_degrade,best_s2+wait,tokens_consumed,8.29485e+06,378269,3
S8,eta2/estimates_degrade,best_s2+wait,tokens_dropped,0,0,3
S8,eta2/estimates_degrade,best_s2+wait,waste_frac,0,0,3
S8,eta2/estimates_degrade,best_s2+wait,length_bias,0,0,3
S8,eta2/estimates_degrade,best_s2+wait,run_s,1020.08,31.092,3
S8,eta2/estimates_degrade,best_s2+wait,gpu_idle_frac,0.478558,0.0360157,3
S8,eta2/estimates_degrade,best_s2+wait,verify_delay_mean_s,1.46169,0.341023,3
S8,eta2/estimates_degrade,best_s2+wait,verify_delay_p95_s,6.173,0.975975,3
S8,eta2/estimates_degrade,best_s2+wait,instants,14925.3,204.687,3
S8,eta2/estimates_degrade,best_s2+wait,policy_calls,14925.3,204.687,3
S8,eta2/estimates_degrade,best_s2+wait,violations,0,0,3
S8,eta2/estimates_degrade,best_s2+wait,J,1.14881,0.0204232,3
S8,eta2/estimates_degrade,best_s2+wait,window_s,747.695,4.72625,3
S8,eta2/estimates_degrade,best_s2+wait,step_time_mean_s,83.0772,0.525139,3
S8,eta2/estimates_degrade,best_s2+wait,step_time_p95_s,94.0983,6.99836,3
S8,eta2/estimates_degrade,best_s2+wait,samples_per_s,6.16297,0.0390087,3
S8,eta2/estimates_degrade,best_s2+wait,completed_tokens_per_s,8001.14,726.551,3
S8,eta2/estimates_degrade,best_s2+wait,rollout_idle_frac,0.174563,0.0619285,3
S8,eta2/estimates_degrade,best_s2+wait,gpu_gen_frac,0.402702,0.031199,3
S8,eta2/estimates_degrade,best_s2+wait,gpu_overhead_frac,0.0160356,0.000420215,3
S8,eta2/estimates_degrade,best_s2+wait,gpu_train_frac,0.102705,0.00508185,3
S8,eta2/estimates_degrade,best_s2+wait,trainer_wait_frac,0.782553,0.0101045,3
S8,eta2/estimates_degrade,best_s2+wait,trainer_wait_mean_s,65.0119,0.581805,3
S8,eta2/estimates_degrade,best_s2+wait,straggler_mean_s,18.3497,6.77614,3
S8,eta2/estimates_degrade,best_s2+wait,straggler_p95_s,32.1213,11.364,3
S8,eta2/estimates_degrade,best_s2+wait,staleness_mean,1,0,3
S8,eta2/estimates_degrade,best_s2+wait,staleness_max,1,0,3
S8,eta2/estimates_degrade,best_s2+wait,stale_token_frac,1,0,3
S8,eta2/estimates_degrade,best_s2+wait,batch_len_cv,0.115907,0.0534357,3
S8,eta2/estimates_degrade,online_adaptive+abort(1.5),groups_consumed,768,0,3
S8,eta2/estimates_degrade,online_adaptive+abort(1.5),groups_dropped,234.667,44.5993,3
S8,eta2/estimates_degrade,online_adaptive+abort(1.5),groups_unfinished,69.6667,17.448,3
S8,eta2/estimates_degrade,online_adaptive+abort(1.5),drops_policy,234.667,44.5993,3
S8,eta2/estimates_degrade,online_adaptive+abort(1.5),drops_stale,0,0,3
S8,eta2/estimates_degrade,online_adaptive+abort(1.5),drops_colocated_switch,0,0,3
S8,eta2/estimates_degrade,online_adaptive+abort(1.5),tokens_consumed,6.21121e+06,185701,3
S8,eta2/estimates_degrade,online_adaptive+abort(1.5),tokens_dropped,3.47198e+06,185528,3
S8,eta2/estimates_degrade,online_adaptive+abort(1.5),waste_frac,0.358553,0.0171017,3
S8,eta2/estimates_degrade,online_adaptive+abort(1.5),length_bias,-0.255288,0.0145589,3
S8,eta2/estimates_degrade,online_adaptive+abort(1.5),run_s,741.284,41.819,3
S8,eta2/estimates_degrade,online_adaptive+abort(1.5),gpu_idle_frac,0.374391,0.0135033,3
S8,eta2/estimates_degrade,online_adaptive+abort(1.5),verify_delay_mean_s,1.50804,0.326712,3
S8,eta2/estimates_degrade,online_adaptive+abort(1.5),verify_delay_p95_s,6.15833,0.856449,3
S8,eta2/estimates_degrade,online_adaptive+abort(1.5),instants,17849.3,529.356,3
S8,eta2/estimates_degrade,online_adaptive+abort(1.5),policy_calls,17849.3,529.356,3
S8,eta2/estimates_degrade,online_adaptive+abort(1.5),violations,0,0,3
S8,eta2/estimates_degrade,online_adaptive+abort(1.5),J,1.44823,0.0694043,3
S8,eta2/estimates_degrade,online_adaptive+abort(1.5),window_s,545.812,55.5471,3
S8,eta2/estimates_degrade,online_adaptive+abort(1.5),step_time_mean_s,60.6458,6.1719,3
S8,eta2/estimates_degrade,online_adaptive+abort(1.5),step_time_p95_s,79.9817,3.42253,3
S8,eta2/estimates_degrade,online_adaptive+abort(1.5),samples_per_s,8.45215,0.880921,3
S8,eta2/estimates_degrade,online_adaptive+abort(1.5),completed_tokens_per_s,12774.7,773.917,3
S8,eta2/estimates_degrade,online_adaptive+abort(1.5),rollout_idle_frac,0.00040753,0.00126854,3
S8,eta2/estimates_degrade,online_adaptive+abort(1.5),gpu_gen_frac,0.489158,0.00147182,3
S8,eta2/estimates_degrade,online_adaptive+abort(1.5),gpu_overhead_frac,0.0188921,0.00169444,3
S8,eta2/estimates_degrade,online_adaptive+abort(1.5),gpu_train_frac,0.117559,0.0132864,3
S8,eta2/estimates_degrade,online_adaptive+abort(1.5),trainer_wait_frac,0.748375,0.0282708,3
S8,eta2/estimates_degrade,online_adaptive+abort(1.5),trainer_wait_mean_s,45.4044,6.27716,3
S8,eta2/estimates_degrade,online_adaptive+abort(1.5),straggler_mean_s,8.80344,1.2219,3
S8,eta2/estimates_degrade,online_adaptive+abort(1.5),straggler_p95_s,16.732,9.68318,3
S8,eta2/estimates_degrade,online_adaptive+abort(1.5),staleness_mean,0.980903,0.00431274,3
S8,eta2/estimates_degrade,online_adaptive+abort(1.5),staleness_max,1,0,3
S8,eta2/estimates_degrade,online_adaptive+abort(1.5),stale_token_frac,0.992416,0.0021708,3
S8,eta2/estimates_degrade,online_adaptive+abort(1.5),batch_len_cv,0.168602,0.0578034,3
S8,eta2/estimates_degrade,online_adaptive+wait,groups_consumed,768,0,3
S8,eta2/estimates_degrade,online_adaptive+wait,groups_dropped,0,0,3
S8,eta2/estimates_degrade,online_adaptive+wait,groups_unfinished,64,0,3
S8,eta2/estimates_degrade,online_adaptive+wait,drops_policy,0,0,3
S8,eta2/estimates_degrade,online_adaptive+wait,drops_stale,0,0,3
S8,eta2/estimates_degrade,online_adaptive+wait,drops_colocated_switch,0,0,3
S8,eta2/estimates_degrade,online_adaptive+wait,tokens_consumed,8.29485e+06,378269,3
S8,eta2/estimates_degrade,online_adaptive+wait,tokens_dropped,0,0,3
S8,eta2/estimates_degrade,online_adaptive+wait,waste_frac,0,0,3
S8,eta2/estimates_degrade,online_adaptive+wait,length_bias,0,0,3
S8,eta2/estimates_degrade,online_adaptive+wait,run_s,1020.92,29.1752,3
S8,eta2/estimates_degrade,online_adaptive+wait,gpu_idle_frac,0.478131,0.0367417,3
S8,eta2/estimates_degrade,online_adaptive+wait,verify_delay_mean_s,1.46183,0.341007,3
S8,eta2/estimates_degrade,online_adaptive+wait,verify_delay_p95_s,6.17067,0.973523,3
S8,eta2/estimates_degrade,online_adaptive+wait,instants,14933,199.459,3
S8,eta2/estimates_degrade,online_adaptive+wait,policy_calls,14933,199.459,3
S8,eta2/estimates_degrade,online_adaptive+wait,violations,0,0,3
S8,eta2/estimates_degrade,online_adaptive+wait,J,1.14801,0.0154038,3
S8,eta2/estimates_degrade,online_adaptive+wait,window_s,747.744,3.4154,3
S8,eta2/estimates_degrade,online_adaptive+wait,step_time_mean_s,83.0827,0.379489,3
S8,eta2/estimates_degrade,online_adaptive+wait,step_time_p95_s,93.9637,5.5229,3
S8,eta2/estimates_degrade,online_adaptive+wait,samples_per_s,6.16255,0.0281686,3
S8,eta2/estimates_degrade,online_adaptive+wait,completed_tokens_per_s,8000.73,738.654,3
S8,eta2/estimates_degrade,online_adaptive+wait,rollout_idle_frac,0.173697,0.063041,3
S8,eta2/estimates_degrade,online_adaptive+wait,gpu_gen_frac,0.403124,0.0318028,3
S8,eta2/estimates_degrade,online_adaptive+wait,gpu_overhead_frac,0.016046,0.000472644,3
S8,eta2/estimates_degrade,online_adaptive+wait,gpu_train_frac,0.102699,0.00526185,3
S8,eta2/estimates_degrade,online_adaptive+wait,trainer_wait_frac,0.782565,0.0104852,3
S8,eta2/estimates_degrade,online_adaptive+wait,trainer_wait_mean_s,65.0173,0.696405,3
S8,eta2/estimates_degrade,online_adaptive+wait,straggler_mean_s,18.2571,7.01306,3
S8,eta2/estimates_degrade,online_adaptive+wait,straggler_p95_s,31.8643,10.8396,3
S8,eta2/estimates_degrade,online_adaptive+wait,staleness_mean,1,0,3
S8,eta2/estimates_degrade,online_adaptive+wait,staleness_max,1,0,3
S8,eta2/estimates_degrade,online_adaptive+wait,stale_token_frac,1,0,3
S8,eta2/estimates_degrade,online_adaptive+wait,batch_len_cv,0.115907,0.0534357,3
S8,eta2/estimates_degrade,online_eb+abort_pred(1.5),groups_consumed,768,0,3
S8,eta2/estimates_degrade,online_eb+abort_pred(1.5),groups_dropped,2.33333,5.73687,3
S8,eta2/estimates_degrade,online_eb+abort_pred(1.5),groups_unfinished,40,17.389,3
S8,eta2/estimates_degrade,online_eb+abort_pred(1.5),drops_policy,1.33333,3.79458,3
S8,eta2/estimates_degrade,online_eb+abort_pred(1.5),drops_stale,1,2.48414,3
S8,eta2/estimates_degrade,online_eb+abort_pred(1.5),drops_colocated_switch,0,0,3
S8,eta2/estimates_degrade,online_eb+abort_pred(1.5),tokens_consumed,7.91497e+06,620768,3
S8,eta2/estimates_degrade,online_eb+abort_pred(1.5),tokens_dropped,64000.7,177727,3
S8,eta2/estimates_degrade,online_eb+abort_pred(1.5),waste_frac,0.00806693,0.0227153,3
S8,eta2/estimates_degrade,online_eb+abort_pred(1.5),length_bias,-0.00850873,0.0221478,3
S8,eta2/estimates_degrade,online_eb+abort_pred(1.5),run_s,620.767,21.9495,3
S8,eta2/estimates_degrade,online_eb+abort_pred(1.5),gpu_idle_frac,0.317091,0.00462119,3
S8,eta2/estimates_degrade,online_eb+abort_pred(1.5),verify_delay_mean_s,1.37192,0.240676,3
S8,eta2/estimates_degrade,online_eb+abort_pred(1.5),verify_delay_p95_s,6.01167,0.816077,3
S8,eta2/estimates_degrade,online_eb+abort_pred(1.5),instants,14910,90.9004,3
S8,eta2/estimates_degrade,online_eb+abort_pred(1.5),policy_calls,14910,90.9004,3
S8,eta2/estimates_degrade,online_eb+abort_pred(1.5),violations,0,0,3
S8,eta2/estimates_degrade,online_eb+abort_pred(1.5),J,0.682598,0.0509018,3
S8,eta2/estimates_degrade,online_eb+abort_pred(1.5),window_s,440.631,17.9882,3
S8,eta2/estimates_degrade,online_eb+abort_pred(1.5),step_time_mean_s,48.959,1.99869,3
S8,eta2/estimates_degrade,online_eb+abort_pred(1.5),step_time_p95_s,67.416,3.4884,3
S8,eta2/estimates_degrade,online_eb+abort_pred(1.5),samples_per_s,10.4596,0.426886,3
S8,eta2/estimates_degrade,online_eb+abort_pred(1.5),completed_tokens_per_s,13573.5,976.31,3
S8,eta2/estimates_degrade,online_eb+abort_pred(1.5),rollout_idle_frac,0.00123697,0.00241984,3
S8,eta2/estimates_degrade,online_eb+abort_pred(1.5),gpu_gen_frac,0.490957,0.00108216,3
S8,eta2/estimates_degrade,online_eb+abort_pred(1.5),gpu_overhead_frac,0.0186394,0.000691542,3
S8,eta2/estimates_degrade,online_eb+abort_pred(1.5),gpu_train_frac,0.173313,0.00351599,3
S8,eta2/estimates_degrade,online_eb+abort_pred(1.5),trainer_wait_frac,0.632945,0.00748416,3
S8,eta2/estimates_degrade,online_eb+abort_pred(1.5),trainer_wait_mean_s,30.9893,1.50243,3
S8,eta2/estimates_degrade,online_eb+abort_pred(1.5),straggler_mean_s,4.43852,1.281,3
S8,eta2/estimates_degrade,online_eb+abort_pred(1.5),straggler_p95_s,7.49867,1.5165,3
S8,eta2/estimates_degrade,online_eb+abort_pred(1.5),staleness_mean,0.957176,0.0714319,3
S8,eta2/estimates_degrade,online_eb+abort_pred(1.5),staleness_max,2,0,3
S8,eta2/estimates_degrade,online_eb+abort_pred(1.5),stale_token_frac,0.885313,0.0141113,3
S8,eta2/estimates_degrade,online_eb+abort_pred(1.5),batch_len_cv,0.234123,0.0854861,3
S8,eta2/estimates_degrade,online_eb+wait,groups_consumed,768,0,3
S8,eta2/estimates_degrade,online_eb+wait,groups_dropped,0,0,3
S8,eta2/estimates_degrade,online_eb+wait,groups_unfinished,64,0,3
S8,eta2/estimates_degrade,online_eb+wait,drops_policy,0,0,3
S8,eta2/estimates_degrade,online_eb+wait,drops_stale,0,0,3
S8,eta2/estimates_degrade,online_eb+wait,drops_colocated_switch,0,0,3
S8,eta2/estimates_degrade,online_eb+wait,tokens_consumed,8.29485e+06,378269,3
S8,eta2/estimates_degrade,online_eb+wait,tokens_dropped,0,0,3
S8,eta2/estimates_degrade,online_eb+wait,waste_frac,0,0,3
S8,eta2/estimates_degrade,online_eb+wait,length_bias,0,0,3
S8,eta2/estimates_degrade,online_eb+wait,run_s,1018.46,38.1152,3
S8,eta2/estimates_degrade,online_eb+wait,gpu_idle_frac,0.475928,0.0308253,3
S8,eta2/estimates_degrade,online_eb+wait,verify_delay_mean_s,1.46212,0.341447,3
S8,eta2/estimates_degrade,online_eb+wait,verify_delay_p95_s,6.173,0.975975,3
S8,eta2/estimates_degrade,online_eb+wait,instants,14919,149.627,3
S8,eta2/estimates_degrade,online_eb+wait,policy_calls,14919,149.627,3
S8,eta2/estimates_degrade,online_eb+wait,violations,0,0,3
S8,eta2/estimates_degrade,online_eb+wait,J,1.14422,0.0343291,3
S8,eta2/estimates_degrade,online_eb+wait,window_s,745.583,10.2042,3
S8,eta2/estimates_degrade,online_eb+wait,step_time_mean_s,82.8426,1.1338,3
S8,eta2/estimates_degrade,online_eb+wait,step_time_p95_s,93.72,5.96728,3
S8,eta2/estimates_degrade,online_eb+wait,samples_per_s,6.18052,0.0846461,3
S8,eta2/estimates_degrade,online_eb+wait,completed_tokens_per_s,8023.19,653.937,3
S8,eta2/estimates_degrade,online_eb+wait,rollout_idle_frac,0.169912,0.0534378,3
S8,eta2/estimates_degrade,online_eb+wait,gpu_gen_frac,0.405032,0.0269475,3
S8,eta2/estimates_degrade,online_eb+wait,gpu_overhead_frac,0.0160479,0.000614756,3
S8,eta2/estimates_degrade,online_eb+wait,gpu_train_frac,0.102993,0.00420587,3
S8,eta2/estimates_degrade,online_eb+wait,trainer_wait_frac,0.781943,0.00824643,3
S8,eta2/estimates_degrade,online_eb+wait,trainer_wait_mean_s,64.7772,0.204091,3
S8,eta2/estimates_degrade,online_eb+wait,straggler_mean_s,18.2146,6.13339,3
S8,eta2/estimates_degrade,online_eb+wait,straggler_p95_s,31.7467,15.3736,3
S8,eta2/estimates_degrade,online_eb+wait,staleness_mean,1,0,3
S8,eta2/estimates_degrade,online_eb+wait,staleness_max,1,0,3
S8,eta2/estimates_degrade,online_eb+wait,stale_token_frac,1,0,3
S8,eta2/estimates_degrade,online_eb+wait,batch_len_cv,0.115907,0.0534357,3
S8,eta2/estimates_degrade,reference,groups_consumed,768,0,3
S8,eta2/estimates_degrade,reference,groups_dropped,0,0,3
S8,eta2/estimates_degrade,reference,groups_unfinished,64,0,3
S8,eta2/estimates_degrade,reference,drops_policy,0,0,3
S8,eta2/estimates_degrade,reference,drops_stale,0,0,3
S8,eta2/estimates_degrade,reference,drops_colocated_switch,0,0,3
S8,eta2/estimates_degrade,reference,tokens_consumed,8.15665e+06,440324,3
S8,eta2/estimates_degrade,reference,tokens_dropped,0,0,3
S8,eta2/estimates_degrade,reference,waste_frac,0,0,3
S8,eta2/estimates_degrade,reference,length_bias,0,0,3
S8,eta2/estimates_degrade,reference,run_s,1149,92.9395,3
S8,eta2/estimates_degrade,reference,gpu_idle_frac,0.572316,0.0666116,3
S8,eta2/estimates_degrade,reference,verify_delay_mean_s,1.4279,0.360865,3
S8,eta2/estimates_degrade,reference,verify_delay_p95_s,6.14433,0.878607,3
S8,eta2/estimates_degrade,reference,instants,13409,244.659,3
S8,eta2/estimates_degrade,reference,policy_calls,13409,244.659,3
S8,eta2/estimates_degrade,reference,violations,0,0,3
S8,eta2/estimates_degrade,reference,J,1.38327,0.216365,3
S8,eta2/estimates_degrade,reference,window_s,867.516,110.784,3
S8,eta2/estimates_degrade,reference,step_time_mean_s,96.3907,12.3093,3
S8,eta2/estimates_degrade,reference,step_time_p95_s,139.132,19.3849,3
S8,eta2/estimates_degrade,reference,samples_per_s,5.32113,0.682599,3
S8,eta2/estimates_degrade,reference,completed_tokens_per_s,7041.6,1505.02,3
S8,eta2/estimates_degrade,reference,rollout_idle_frac,0.332228,0.101493,3
S8,eta2/estimates_degrade,reference,gpu_gen_frac,0.330341,0.0503673,3
S8,eta2/estimates_degrade,reference,gpu_overhead_frac,0.00874202,0.00104581,3
S8,eta2/estimates_degrade,reference,gpu_train_frac,0.0886012,0.0152335,3
S8,eta2/estimates_degrade,reference,trainer_wait_frac,0.812405,0.0318001,3
S8,eta2/estimates_degrade,reference,trainer_wait_mean_s,78.3506,13.0537,3
S8,eta2/estimates_degrade,reference,straggler_mean_s,26.0533,13.5286,3
S8,eta2/estimates_degrade,reference,straggler_p95_s,54.0277,43.9311,3
S8,eta2/estimates_degrade,reference,staleness_mean,0.993056,0.0155498,3
S8,eta2/estimates_degrade,reference,staleness_max,1,0,3
S8,eta2/estimates_degrade,reference,stale_token_frac,0.990361,0.0177891,3
S8,eta2/estimates_degrade,reference,batch_len_cv,0.0848408,0.0335132,3
S8,eta2/none,best_s2+abort(1.5),groups_consumed,768,0,3
S8,eta2/none,best_s2+abort(1.5),groups_dropped,258.667,47.7403,3
S8,eta2/none,best_s2+abort(1.5),groups_unfinished,71.6667,14.9737,3
S8,eta2/none,best_s2+abort(1.5),drops_policy,258.667,47.7403,3
S8,eta2/none,best_s2+abort(1.5),drops_stale,0,0,3
S8,eta2/none,best_s2+abort(1.5),drops_colocated_switch,0,0,3
S8,eta2/none,best_s2+abort(1.5),tokens_consumed,6.21148e+06,289866,3
S8,eta2/none,best_s2+abort(1.5),tokens_dropped,3.54637e+06,293194,3
S8,eta2/none,best_s2+abort(1.5),waste_frac,0.363425,0.0265201,3
S8,eta2/none,best_s2+abort(1.5),length_bias,-0.25702,0.0117905,3
S8,eta2/none,best_s2+abort(1.5),run_s,746.747,38.5821,3
S8,eta2/none,best_s2+abort(1.5),gpu_idle_frac,0.376379,0.010618,3
S8,eta2/none,best_s2+abort(1.5),verify_delay_mean_s,1.41765,0.396193,3
S8,eta2/none,best_s2+abort(1.5),verify_delay_p95_s,6.05233,1.13246,3
S8,eta2/none,best_s2+abort(1.5),instants,18047.7,836.153,3
S8,eta2/none,best_s2+abort(1.5),policy_calls,18047.7,836.153,3
S8,eta2/none,best_s2+abort(1.5),violations,0,0,3
S8,eta2/none,best_s2+abort(1.5),J,1.46523,0.0343361,3
S8,eta2/none,best_s2+abort(1.5),window_s,552.209,41.9667,3
S8,eta2/none,best_s2+abort(1.5),step_time_mean_s,61.3566,4.66297,3
S8,eta2/none,best_s2+abort(1.5),step_time_p95_s,75.9973,14.9529,3
S8,eta2/none,best_s2+abort(1.5),samples_per_s,8.34989,0.636667,3
S8,eta2/none,best_s2+abort(1.5),completed_tokens_per_s,12812,681.94,3
S8,eta2/none,best_s2+abort(1.5),rollout_idle_frac,3.83528e-05,5.005e-05,3
S8,eta2/none,best_s2+abort(1.5),gpu_gen_frac,0.489441,0.000644432,3
S8,eta2/none,best_s2+abort(1.5),gpu_overhead_frac,0.0186939,0.00119529,3
S8,eta2/none,best_s2+abort(1.5),gpu_train_frac,0.115486,0.0100591,3
S8,eta2/none,best_s2+abort(1.5),trainer_wait_frac,0.752719,0.0212857,3
S8,eta2/none,best_s2+abort(1.5),trainer_wait_mean_s,46.1943,4.74159,3
S8,eta2/none,best_s2+abort(1.5),straggler_mean_s,9.88837,1.78785,3
S8,eta2/none,best_s2+abort(1.5),straggler_p95_s,17.658,1.75517,3
S8,eta2/none,best_s2+abort(1.5),staleness_mean,0.97338,0.00658782,3
S8,eta2/none,best_s2+abort(1.5),staleness_max,1,0,3
S8,eta2/none,best_s2+abort(1.5),stale_token_frac,0.990416,0.00369862,3
S8,eta2/none,best_s2+abort(1.5),batch_len_cv,0.129351,0.126925,3
S8,eta2/none,best_s2+wait,groups_consumed,768,0,3
S8,eta2/none,best_s2+wait,groups_dropped,0,0,3
S8,eta2/none,best_s2+wait,groups_unfinished,64,0,3
S8,eta2/none,best_s2+wait,drops_policy,0,0,3
S8,eta2/none,best_s2+wait,drops_stale,0,0,3
S8,eta2/none,best_s2+wait,drops_colocated_switch,0,0,3
S8,eta2/none,best_s2+wait,tokens_consumed,8.36626e+06,444176,3
S8,eta2/none,best_s2+wait,tokens_dropped,0,0,3
S8,eta2/none,best_s2+wait,waste_frac,0,0,3
S8,eta2/none,best_s2+wait,length_bias,0,0,3
S8,eta2/none,best_s2+wait,run_s,1020.27,41.2404,3
S8,eta2/none,best_s2+wait,gpu_idle_frac,0.475881,0.0342936,3
S8,eta2/none,best_s2+wait,verify_delay_mean_s,1.4791,0.394498,3
S8,eta2/none,best_s2+wait,verify_delay_p95_s,6.223,0.99845,3
S8,eta2/none,best_s2+wait,instants,14938.3,99.8714,3
S8,eta2/none,best_s2+wait,policy_calls,14938.3,99.8714,3
S8,eta2/none,best_s2+wait,violations,0,0,3
S8,eta2/none,best_s2+wait,J,1.14547,0.0266688,3
S8,eta2/none,best_s2+wait,window_s,747.919,14.5281,3
S8,eta2/none,best_s2+wait,step_time_mean_s,83.1021,1.61424,3
S8,eta2/none,best_s2+wait,step_time_p95_s,93.9463,6.80827,3
S8,eta2/none,best_s2+wait,samples_per_s,6.16134,0.12009,3
S8,eta2/none,best_s2+wait,completed_tokens_per_s,8093.26,711.123,3
S8,eta2/none,best_s2+wait,rollout_idle_frac,0.170929,0.0616289,3
S8,eta2/none,best_s2+wait,gpu_gen_frac,0.404593,0.0306719,3
S8,eta2/none,best_s2+wait,gpu_overhead_frac,0.0159594,0.000509548,3
S8,eta2/none,best_s2+wait,gpu_train_frac,0.103567,0.00373308,3
S8,eta2/none,best_s2+wait,trainer_wait_frac,0.780833,0.00724274,3
S8,eta2/none,best_s2+wait,trainer_wait_mean_s,64.8877,0.713706,3
S8,eta2/none,best_s2+wait,straggler_mean_s,17.8173,6.28884,3
S8,eta2/none,best_s2+wait,straggler_p95_s,31.2187,10.8863,3
S8,eta2/none,best_s2+wait,staleness_mean,1,0,3
S8,eta2/none,best_s2+wait,staleness_max,1,0,3
S8,eta2/none,best_s2+wait,stale_token_frac,1,0,3
S8,eta2/none,best_s2+wait,batch_len_cv,0.112891,0.0777733,3
S8,eta2/none,online_adaptive+abort(1.5),groups_consumed,768,0,3
S8,eta2/none,online_adaptive+abort(1.5),groups_dropped,260,69.6888,3
S8,eta2/none,online_adaptive+abort(1.5),groups_unfinished,75.6667,10.3423,3
S8,eta2/none,online_adaptive+abort(1.5),drops_policy,260,69.6888,3
S8,eta2/none,online_adaptive+abort(1.5),drops_stale,0,0,3
S8,eta2/none,online_adaptive+abort(1.5),drops_colocated_switch,0,0,3
S8,eta2/none,online_adaptive+abort(1.5),tokens_consumed,6.23943e+06,436261,3
S8,eta2/none,online_adaptive+abort(1.5),tokens_dropped,3.47099e+06,309629,3
S8,eta2/none,online_adaptive+abort(1.5),waste_frac,0.357493,0.0347248,3
S8,eta2/none,online_adaptive+abort(1.5),length_bias,-0.2568,0.032416,3
S8,eta2/none,online_adaptive+abort(1.5),run_s,735.677,46.2407,3
S8,eta2/none,online_adaptive+abort(1.5),gpu_idle_frac,0.37299,0.0120273,3
S8,eta2/none,online_adaptive+abort(1.5),verify_delay_mean_s,1.44417,0.326096,3
S8,eta2/none,online_adaptive+abort(1.5),verify_delay_p95_s,6.05,0.574626,3
S8,eta2/none,online_adaptive+abort(1.5),instants,18084.3,378.913,3
S8,eta2/none,online_adaptive+abort(1.5),policy_calls,18084.3,378.913,3
S8,eta2/none,online_adaptive+abort(1.5),violations,0,0,3
S8,eta2/none,online_adaptive+abort(1.5),J,1.4387,0.0811242,3
S8,eta2/none,online_adaptive+abort(1.5),window_s,539.249,59.4741,3
S8,eta2/none,online_adaptive+abort(1.5),step_time_mean_s,59.9166,6.60823,3
S8,eta2/none,online_adaptive+abort(1.5),step_time_p95_s,80.8553,11.272,3
S8,eta2/none,online_adaptive+abort(1.5),samples_per_s,8.55619,0.92109,3
S8,eta2/none,online_adaptive+abort(1.5),completed_tokens_per_s,12985.9,481.14,3
S8,eta2/none,online_adaptive+abort(1.5),rollout_idle_frac,0.000259567,0.000668954,3
S8,eta2/none,online_adaptive+abort(1.5),gpu_gen_frac,0.488897,0.000908133,3
S8,eta2/none,online_adaptive+abort(1.5),gpu_overhead_frac,0.0193294,0.00192265,3
S8,eta2/none,online_adaptive+abort(1.5),gpu_train_frac,0.118784,0.0111164,3
S8,eta2/none,online_adaptive+abort(1.5),trainer_wait_frac,0.745721,0.0236263,3
S8,eta2/none,online_adaptive+abort(1.5),trainer_wait_mean_s,44.6943,6.11945,3
S8,eta2/none,online_adaptive+abort(1.5),straggler_mean_s,9.6053,3.04345,3
S8,eta2/none,online_adaptive+abort(1.5),straggler_p95_s,15.93,5.35136,3
S8,eta2/none,online_adaptive+abort(1.5),staleness_mean,0.981481,0.0174297,3
S8,eta2/none,online_adaptive+abort(1.5),staleness_max,1,0,3
S8,eta2/none,online_adaptive+abort(1.5),stale_token_frac,0.993627,0.00715866,3
S8,eta2/none,online_adaptive+abort(1.5),batch_len_cv,0.14445,0.164089,3
S8,eta2/none,online_adaptive+wait,groups_consumed,768,0,3
S8,eta2/none,online_adaptive+wait,groups_dropped,0,0,3
S8,eta2/none,online_adaptive+wait,groups_unfinished,64,0,3
S8,eta2/none,online_adaptive+wait,drops_policy,0,0,3
S8,eta2/none,online_adaptive+wait,drops_stale,0,0,3
S8,eta2/none,online_adaptive+wait,drops_colocated_switch,0,0,3
S8,eta2/none,online_adaptive+wait,tokens_consumed,8.36626e+06,444176,3
S8,eta2/none,online_adaptive+wait,tokens_dropped,0,0,3
S8,eta2/none,online_adaptive+wait,waste_frac,0,0,3
S8,eta2/none,online_adaptive+wait,length_bias,0,0,3
S8,eta2/none,online_adaptive+wait,run_s,1020.47,30.4051,3
S8,eta2/none,online_adaptive+wait,gpu_idle_frac,0.474481,0.0350181,3
S8,eta2/none,online_adaptive+wait,verify_delay_mean_s,1.47926,0.394682,3
S8,eta2/none,online_adaptive+wait,verify_delay_p95_s,6.218,0.986071,3
S8,eta2/none,online_adaptive+wait,instants,14955.7,101.161,3
S8,eta2/none,online_adaptive+wait,policy_calls,14955.7,101.161,3
S8,eta2/none,online_adaptive+wait,violations,0,0,3
S8,eta2/none,online_adaptive+wait,J,1.14417,0.017632,3
S8,eta2/none,online_adaptive+wait,window_s,747.322,5.81874,3
S8,eta2/none,online_adaptive+wait,step_time_mean_s,83.0358,0.646526,3
S8,eta2/none,online_adaptive+wait,step_time_p95_s,94.184,5.6408,3
S8,eta2/none,online_adaptive+wait,samples_per_s,6.16605,0.0480614,3
S8,eta2/none,online_adaptive+wait,completed_tokens_per_s,8100.66,818.681,3
S8,eta2/none,online_adaptive+wait,rollout_idle_frac,0.168313,0.0599547,3
S8,eta2/none,online_adaptive+wait,gpu_gen_frac,0.405843,0.0300946,3
S8,eta2/none,online_adaptive+wait,gpu_overhead_frac,0.0160224,0.00043367,3
S8,eta2/none,online_adaptive+wait,gpu_train_frac,0.103654,0.00513177,3
S8,eta2/none,online_adaptive+wait,trainer_wait_frac,0.780649,0.0102024,3
S8,eta2/none,online_adaptive+wait,trainer_wait_mean_s,64.8213,0.646805,3
S8,eta2/none,online_adaptive+wait,straggler_mean_s,17.6299,7.0168,3
S8,eta2/none,online_adaptive+wait,straggler_p95_s,31.242,8.33707,3
S8,eta2/none,online_adaptive+wait,staleness_mean,1,0,3
S8,eta2/none,online_adaptive+wait,staleness_max,1,0,3
S8,eta2/none,online_adaptive+wait,stale_token_frac,1,0,3
S8,eta2/none,online_adaptive+wait,batch_len_cv,0.112891,0.0777733,3
S8,eta2/none,online_eb+abort_pred(1.5),groups_consumed,768,0,3
S8,eta2/none,online_eb+abort_pred(1.5),groups_dropped,1.66667,3.79458,3
S8,eta2/none,online_eb+abort_pred(1.5),groups_unfinished,37.6667,12.254,3
S8,eta2/none,online_eb+abort_pred(1.5),drops_policy,0.333333,1.43422,3
S8,eta2/none,online_eb+abort_pred(1.5),drops_stale,1.33333,2.86844,3
S8,eta2/none,online_eb+abort_pred(1.5),drops_colocated_switch,0,0,3
S8,eta2/none,online_eb+abort_pred(1.5),tokens_consumed,7.97989e+06,420193,3
S8,eta2/none,online_eb+abort_pred(1.5),tokens_dropped,52243.7,114856,3
S8,eta2/none,online_eb+abort_pred(1.5),waste_frac,0.00645926,0.0142881,3
S8,eta2/none,online_eb+abort_pred(1.5),length_bias,-0.00585865,0.0126315,3
S8,eta2/none,online_eb+abort_pred(1.5),run_s,624.285,21.276,3
S8,eta2/none,online_eb+abort_pred(1.5),gpu_idle_frac,0.316814,0.00464077,3
S8,eta2/none,online_eb+abort_pred(1.5),verify_delay_mean_s,1.37774,0.245104,3
S8,eta2/none,online_eb+abort_pred(1.5),verify_delay_p95_s,6.01967,0.731039,3
S8,eta2/none,online_eb+abort_pred(1.5),instants,14859.7,144.536,3
S8,eta2/none,online_eb+abort_pred(1.5),policy_calls,14859.7,144.536,3
S8,eta2/none,online_eb+abort_pred(1.5),violations,0,0,3
S8,eta2/none,online_eb+abort_pred(1.5),J,0.682854,0.052188,3
S8,eta2/none,online_eb+abort_pred(1.5),window_s,445.321,18.6275,3
S8,eta2/none,online_eb+abort_pred(1.5),step_time_mean_s,49.4801,2.06972,3
S8,eta2/none,online_eb+abort_pred(1.5),step_time_p95_s,68.7703,2.37874,3
S8,eta2/none,online_eb+abort_pred(1.5),samples_per_s,10.3495,0.432247,3
S8,eta2/none,online_eb+abort_pred(1.5),completed_tokens_per_s,13529.4,973.912,3
S8,eta2/none,online_eb+abort_pred(1.5),rollout_idle_frac,0.00174178,0.00469013,3
S8,eta2/none,online_eb+abort_pred(1.5),gpu_gen_frac,0.490852,0.00205687,3
S8,eta2/none,online_eb+abort_pred(1.5),gpu_overhead_frac,0.0183844,0.00051651,3
S8,eta2/none,online_eb+abort_pred(1.5),gpu_train_frac,0.17395,0.0027377,3
S8,eta2/none,online_eb+abort_pred(1.5),trainer_wait_frac,0.631886,0.00631739,3
S8,eta2/none,online_eb+abort_pred(1.5),trainer_wait_mean_s,31.2672,1.61991,3
S8,eta2/none,online_eb+abort_pred(1.5),straggler_mean_s,4.60004,2.28718,3
S8,eta2/none,online_eb+abort_pred(1.5),straggler_p95_s,7.27833,2.38761,3
S8,eta2/none,online_eb+abort_pred(1.5),staleness_mean,0.981481,0.117108,3
S8,eta2/none,online_eb+abort_pred(1.5),staleness_max,2,0,3
S8,eta2/none,online_eb+abort_pred(1.5),stale_token_frac,0.893145,0.0399532,3
S8,eta2/none,online_eb+abort_pred(1.5),batch_len_cv,0.218045,0.0808827,3
S8,eta2/none,online_eb+wait,groups_consumed,768,0,3
S8,eta2/none,online_eb+wait,groups_dropped,0,0,3
S8,eta2/none,online_eb+wait,groups_unfinished,64,0,3
S8,eta2/none,online_eb+wait,drops_policy,0,0,3
S8,eta2/none,online_eb+wait,drops_stale,0,0,3
S8,eta2/none,online_eb+wait,drops_colocated_switch,0,0,3
S8,eta2/none,online_eb+wait,tokens_consumed,8.36626e+06,444176,3
S8,eta2/none,online_eb+wait,tokens_dropped,0,0,3
S8,eta2/none,online_eb+wait,waste_frac,0,0,3
S8,eta2/none,online_eb+wait,length_bias,0,0,3
S8,eta2/none,online_eb+wait,run_s,1018.83,36.2109,3
S8,eta2/none,online_eb+wait,gpu_idle_frac,0.474934,0.0380591,3
S8,eta2/none,online_eb+wait,verify_delay_mean_s,1.47889,0.394426,3
S8,eta2/none,online_eb+wait,verify_delay_p95_s,6.21533,0.978928,3
S8,eta2/none,online_eb+wait,instants,14955.7,36.198,3
S8,eta2/none,online_eb+wait,policy_calls,14955.7,36.198,3
S8,eta2/none,online_eb+wait,violations,0,0,3
S8,eta2/none,online_eb+wait,J,1.14291,0.0217049,3
S8,eta2/none,online_eb+wait,window_s,745.986,7.00992,3
S8,eta2/none,online_eb+wait,step_time_mean_s,82.8873,0.77888,3
S8,eta2/none,online_eb+wait,step_time_p95_s,94.027,6.15159,3
S8,eta2/none,online_eb+wait,samples_per_s,6.17712,0.0580397,3
S8,eta2/none,online_eb+wait,completed_tokens_per_s,8114.72,774.916,3
S8,eta2/none,online_eb+wait,rollout_idle_frac,0.169609,0.0669472,3
S8,eta2/none,online_eb+wait,gpu_gen_frac,0.405267,0.0334719,3
S8,eta2/none,online_eb+wait,gpu_overhead_frac,0.0159612,0.000698973,3
S8,eta2/none,online_eb+wait,gpu_train_frac,0.103838,0.00472653,3
S8,eta2/none,online_eb+wait,trainer_wait_frac,0.78026,0.00934051,3
S8,eta2/none,online_eb+wait,trainer_wait_mean_s,64.6729,0.18559,3
S8,eta2/none,online_eb+wait,straggler_mean_s,17.4257,6.93428,3
S8,eta2/none,online_eb+wait,straggler_p95_s,31.2407,12.8737,3
S8,eta2/none,online_eb+wait,staleness_mean,1,0,3
S8,eta2/none,online_eb+wait,staleness_max,1,0,3
S8,eta2/none,online_eb+wait,stale_token_frac,1,0,3
S8,eta2/none,online_eb+wait,batch_len_cv,0.112891,0.0777733,3
S8,eta2/none,reference,groups_consumed,768,0,3
S8,eta2/none,reference,groups_dropped,0,0,3
S8,eta2/none,reference,groups_unfinished,64,0,3
S8,eta2/none,reference,drops_policy,0,0,3
S8,eta2/none,reference,drops_stale,0,0,3
S8,eta2/none,reference,drops_colocated_switch,0,0,3
S8,eta2/none,reference,tokens_consumed,8.15665e+06,440324,3
S8,eta2/none,reference,tokens_dropped,0,0,3
S8,eta2/none,reference,waste_frac,0,0,3
S8,eta2/none,reference,length_bias,0,0,3
S8,eta2/none,reference,run_s,1149,92.9395,3
S8,eta2/none,reference,gpu_idle_frac,0.572316,0.0666116,3
S8,eta2/none,reference,verify_delay_mean_s,1.4279,0.360865,3
S8,eta2/none,reference,verify_delay_p95_s,6.14433,0.878607,3
S8,eta2/none,reference,instants,13409,244.659,3
S8,eta2/none,reference,policy_calls,13409,244.659,3
S8,eta2/none,reference,violations,0,0,3
S8,eta2/none,reference,J,1.38327,0.216365,3
S8,eta2/none,reference,window_s,867.516,110.784,3
S8,eta2/none,reference,step_time_mean_s,96.3907,12.3093,3
S8,eta2/none,reference,step_time_p95_s,139.132,19.3849,3
S8,eta2/none,reference,samples_per_s,5.32113,0.682599,3
S8,eta2/none,reference,completed_tokens_per_s,7041.6,1505.02,3
S8,eta2/none,reference,rollout_idle_frac,0.332228,0.101493,3
S8,eta2/none,reference,gpu_gen_frac,0.330341,0.0503673,3
S8,eta2/none,reference,gpu_overhead_frac,0.00874202,0.00104581,3
S8,eta2/none,reference,gpu_train_frac,0.0886012,0.0152335,3
S8,eta2/none,reference,trainer_wait_frac,0.812405,0.0318001,3
S8,eta2/none,reference,trainer_wait_mean_s,78.3506,13.0537,3
S8,eta2/none,reference,straggler_mean_s,26.0533,13.5286,3
S8,eta2/none,reference,straggler_p95_s,54.0277,43.9311,3
S8,eta2/none,reference,staleness_mean,0.993056,0.0155498,3
S8,eta2/none,reference,staleness_max,1,0,3
S8,eta2/none,reference,stale_token_frac,0.990361,0.0177891,3
S8,eta2/none,reference,batch_len_cv,0.0848408,0.0335132,3
S8,eta2/tail_heavier,best_s2+abort(1.5),groups_consumed,768,0,3
S8,eta2/tail_heavier,best_s2+abort(1.5),groups_dropped,276.333,65.8336,3
S8,eta2/tail_heavier,best_s2+abort(1.5),groups_unfinished,72,4.96828,3
S8,eta2/tail_heavier,best_s2+abort(1.5),drops_policy,276.333,65.8336,3
S8,eta2/tail_heavier,best_s2+abort(1.5),drops_stale,0,0,3
S8,eta2/tail_heavier,best_s2+abort(1.5),drops_colocated_switch,0,0,3
S8,eta2/tail_heavier,best_s2+abort(1.5),tokens_consumed,7.07929e+06,143555,3
S8,eta2/tail_heavier,best_s2+abort(1.5),tokens_dropped,4.27069e+06,44507.7,3
S8,eta2/tail_heavier,best_s2+abort(1.5),waste_frac,0.37628,0.0071909,3
S8,eta2/tail_heavier,best_s2+abort(1.5),length_bias,-0.26719,0.0456822,3
S8,eta2/tail_heavier,best_s2+abort(1.5),run_s,860.96,24.2756,3
S8,eta2/tail_heavier,best_s2+abort(1.5),gpu_idle_frac,0.387027,0.00782902,3
S8,eta2/tail_heavier,best_s2+abort(1.5),verify_delay_mean_s,1.39922,0.293876,3
S8,eta2/tail_heavier,best_s2+abort(1.5),verify_delay_p95_s,6.02733,0.843043,3
S8,eta2/tail_heavier,best_s2+abort(1.5),instants,18344.7,877.043,3
S8,eta2/tail_heavier,best_s2+abort(1.5),policy_calls,18344.7,877.043,3
S8,eta2/tail_heavier,best_s2+abort(1.5),violations,0,0,3
S8,eta2/tail_heavier,best_s2+abort(1.5),J,1.55065,0.0737293,3
S8,eta2/tail_heavier,best_s2+abort(1.5),window_s,666.172,27.4312,3
S8,eta2/tail_heavier,best_s2+abort(1.5),step_time_mean_s,74.0191,3.04791,3
S8,eta2/tail_heavier,best_s2+abort(1.5),step_time_p95_s,90.2913,11.7739,3
S8,eta2/tail_heavier,best_s2+abort(1.5),samples_per_s,6.91841,0.287254,3
S8,eta2/tail_heavier,best_s2+abort(1.5),completed_tokens_per_s,12895.4,462.907,3
S8,eta2/tail_heavier,best_s2+abort(1.5),rollout_idle_frac,0.000583259,0.00122208,3
S8,eta2/tail_heavier,best_s2+abort(1.5),gpu_gen_frac,0.490682,0.000979331,3
S8,eta2/tail_heavier,best_s2+abort(1.5),gpu_overhead_frac,0.0157829,0.000630898,3
S8,eta2/tail_heavier,best_s2+abort(1.5),gpu_train_frac,0.106508,0.00812497,3
S8,eta2/tail_heavier,best_s2+abort(1.5),trainer_wait_frac,0.773472,0.0168033,3
S8,eta2/tail_heavier,best_s2+abort(1.5),trainer_wait_mean_s,57.2571,3.5824,3
S8,eta2/tail_heavier,best_s2+abort(1.5),straggler_mean_s,9.33122,0.763375,3
S8,eta2/tail_heavier,best_s2+abort(1.5),straggler_p95_s,17.445,8.63098,3
S8,eta2/tail_heavier,best_s2+abort(1.5),staleness_mean,0.98206,0.00995984,3
S8,eta2/tail_heavier,best_s2+abort(1.5),staleness_max,1,0,3
S8,eta2/tail_heavier,best_s2+abort(1.5),stale_token_frac,0.995238,0.00330322,3
S8,eta2/tail_heavier,best_s2+abort(1.5),batch_len_cv,0.263553,0.124783,3
S8,eta2/tail_heavier,best_s2+wait,groups_consumed,768,0,3
S8,eta2/tail_heavier,best_s2+wait,groups_dropped,0,0,3
S8,eta2/tail_heavier,best_s2+wait,groups_unfinished,64,0,3
S8,eta2/tail_heavier,best_s2+wait,drops_policy,0,0,3
S8,eta2/tail_heavier,best_s2+wait,drops_stale,0,0,3
S8,eta2/tail_heavier,best_s2+wait,drops_colocated_switch,0,0,3
S8,eta2/tail_heavier,best_s2+wait,tokens_consumed,9.42799e+06,540124,3
S8,eta2/tail_heavier,best_s2+wait,tokens_dropped,0,0,3
S8,eta2/tail_heavier,best_s2+wait,waste_frac,0,0,3
S8,eta2/tail_heavier,best_s2+wait,length_bias,0,0,3
S8,eta2/tail_heavier,best_s2+wait,run_s,1077.46,101.498,3
S8,eta2/tail_heavier,best_s2+wait,gpu_idle_frac,0.461374,0.0285673,3
S8,eta2/tail_heavier,best_s2+wait,verify_delay_mean_s,1.45674,0.338165,3
S8,eta2/tail_heavier,best_s2+wait,verify_delay_p95_s,6.19833,0.888073,3
S8,eta2/tail_heavier,best_s2+wait,instants,14982.3,107.289,3
S8,eta2/tail_heavier,best_s2+wait,policy_calls,14982.3,107.289,3
S8,eta2/tail_heavier,best_s2+wait,violations,0,0,3
S8,eta2/tail_heavier,best_s2+wait,J,1.10774,0.0916465,3
S8,eta2/tail_heavier,best_s2+wait,window_s,802.611,71.9951,3
S8,eta2/tail_heavier,best_s2+wait,step_time_mean_s,89.179,7.99946,3
S8,eta2/tail_heavier,best_s2+wait,step_time_p95_s,102.723,22.8713,3
S8,eta2/tail_heavier,best_s2+wait,samples_per_s,5.74616,0.505879,3
S8,eta2/tail_heavier,best_s2+wait,completed_tokens_per_s,8864.78,139.646,3
S8,eta2/tail_heavier,best_s2+wait,rollout_idle_frac,0.145743,0.0486244,3
S8,eta2/tail_heavier,best_s2+wait,gpu_gen_frac,0.417731,0.0231063,3
S8,eta2/tail_heavier,best_s2+wait,gpu_overhead_frac,0.0150086,0.00170715,3
S8,eta2/tail_heavier,best_s2+wait,gpu_train_frac,0.105887,0.00423894,3
S8,eta2/tail_heavier,best_s2+wait,trainer_wait_frac,0.777004,0.00934925,3
S8,eta2/tail_heavier,best_s2+wait,trainer_wait_mean_s,69.2997,6.99096,3
S8,eta2/tail_heavier,best_s2+wait,straggler_mean_s,13.943,4.16354,3
S8,eta2/tail_heavier,best_s2+wait,straggler_p95_s,28.578,14.1737,3
S8,eta2/tail_heavier,best_s2+wait,staleness_mean,1,0,3
S8,eta2/tail_heavier,best_s2+wait,staleness_max,1,0,3
S8,eta2/tail_heavier,best_s2+wait,stale_token_frac,1,0,3
S8,eta2/tail_heavier,best_s2+wait,batch_len_cv,0.158854,0.111621,3
S8,eta2/tail_heavier,online_adaptive+abort(1.5),groups_consumed,768,0,3
S8,eta2/tail_heavier,online_adaptive+abort(1.5),groups_dropped,279,24.4659,3
S8,eta2/tail_heavier,online_adaptive+abort(1.5),groups_unfinished,77,9.93655,3
S8,eta2/tail_heavier,online_adaptive+abort(1.5),drops_policy,279,24.4659,3
S8,eta2/tail_heavier,online_adaptive+abort(1.5),drops_stale,0,0,3
S8,eta2/tail_heavier,online_adaptive+abort(1.5),drops_colocated_switch,0,0,3
S8,eta2/tail_heavier,online_adaptive+abort(1.5),tokens_consumed,7.08819e+06,295258,3
S8,eta2/tail_heavier,online_adaptive+abort(1.5),tokens_dropped,4.35821e+06,113625,3
S8,eta2/tail_heavier,online_adaptive+abort(1.5),waste_frac,0.380767,0.00892557,3
S8,eta2/tail_heavier,online_adaptive+abort(1.5),length_bias,-0.269605,0.0198212,3
S8,eta2/tail_heavier,online_adaptive+abort(1.5),run_s,858.539,34.9104,3
S8,eta2/tail_heavier,online_adaptive+abort(1.5),gpu_idle_frac,0.387089,0.00685098,3
S8,eta2/tail_heavier,online_adaptive+abort(1.5),verify_delay_mean_s,1.41075,0.451142,3
S8,eta2/tail_heavier,online_adaptive+abort(1.5),verify_delay_p95_s,6.04767,1.23384,3
S8,eta2/tail_heavier,online_adaptive+abort(1.5),instants,18477.7,165.253,3
S8,eta2/tail_heavier,online_adaptive+abort(1.5),policy_calls,18477.7,165.253,3
S8,eta2/tail_heavier,online_adaptive+abort(1.5),violations,0,0,3
S8,eta2/tail_heavier,online_adaptive+abort(1.5),J,1.55714,0.0529995,3
S8,eta2/tail_heavier,online_adaptive+abort(1.5),window_s,661.043,44.8209,3
S8,eta2/tail_heavier,online_adaptive+abort(1.5),step_time_mean_s,73.4492,4.9801,3
S8,eta2/tail_heavier,online_adaptive+abort(1.5),step_time_p95_s,90.4127,8.29784,3
S8,eta2/tail_heavier,online_adaptive+abort(1.5),samples_per_s,6.97432,0.480408,3
S8,eta2/tail_heavier,online_adaptive+abort(1.5),completed_tokens_per_s,13105.7,363.611,3
S8,eta2/tail_heavier,online_adaptive+abort(1.5),rollout_idle_frac,0.000778788,0.00157527,3
S8,eta2/tail_heavier,online_adaptive+abort(1.5),gpu_gen_frac,0.490383,0.00122364,3
S8,eta2/tail_heavier,online_adaptive+abort(1.5),gpu_overhead_frac,0.0160388,0.00100615,3
S8,eta2/tail_heavier,online_adaptive+abort(1.5),gpu_train_frac,0.10649,0.00716547,3
S8,eta2/tail_heavier,online_adaptive+abort(1.5),trainer_wait_frac,0.773399,0.0152687,3
S8,eta2/tail_heavier,online_adaptive+abort(1.5),trainer_wait_mean_s,56.8137,4.95514,3
S8,eta2/tail_heavier,online_adaptive+abort(1.5),straggler_mean_s,8.72648,0.455245,3
S8,eta2/tail_heavier,online_adaptive+abort(1.5),straggler_p95_s,19.526,6.20842,3
S8,eta2/tail_heavier,online_adaptive+abort(1.5),staleness_mean,0.980324,0.0263513,3
S8,eta2/tail_heavier,online_adaptive+abort(1.5),staleness_max,1,0,3
S8,eta2/tail_heavier,online_adaptive+abort(1.5),stale_token_frac,0.994975,0.00641352,3
S8,eta2/tail_heavier,online_adaptive+abort(1.5),batch_len_cv,0.296539,0.0761467,3
S8,eta2/tail_heavier,online_adaptive+wait,groups_consumed,768,0,3
S8,eta2/tail_heavier,online_adaptive+wait,groups_dropped,0,0,3
S8,eta2/tail_heavier,online_adaptive+wait,groups_unfinished,64,0,3
S8,eta2/tail_heavier,online_adaptive+wait,drops_policy,0,0,3
S8,eta2/tail_heavier,online_adaptive+wait,drops_stale,0,0,3
S8,eta2/tail_heavier,online_adaptive+wait,drops_colocated_switch,0,0,3
S8,eta2/tail_heavier,online_adaptive+wait,tokens_consumed,9.42799e+06,540124,3
S8,eta2/tail_heavier,online_adaptive+wait,tokens_dropped,0,0,3
S8,eta2/tail_heavier,online_adaptive+wait,waste_frac,0,0,3
S8,eta2/tail_heavier,online_adaptive+wait,length_bias,0,0,3
S8,eta2/tail_heavier,online_adaptive+wait,run_s,1078.26,97.4646,3
S8,eta2/tail_heavier,online_adaptive+wait,gpu_idle_frac,0.461132,0.0277952,3
S8,eta2/tail_heavier,online_adaptive+wait,verify_delay_mean_s,1.45724,0.339744,3
S8,eta2/tail_heavier,online_adaptive+wait,verify_delay_p95_s,6.192,0.880777,3
S8,eta2/tail_heavier,online_adaptive+wait,instants,15000.3,95.4482,3
S8,eta2/tail_heavier,online_adaptive+wait,policy_calls,15000.3,95.4482,3
S8,eta2/tail_heavier,online_adaptive+wait,violations,0,0,3
S8,eta2/tail_heavier,online_adaptive+wait,J,1.10682,0.090125,3
S8,eta2/tail_heavier,online_adaptive+wait,window_s,802.617,68.9005,3
S8,eta2/tail_heavier,online_adaptive+wait,step_time_mean_s,89.1797,7.65561,3
S8,eta2/tail_heavier,online_adaptive+wait,step_time_p95_s,102.811,22.6422,3
S8,eta2/tail_heavier,online_adaptive+wait,samples_per_s,5.74571,0.484635,3
S8,eta2/tail_heavier,online_adaptive+wait,completed_tokens_per_s,8864.44,160.935,3
S8,eta2/tail_heavier,online_adaptive+wait,rollout_idle_frac,0.145246,0.048529,3
S8,eta2/tail_heavier,online_adaptive+wait,gpu_gen_frac,0.417939,0.023188,3
S8,eta2/tail_heavier,online_adaptive+wait,gpu_overhead_frac,0.0150493,0.00157777,3
S8,eta2/tail_heavier,online_adaptive+wait,gpu_train_frac,0.10588,0.00383868,3
S8,eta2/tail_heavier,online_adaptive+wait,trainer_wait_frac,0.777017,0.00849631,3
S8,eta2/tail_heavier,online_adaptive+wait,trainer_wait_mean_s,69.3003,6.64252,3
S8,eta2/tail_heavier,online_adaptive+wait,straggler_mean_s,13.9427,4.20613,3
S8,eta2/tail_heavier,online_adaptive+wait,straggler_p95_s,28.2287,13.439,3
S8,eta2/tail_heavier,online_adaptive+wait,staleness_mean,1,0,3
S8,eta2/tail_heavier,online_adaptive+wait,staleness_max,1,0,3
S8,eta2/tail_heavier,online_adaptive+wait,stale_token_frac,1,0,3
S8,eta2/tail_heavier,online_adaptive+wait,batch_len_cv,0.158854,0.111621,3
S8,eta2/tail_heavier,online_eb+abort_pred(1.5),groups_consumed,768,0,3
S8,eta2/tail_heavier,online_eb+abort_pred(1.5),groups_dropped,0.666667,1.43422,3
S8,eta2/tail_heavier,online_eb+abort_pred(1.5),groups_unfinished,40.3333,11.2016,3
S8,eta2/tail_heavier,online_eb+abort_pred(1.5),drops_policy,0,0,3
S8,eta2/tail_heavier,online_eb+abort_pred(1.5),drops_stale,0.666667,1.43422,3
S8,eta2/tail_heavier,online_eb+abort_pred(1.5),drops_colocated_switch,0,0,3
S8,eta2/tail_heavier,online_eb+abort_pred(1.5),tokens_consumed,8.99135e+06,850900,3
S8,eta2/tail_heavier,online_eb+abort_pred(1.5),tokens_dropped,27153,58420.6,3
S8,eta2/tail_heavier,online_eb+abort_pred(1.5),waste_frac,0.00297664,0.00641916,3
S8,eta2/tail_heavier,online_eb+abort_pred(1.5),length_bias,-0.00221308,0.00476157,3
S8,eta2/tail_heavier,online_eb+abort_pred(1.5),run_s,706.893,71.8113,3
S8,eta2/tail_heavier,online_eb+abort_pred(1.5),gpu_idle_frac,0.331201,0.0146163,3
S8,eta2/tail_heavier,online_eb+abort_pred(1.5),verify_delay_mean_s,1.3863,0.244383,3
S8,eta2/tail_heavier,online_eb+abort_pred(1.5),verify_delay_p95_s,6.064,0.711193,3
S8,eta2/tail_heavier,online_eb+abort_pred(1.5),instants,14846.7,284.977,3
S8,eta2/tail_heavier,online_eb+abort_pred(1.5),policy_calls,14846.7,284.977,3
S8,eta2/tail_heavier,online_eb+abort_pred(1.5),violations,0,0,3
S8,eta2/tail_heavier,online_eb+abort_pred(1.5),J,0.726732,0.084808,3
S8,eta2/tail_heavier,online_eb+abort_pred(1.5),window_s,524.468,64.1578,3
S8,eta2/tail_heavier,online_eb+abort_pred(1.5),step_time_mean_s,58.2743,7.12864,3
S8,eta2/tail_heavier,online_eb+abort_pred(1.5),step_time_p95_s,76.244,17.1568,3
S8,eta2/tail_heavier,online_eb+abort_pred(1.5),samples_per_s,8.79996,1.05334,3
S8,eta2/tail_heavier,online_eb+abort_pred(1.5),completed_tokens_per_s,13451.5,117.686,3
S8,eta2/tail_heavier,online_eb+abort_pred(1.5),rollout_idle_frac,0.000515058,0.00221611,3
S8,eta2/tail_heavier,online_eb+abort_pred(1.5),gpu_gen_frac,0.492621,0.00157122,3
S8,eta2/tail_heavier,online_eb+abort_pred(1.5),gpu_overhead_frac,0.0157149,0.00158158,3
S8,eta2/tail_heavier,online_eb+abort_pred(1.5),gpu_train_frac,0.160463,0.013918,3
S8,eta2/tail_heavier,online_eb+abort_pred(1.5),trainer_wait_frac,0.661887,0.0298904,3
S8,eta2/tail_heavier,online_eb+abort_pred(1.5),trainer_wait_mean_s,38.594,6.49991,3
S8,eta2/tail_heavier,online_eb+abort_pred(1.5),straggler_mean_s,5.68089,2.3958,3
S8,eta2/tail_heavier,online_eb+abort_pred(1.5),straggler_p95_s,11.1323,4.56256,3
S8,eta2/tail_heavier,online_eb+abort_pred(1.5),staleness_mean,0.973958,0.0411409,3
S8,eta2/tail_heavier,online_eb+abort_pred(1.5),staleness_max,2,0,3
S8,eta2/tail_heavier,online_eb+abort_pred(1.5),stale_token_frac,0.897897,0.0260085,3
S8,eta2/tail_heavier,online_eb+abort_pred(1.5),batch_len_cv,0.228522,0.139792,3
S8,eta2/tail_heavier,online_eb+wait,groups_consumed,768,0,3
S8,eta2/tail_heavier,online_eb+wait,groups_dropped,0,0,3
S8,eta2/tail_heavier,online_eb+wait,groups_unfinished,64,0,3
S8,eta2/tail_heavier,online_eb+wait,drops_policy,0,0,3
S8,eta2/tail_heavier,online_eb+wait,drops_stale,0,0,3
S8,eta2/tail_heavier,online_eb+wait,drops_colocated_switch,0,0,3
S8,eta2/tail_heavier,online_eb+wait,tokens_consumed,9.42799e+06,540124,3
S8,eta2/tail_heavier,online_eb+wait,tokens_dropped,0,0,3
S8,eta2/tail_heavier,online_eb+wait,waste_frac,0,0,3
S8,eta2/tail_heavier,online_eb+wait,length_bias,0,0,3
S8,eta2/tail_heavier,online_eb+wait,run_s,1079.38,107.648,3
S8,eta2/tail_heavier,online_eb+wait,gpu_idle_frac,0.462216,0.033279,3
S8,eta2/tail_heavier,online_eb+wait,verify_delay_mean_s,1.45725,0.339517,3
S8,eta2/tail_heavier,online_eb+wait,verify_delay_p95_s,6.19233,0.922844,3
S8,eta2/tail_heavier,online_eb+wait,instants,14987,72.8069,3
S8,eta2/tail_heavier,online_eb+wait,policy_calls,14987,72.8069,3
S8,eta2/tail_heavier,online_eb+wait,violations,0,0,3
S8,eta2/tail_heavier,online_eb+wait,J,1.11022,0.0959759,3
S8,eta2/tail_heavier,online_eb+wait,window_s,804.038,77.6096,3
S8,eta2/tail_heavier,online_eb+wait,step_time_mean_s,89.3375,8.62329,3
S8,eta2/tail_heavier,online_eb+wait,step_time_p95_s,103.073,22.2267,3
S8,eta2/tail_heavier,online_eb+wait,samples_per_s,5.73672,0.541688,3
S8,eta2/tail_heavier,online_eb+wait,completed_tokens_per_s,8849.74,186.405,3
S8,eta2/tail_heavier,online_eb+wait,rollout_idle_frac,0.147059,0.0558141,3
S8,eta2/tail_heavier,online_eb+wait,gpu_gen_frac,0.417061,0.0266631,3
S8,eta2/tail_heavier,online_eb+wait,gpu_overhead_frac,0.0150114,0.00177242,3
S8,eta2/tail_heavier,online_eb+wait,gpu_train_frac,0.105711,0.00533329,3
S8,eta2/tail_heavier,online_eb+wait,trainer_wait_frac,0.777373,0.0115948,3
S8,eta2/tail_heavier,online_eb+wait,trainer_wait_mean_s,69.4582,7.66063,3
S8,eta2/tail_heavier,online_eb+wait,straggler_mean_s,14.0312,3.7762,3
S8,eta2/tail_heavier,online_eb+wait,straggler_p95_s,28.8513,15.9493,3
S8,eta2/tail_heavier,online_eb+wait,staleness_mean,1,0,3
S8,eta2/tail_heavier,online_eb+wait,staleness_max,1,0,3
S8,eta2/tail_heavier,online_eb+wait,stale_token_frac,1,0,3
S8,eta2/tail_heavier,online_eb+wait,batch_len_cv,0.158854,0.111621,3
S8,eta2/tail_heavier,reference,groups_consumed,768,0,3
S8,eta2/tail_heavier,reference,groups_dropped,0,0,3
S8,eta2/tail_heavier,reference,groups_unfinished,64,0,3
S8,eta2/tail_heavier,reference,drops_policy,0,0,3
S8,eta2/tail_heavier,reference,drops_stale,0,0,3
S8,eta2/tail_heavier,reference,drops_colocated_switch,0,0,3
S8,eta2/tail_heavier,reference,tokens_consumed,9.15041e+06,508356,3
S8,eta2/tail_heavier,reference,tokens_dropped,0,0,3
S8,eta2/tail_heavier,reference,waste_frac,0,0,3
S8,eta2/tail_heavier,reference,length_bias,0,0,3
S8,eta2/tail_heavier,reference,run_s,1238.72,231.928,3
S8,eta2/tail_heavier,reference,gpu_idle_frac,0.562055,0.078434,3
S8,eta2/tail_heavier,reference,verify_delay_mean_s,1.42567,0.354888,3
S8,eta2/tail_heavier,reference,verify_delay_p95_s,6.14433,0.878607,3
S8,eta2/tail_heavier,reference,instants,13397.3,231.136,3
S8,eta2/tail_heavier,reference,policy_calls,13397.3,231.136,3
S8,eta2/tail_heavier,reference,violations,0,0,3
S8,eta2/tail_heavier,reference,J,1.37323,0.370882,3
S8,eta2/tail_heavier,reference,window_s,954.033,221.164,3
S8,eta2/tail_heavier,reference,step_time_mean_s,106.004,24.5738,3
S8,eta2/tail_heavier,reference,step_time_p95_s,133.714,51.2573,3
S8,eta2/tail_heavier,reference,samples_per_s,4.85697,1.0764,3
S8,eta2/tail_heavier,reference,completed_tokens_per_s,7477.88,2114.26,3
S8,eta2/tail_heavier,reference,rollout_idle_frac,0.309242,0.110548,3
S8,eta2/tail_heavier,reference,gpu_gen_frac,0.342133,0.0546276,3
S8,eta2/tail_heavier,reference,gpu_overhead_frac,0.00798857,0.00170367,3
S8,eta2/tail_heavier,reference,gpu_train_frac,0.0878232,0.0221382,3
S8,eta2/tail_heavier,reference,trainer_wait_frac,0.814867,0.0463563,3
S8,eta2/tail_heavier,reference,trainer_wait_mean_s,86.5011,25.1593,3
S8,eta2/tail_heavier,reference,straggler_mean_s,28.2445,22.2702,3
S8,eta2/tail_heavier,reference,straggler_p95_s,55.7987,50.7324,3
S8,eta2/tail_heavier,reference,staleness_mean,0.992477,0.0179554,3
S8,eta2/tail_heavier,reference,staleness_max,1,0,3
S8,eta2/tail_heavier,reference,stale_token_frac,0.988279,0.0272763,3
S8,eta2/tail_heavier,reference,batch_len_cv,0.139421,0.0890759,3
