scenario,variant,policy,metric,mean,ci95,n
S1,cap16/group_exact,dp,groups_consumed,8,0,20
S1,cap16/group_exact,dp,groups_dropped,0,0,20
S1,cap16/group_exact,dp,groups_unfinished,0,0,20
S1,cap16/group_exact,dp,drops_policy,0,0,20
S1,cap16/group_exact,dp,drops_stale,0,0,20
S1,cap16/group_exact,dp,drops_colocated_switch,0,0,20
S1,cap16/group_exact,dp,tokens_consumed,73089.9,9063.69,20
S1,cap16/group_exact,dp,tokens_dropped,0,0,20
S1,cap16/group_exact,dp,waste_frac,0,0,20
S1,cap16/group_exact,dp,length_bias,0,0,20
S1,cap16/group_exact,dp,run_s,58.4455,10.4851,20
S1,cap16/group_exact,dp,phase_time_s,58.4455,10.4851,20
S1,cap16/group_exact,dp,gen_time_s,58.1144,10.4918,20
S1,cap16/group_exact,dp,straggler_s,0,0,20
S1,cap16/group_exact,dp,mean_ready_s,29.7149,4.65764,20
S1,cap16/group_exact,dp,gpu_idle_frac,0.466996,0.0519477,20
S1,cap16/group_exact,dp,gen_frac,0.527474,0.0511113,20
S1,cap16/group_exact,dp,overhead_frac,0.00553018,0.0014692,20
S1,cap16/group_exact,dp,padding_frac,0.622044,0.0240626,20
S1,cap16/group_exact,dp,verify_delay_mean_s,0.208066,0.00319613,20
S1,cap16/group_exact,dp,verify_delay_p95_s,0.31275,0.00778543,20
S1,cap16/group_exact,dp,instants,66,0.679067,20
S1,cap16/group_exact,dp,policy_calls,66,0.679067,20
S1,cap16/group_exact,dp,violations,0,0,20
S1,cap16/group_exact,dp,lb_gap,0.270072,0.021627,20
S1,cap16/group_exact,dp,J,1.63564,0.170807,20
S1,cap16/group_exact,fifo_chunk,groups_consumed,8,0,20
S1,cap16/group_exact,fifo_chunk,groups_dropped,0,0,20
S1,cap16/group_exact,fifo_chunk,groups_unfinished,0,0,20
S1,cap16/group_exact,fifo_chunk,drops_policy,0,0,20
S1,cap16/group_exact,fifo_chunk,drops_stale,0,0,20
S1,cap16/group_exact,fifo_chunk,drops_colocated_switch,0,0,20
S1,cap16/group_exact,fifo_chunk,tokens_consumed,73089.9,9063.69,20
S1,cap16/group_exact,fifo_chunk,tokens_dropped,0,0,20
S1,cap16/group_exact,fifo_chunk,waste_frac,0,0,20
S1,cap16/group_exact,fifo_chunk,length_bias,0,0,20
S1,cap16/group_exact,fifo_chunk,run_s,59.9662,9.6365,20
S1,cap16/group_exact,fifo_chunk,phase_time_s,59.9662,9.6365,20
S1,cap16/group_exact,fifo_chunk,gen_time_s,59.6593,9.63786,20
S1,cap16/group_exact,fifo_chunk,straggler_s,0,0,20
S1,cap16/group_exact,fifo_chunk,mean_ready_s,28.7272,3.79538,20
S1,cap16/group_exact,fifo_chunk,gpu_idle_frac,0.287271,0.0518517,20
S1,cap16/group_exact,fifo_chunk,gen_frac,0.707515,0.0511282,20
S1,cap16/group_exact,fifo_chunk,overhead_frac,0.00521406,0.00119158,20
S1,cap16/group_exact,fifo_chunk,padding_frac,0.527933,0.0154717,20
S1,cap16/group_exact,fifo_chunk,verify_delay_mean_s,0.208066,0.00319613,20
S1,cap16/group_exact,fifo_chunk,verify_delay_p95_s,0.31275,0.00778543,20
S1,cap16/group_exact,fifo_chunk,instants,71.05,0.442046,20
S1,cap16/group_exact,fifo_chunk,policy_calls,71.05,0.442046,20
S1,cap16/group_exact,fifo_chunk,violations,0,0,20
S1,cap16/group_exact,fifo_chunk,lb_gap,0.354957,0.110605,20
S1,cap16/group_exact,fifo_chunk,J,1.47196,0.150037,20
S1,cap16/group_exact,oracle_dp,groups_consumed,8,0,20
S1,cap16/group_exact,oracle_dp,groups_dropped,0,0,20
S1,cap16/group_exact,oracle_dp,groups_unfinished,0,0,20
S1,cap16/group_exact,oracle_dp,drops_policy,0,0,20
S1,cap16/group_exact,oracle_dp,drops_stale,0,0,20
S1,cap16/group_exact,oracle_dp,drops_colocated_switch,0,0,20
S1,cap16/group_exact,oracle_dp,tokens_consumed,73089.9,9063.69,20
S1,cap16/group_exact,oracle_dp,tokens_dropped,0,0,20
S1,cap16/group_exact,oracle_dp,waste_frac,0,0,20
S1,cap16/group_exact,oracle_dp,length_bias,0,0,20
S1,cap16/group_exact,oracle_dp,run_s,57.0042,9.90894,20
S1,cap16/group_exact,oracle_dp,phase_time_s,57.0042,9.90894,20
S1,cap16/group_exact,oracle_dp,gen_time_s,56.6761,9.90873,20
S1,cap16/group_exact,oracle_dp,straggler_s,0,0,20
S1,cap16/group_exact,oracle_dp,mean_ready_s,38.1503,5.56905,20
S1,cap16/group_exact,oracle_dp,gpu_idle_frac,0.631853,0.0184358,20
S1,cap16/group_exact,oracle_dp,gen_frac,0.362539,0.0173697,20
S1,cap16/group_exact,oracle_dp,overhead_frac,0.0056081,0.00144525,20
S1,cap16/group_exact,oracle_dp,padding_frac,0.419761,0.0366525,20
S1,cap16/group_exact,oracle_dp,verify_delay_mean_s,0.208066,0.00319613,20
S1,cap16/group_exact,oracle_dp,verify_delay_p95_s,0.31275,0.00778543,20
S1,cap16/group_exact,oracle_dp,instants,66.7,0.458056,20
S1,cap16/group_exact,oracle_dp,policy_calls,66.7,0.458056,20
S1,cap16/group_exact,oracle_dp,violations,0,0,20
S1,cap16/group_exact,oracle_dp,lb_gap,0.246156,0.0252072,20
S1,cap16/group_exact,oracle_dp,J,1.49655,0.164189,20
S1,cap16/group_exact,reference,groups_consumed,8,0,20
S1,cap16/group_exact,reference,groups_dropped,0,0,20
S1,cap16/group_exact,reference,groups_unfinished,0,0,20
S1,cap16/group_exact,reference,drops_policy,0,0,20
S1,cap16/group_exact,reference,drops_stale,0,0,20
S1,cap16/group_exact,reference,drops_colocated_switch,0,0,20
S1,cap16/group_exact,reference,tokens_consumed,73089.9,9063.69,20
S1,cap16/group_exact,reference,tokens_dropped,0,0,20
S1,cap16/group_exact,reference,waste_frac,0,0,20
S1,cap16/group_exact,reference,length_bias,0,0,20
S1,cap16/group_exact,reference,run_s,58.4791,10.4938,20
S1,cap16/group_exact,reference,phase_time_s,58.4791,10.4938,20
S1,cap16/group_exact,reference,gen_time_s,58.1144,10.4918,20
S1,cap16/group_exact,reference,straggler_s,0,0,20
S1,cap16/group_exact,reference,mean_ready_s,33.3315,4.9486,20
S1,cap16/group_exact,reference,gpu_idle_frac,0.400631,0.054497,20
S1,cap16/group_exact,reference,gen_frac,0.593839,0.0535238,20
S1,cap16/group_exact,reference,overhead_frac,0.00553018,0.0014692,20
S1,cap16/group_exact,reference,padding_frac,0.664291,0.0218191,20
S1,cap16/group_exact,reference,verify_delay_mean_s,0.208066,0.00319613,20
S1,cap16/group_exact,reference,verify_delay_p95_s,0.31275,0.00778543,20
S1,cap16/group_exact,reference,instants,66.1,0.523807,20
S1,cap16/group_exact,reference,policy_calls,66.1,0.523807,20
S1,cap16/group_exact,reference,violations,0,0,20
S1,cap16/group_exact,reference,lb_gap,0.270072,0.021627,20
S1,cap16/group_exact,reference,J,1.64515,0.172248,20
S1,cap16/group_exact,sorted_chunk,groups_consumed,8,0,20
S1,cap16/group_exact,sorted_chunk,groups_dropped,0,0,20
S1,cap16/group_exact,sorted_chunk,groups_unfinished,0,0,20
S1,cap16/group_exact,sorted_chunk,drops_policy,0,0,20
S1,cap16/group_exact,sorted_chunk,drops_stale,0,0,20
S1,cap16/group_exact,sorted_chunk,drops_colocated_switch,0,0,20
S1,cap16/group_exact,sorted_chunk,tokens_consumed,73089.9,9063.69,20
S1,cap16/group_exact,sorted_chunk,tokens_dropped,0,0,20
S1,cap16/group_exact,sorted_chunk,waste_frac,0,0,20
S1,cap16/group_exact,sorted_chunk,length_bias,0,0,20
S1,cap16/group_exact,sorted_chunk,run_s,68.9159,10.1555,20
S1,cap16/group_exact,sorted_chunk,phase_time_s,68.9159,10.1555,20
S1,cap16/group_exact,sorted_chunk,gen_time_s,68.6358,10.1563,20
S1,cap16/group_exact,sorted_chunk,straggler_s,0,0,20
S1,cap16/group_exact,sorted_chunk,mean_ready_s,50.9175,6.74139,20
S1,cap16/group_exact,sorted_chunk,gpu_idle_frac,0.0758071,0.0293307,20
S1,cap16/group_exact,sorted_chunk,gen_frac,0.919605,0.0290546,20
S1,cap16/group_exact,sorted_chunk,overhead_frac,0.00458801,0.000809624,20
S1,cap16/group_exact,sorted_chunk,padding_frac,0.41918,0.0154989,20
S1,cap16/group_exact,sorted_chunk,verify_delay_mean_s,0.208066,0.00319613,20
S1,cap16/group_exact,sorted_chunk,verify_delay_p95_s,0.31275,0.00778543,20
S1,cap16/group_exact,sorted_chunk,instants,79.65,0.313954,20
S1,cap16/group_exact,sorted_chunk,policy_calls,79.65,0.313954,20
S1,cap16/group_exact,sorted_chunk,violations,0,0,20
S1,cap16/group_exact,sorted_chunk,lb_gap,0.6157,0.199066,20
S1,cap16/group_exact,sorted_chunk,J,1.37693,0.146668,20
S1,cap16/group_moderate,dp,groups_consumed,8,0,20
S1,cap16/group_moderate,dp,groups_dropped,0,0,20
S1,cap16/group_moderate,dp,groups_unfinished,0,0,20
S1,cap16/group_moderate,dp,drops_policy,0,0,20
S1,cap16/group_moderate,dp,drops_stale,0,0,20
S1,cap16/group_moderate,dp,drops_colocated_switch,0,0,20
S1,cap16/group_moderate,dp,tokens_consumed,73089.9,9063.69,20
S1,cap16/group_moderate,dp,tokens_dropped,0,0,20
S1,cap16/group_moderate,dp,waste_frac,0,0,20
S1,cap16/group_moderate,dp,length_bias,0,0,20
S1,cap16/group_moderate,dp,run_s,58.4407,10.4884,20
S1,cap16/group_moderate,dp,phase_time_s,58.4407,10.4884,20
S1,cap16/group_moderate,dp,gen_time_s,58.1144,10.4918,20
S1,cap16/group_moderate,dp,straggler_s,0,0,20
S1,cap16/group_moderate,dp,mean_ready_s,30.9163,4.87111,20
S1,cap16/group_moderate,dp,gpu_idle_frac,0.439215,0.0618029,20
S1,cap16/group_moderate,dp,gen_frac,0.555255,0.0607573,20
S1,cap16/group_moderate,dp,overhead_frac,0.00553018,0.0014692,20
S1,cap16/group_moderate,dp,padding_frac,0.639043,0.0175474,20
S1,cap16/group_moderate,dp,verify_delay_mean_s,0.208066,0.00319613,20
S1,cap16/group_moderate,dp,verify_delay_p95_s,0.31275,0.00778543,20
S1,cap16/group_moderate,dp,instants,65.9,0.642427,20
S1,cap16/group_moderate,dp,policy_calls,65.9,0.642427,20
S1,cap16/group_moderate,dp,violations,0,0,20
S1,cap16/group_moderate,dp,lb_gap,0.270072,0.021627,20
S1,cap16/group_moderate,dp,J,1.63868,0.169929,20
S1,cap16/group_moderate,fifo_chunk,groups_consumed,8,0,20
S1,cap16/group_moderate,fifo_chunk,groups_dropped,0,0,20
S1,cap16/group_moderate,fifo_chunk,groups_unfinished,0,0,20
S1,cap16/group_moderate,fifo_chunk,drops_policy,0,0,20
S1,cap16/group_moderate,fifo_chunk,drops_stale,0,0,20
S1,cap16/group_moderate,fifo_chunk,drops_colocated_switch,0,0,20
S1,cap16/group_moderate,fifo_chunk,tokens_consumed,73089.9,9063.69,20
S1,cap16/group_moderate,fifo_chunk,tokens_dropped,0,0,20
S1,cap16/group_moderate,fifo_chunk,waste_frac,0,0,20
S1,cap16/group_moderate,fifo_chunk,length_bias,0,0,20
S1,cap16/group_moderate,fifo_chunk,run_s,59.9662,9.6365,20
S1,cap16/group_moderate,fifo_chunk,phase_time_s,59.9662,9.6365,20
S1,cap16/group_moderate,fifo_chunk,gen_time_s,59.6593,9.63786,20
S1,cap16/group_moderate,fifo_chunk,straggler_s,0,0,20
S1,cap16/group_moderate,fifo_chunk,mean_ready_s,28.7272,3.79538,20
S1,cap16/group_moderate,fifo_chunk,gpu_idle_frac,0.287271,0.0518517,20
S1,cap16/group_moderate,fifo_chunk,gen_frac,0.707515,0.0511282,20
S1,cap16/group_moderate,fifo_chunk,overhead_frac,0.00521406,0.00119158,20
S1,cap16/group_moderate,fifo_chunk,padding_frac,0.527933,0.0154717,20
S1,cap16/group_moderate,fifo_chunk,verify_delay_mean_s,0.208066,0.00319613,20
S1,cap16/group_moderate,fifo_chunk,verify_delay_p95_s,0.31275,0.00778543,20
S1,cap16/group_moderate,fifo_chunk,instants,71.05,0.442046,20
S1,cap16/group_moderate,fifo_chunk,policy_calls,71.05,0.442046,20
S1,cap16/group_moderate,fifo_chunk,violations,0,0,20
S1,cap16/group_moderate,fifo_chunk,lb_gap,0.354957,0.110605,20
S1,cap16/group_moderate,fifo_chunk,J,1.47196,0.150037,20
S1,cap16/group_moderate,oracle_dp,groups_consumed,8,0,20
S1,cap16/group_moderate,oracle_dp,groups_dropped,0,0,20
S1,cap16/group_moderate,oracle_dp,groups_unfinished,0,0,20
S1,cap16/group_moderate,oracle_dp,drops_policy,0,0,20
S1,cap16/group_moderate,oracle_dp,drops_stale,0,0,20
S1,cap16/group_moderate,oracle_dp,drops_colocated_switch,0,0,20
S1,cap16/group_moderate,oracle_dp,tokens_consumed,73089.9,9063.69,20
S1,cap16/group_moderate,oracle_dp,tokens_dropped,0,0,20
S1,cap16/group_moderate,oracle_dp,waste_frac,0,0,20
S1,cap16/group_moderate,oracle_dp,length_bias,0,0,20
S1,cap16/group_moderate,oracle_dp,run_s,57.0042,9.90894,20
S1,cap16/group_moderate,oracle_dp,phase_time_s,57.0042,9.90894,20
S1,cap16/group_moderate,oracle_dp,gen_time_s,56.6761,9.90873,20
S1,cap16/group_moderate,oracle_dp,straggler_s,0,0,20
S1,cap16/group_moderate,oracle_dp,mean_ready_s,38.1503,5.56905,20
S1,cap16/group_moderate,oracle_dp,gpu_idle_frac,0.631853,0.0184358,20
S1,cap16/group_moderate,oracle_dp,gen_frac,0.362539,0.0173697,20
S1,cap16/group_moderate,oracle_dp,overhead_frac,0.0056081,0.00144525,20
S1,cap16/group_moderate,oracle_dp,padding_frac,0.419761,0.0366525,20
S1,cap16/group_moderate,oracle_dp,verify_delay_mean_s,0.208066,0.00319613,20
S1,cap16/group_moderate,oracle_dp,verify_delay_p95_s,0.31275,0.00778543,20
S1,cap16/group_moderate,oracle_dp,instants,66.7,0.458056,20
S1,cap16/group_moderate,oracle_dp,policy_calls,66.7,0.458056,20
S1,cap16/group_moderate,oracle_dp,violations,0,0,20
S1,cap16/group_moderate,oracle_dp,lb_gap,0.246156,0.0252072,20
S1,cap16/group_moderate,oracle_dp,J,1.49655,0.164189,20
S1,cap16/group_moderate,reference,groups_consumed,8,0,20
S1,cap16/group_moderate,reference,groups_dropped,0,0,20
S1,cap16/group_moderate,reference,groups_unfinished,0,0,20
S1,cap16/group_moderate,reference,drops_policy,0,0,20
S1,cap16/group_moderate,reference,drops_stale,0,0,20
S1,cap16/group_moderate,reference,drops_colocated_switch,0,0,20
S1,cap16/group_moderate,reference,tokens_consumed,73089.9,9063.69,20
S1,cap16/group_moderate,reference,tokens_dropped,0,0,20
S1,cap16/group_moderate,reference,waste_frac,0,0,20
S1,cap16/group_moderate,reference,length_bias,0,0,20
S1,cap16/group_moderate,reference,run_s,58.4791,10.4938,20
S1,cap16/group_moderate,reference,phase_time_s,58.4791,10.4938,20
S1,cap16/group_moderate,reference,gen_time_s,58.1144,10.4918,20
S1,cap16/group_moderate,reference,straggler_s,0,0,20
S1,cap16/group_moderate,reference,mean_ready_s,33.3315,4.9486,20
S1,cap16/group_moderate,reference,gpu_idle_frac,0.400631,0.054497,20
S1,cap16/group_moderate,reference,gen_frac,0.593839,0.0535238,20
S1,cap16/group_moderate,reference,overhead_frac,0.00553018,0.0014692,20
S1,cap16/group_moderate,reference,padding_frac,0.664291,0.0218191,20
S1,cap16/group_moderate,reference,verify_delay_mean_s,0.208066,0.00319613,20
S1,cap16/group_moderate,reference,verify_delay_p95_s,0.31275,0.00778543,20
S1,cap16/group_moderate,reference,instants,66.1,0.523807,20
S1,cap16/group_moderate,reference,policy_calls,66.1,0.523807,20
S1,cap16/group_moderate,reference,violations,0,0,20
S1,cap16/group_moderate,reference,lb_gap,0.270072,0.021627,20
S1,cap16/group_moderate,reference,J,1.64515,0.172248,20
S1,cap16/group_moderate,sorted_chunk,groups_consumed,8,0,20
S1,cap16/group_moderate,sorted_chunk,groups_dropped,0,0,20
S1,cap16/group_moderate,sorted_chunk,groups_unfinished,0,0,20
S1,cap16/group_moderate,sorted_chunk,drops_policy,0,0,20
S1,cap16/group_moderate,sorted_chunk,drops_stale,0,0,20
S1,cap16/group_moderate,sorted_chunk,drops_colocated_switch,0,0,20
S1,cap16/group_moderate,sorted_chunk,tokens_consumed,73089.9,9063.69,20
S1,cap16/group_moderate,sorted_chunk,tokens_dropped,0,0,20
S1,cap16/group_moderate,sorted_chunk,waste_frac,0,0,20
S1,cap16/group_moderate,sorted_chunk,length_bias,0,0,20
S1,cap16/group_moderate,sorted_chunk,run_s,69.0515,10.3962,20
S1,cap16/group_moderate,sorted_chunk,phase_time_s,69.0515,10.3962,20
S1,cap16/group_moderate,sorted_chunk,gen_time_s,68.7906,10.3947,20
S1,cap16/group_moderate,sorted_chunk,straggler_s,0,0,20
S1,cap16/group_moderate,sorted_chunk,mean_ready_s,49.2148,6.62802,20
S1,cap16/group_moderate,sorted_chunk,gpu_idle_frac,0.0764334,0.0296951,20
S1,cap16/group_moderate,sorted_chunk,gen_frac,0.918981,0.0294196,20
S1,cap16/group_moderate,sorted_chunk,overhead_frac,0.00458517,0.000792144,20
S1,cap16/group_moderate,sorted_chunk,padding_frac,0.41918,0.0154989,20
S1,cap16/group_moderate,sorted_chunk,verify_delay_mean_s,0.208066,0.00319613,20
S1,cap16/group_moderate,sorted_chunk,verify_delay_p95_s,0.31275,0.00778543,20
S1,cap16/group_moderate,sorted_chunk,instants,79.6,0.318511,20
S1,cap16/group_moderate,sorted_chunk,policy_calls,79.6,0.318511,20
S1,cap16/group_moderate,sorted_chunk,violations,0,0,20
S1,cap16/group_moderate,sorted_chunk,lb_gap,0.616596,0.194772,20
S1,cap16/group_moderate,sorted_chunk,J,1.37906,0.151839,20
S1,cap16/none,dp,groups_consumed,8,0,20
S1,cap16/none,dp,groups_dropped,0,0,20
S1,cap16/none,dp,groups_unfinished,0,0,20
S1,cap16/none,dp,drops_policy,0,0,20
S1,cap16/none,dp,drops_stale,0,0,20
S1,cap16/none,dp,drops_colocated_switch,0,0,20
S1,cap16/none,dp,tokens_consumed,73089.9,9063.69,20
S1,cap16/none,dp,tokens_dropped,0,0,20
S1,cap16/none,dp,waste_frac,0,0,20
S1,cap16/none,dp,length_bias,0,0,20
S1,cap16/none,dp,run_s,58.4791,10.4938,20
S1,cap16/none,dp,phase_time_s,58.4791,10.4938,20
S1,cap16/none,dp,gen_time_s,58.1144,10.4918,20
S1,cap16/none,dp,straggler_s,0,0,20
S1,cap16/none,dp,mean_ready_s,33.3315,4.9486,20
S1,cap16/none,dp,gpu_idle_frac,0.400631,0.054497,20
S1,cap16/none,dp,gen_frac,0.593839,0.0535238,20
S1,cap16/none,dp,overhead_frac,0.00553018,0.0014692,20
S1,cap16/none,dp,padding_frac,0.664291,0.0218191,20
S1,cap16/none,dp,verify_delay_mean_s,0.208066,0.00319613,20
S1,cap16/none,dp,verify_delay_p95_s,0.31275,0.00778543,20
S1,cap16/none,dp,instants,66.1,0.523807,20
S1,cap16/none,dp,policy_calls,66.1,0.523807,20
S1,cap16/none,dp,violations,0,0,20
S1,cap16/none,dp,lb_gap,0.270072,0.021627,20
S1,cap16/none,dp,J,1.64515,0.172248,20
S1,cap16/none,fifo_chunk,groups_consumed,8,0,20
S1,cap16/none,fifo_chunk,groups_dropped,0,0,20
S1,cap16/none,fifo_chunk,groups_unfinished,0,0,20
S1,cap16/none,fifo_chunk,drops_policy,0,0,20
S1,cap16/none,fifo_chunk,drops_stale,0,0,20
S1,cap16/none,fifo_chunk,drops_colocated_switch,0,0,20
S1,cap16/none,fifo_chunk,tokens_consumed,73089.9,9063.69,20
S1,cap16/none,fifo_chunk,tokens_dropped,0,0,20
S1,cap16/none,fifo_chunk,waste_frac,0,0,20
S1,cap16/none,fifo_chunk,length_bias,0,0,20
S1,cap16/none,fifo_chunk,run_s,59.9662,9.6365,20
S1,cap16/none,fifo_chunk,phase_time_s,59.9662,9.6365,20
S1,cap16/none,fifo_chunk,gen_time_s,59.6593,9.63786,20
S1,cap16/none,fifo_chunk,straggler_s,0,0,20
S1,cap16/none,fifo_chunk,mean_ready_s,28.7272,3.79538,20
S1,cap16/none,fifo_chunk,gpu_idle_frac,0.287271,0.0518517,20
S1,cap16/none,fifo_chunk,gen_frac,0.707515,0.0511282,20
S1,cap16/none,fifo_chunk,overhead_frac,0.00521406,0.00119158,20
S1,cap16/none,fifo_chunk,padding_frac,0.527933,0.0154717,20
S1,cap16/none,fifo_chunk,verify_delay_mean_s,0.208066,0.00319613,20
S1,cap16/none,fifo_chunk,verify_delay_p95_s,0.31275,0.00778543,20
S1,cap16/none,fifo_chunk,instants,71.05,0.442046,20
S1,cap16/none,fifo_chunk,policy_calls,71.05,0.442046,20
S1,cap16/none,fifo_chunk,violations,0,0,20
S1,cap16/none,fifo_chunk,lb_gap,0.354957,0.110605,20
S1,cap16/none,fifo_chunk,J,1.47196,0.150037,20
S1,cap16/none,oracle_dp,groups_consumed,8,0,20
S1,cap16/none,oracle_dp,groups_dropped,0,0,20
S1,cap16/none,oracle_dp,groups_unfinished,0,0,20
S1,cap16/none,oracle_dp,drops_policy,0,0,20
S1,cap16/none,oracle_dp,drops_stale,0,0,20
S1,cap16/none,oracle_dp,drops_colocated_switch,0,0,20
S1,cap16/none,oracle_dp,tokens_consumed,73089.9,9063.69,20
S1,cap16/none,oracle_dp,tokens_dropped,0,0,20
S1,cap16/none,oracle_dp,waste_frac,0,0,20
S1,cap16/none,oracle_dp,length_bias,0,0,20
S1,cap16/none,oracle_dp,run_s,57.0042,9.90894,20
S1,cap16/none,oracle_dp,phase_time_s,57.0042,9.90894,20
S1,cap16/none,oracle_dp,gen_time_s,56.6761,9.90873,20
S1,cap16/none,oracle_dp,straggler_s,0,0,20
S1,cap16/none,oracle_dp,mean_ready_s,38.1503,5.56905,20
S1,cap16/none,oracle_dp,gpu_idle_frac,0.631853,0.0184358,20
S1,cap16/none,oracle_dp,gen_frac,0.362539,0.0173697,20
S1,cap16/none,oracle_dp,overhead_frac,0.0056081,0.00144525,20
S1,cap16/none,oracle_dp,padding_frac,0.419761,0.0366525,20
S1,cap16/none,oracle_dp,verify_delay_mean_s,0.208066,0.00319613,20
S1,cap16/none,oracle_dp,verify_delay_p95_s,0.31275,0.00778543,20
S1,cap16/none,oracle_dp,instants,66.7,0.458056,20
S1,cap16/none,oracle_dp,policy_calls,66.7,0.458056,20
S1,cap16/none,oracle_dp,violations,0,0,20
S1,cap16/none,oracle_dp,lb_gap,0.246156,0.0252072,20
S1,cap16/none,oracle_dp,J,1.49655,0.164189,20
S1,cap16/none,reference,groups_consumed,8,0,20
S1,cap16/none,reference,groups_dropped,0,0,20
S1,cap16/none,reference,groups_unfinished,0,0,20
S1,cap16/none,reference,drops_policy,0,0,20
S1,cap16/none,reference,drops_stale,0,0,20
S1,cap16/none,reference,drops_colocated_switch,0,0,20
S1,cap16/none,reference,tokens_consumed,73089.9,9063.69,20
S1,cap16/none,reference,tokens_dropped,0,0,20
S1,cap16/none,reference,waste_frac,0,0,20
S1,cap16/none,reference,length_bias,0,0,20
S1,cap16/none,reference,run_s,58.4791,10.4938,20
S1,cap16/none,reference,phase_time_s,58.4791,10.4938,20
S1,cap16/none,reference,gen_time_s,58.1144,10.4918,20
S1,cap16/none,reference,straggler_s,0,0,20
S1,cap16/none,reference,mean_ready_s,33.3315,4.9486,20
S1,cap16/none,reference,gpu_idle_frac,0.400631,0.054497,20
S1,cap16/none,reference,gen_frac,0.593839,0.0535238,20
S1,cap16/none,reference,overhead_frac,0.00553018,0.0014692,20
S1,cap16/none,reference,padding_frac,0.664291,0.0218191,20
S1,cap16/none,reference,verify_delay_mean_s,0.208066,0.00319613,20
S1,cap16/none,reference,verify_delay_p95_s,0.31275,0.00778543,20
S1,cap16/none,reference,instants,66.1,0.523807,20
S1,cap16/none,reference,policy_calls,66.1,0.523807,20
S1,cap16/none,reference,violations,0,0,20
S1,cap16/none,reference,lb_gap,0.270072,0.021627,20
S1,cap16/none,reference,J,1.64515,0.172248,20
S1,cap16/none,sorted_chunk,groups_consumed,8,0,20
S1,cap16/none,sorted_chunk,groups_dropped,0,0,20
S1,cap16/none,sorted_chunk,groups_unfinished,0,0,20
S1,cap16/none,sorted_chunk,drops_policy,0,0,20
S1,cap16/none,sorted_chunk,drops_stale,0,0,20
S1,cap16/none,sorted_chunk,drops_colocated_switch,0,0,20
S1,cap16/none,sorted_chunk,tokens_consumed,73089.9,9063.69,20
S1,cap16/none,sorted_chunk,tokens_dropped,0,0,20
S1,cap16/none,sorted_chunk,waste_frac,0,0,20
S1,cap16/none,sorted_chunk,length_bias,0,0,20
S1,cap16/none,sorted_chunk,run_s,59.9662,9.6365,20
S1,cap16/none,sorted_chunk,phase_time_s,59.9662,9.6365,20
S1,cap16/none,sorted_chunk,gen_time_s,59.6593,9.63786,20
S1,cap16/none,sorted_chunk,straggler_s,0,0,20
S1,cap16/none,sorted_chunk,mean_ready_s,28.7272,3.79538,20
S1,cap16/none,sorted_chunk,gpu_idle_frac,0.287271,0.0518517,20
S1,cap16/none,sorted_chunk,gen_frac,0.707515,0.0511282,20
S1,cap16/none,sorted_chunk,overhead_frac,0.00521406,0.00119158,20
S1,cap16/none,sorted_chunk,padding_frac,0.527933,0.0154717,20
S1,cap16/none,sorted_chunk,verify_delay_mean_s,0.208066,0.00319613,20
S1,cap16/none,sorted_chunk,verify_delay_p95_s,0.31275,0.00778543,20
S1,cap16/none,sorted_chunk,instants,71.05,0.442046,20
S1,cap16/none,sorted_chunk,policy_calls,71.05,0.442046,20
S1,cap16/none,sorted_chunk,violations,0,0,20
S1,cap16/none,sorted_chunk,lb_gap,0.354957,0.110605,20
S1,cap16/none,sorted_chunk,J,1.47196,0.150037,20
S1,cap8/group_exact,dp,groups_consumed,8,0,20
S1,cap8/group_exact,dp,groups_dropped,0,0,20
S1,cap8/group_exact,dp,groups_unfinished,0,0,20
S1,cap8/group_exact,dp,drops_policy,0,0,20
S1,cap8/group_exact,dp,drops_stale,0,0,20
S1,cap8/group_exact,dp,drops_colocated_switch,0,0,20
S1,cap8/group_exact,dp,tokens_consumed,73089.9,9063.69,20
S1,cap8/group_exact,dp,tokens_dropped,0,0,20
S1,cap8/group_exact,dp,waste_frac,0,0,20
S1,cap8/group_exact,dp,length_bias,0,0,20
S1,cap8/group_exact,dp,run_s,54.8518,8.29891,20
S1,cap8/group_exact,dp,phase_time_s,54.8518,8.29891,20
S1,cap8/group_exact,dp,gen_time_s,54.5779,8.29437,20
S1,cap8/group_exact,dp,straggler_s,0,0,20
S1,cap8/group_exact,dp,mean_ready_s,32.1249,4.35668,20
S1,cap8/group_exact,dp,gpu_idle_frac,0.225645,0.0542848,20
S1,cap8/group_exact,dp,gen_frac,0.768716,0.0535868,20
S1,cap8/group_exact,dp,overhead_frac,0.0056391,0.00123863,20
S1,cap8/group_exact,dp,padding_frac,0.527933,0.0154717,20
S1,cap8/group_exact,dp,verify_delay_mean_s,0.208066,0.00319613,20
S1,cap8/group_exact,dp,verify_delay_p95_s,0.31275,0.00778543,20
S1,cap8/group_exact,dp,instants,71.1,0.426787,20
S1,cap8/group_exact,dp,policy_calls,71.1,0.426787,20
S1,cap8/group_exact,dp,violations,0,0,20
S1,cap8/group_exact,dp,lb_gap,0.241048,0.0856882,20
S1,cap8/group_exact,dp,J,1.37149,0.132387,20
S1,cap8/group_exact,fifo_chunk,groups_consumed,8,0,20
S1,cap8/group_exact,fifo_chunk,groups_dropped,0,0,20
S1,cap8/group_exact,fifo_chunk,groups_unfinished,0,0,20
S1,cap8/group_exact,fifo_chunk,drops_policy,0,0,20
S1,cap8/group_exact,fifo_chunk,drops_stale,0,0,20
S1,cap8/group_exact,fifo_chunk,drops_colocated_switch,0,0,20
S1,cap8/group_exact,fifo_chunk,tokens_consumed,73089.9,9063.69,20
S1,cap8/group_exact,fifo_chunk,tokens_dropped,0,0,20
S1,cap8/group_exact,fifo_chunk,waste_frac,0,0,20
S1,cap8/group_exact,fifo_chunk,length_bias,0,0,20
S1,cap8/group_exact,fifo_chunk,run_s,59.9662,9.6365,20
S1,cap8/group_exact,fifo_chunk,phase_time_s,59.9662,9.6365,20
S1,cap8/group_exact,fifo_chunk,gen_time_s,59.6593,9.63786,20
S1,cap8/group_exact,fifo_chunk,straggler_s,0,0,20
S1,cap8/group_exact,fifo_chunk,mean_ready_s,28.7272,3.79538,20
S1,cap8/group_exact,fifo_chunk,gpu_idle_frac,0.287271,0.0518517,20
S1,cap8/group_exact,fifo_chunk,gen_frac,0.707515,0.0511282,20
S1,cap8/group_exact,fifo_chunk,overhead_frac,0.00521406,0.00119158,20
S1,cap8/group_exact,fifo_chunk,padding_frac,0.527933,0.0154717,20
S1,cap8/group_exact,fifo_chunk,verify_delay_mean_s,0.208066,0.00319613,20
S1,cap8/group_exact,fifo_chunk,verify_delay_p95_s,0.31275,0.00778543,20
S1,cap8/group_exact,fifo_chunk,instants,71.05,0.442046,20
S1,cap8/group_exact,fifo_chunk,policy_calls,71.05,0.442046,20
S1,cap8/group_exact,fifo_chunk,violations,0,0,20
S1,cap8/group_exact,fifo_chunk,lb_gap,0.354957,0.110605,20
S1,cap8/group_exact,fifo_chunk,J,1.47044,0.149794,20
S1,cap8/group_exact,oracle_dp,groups_consumed,8,0,20
S1,cap8/group_exact,oracle_dp,groups_dropped,0,0,20
S1,cap8/group_exact,oracle_dp,groups_unfinished,0,0,20
S1,cap8/group_exact,oracle_dp,drops_policy,0,0,20
S1,cap8/group_exact,oracle_dp,drops_stale,0,0,20
S1,cap8/group_exact,oracle_dp,drops_colocated_switch,0,0,20
S1,cap8/group_exact,oracle_dp,tokens_consumed,73089.9,9063.69,20
S1,cap8/group_exact,oracle_dp,tokens_dropped,0,0,20
S1,cap8/group_exact,oracle_dp,waste_frac,0,0,20
S1,cap8/group_exact,oracle_dp,length_bias,0,0,20
S1,cap8/group_exact,oracle_dp,run_s,51.5366,8.95021,20
S1,cap8/group_exact,oracle_dp,phase_time_s,51.5366,8.95021,20
S1,cap8/group_exact,oracle_dp,gen_time_s,51.2241,8.95015,20
S1,cap8/group_exact,oracle_dp,straggler_s,0,0,20
S1,cap8/group_exact,oracle_dp,mean_ready_s,31.9858,5.21994,20
S1,cap8/group_exact,oracle_dp,gpu_idle_frac,0.458021,0.0457817,20
S1,cap8/group_exact,oracle_dp,gen_frac,0.535607,0.0444427,20
S1,cap8/group_exact,oracle_dp,overhead_frac,0.00637178,0.00162971,20
S1,cap8/group_exact,oracle_dp,padding_frac,0.257505,0.0312671,20
S1,cap8/group_exact,oracle_dp,verify_delay_mean_s,0.208066,0.00319613,20
S1,cap8/group_exact,oracle_dp,verify_delay_p95_s,0.31275,0.00778543,20
S1,cap8/group_exact,oracle_dp,instants,70.9,0.501315,20
S1,cap8/group_exact,oracle_dp,policy_calls,70.9,0.501315,20
S1,cap8/group_exact,oracle_dp,violations,0,0,20
S1,cap8/group_exact,oracle_dp,lb_gap,0.126029,0.0100938,20
S1,cap8/group_exact,oracle_dp,J,1.17309,0.163001,20
S1,cap8/group_exact,reference,groups_consumed,8,0,20
S1,cap8/group_exact,reference,groups_dropped,0,0,20
S1,cap8/group_exact,reference,groups_unfinished,0,0,20
S1,cap8/group_exact,reference,drops_policy,0,0,20
S1,cap8/group_exact,reference,drops_stale,0,0,20
S1,cap8/group_exact,reference,drops_colocated_switch,0,0,20
S1,cap8/group_exact,reference,tokens_consumed,73089.9,9063.69,20
S1,cap8/group_exact,reference,tokens_dropped,0,0,20
S1,cap8/group_exact,reference,waste_frac,0,0,20
S1,cap8/group_exact,reference,length_bias,0,0,20
S1,cap8/group_exact,reference,run_s,59.9662,9.6365,20
S1,cap8/group_exact,reference,phase_time_s,59.9662,9.6365,20
S1,cap8/group_exact,reference,gen_time_s,59.6593,9.63786,20
S1,cap8/group_exact,reference,straggler_s,0,0,20
S1,cap8/group_exact,reference,mean_ready_s,28.7272,3.79538,20
S1,cap8/group_exact,reference,gpu_idle_frac,0.287271,0.0518517,20
S1,cap8/group_exact,reference,gen_frac,0.707515,0.0511282,20
S1,cap8/group_exact,reference,overhead_frac,0.00521406,0.00119158,20
S1,cap8/group_exact,reference,padding_frac,0.527933,0.0154717,20
S1,cap8/group_exact,reference,verify_delay_mean_s,0.208066,0.00319613,20
S1,cap8/group_exact,reference,verify_delay_p95_s,0.31275,0.00778543,20
S1,cap8/group_exact,reference,instants,71.05,0.442046,20
S1,cap8/group_exact,reference,policy_calls,71.05,0.442046,20
S1,cap8/group_exact,reference,violations,0,0,20
S1,cap8/group_exact,reference,lb_gap,0.354957,0.110605,20
S1,cap8/group_exact,reference,J,1.47044,0.149794,20
S1,cap8/group_exact,sorted_chunk,groups_consumed,8,0,20
S1,cap8/group_exact,sorted_chunk,groups_dropped,0,0,20
S1,cap8/group_exact,sorted_chunk,groups_unfinished,0,0,20
S1,cap8/group_exact,sorted_chunk,drops_policy,0,0,20
S1,cap8/group_exact,sorted_chunk,drops_stale,0,0,20
S1,cap8/group_exact,sorted_chunk,drops_colocated_switch,0,0,20
S1,cap8/group_exact,sorted_chunk,tokens_consumed,73089.9,9063.69,20
S1,cap8/group_exact,sorted_chunk,tokens_dropped,0,0,20
S1,cap8/group_exact,sorted_chunk,waste_frac,0,0,20
S1,cap8/group_exact,sorted_chunk,length_bias,0,0,20
S1,cap8/group_exact,sorted_chunk,run_s,68.9159,10.1555,20
S1,cap8/group_exact,sorted_chunk,phase_time_s,68.9159,10.1555,20
S1,cap8/group_exact,sorted_chunk,gen_time_s,68.6358,10.1563,20
S1,cap8/group_exact,sorted_chunk,straggler_s,0,0,20
S1,cap8/group_exact,sorted_chunk,mean_ready_s,50.9175,6.74139,20
S1,cap8/group_exact,sorted_chunk,gpu_idle_frac,0.0758071,0.0293307,20
S1,cap8/group_exact,sorted_chunk,gen_frac,0.919605,0.0290546,20
S1,cap8/group_exact,sorted_chunk,overhead_frac,0.00458801,0.000809624,20
S1,cap8/group_exact,sorted_chunk,padding_frac,0.41918,0.0154989,20
S1,cap8/group_exact,sorted_chunk,verify_delay_mean_s,0.208066,0.00319613,20
S1,cap8/group_exact,sorted_chunk,verify_delay_p95_s,0.31275,0.00778543,20
S1,cap8/group_exact,sorted_chunk,instants,79.65,0.313954,20
S1,cap8/group_exact,sorted_chunk,policy_calls,79.65,0.313954,20
S1,cap8/group_exact,sorted_chunk,violations,0,0,20
S1,cap8/group_exact,sorted_chunk,lb_gap,0.6157,0.199066,20
S1,cap8/group_exact,sorted_chunk,J,1.37518,0.146412,20
S1,cap8/group_moderate,dp,groups_consumed,8,0,20
S1,cap8/group_moderate,dp,groups_dropped,0,0,20
S1,cap8/group_moderate,dp,groups_unfinished,0,0,20
S1,cap8/group_moderate,dp,drops_policy,0,0,20
S1,cap8/group_moderate,dp,drops_stale,0,0,20
S1,cap8/group_moderate,dp,drops_colocated_switch,0,0,20
S1,cap8/group_moderate,dp,tokens_consumed,73089.9,9063.69,20
S1,cap8/group_moderate,dp,tokens_dropped,0,0,20
S1,cap8/group_moderate,dp,waste_frac,0,0,20
S1,cap8/group_moderate,dp,length_bias,0,0,20
S1,cap8/group_moderate,dp,run_s,55.3667,8.29093,20
S1,cap8/group_moderate,dp,phase_time_s,55.3667,8.29093,20
S1,cap8/group_moderate,dp,gen_time_s,55.0758,8.28562,20
S1,cap8/group_moderate,dp,straggler_s,0,0,20
S1,cap8/group_moderate,dp,mean_ready_s,31.2364,4.23914,20
S1,cap8/group_moderate,dp,gpu_idle_frac,0.234923,0.050017,20
S1,cap8/group_moderate,dp,gen_frac,0.759525,0.0494081,20
S1,cap8/group_moderate,dp,overhead_frac,0.00555224,0.00113074,20
S1,cap8/group_moderate,dp,padding_frac,0.527933,0.0154717,20
S1,cap8/group_moderate,dp,verify_delay_mean_s,0.208066,0.00319613,20
S1,cap8/group_moderate,dp,verify_delay_p95_s,0.31275,0.00778543,20
S1,cap8/group_moderate,dp,instants,71.1,0.398861,20
S1,cap8/group_moderate,dp,policy_calls,71.1,0.398861,20
S1,cap8/group_moderate,dp,violations,0,0,20
S1,cap8/group_moderate,dp,lb_gap,0.253848,0.0842278,20
S1,cap8/group_moderate,dp,J,1.38299,0.131473,20
S1,cap8/group_moderate,fifo_chunk,groups_consumed,8,0,20
S1,cap8/group_moderate,fifo_chunk,groups_dropped,0,0,20
S1,cap8/group_moderate,fifo_chunk,groups_unfinished,0,0,20
S1,cap8/group_moderate,fifo_chunk,drops_policy,0,0,20
S1,cap8/group_moderate,fifo_chunk,drops_stale,0,0,20
S1,cap8/group_moderate,fifo_chunk,drops_colocated_switch,0,0,20
S1,cap8/group_moderate,fifo_chunk,tokens_consumed,73089.9,9063.69,20
S1,cap8/group_moderate,fifo_chunk,tokens_dropped,0,0,20
S1,cap8/group_moderate,fifo_chunk,waste_frac,0,0,20
S1,cap8/group_moderate,fifo_chunk,length_bias,0,0,20
S1,cap8/group_moderate,fifo_chunk,run_s,59.9662,9.6365,20
S1,cap8/group_moderate,fifo_chunk,phase_time_s,59.9662,9.6365,20
S1,cap8/group_moderate,fifo_chunk,gen_time_s,59.6593,9.63786,20
S1,cap8/group_moderate,fifo_chunk,straggler_s,0,0,20
S1,cap8/group_moderate,fifo_chunk,mean_ready_s,28.7272,3.79538,20
S1,cap8/group_moderate,fifo_chunk,gpu_idle_frac,0.287271,0.0518517,20
S1,cap8/group_moderate,fifo_chunk,gen_frac,0.707515,0.0511282,20
S1,cap8/group_moderate,fifo_chunk,overhead_frac,0.00521406,0.00119158,20
S1,cap8/group_moderate,fifo_chunk,padding_frac,0.527933,0.0154717,20
S1,cap8/group_moderate,fifo_chunk,verify_delay_mean_s,0.208066,0.00319613,20
S1,cap8/group_moderate,fifo_chunk,verify_delay_p95_s,0.31275,0.00778543,20
S1,cap8/group_moderate,fifo_chunk,instants,71.05,0.442046,20
S1,cap8/group_moderate,fifo_chunk,policy_calls,71.05,0.442046,20
S1,cap8/group_moderate,fifo_chunk,violations,0,0,20
S1,cap8/group_moderate,fifo_chunk,lb_gap,0.354957,0.110605,20
S1,cap8/group_moderate,fifo_chunk,J,1.47044,0.149794,20
S1,cap8/group_moderate,oracle_dp,groups_consumed,8,0,20
S1,cap8/group_moderate,oracle_dp,groups_dropped,0,0,20
S1,cap8/group_moderate,oracle_dp,groups_unfinished,0,0,20
S1,cap8/group_moderate,oracle_dp,drops_policy,0,0,20
S1,cap8/group_moderate,oracle_dp,drops_stale,0,0,20
S1,cap8/group_moderate,oracle_dp,drops_colocated_switch,0,0,20
S1,cap8/group_moderate,oracle_dp,tokens_consumed,73089.9,9063.69,20
S1,cap8/group_moderate,oracle_dp,tokens_dropped,0,0,20
S1,cap8/group_moderate,oracle_dp,waste_frac,0,0,20
S1,cap8/group_moderate,oracle_dp,length_bias,0,0,20
S1,cap8/group_moderate,oracle_dp,run_s,51.5366,8.95021,20
S1,cap8/group_moderate,oracle_dp,phase_time_s,51.5366,8.95021,20
S1,cap8/group_moderate,oracle_dp,gen_time_s,51.2241,8.95015,20
S1,cap8/group_moderate,oracle_dp,straggler_s,0,0,20
S1,cap8/group_moderate,oracle_dp,mean_ready_s,31.9858,5.21994,20
S1,cap8/group_moderate,oracle_dp,gpu_idle_frac,0.458021,0.0457817,20
S1,cap8/group_moderate,oracle_dp,gen_frac,0.535607,0.0444427,20
S1,cap8/group_moderate,oracle_dp,overhead_frac,0.00637178,0.00162971,20
S1,cap8/group_moderate,oracle_dp,padding_frac,0.257505,0.0312671,20
S1,cap8/group_moderate,oracle_dp,verify_delay_mean_s,0.208066,0.00319613,20
S1,cap8/group_moderate,oracle_dp,verify_delay_p95_s,0.31275,0.00778543,20
S1,cap8/group_moderate,oracle_dp,instants,70.9,0.501315,20
S1,cap8/group_moderate,oracle_dp,policy_calls,70.9,0.501315,20
S1,cap8/group_moderate,oracle_dp,violations,0,0,20
S1,cap8/group_moderate,oracle_dp,lb_gap,0.126029,0.0100938,20
S1,cap8/group_moderate,oracle_dp,J,1.17309,0.163001,20
S1,cap8/group_moderate,reference,groups_consumed,8,0,20
S1,cap8/group_moderate,reference,groups_dropped,0,0,20
S1,cap8/group_moderate,reference,groups_unfinished,0,0,20
S1,cap8/group_moderate,reference,drops_policy,0,0,20
S1,cap8/group_moderate,reference,drops_stale,0,0,20
S1,cap8/group_moderate,reference,drops_colocated_switch,0,0,20
S1,cap8/group_moderate,reference,tokens_consumed,73089.9,9063.69,20
S1,cap8/group_moderate,reference,tokens_dropped,0,0,20
S1,cap8/group_moderate,reference,waste_frac,0,0,20
S1,cap8/group_moderate,reference,length_bias,0,0,20
S1,cap8/group_moderate,reference,run_s,59.9662,9.6365,20
S1,cap8/group_moderate,reference,phase_time_s,59.9662,9.6365,20
S1,cap8/group_moderate,reference,gen_time_s,59.6593,9.63786,20
S1,cap8/group_moderate,reference,straggler_s,0,0,20
S1,cap8/group_moderate,reference,mean_ready_s,28.7272,3.79538,20
S1,cap8/group_moderate,reference,gpu_idle_frac,0.287271,0.0518517,20
S1,cap8/group_moderate,reference,gen_frac,0.707515,0.0511282,20
S1,cap8/group_moderate,reference,overhead_frac,0.00521406,0.00119158,20
S1,cap8/group_moderate,reference,padding_frac,0.527933,0.0154717,20
S1,cap8/group_moderate,reference,verify_delay_mean_s,0.208066,0.00319613,20
S1,cap8/group_moderate,reference,verify_delay_p95_s,0.31275,0.00778543,20
S1,cap8/group_moderate,reference,instants,71.05,0.442046,20
S1,cap8/group_moderate,reference,policy_calls,71.05,0.442046,20
S1,cap8/group_moderate,reference,violations,0,0,20
S1,cap8/group_moderate,reference,lb_gap,0.354957,0.110605,20
S1,cap8/group_moderate,reference,J,1.47044,0.149794,20
S1,cap8/group_moderate,sorted_chunk,groups_consumed,8,0,20
S1,cap8/group_moderate,sorted_chunk,groups_dropped,0,0,20
S1,cap8/group_moderate,sorted_chunk,groups_unfinished,0,0,20
S1,cap8/group_moderate,sorted_chunk,drops_policy,0,0,20
S1,cap8/group_moderate,sorted_chunk,drops_stale,0,0,20
S1,cap8/group_moderate,sorted_chunk,drops_colocated_switch,0,0,20
S1,cap8/group_moderate,sorted_chunk,tokens_consumed,73089.9,9063.69,20
S1,cap8/group_moderate,sorted_chunk,tokens_dropped,0,0,20
S1,cap8/group_moderate,sorted_chunk,waste_frac,0,0,20
S1,cap8/group_moderate,sorted_chunk,length_bias,0,0,20
S1,cap8/group_moderate,sorted_chunk,run_s,69.0515,10.3962,20
S1,cap8/group_moderate,sorted_chunk,phase_time_s,69.0515,10.3962,20
S1,cap8/group_moderate,sorted_chunk,gen_time_s,68.7906,10.3947,20
S1,cap8/group_moderate,sorted_chunk,straggler_s,0,0,20
S1,cap8/group_moderate,sorted_chunk,mean_ready_s,49.2148,6.62802,20
S1,cap8/group_moderate,sorted_chunk,gpu_idle_frac,0.0764334,0.0296951,20
S1,cap8/group_moderate,sorted_chunk,gen_frac,0.918981,0.0294196,20
S1,cap8/group_moderate,sorted_chunk,overhead_frac,0.00458517,0.000792144,20
S1,cap8/group_moderate,sorted_chunk,padding_frac,0.41918,0.0154989,20
S1,cap8/group_moderate,sorted_chunk,verify_delay_mean_s,0.208066,0.00319613,20
S1,cap8/group_moderate,sorted_chunk,verify_delay_p95_s,0.31275,0.00778543,20
S1,cap8/group_moderate,sorted_chunk,instants,79.6,0.318511,20
S1,cap8/group_moderate,sorted_chunk,policy_calls,79.6,0.318511,20
S1,cap8/group_moderate,sorted_chunk,violations,0,0,20
S1,cap8/group_moderate,sorted_chunk,lb_gap,0.616596,0.194772,20
S1,cap8/group_moderate,sorted_chunk,J,1.3773,0.151576,20
S1,cap8/none,dp,groups_consumed,8,0,20
S1,cap8/none,dp,groups_dropped,0,0,20
S1,cap8/none,dp,groups_unfinished,0,0,20
S1,cap8/none,dp,drops_policy,0,0,20
S1,cap8/none,dp,drops_stale,0,0,20
S1,cap8/none,dp,drops_colocated_switch,0,0,20
S1,cap8/none,dp,tokens_consumed,73089.9,9063.69,20
S1,cap8/none,dp,tokens_dropped,0,0,20
S1,cap8/none,dp,waste_frac,0,0,20
S1,cap8/none,dp,length_bias,0,0,20
S1,cap8/none,dp,run_s,59.9662,9.6365,20
S1,cap8/none,dp,phase_time_s,59.9662,9.6365,20
S1,cap8/none,dp,gen_time_s,59.6593,9.63786,20
S1,cap8/none,dp,straggler_s,0,0,20
S1,cap8/none,dp,mean_ready_s,28.7272,3.79538,20
S1,cap8/none,dp,gpu_idle_frac,0.287271,0.0518517,20
S1,cap8/none,dp,gen_frac,0.707515,0.0511282,20
S1,cap8/none,dp,overhead_frac,0.00521406,0.00119158,20
S1,cap8/none,dp,padding_frac,0.527933,0.0154717,20
S1,cap8/none,dp,verify_delay_mean_s,0.208066,0.00319613,20
S1,cap8/none,dp,verify_delay_p95_s,0.31275,0.00778543,20
S1,cap8/none,dp,instants,71.05,0.442046,20
S1,cap8/none,dp,policy_calls,71.05,0.442046,20
S1,cap8/none,dp,violations,0,0,20
S1,cap8/none,dp,lb_gap,0.354957,0.110605,20
S1,cap8/none,dp,J,1.47044,0.149794,20
S1,cap8/none,fifo_chunk,groups_consumed,8,0,20
S1,cap8/none,fifo_chunk,groups_dropped,0,0,20
S1,cap8/none,fifo_chunk,groups_unfinished,0,0,20
S1,cap8/none,fifo_chunk,drops_policy,0,0,20
S1,cap8/none,fifo_chunk,drops_stale,0,0,20
S1,cap8/none,fifo_chunk,drops_colocated_switch,0,0,20
S1,cap8/none,fifo_chunk,tokens_consumed,73089.9,9063.69,20
S1,cap8/none,fifo_chunk,tokens_dropped,0,0,20
S1,cap8/none,fifo_chunk,waste_frac,0,0,20
S1,cap8/none,fifo_chunk,length_bias,0,0,20
S1,cap8/none,fifo_chunk,run_s,59.9662,9.6365,20
S1,cap8/none,fifo_chunk,phase_time_s,59.9662,9.6365,20
S1,cap8/none,fifo_chunk,gen_time_s,59.6593,9.63786,20
S1,cap8/none,fifo_chunk,straggler_s,0,0,20
S1,cap8/none,fifo_chunk,mean_ready_s,28.7272,3.79538,20
S1,cap8/none,fifo_chunk,gpu_idle_frac,0.287271,0.0518517,20
S1,cap8/none,fifo_chunk,gen_frac,0.707515,0.0511282,20
S1,cap8/none,fifo_chunk,overhead_frac,0.00521406,0.00119158,20
S1,cap8/none,fifo_chunk,padding_frac,0.527933,0.0154717,20
S1,cap8/none,fifo_chunk,verify_delay_mean_s,0.208066,0.00319613,20
S1,cap8/none,fifo_chunk,verify_delay_p95_s,0.31275,0.00778543,20
S1,cap8/none,fifo_chunk,instants,71.05,0.442046,20
S1,cap8/none,fifo_chunk,policy_calls,71.05,0.442046,20
S1,cap8/none,fifo_chunk,violations,0,0,20
S1,cap8/none,fifo_chunk,lb_gap,0.354957,0.110605,20
S1,cap8/none,fifo_chunk,J,1.47044,0.149794,20
S1,cap8/none,oracle_dp,groups_consumed,8,0,20
S1,cap8/none,oracle_dp,groups_dropped,0,0,20
S1,cap8/none,oracle_dp,groups_unfinished,0,0,20
S1,cap8/none,oracle_dp,drops_policy,0,0,20
S1,cap8/none,oracle_dp,drops_stale,0,0,20
S1,cap8/none,oracle_dp,drops_colocated_switch,0,0,20
S1,cap8/none,oracle_dp,tokens_consumed,73089.9,9063.69,20
S1,cap8/none,oracle_dp,tokens_dropped,0,0,20
S1,cap8/none,oracle_dp,waste_frac,0,0,20
S1,cap8/none,oracle_dp,length_bias,0,0,20
S1,cap8/none,oracle_dp,run_s,51.5366,8.95021,20
S1,cap8/none,oracle_dp,phase_time_s,51.5366,8.95021,20
S1,cap8/none,oracle_dp,gen_time_s,51.2241,8.95015,20
S1,cap8/none,oracle_dp,straggler_s,0,0,20
S1,cap8/none,oracle_dp,mean_ready_s,31.9858,5.21994,20
S1,cap8/none,oracle_dp,gpu_idle_frac,0.458021,0.0457817,20
S1,cap8/none,oracle_dp,gen_frac,0.535607,0.0444427,20
S1,cap8/none,oracle_dp,overhead_frac,0.00637178,0.00162971,20
S1,cap8/none,oracle_dp,padding_frac,0.257505,0.0312671,20
S1,cap8/none,oracle_dp,verify_delay_mean_s,0.208066,0.00319613,20
S1,cap8/none,oracle_dp,verify_delay_p95_s,0.31275,0.00778543,20
S1,cap8/none,oracle_dp,instants,70.9,0.501315,20
S1,cap8/none,oracle_dp,policy_calls,70.9,0.501315,20
S1,cap8/none,oracle_dp,violations,0,0,20
S1,cap8/none,oracle_dp,lb_gap,0.126029,0.0100938,20
S1,cap8/none,oracle_dp,J,1.17309,0.163001,20
S1,cap8/none,reference,groups_consumed,8,0,20
S1,cap8/none,reference,groups_dropped,0,0,20
S1,cap8/none,reference,groups_unfinished,0,0,20
S1,cap8/none,reference,drops_policy,0,0,20
S1,cap8/none,reference,drops_stale,0,0,20
S1,cap8/none,reference,drops_colocated_switch,0,0,20
S1,cap8/none,reference,tokens_consumed,73089.9,9063.69,20
S1,cap8/none,reference,tokens_dropped,0,0,20
S1,cap8/none,reference,waste_frac,0,0,20
S1,cap8/none,reference,length_bias,0,0,20
S1,cap8/none,reference,run_s,59.9662,9.6365,20
S1,cap8/none,reference,phase_time_s,59.9662,9.6365,20
S1,cap8/none,reference,gen_time_s,59.6593,9.63786,20
S1,cap8/none,reference,straggler_s,0,0,20
S1,cap8/none,reference,mean_ready_s,28.7272,3.79538,20
S1,cap8/none,reference,gpu_idle_frac,0.287271,0.0518517,20
S1,cap8/none,reference,gen_frac,0.707515,0.0511282,20
S1,cap8/none,reference,overhead_frac,0.00521406,0.00119158,20
S1,cap8/none,reference,padding_frac,0.527933,0.0154717,20
S1,cap8/none,reference,verify_delay_mean_s,0.208066,0.00319613,20
S1,cap8/none,reference,verify_delay_p95_s,0.31275,0.00778543,20
S1,cap8/none,reference,instants,71.05,0.442046,20
S1,cap8/none,reference,policy_calls,71.05,0.442046,20
S1,cap8/none,reference,violations,0,0,20
S1,cap8/none,reference,lb_gap,0.354957,0.110605,20
S1,cap8/none,reference,J,1.47044,0.149794,20
S1,cap8/none,sorted_chunk,groups_consumed,8,0,20
S1,cap8/none,sorted_chunk,groups_dropped,0,0,20
S1,cap8/none,sorted_chunk,groups_unfinished,0,0,20
S1,cap8/none,sorted_chunk,drops_policy,0,0,20
S1,cap8/none,sorted_chunk,drops_stale,0,0,20
S1,cap8/none,sorted_chunk,drops_colocated_switch,0,0,20
S1,cap8/none,sorted_chunk,tokens_consumed,73089.9,9063.69,20
S1,cap8/none,sorted_chunk,tokens_dropped,0,0,20
S1,cap8/none,sorted_chunk,waste_frac,0,0,20
S1,cap8/none,sorted_chunk,length_bias,0,0,20
S1,cap8/none,sorted_chunk,run_s,59.9662,9.6365,20
S1,cap8/none,sorted_chunk,phase_time_s,59.9662,9.6365,20
S1,cap8/none,sorted_chunk,gen_time_s,59.6593,9.63786,20
S1,cap8/none,sorted_chunk,straggler_s,0,0,20
S1,cap8/none,sorted_chunk,mean_ready_s,28.7272,3.79538,20
S1,cap8/none,sorted_chunk,gpu_idle_frac,0.287271,0.0518517,20
S1,cap8/none,sorted_chunk,gen_frac,0.707515,0.0511282,20
S1,cap8/none,sorted_chunk,overhead_frac,0.00521406,0.00119158,20
S1,cap8/none,sorted_chunk,padding_frac,0.527933,0.0154717,20
S1,cap8/none,sorted_chunk,verify_delay_mean_s,0.208066,0.00319613,20
S1,cap8/none,sorted_chunk,verify_delay_p95_s,0.31275,0.00778543,20
S1,cap8/none,sorted_chunk,instants,71.05,0.442046,20
S1,cap8/none,sorted_chunk,policy_calls,71.05,0.442046,20
S1,cap8/none,sorted_chunk,violations,0,0,20
S1,cap8/none,sorted_chunk,lb_gap,0.354957,0.110605,20
S1,cap8/none,sorted_chunk,J,1.47044,0.149794,20
S10,eta1,best_s2+carry(1.25),groups_consumed,1536,0,20
S10,eta1,best_s2+carry(1.25),groups_dropped,238.9,3.42542,20
S10,eta1,best_s2+carry(1.25),groups_unfinished,71.9,2.51759,20
S10,eta1,best_s2+carry(1.25),drops_policy,0,0,20
S10,eta1,best_s2+carry(1.25),drops_stale,238.9,3.42542,20
S10,eta1,best_s2+carry(1.25),drops_colocated_switch,0,0,20
S10,eta1,best_s2+carry(1.25),tokens_consumed,1.29347e+07,175747,20
S10,eta1,best_s2+carry(1.25),tokens_dropped,5.69608e+06,90584.9,20
S10,eta1,best_s2+carry(1.25),waste_frac,0.305773,0.00424518,20
S10,eta1,best_s2+carry(1.25),length_bias,-0.227968,0.00445526,20
S10,eta1,best_s2+carry(1.25),run_s,1467.38,19.3511,20
S10,eta1,best_s2+carry(1.25),gpu_idle_frac,0.373599,0.00156935,20
S10,eta1,best_s2+carry(1.25),verify_delay_mean_s,1.46396,0.0514116,20
S10,eta1,best_s2+carry(1.25),verify_delay_p95_s,6.2261,0.15549,20
S10,eta1,best_s2+carry(1.25),instants,33003.7,64.4583,20
S10,eta1,best_s2+carry(1.25),policy_calls,33003.7,64.4583,20
S10,eta1,best_s2+carry(1.25),violations,0,0,20
S10,eta1,best_s2+carry(1.25),J,1.3663,0.0145148,20
S10,eta1,best_s2+carry(1.25),window_s,1272.78,19.5968,20
S10,eta1,best_s2+carry(1.25),step_time_mean_s,60.6085,0.93318,20
S10,eta1,best_s2+carry(1.25),step_time_p95_s,78.1466,1.37457,20
S10,eta1,best_s2+carry(1.25),samples_per_s,8.45653,0.132903,20
S10,eta1,best_s2+carry(1.25),completed_tokens_per_s,12719,104.687,20
S10,eta1,best_s2+carry(1.25),rollout_idle_frac,0.00357036,0.000923291,20
S10,eta1,best_s2+carry(1.25),gpu_gen_frac,0.487925,0.000435652,20
S10,eta1,best_s2+carry(1.25),gpu_overhead_frac,0.0185485,0.000302165,20
S10,eta1,best_s2+carry(1.25),gpu_train_frac,0.119928,0.0013833,20
S10,eta1,best_s2+carry(1.25),trainer_wait_frac,0.743628,0.0029663,20
S10,eta1,best_s2+carry(1.25),trainer_wait_mean_s,45.0795,0.835591,20
S10,eta1,best_s2+carry(1.25),straggler_mean_s,9.62699,0.480626,20
S10,eta1,best_s2+carry(1.25),straggler_p95_s,16.3068,1.08921,20
S10,eta1,best_s2+carry(1.25),staleness_mean,0.979613,0.00261663,20
S10,eta1,best_s2+carry(1.25),staleness_max,1,0,20
S10,eta1,best_s2+carry(1.25),stale_token_frac,0.990464,0.00155191,20
S10,eta1,best_s2+carry(1.25),batch_len_cv,0.163536,0.0148243,20
S10,eta1,best_s2+carry(1.25)+deadline,groups_consumed,1536,0,20
S10,eta1,best_s2+carry(1.25)+deadline,groups_dropped,145.95,5.35877,20
S10,eta1,best_s2+carry(1.25)+deadline,groups_unfinished,67.25,1.88968,20
S10,eta1,best_s2+carry(1.25)+deadline,drops_policy,0,0,20
S10,eta1,best_s2+carry(1.25)+deadline,drops_stale,145.95,5.35877,20
S10,eta1,best_s2+carry(1.25)+deadline,drops_colocated_switch,0,0,20
S10,eta1,best_s2+carry(1.25)+deadline,tokens_consumed,1.41101e+07,191947,20
S10,eta1,best_s2+carry(1.25)+deadline,tokens_dropped,3.92214e+06,151130,20
S10,eta1,best_s2+carry(1.25)+deadline,waste_frac,0.217427,0.00751914,20
S10,eta1,best_s2+carry(1.25)+deadline,length_bias,-0.157931,0.00644096,20
S10,eta1,best_s2+carry(1.25)+deadline,run_s,1628.3,20.7019,20
S10,eta1,best_s2+carry(1.25)+deadline,gpu_idle_frac,0.399193,0.0049246,20
S10,eta1,best_s2+carry(1.25)+deadline,verify_delay_mean_s,1.48384,0.0502102,20
S10,eta1,best_s2+carry(1.25)+deadline,verify_delay_p95_s,6.29955,0.164985,20
S10,eta1,best_s2+carry(1.25)+deadline,instants,31476.2,98.5729,20
S10,eta1,best_s2+carry(1.25)+deadline,policy_calls,31476.2,98.5729,20
S10,eta1,best_s2+carry(1.25)+deadline,violations,0,0,20
S10,eta1,best_s2+carry(1.25)+deadline,J,1.30297,0.0151305,20
S10,eta1,best_s2+carry(1.25)+deadline,window_s,1420.39,22.1821,20
S10,eta1,best_s2+carry(1.25)+deadline,step_time_mean_s,67.6376,1.05629,20
S10,eta1,best_s2+carry(1.25)+deadline,step_time_p95_s,82.286,1.86256,20
S10,eta1,best_s2+carry(1.25)+deadline,samples_per_s,7.57773,0.11775,20
S10,eta1,best_s2+carry(1.25)+deadline,completed_tokens_per_s,11000.8,170.56,20
S10,eta1,best_s2+carry(1.25)+deadline,rollout_idle_frac,0.0422069,0.00853677,20
S10,eta1,best_s2+carry(1.25)+deadline,gpu_gen_frac,0.469638,0.00432048,20
S10,eta1,best_s2+carry(1.25)+deadline,gpu_overhead_frac,0.0166587,0.000231964,20
S10,eta1,best_s2+carry(1.25)+deadline,gpu_train_frac,0.114511,0.00127596,20
S10,eta1,best_s2+carry(1.25)+deadline,trainer_wait_frac,0.756179,0.00271918,20
S10,eta1,best_s2+carry(1.25)+deadline,trainer_wait_mean_s,51.1553,0.941841,20
S10,eta1,best_s2+carry(1.25)+deadline,straggler_mean_s,12.3136,0.653078,20
S10,eta1,best_s2+carry(1.25)+deadline,straggler_p95_s,21.1512,1.16509,20
S10,eta1,best_s2+carry(1.25)+deadline,staleness_mean,0.977269,0.00262655,20
S10,eta1,best_s2+carry(1.25)+deadline,staleness_max,1,0,20
S10,eta1,best_s2+carry(1.25)+deadline,stale_token_frac,0.988968,0.00120378,20
S10,eta1,best_s2+carry(1.25)+deadline,batch_len_cv,0.168832,0.0108886,20
S10,eta1,best_s2+carry(1.5),groups_consumed,1536,0,20
S10,eta1,best_s2+carry(1.5),groups_dropped,286.25,9.16473,20
S10,eta1,best_s2+carry(1.5),groups_unfinished,72.9,4.54747,20
S10,eta1,best_s2+carry(1.5),drops_policy,0,0,20
S10,eta1,best_s2+carry(1.5),drops_stale,286.25,9.16473,20
S10,eta1,best_s2+carry(1.5),drops_colocated_switch,0,0,20
S10,eta1,best_s2+carry(1.5),tokens_consumed,1.26725e+07,166911,20
S10,eta1,best_s2+carry(1.5),tokens_dropped,6.20956e+06,104913,20
S10,eta1,best_s2+carry(1.5),waste_frac,0.328866,0.0042092,20
S10,eta1,best_s2+carry(1.5),length_bias,-0.242924,0.00453014,20
S10,eta1,best_s2+carry(1.5),run_s,1412.13,20.3923,20
S10,eta1,best_s2+carry(1.5),gpu_idle_frac,0.369916,0.00145258,20
S10,eta1,best_s2+carry(1.5),verify_delay_mean_s,1.47474,0.054454,20
S10,eta1,best_s2+carry(1.5),verify_delay_p95_s,6.2319,0.172771,20
S10,eta1,best_s2+carry(1.5),instants,33825.4,121.97,20
S10,eta1,best_s2+carry(1.5),policy_calls,33825.4,121.97,20
S10,eta1,best_s2+carry(1.5),violations,0,0,20
S10,eta1,best_s2+carry(1.5),J,1.389,0.012622,20
S10,eta1,best_s2+carry(1.5),window_s,1242.31,18.9288,20
S10,eta1,best_s2+carry(1.5),step_time_mean_s,59.1578,0.901371,20
S10,eta1,best_s2+carry(1.5),step_time_p95_s,78.3654,1.63216,20
S10,eta1,best_s2+carry(1.5),samples_per_s,8.66345,0.130748,20
S10,eta1,best_s2+carry(1.5),completed_tokens_per_s,13166.6,113.45,20
S10,eta1,best_s2+carry(1.5),rollout_idle_frac,0.000190071,8.56641e-05,20
S10,eta1,best_s2+carry(1.5),gpu_gen_frac,0.489225,0.000155381,20
S10,eta1,best_s2+carry(1.5),gpu_overhead_frac,0.0191401,0.000287245,20
S10,eta1,best_s2+carry(1.5),gpu_train_frac,0.121718,0.00133193,20
S10,eta1,best_s2+carry(1.5),trainer_wait_frac,0.739642,0.00288595,20
S10,eta1,best_s2+carry(1.5),trainer_wait_mean_s,43.7655,0.821214,20
S10,eta1,best_s2+carry(1.5),straggler_mean_s,9.1606,0.483179,20
S10,eta1,best_s2+carry(1.5),straggler_p95_s,16.6967,1.25666,20
S10,eta1,best_s2+carry(1.5),staleness_mean,0.977753,0.00246465,20
S10,eta1,best_s2+carry(1.5),staleness_max,1,0,20
S10,eta1,best_s2+carry(1.5),stale_token_frac,0.990929,0.00131745,20
S10,eta1,best_s2+carry(1.5),batch_len_cv,0.184318,0.0186849,20
S10,eta1,best_s2+carry(1.5)+deadline,groups_consumed,1536,0,20
S10,eta1,best_s2+carry(1.5)+deadline,groups_dropped,148.25,7.3466,20
S10,eta1,best_s2+carry(1.5)+deadline,groups_unfinished,68.3,2.1693,20
S10,eta1,best_s2+carry(1.5)+deadline,drops_policy,0,0,20
S10,eta1,best_s2+carry(1.5)+deadline,drops_stale,148.25,7.3466,20
S10,eta1,best_s2+carry(1.5)+deadline,drops_colocated_switch,0,0,20
S10,eta1,best_s2+carry(1.5)+deadline,tokens_consumed,1.42015e+07,191442,20
S10,eta1,best_s2+carry(1.5)+deadline,tokens_dropped,3.82012e+06,150529,20
S10,eta1,best_s2+carry(1.5)+deadline,waste_frac,0.21188,0.00738237,20
S10,eta1,best_s2+carry(1.5)+deadline,length_bias,-0.15189,0.0055927,20
S10,eta1,best_s2+carry(1.5)+deadline,run_s,1630,21.6868,20
S10,eta1,best_s2+carry(1.5)+deadline,gpu_idle_frac,0.402373,0.00472766,20
S10,eta1,best_s2+carry(1.5)+deadline,verify_delay_mean_s,1.48173,0.0460533,20
S10,eta1,best_s2+carry(1.5)+deadline,verify_delay_p95_s,6.2937,0.146082,20
S10,eta1,best_s2+carry(1.5)+deadline,instants,31624,146.013,20
S10,eta1,best_s2+carry(1.5)+deadline,policy_calls,31624,146.013,20
S10,eta1,best_s2+carry(1.5)+deadline,violations,0,0,20
S10,eta1,best_s2+carry(1.5)+deadline,J,1.304,0.0142793,20
S10,eta1,best_s2+carry(1.5)+deadline,window_s,1440.02,22.575,20
S10,eta1,best_s2+carry(1.5)+deadline,step_time_mean_s,68.5724,1.075,20
S10,eta1,best_s2+carry(1.5)+deadline,step_time_p95_s,84.6427,1.74582,20
S10,eta1,best_s2+carry(1.5)+deadline,samples_per_s,7.47467,0.119381,20
S10,eta1,best_s2+carry(1.5)+deadline,completed_tokens_per_s,10781,159.167,20
S10,eta1,best_s2+carry(1.5)+deadline,rollout_idle_frac,0.0471597,0.00787185,20
S10,eta1,best_s2+carry(1.5)+deadline,gpu_gen_frac,0.467073,0.00390881,20
S10,eta1,best_s2+carry(1.5)+deadline,gpu_overhead_frac,0.016647,0.000251282,20
S10,eta1,best_s2+carry(1.5)+deadline,gpu_train_frac,0.113907,0.00114264,20
S10,eta1,best_s2+carry(1.5)+deadline,trainer_wait_frac,0.757587,0.00248299,20
S10,eta1,best_s2+carry(1.5)+deadline,trainer_wait_mean_s,51.9595,0.962224,20
S10,eta1,best_s2+carry(1.5)+deadline,straggler_mean_s,12.5954,0.599516,20
S10,eta1,best_s2+carry(1.5)+deadline,straggler_p95_s,21.8292,1.35361,20
S10,eta1,best_s2+carry(1.5)+deadline,staleness_mean,0.979725,0.00272763,20
S10,eta1,best_s2+carry(1.5)+deadline,staleness_max,1,0,20
S10,eta1,best_s2+carry(1.5)+deadline,stale_token_frac,0.990125,0.00147778,20
S10,eta1,best_s2+carry(1.5)+deadline,batch_len_cv,0.180573,0.00850017,20
S10,eta1,best_s2+carry(2),groups_consumed,1536,0,20
S10,eta1,best_s2+carry(2),groups_dropped,299.6,9.11873,20
S10,eta1,best_s2+carry(2),groups_unfinished,71.45,4.83635,20
S10,eta1,best_s2+carry(2),drops_policy,0,0,20
S10,eta1,best_s2+carry(2),drops_stale,299.6,9.11873,20
S10,eta1,best_s2+carry(2),drops_colocated_switch,0,0,20
S10,eta1,best_s2+carry(2),tokens_consumed,1.25083e+07,156115,20
S10,eta1,best_s2+carry(2),tokens_dropped,6.48314e+06,114969,20
S10,eta1,best_s2+carry(2),waste_frac,0.341346,0.00415757,20
S10,eta1,best_s2+carry(2),length_bias,-0.252586,0.00416967,20
S10,eta1,best_s2+carry(2),run_s,1410.94,17.8763,20
S10,eta1,best_s2+carry(2),gpu_idle_frac,0.37028,0.00131473,20
S10,eta1,best_s2+carry(2),verify_delay_mean_s,1.46179,0.0475025,20
S10,eta1,best_s2+carry(2),verify_delay_p95_s,6.193,0.153432,20
S10,eta1,best_s2+carry(2),instants,34171.4,136.724,20
S10,eta1,best_s2+carry(2),policy_calls,34171.4,136.724,20
S10,eta1,best_s2+carry(2),violations,0,0,20
S10,eta1,best_s2+carry(2),J,1.41541,0.0111995,20
S10,eta1,best_s2+carry(2),window_s,1249.02,16.2709,20
S10,eta1,best_s2+carry(2),step_time_mean_s,59.4773,0.774803,20
S10,eta1,best_s2+carry(2),step_time_p95_s,77.8353,1.18367,20
S10,eta1,best_s2+carry(2),samples_per_s,8.61454,0.109961,20
S10,eta1,best_s2+carry(2),completed_tokens_per_s,13061.1,111.869,20
S10,eta1,best_s2+carry(2),rollout_idle_frac,0,0,20
S10,eta1,best_s2+carry(2),gpu_gen_frac,0.489391,0.000123662,20
S10,eta1,best_s2+carry(2),gpu_overhead_frac,0.0190219,0.000225486,20
S10,eta1,best_s2+carry(2),gpu_train_frac,0.121308,0.00123102,20
S10,eta1,best_s2+carry(2),trainer_wait_frac,0.74056,0.00262945,20
S10,eta1,best_s2+carry(2),trainer_wait_mean_s,44.0534,0.705227,20
S10,eta1,best_s2+carry(2),straggler_mean_s,9.15991,0.354871,20
S10,eta1,best_s2+carry(2),straggler_p95_s,17.0576,1.44239,20
S10,eta1,best_s2+carry(2),staleness_mean,0.977232,0.0022323,20
S10,eta1,best_s2+carry(2),staleness_max,1,0,20
S10,eta1,best_s2+carry(2),stale_token_frac,0.990546,0.00109066,20
S10,eta1,best_s2+carry(2),batch_len_cv,0.174023,0.0182677,20
S10,eta1,best_s2+carry(2)+deadline,groups_consumed,1536,0,20
S10,eta1,best_s2+carry(2)+deadline,groups_dropped,164.35,7.87143,20
S10,eta1,best_s2+carry(2)+deadline,groups_unfinished,68.7,2.19571,20
S10,eta1,best_s2+carry(2)+deadline,drops_policy,0,0,20
S10,eta1,best_s2+carry(2)+deadline,drops_stale,164.35,7.87143,20
S10,eta1,best_s2+carry(2)+deadline,drops_colocated_switch,0,0,20
S10,eta1,best_s2+carry(2)+deadline,tokens_consumed,1.40066e+07,216203,20
S10,eta1,best_s2+carry(2)+deadline,tokens_dropped,4.1232e+06,165605,20
S10,eta1,best_s2+carry(2)+deadline,waste_frac,0.227402,0.0085484,20
S10,eta1,best_s2+carry(2)+deadline,length_bias,-0.163368,0.00670457,20
S10,eta1,best_s2+carry(2)+deadline,run_s,1604.99,24.1285,20
S10,eta1,best_s2+carry(2)+deadline,gpu_idle_frac,0.397284,0.00365142,20
S10,eta1,best_s2+carry(2)+deadline,verify_delay_mean_s,1.495,0.0484031,20
S10,eta1,best_s2+carry(2)+deadline,verify_delay_p95_s,6.3231,0.15779,20
S10,eta1,best_s2+carry(2)+deadline,instants,31968.8,129.05,20
S10,eta1,best_s2+carry(2)+deadline,policy_calls,31968.8,129.05,20
S10,eta1,best_s2+carry(2)+deadline,violations,0,0,20
S10,eta1,best_s2+carry(2)+deadline,J,1.31873,0.0112104,20
S10,eta1,best_s2+carry(2)+deadline,window_s,1421.07,24.5812,20
S10,eta1,best_s2+carry(2)+deadline,step_time_mean_s,67.6698,1.17054,20
S10,eta1,best_s2+carry(2)+deadline,step_time_p95_s,82.359,1.65439,20
S10,eta1,best_s2+carry(2)+deadline,samples_per_s,7.57609,0.132598,20
S10,eta1,best_s2+carry(2)+deadline,completed_tokens_per_s,10912.3,141.965,20
S10,eta1,best_s2+carry(2)+deadline,rollout_idle_frac,0.0398449,0.0055438,20
S10,eta1,best_s2+carry(2)+deadline,gpu_gen_frac,0.470673,0.00276211,20
S10,eta1,best_s2+carry(2)+deadline,gpu_overhead_frac,0.0168034,0.000276912,20
S10,eta1,best_s2+carry(2)+deadline,gpu_train_frac,0.115239,0.00126092,20
S10,eta1,best_s2+carry(2)+deadline,trainer_wait_frac,0.754724,0.00273997,20
S10,eta1,best_s2+carry(2)+deadline,trainer_wait_mean_s,51.0839,1.04331,20
S10,eta1,best_s2+carry(2)+deadline,straggler_mean_s,11.8334,0.486919,20
S10,eta1,best_s2+carry(2)+deadline,straggler_p95_s,21.5404,1.28701,20
S10,eta1,best_s2+carry(2)+deadline,staleness_mean,0.978683,0.00268376,20
S10,eta1,best_s2+carry(2)+deadline,staleness_max,1,0,20
S10,eta1,best_s2+carry(2)+deadline,stale_token_frac,0.989815,0.0011872,20
S10,eta1,best_s2+carry(2)+deadline,batch_len_cv,0.180791,0.0124047,20
S10,eta1,best_s2+wait,groups_consumed,1536,0,20
S10,eta1,best_s2+wait,groups_dropped,0,0,20
S10,eta1,best_s2+wait,groups_unfinished,64,0,20
S10,eta1,best_s2+wait,drops_policy,0,0,20
S10,eta1,best_s2+wait,drops_stale,0,0,20
S10,eta1,best_s2+wait,drops_colocated_switch,0,0,20
S10,eta1,best_s2+wait,tokens_consumed,1.68219e+07,206274,20
S10,eta1,best_s2+wait,tokens_dropped,0,0,20
S10,eta1,best_s2+wait,waste_frac,0,0,20
S10,eta1,best_s2+wait,length_bias,0,0,20
S10,eta1,best_s2+wait,run_s,2058.44,27.6816,20
S10,eta1,best_s2+wait,gpu_idle_frac,0.479261,0.0065633,20
S10,eta1,best_s2+wait,verify_delay_mean_s,1.54639,0.0420889,20
S10,eta1,best_s2+wait,verify_delay_p95_s,6.4915,0.127901,20
S10,eta1,best_s2+wait,instants,29234.2,36.7159,20
S10,eta1,best_s2+wait,policy_calls,29234.2,36.7159,20
S10,eta1,best_s2+wait,violations,0,0,20
S10,eta1,best_s2+wait,J,1.17286,0.0249768,20
S10,eta1,best_s2+wait,window_s,1782.08,26.7217,20
S10,eta1,best_s2+wait,step_time_mean_s,84.861,1.27246,20
S10,eta1,best_s2+wait,step_time_p95_s,100.926,5.02189,20
S10,eta1,best_s2+wait,samples_per_s,6.03908,0.0875127,20
S10,eta1,best_s2+wait,completed_tokens_per_s,8149.17,99.6299,20
S10,eta1,best_s2+wait,rollout_idle_frac,0.175466,0.0106612,20
S10,eta1,best_s2+wait,gpu_gen_frac,0.402622,0.00521891,20
S10,eta1,best_s2+wait,gpu_overhead_frac,0.0155429,0.000227123,20
S10,eta1,best_s2+wait,gpu_train_frac,0.102574,0.0013006,20
S10,eta1,best_s2+wait,trainer_wait_frac,0.783057,0.00273331,20
S10,eta1,best_s2+wait,trainer_wait_mean_s,66.4627,1.18894,20
S10,eta1,best_s2+wait,straggler_mean_s,18.379,1.096,20
S10,eta1,best_s2+wait,straggler_p95_s,34.4815,4.1583,20
S10,eta1,best_s2+wait,staleness_mean,0.999814,0.000273843,20
S10,eta1,best_s2+wait,staleness_max,1,0,20
S10,eta1,best_s2+wait,stale_token_frac,0.999784,0.000312828,20
S10,eta1,best_s2+wait,batch_len_cv,0.108732,0.00986634,20
S10,eta1,reference,groups_consumed,1536,0,20
S10,eta1,reference,groups_dropped,0,0,20
S10,eta1,reference,groups_unfinished,64,0,20
S10,eta1,reference,drops_policy,0,0,20
S10,eta1,reference,drops_stale,0,0,20
S10,eta1,reference,drops_colocated_switch,0,0,20
S10,eta1,reference,tokens_consumed,1.65257e+07,210510,20
S10,eta1,reference,tokens_dropped,0,0,20
S10,eta1,reference,waste_frac,0,0,20
S10,eta1,reference,length_bias,0,0,20
S10,eta1,reference,run_s,2429.84,57.8648,20
S10,eta1,reference,gpu_idle_frac,0.584504,0.00856847,20
S10,eta1,reference,verify_delay_mean_s,1.55231,0.0449441,20
S10,eta1,reference,verify_delay_p95_s,6.5242,0.138527,20
S10,eta1,reference,instants,25998,40.9571,20
S10,eta1,reference,policy_calls,25998,40.9571,20
S10,eta1,reference,violations,0,0,20
S10,eta1,reference,J,1.46627,0.0395808,20
S10,eta1,reference,window_s,2125.05,49.7237,20
S10,eta1,reference,step_time_mean_s,101.193,2.36779,20
S10,eta1,reference,step_time_p95_s,143.172,4.70608,20
S10,eta1,reference,samples_per_s,5.07148,0.116873,20
S10,eta1,reference,completed_tokens_per_s,6827.54,150.714,20
S10,eta1,reference,rollout_idle_frac,0.350653,0.0134049,20
S10,eta1,reference,gpu_gen_frac,0.321293,0.00663826,20
S10,eta1,reference,gpu_overhead_frac,0.0083332,0.000190504,20
S10,eta1,reference,gpu_train_frac,0.0858698,0.00185982,20
S10,eta1,reference,trainer_wait_frac,0.818355,0.00392846,20
S10,eta1,reference,trainer_wait_mean_s,82.849,2.32315,20
S10,eta1,reference,straggler_mean_s,31.7882,2.21304,20
S10,eta1,reference,straggler_p95_s,65.6312,5.85624,20
S10,eta1,reference,staleness_mean,0.99308,0.00133248,20
S10,eta1,reference,staleness_max,1,0,20
S10,eta1,reference,stale_token_frac,0.988175,0.00164191,20
S10,eta1,reference,batch_len_cv,0.105975,0.00664093,20
S2,heavy/group,fifo+group+early+least_loaded,groups_consumed,64,0,20
S2,heavy/group,fifo+group+early+least_loaded,groups_dropped,0,0,20
S2,heavy/group,fifo+group+early+least_loaded,groups_unfinished,0,0,20
S2,heavy/group,fifo+group+early+least_loaded,drops_policy,0,0,20
S2,heavy/group,fifo+group+early+least_loaded,drops_stale,0,0,20
S2,heavy/group,fifo+group+early+least_loaded,drops_colocated_switch,0,0,20
S2,heavy/group,fifo+group+early+least_loaded,tokens_consumed,592044,36318,20
S2,heavy/group,fifo+group+early+least_loaded,tokens_dropped,0,0,20
S2,heavy/group,fifo+group+early+least_loaded,waste_frac,0,0,20
S2,heavy/group,fifo+group+early+least_loaded,length_bias,0,0,20
S2,heavy/group,fifo+group+early+least_loaded,run_s,76.0426,2.78875,20
S2,heavy/group,fifo+group+early+least_loaded,phase_time_s,76.0426,2.78875,20
S2,heavy/group,fifo+group+early+least_loaded,gen_time_s,75.8533,2.79271,20
S2,heavy/group,fifo+group+early+least_loaded,straggler_s,22.6361,3.77712,20
S2,heavy/group,fifo+group+early+least_loaded,mean_ready_s,25.7044,1.38874,20
S2,heavy/group,fifo+group+early+least_loaded,gpu_idle_frac,0.233362,0.0330003,20
S2,heavy/group,fifo+group+early+least_loaded,gen_frac,0.764711,0.0330174,20
S2,heavy/group,fifo+group+early+least_loaded,overhead_frac,0.00192773,7.52444e-05,20
S2,heavy/group,fifo+group+early+least_loaded,padding_frac,0,0,20
S2,heavy/group,fifo+group+early+least_loaded,verify_delay_mean_s,0.209204,0.00105192,20
S2,heavy/group,fifo+group+early+least_loaded,verify_delay_p95_s,0.32485,0.00421151,20
S2,heavy/group,fifo+group+early+least_loaded,instants,1034.95,3.03488,20
S2,heavy/group,fifo+group+early+least_loaded,policy_calls,1034.95,3.03488,20
S2,heavy/group,fifo+group+early+least_loaded,violations,0,0,20
S2,heavy/group,fifo+group+early+least_loaded,lb_gap,0.219975,0.0388108,20
S2,heavy/group,fifo+group+early+least_loaded,J,1.03052,0.033789,20
S2,heavy/group,fifo+group+early+lpt,groups_consumed,64,0,20
S2,heavy/group,fifo+group+early+lpt,groups_dropped,0,0,20
S2,heavy/group,fifo+group+early+lpt,groups_unfinished,0,0,20
S2,heavy/group,fifo+group+early+lpt,drops_policy,0,0,20
S2,heavy/group,fifo+group+early+lpt,drops_stale,0,0,20
S2,heavy/group,fifo+group+early+lpt,drops_colocated_switch,0,0,20
S2,heavy/group,fifo+group+early+lpt,tokens_consumed,592044,36318,20
S2,heavy/group,fifo+group+early+lpt,tokens_dropped,0,0,20
S2,heavy/group,fifo+group+early+lpt,waste_frac,0,0,20
S2,heavy/group,fifo+group+early+lpt,length_bias,0,0,20
S2,heavy/group,fifo+group+early+lpt,run_s,70.9147,1.9082,20
S2,heavy/group,fifo+group+early+lpt,phase_time_s,70.9147,1.9082,20
S2,heavy/group,fifo+group+early+lpt,gen_time_s,70.7003,1.90764,20
S2,heavy/group,fifo+group+early+lpt,straggler_s,18.7169,3.79267,20
S2,heavy/group,fifo+group+early+lpt,mean_ready_s,27.5502,1.51343,20
S2,heavy/group,fifo+group+early+lpt,gpu_idle_frac,0.200728,0.0375813,20
S2,heavy/group,fifo+group+early+lpt,gen_frac,0.797203,0.0375972,20
S2,heavy/group,fifo+group+early+lpt,overhead_frac,0.0020689,6.8408e-05,20
S2,heavy/group,fifo+group+early+lpt,padding_frac,0,0,20
S2,heavy/group,fifo+group+early+lpt,verify_delay_mean_s,0.209204,0.00105192,20
S2,heavy/group,fifo+group+early+lpt,verify_delay_p95_s,0.32485,0.00421151,20
S2,heavy/group,fifo+group+early+lpt,instants,1034.85,3.39966,20
S2,heavy/group,fifo+group+early+lpt,policy_calls,1034.85,3.39966,20
S2,heavy/group,fifo+group+early+lpt,violations,0,0,20
S2,heavy/group,fifo+group+early+lpt,lb_gap,0.137093,0.0225426,20
S2,heavy/group,fifo+group+early+lpt,J,0.952575,0.0220902,20
S2,heavy/group,fifo+group+late+first_free,groups_consumed,64,0,20
S2,heavy/group,fifo+group+late+first_free,groups_dropped,0,0,20
S2,heavy/group,fifo+group+late+first_free,groups_unfinished,0,0,20
S2,heavy/group,fifo+group+late+first_free,drops_policy,0,0,20
S2,heavy/group,fifo+group+late+first_free,drops_stale,0,0,20
S2,heavy/group,fifo+group+late+first_free,drops_colocated_switch,0,0,20
S2,heavy/group,fifo+group+late+first_free,tokens_consumed,592044,36318,20
S2,heavy/group,fifo+group+late+first_free,tokens_dropped,0,0,20
S2,heavy/group,fifo+group+late+first_free,waste_frac,0,0,20
S2,heavy/group,fifo+group+late+first_free,length_bias,0,0,20
S2,heavy/group,fifo+group+late+first_free,run_s,76.5329,2.72948,20
S2,heavy/group,fifo+group+late+first_free,phase_time_s,76.5329,2.72948,20
S2,heavy/group,fifo+group+late+first_free,gen_time_s,76.3125,2.72432,20
S2,heavy/group,fifo+group+late+first_free,straggler_s,22.1166,4.13473,20
S2,heavy/group,fifo+group+late+first_free,mean_ready_s,25.8762,1.44837,20
S2,heavy/group,fifo+group+late+first_free,gpu_idle_frac,0.245477,0.0387505,20
S2,heavy/group,fifo+group+late+first_free,gen_frac,0.752615,0.0387596,20
S2,heavy/group,fifo+group+late+first_free,overhead_frac,0.00190812,6.87346e-05,20
S2,heavy/group,fifo+group+late+first_free,padding_frac,0,0,20
S2,heavy/group,fifo+group+late+first_free,verify_delay_mean_s,0.209204,0.00105192,20
S2,heavy/group,fifo+group+late+first_free,verify_delay_p95_s,0.32485,0.00421151,20
S2,heavy/group,fifo+group+late+first_free,instants,1035.45,1.81245,20
S2,heavy/group,fifo+group+late+first_free,policy_calls,1035.45,1.81245,20
S2,heavy/group,fifo+group+late+first_free,violations,0,0,20
S2,heavy/group,fifo+group+late+first_free,lb_gap,0.227125,0.0360724,20
S2,heavy/group,fifo+group+late+first_free,J,1.04247,0.0367843,20
S2,heavy/group,fifo+group+late+least_loaded,groups_consumed,64,0,20
S2,heavy/group,fifo+group+late+least_loaded,groups_dropped,0,0,20
S2,heavy/group,fifo+group+late+least_loaded,groups_unfinished,0,0,20
S2,heavy/group,fifo+group+late+least_loaded,drops_policy,0,0,20
S2,heavy/group,fifo+group+late+least_loaded,drops_stale,0,0,20
S2,heavy/group,fifo+group+late+least_loaded,drops_colocated_switch,0,0,20
S2,heavy/group,fifo+group+late+least_loaded,tokens_consumed,592044,36318,20
S2,heavy/group,fifo+group+late+least_loaded,tokens_dropped,0,0,20
S2,heavy/group,fifo+group+late+least_loaded,waste_frac,0,0,20
S2,heavy/group,fifo+group+late+least_loaded,length_bias,0,0,20
S2,heavy/group,fifo+group+late+least_loaded,run_s,76.9152,2.79516,20
S2,heavy/group,fifo+group+late+least_loaded,phase_time_s,76.9152,2.79516,20
S2,heavy/group,fifo+group+late+least_loaded,gen_time_s,76.7015,2.78618,20
S2,heavy/group,fifo+group+late+least_loaded,straggler_s,22.6166,3.85961,20
S2,heavy/group,fifo+group+late+least_loaded,mean_ready_s,25.8837,1.45618,20
S2,heavy/group,fifo+group+late+least_loaded,gpu_idle_frac,0.245748,0.0331351,20
S2,heavy/group,fifo+group+late+least_loaded,gen_frac,0.752353,0.0331573,20
S2,heavy/group,fifo+group+late+least_loaded,overhead_frac,0.0018991,7.15316e-05,20
S2,heavy/group,fifo+group+late+least_loaded,padding_frac,0,0,20
S2,heavy/group,fifo+group+late+least_loaded,verify_delay_mean_s,0.209204,0.00105192,20
S2,heavy/group,fifo+group+late+least_loaded,verify_delay_p95_s,0.32485,0.00421151,20
S2,heavy/group,fifo+group+late+least_loaded,instants,1035.65,2.77204,20
S2,heavy/group,fifo+group+late+least_loaded,policy_calls,1035.65,2.77204,20
S2,heavy/group,fifo+group+late+least_loaded,violations,0,0,20
S2,heavy/group,fifo+group+late+least_loaded,lb_gap,0.233387,0.0371702,20
S2,heavy/group,fifo+group+late+least_loaded,J,1.0472,0.0324389,20
S2,heavy/group,fifo+group+late+lpt,groups_consumed,64,0,20
S2,heavy/group,fifo+group+late+lpt,groups_dropped,0,0,20
S2,heavy/group,fifo+group+late+lpt,groups_unfinished,0,0,20
S2,heavy/group,fifo+group+late+lpt,drops_policy,0,0,20
S2,heavy/group,fifo+group+late+lpt,drops_stale,0,0,20
S2,heavy/group,fifo+group+late+lpt,drops_colocated_switch,0,0,20
S2,heavy/group,fifo+group+late+lpt,tokens_consumed,592044,36318,20
S2,heavy/group,fifo+group+late+lpt,tokens_dropped,0,0,20
S2,heavy/group,fifo+group+late+lpt,waste_frac,0,0,20
S2,heavy/group,fifo+group+late+lpt,length_bias,0,0,20
S2,heavy/group,fifo+group+late+lpt,run_s,77.3133,2.92109,20
S2,heavy/group,fifo+group+late+lpt,phase_time_s,77.3133,2.92109,20
S2,heavy/group,fifo+group+late+lpt,gen_time_s,77.0849,2.9166,20
S2,heavy/group,fifo+group+late+lpt,straggler_s,23.7177,3.894,20
S2,heavy/group,fifo+group+late+lpt,mean_ready_s,25.8844,1.43717,20
S2,heavy/group,fifo+group+late+lpt,gpu_idle_frac,0.253556,0.0344555,20
S2,heavy/group,fifo+group+late+lpt,gen_frac,0.744555,0.0344776,20
S2,heavy/group,fifo+group+late+lpt,overhead_frac,0.00188888,7.13106e-05,20
S2,heavy/group,fifo+group+late+lpt,padding_frac,0,0,20
S2,heavy/group,fifo+group+late+lpt,verify_delay_mean_s,0.209204,0.00105192,20
S2,heavy/group,fifo+group+late+lpt,verify_delay_p95_s,0.32485,0.00421151,20
S2,heavy/group,fifo+group+late+lpt,instants,1036.85,1.94025,20
S2,heavy/group,fifo+group+late+lpt,policy_calls,1036.85,1.94025,20
S2,heavy/group,fifo+group+late+lpt,violations,0,0,20
S2,heavy/group,fifo+group+late+lpt,lb_gap,0.23954,0.039551,20
S2,heavy/group,fifo+group+late+lpt,J,1.05588,0.036587,20
S2,heavy/group,fifo+group+late+round_robin,groups_consumed,64,0,20
S2,heavy/group,fifo+group+late+round_robin,groups_dropped,0,0,20
S2,heavy/group,fifo+group+late+round_robin,groups_unfinished,0,0,20
S2,heavy/group,fifo+group+late+round_robin,drops_policy,0,0,20
S2,heavy/group,fifo+group+late+round_robin,drops_stale,0,0,20
S2,heavy/group,fifo+group+late+round_robin,drops_colocated_switch,0,0,20
S2,heavy/group,fifo+group+late+round_robin,tokens_consumed,592044,36318,20
S2,heavy/group,fifo+group+late+round_robin,tokens_dropped,0,0,20
S2,heavy/group,fifo+group+late+round_robin,waste_frac,0,0,20
S2,heavy/group,fifo+group+late+round_robin,length_bias,0,0,20
S2,heavy/group,fifo+group+late+round_robin,run_s,77.3126,2.60258,20
S2,heavy/group,fifo+group+late+round_robin,phase_time_s,77.3126,2.60258,20
S2,heavy/group,fifo+group+late+round_robin,gen_time_s,77.0868,2.59858,20
S2,heavy/group,fifo+group+late+round_robin,straggler_s,23.4496,3.63642,20
S2,heavy/group,fifo+group+late+round_robin,mean_ready_s,25.8906,1.43667,20
S2,heavy/group,fifo+group+late+round_robin,gpu_idle_frac,0.258296,0.0345377,20
S2,heavy/group,fifo+group+late+round_robin,gen_frac,0.739816,0.0345557,20
S2,heavy/group,fifo+group+late+round_robin,overhead_frac,0.00188819,7.08179e-05,20
S2,heavy/group,fifo+group+late+round_robin,padding_frac,0,0,20
S2,heavy/group,fifo+group+late+round_robin,verify_delay_mean_s,0.209204,0.00105192,20
S2,heavy/group,fifo+group+late+round_robin,verify_delay_p95_s,0.32485,0.00421151,20
S2,heavy/group,fifo+group+late+round_robin,instants,1034.35,2.34389,20
S2,heavy/group,fifo+group+late+round_robin,policy_calls,1034.35,2.34389,20
S2,heavy/group,fifo+group+late+round_robin,violations,0,0,20
S2,heavy/group,fifo+group+late+round_robin,lb_gap,0.239529,0.0331194,20
S2,heavy/group,fifo+group+late+round_robin,J,1.05824,0.0300701,20
S2,heavy/group,fifo+sample+early+least_loaded,groups_consumed,64,0,20
S2,heavy/group,fifo+sample+early+least_loaded,groups_dropped,0,0,20
S2,heavy/group,fifo+sample+early+least_loaded,groups_unfinished,0,0,20
S2,heavy/group,fifo+sample+early+least_loaded,drops_policy,0,0,20
S2,heavy/group,fifo+sample+early+least_loaded,drops_stale,0,0,20
S2,heavy/group,fifo+sample+early+least_loaded,drops_colocated_switch,0,0,20
S2,heavy/group,fifo+sample+early+least_loaded,tokens_consumed,592044,36318,20
S2,heavy/group,fifo+sample+early+least_loaded,tokens_dropped,0,0,20
S2,heavy/group,fifo+sample+early+least_loaded,waste_frac,0,0,20
S2,heavy/group,fifo+sample+early+least_loaded,length_bias,0,0,20
S2,heavy/group,fifo+sample+early+least_loaded,run_s,75.1496,2.12621,20
S2,heavy/group,fifo+sample+early+least_loaded,phase_time_s,75.1496,2.12621,20
S2,heavy/group,fifo+sample+early+least_loaded,gen_time_s,74.9387,2.13039,20
S2,heavy/group,fifo+sample+early+least_loaded,straggler_s,20.4562,3.93519,20
S2,heavy/group,fifo+sample+early+least_loaded,mean_ready_s,26.3934,1.4285,20
S2,heavy/group,fifo+sample+early+least_loaded,gpu_idle_frac,0.15654,0.0342814,20
S2,heavy/group,fifo+sample+early+least_loaded,gen_frac,0.827996,0.0344666,20
S2,heavy/group,fifo+sample+early+least_loaded,overhead_frac,0.0154644,0.000479043,20
S2,heavy/group,fifo+sample+early+least_loaded,padding_frac,0,0,20
S2,heavy/group,fifo+sample+early+least_loaded,verify_delay_mean_s,0.209204,0.00105192,20
S2,heavy/group,fifo+sample+early+least_loaded,verify_delay_p95_s,0.32485,0.00421151,20
S2,heavy/group,fifo+sample+early+least_loaded,instants,1237.85,4.24423,20
S2,heavy/group,fifo+sample+early+least_loaded,policy_calls,1237.85,4.24423,20
S2,heavy/group,fifo+sample+early+least_loaded,violations,0,0,20
S2,heavy/group,fifo+sample+early+least_loaded,lb_gap,0.205327,0.0267314,20
S2,heavy/group,fifo+sample+early+least_loaded,J,0.981374,0.0180711,20
S2,heavy/group,fifo+sample+early+lpt,groups_consumed,64,0,20
S2,heavy/group,fifo+sample+early+lpt,groups_dropped,0,0,20
S2,heavy/group,fifo+sample+early+lpt,groups_unfinished,0,0,20
S2,heavy/group,fifo+sample+early+lpt,drops_policy,0,0,20
S2,heavy/group,fifo+sample+early+lpt,drops_stale,0,0,20
S2,heavy/group,fifo+sample+early+lpt,drops_colocated_switch,0,0,20
S2,heavy/group,fifo+sample+early+lpt,tokens_consumed,592044,36318,20
S2,heavy/group,fifo+sample+early+lpt,tokens_dropped,0,0,20
S2,heavy/group,fifo+sample+early+lpt,waste_frac,0,0,20
S2,heavy/group,fifo+sample+early+lpt,length_bias,0,0,20
S2,heavy/group,fifo+sample+early+lpt,run_s,71.279,1.94508,20
S2,heavy/group,fifo+sample+early+lpt,phase_time_s,71.279,1.94508,20
S2,heavy/group,fifo+sample+early+lpt,gen_time_s,71.0523,1.94869,20
S2,heavy/group,fifo+sample+early+lpt,straggler_s,18.3767,4.28869,20
S2,heavy/group,fifo+sample+early+lpt,mean_ready_s,28.4288,1.56518,20
S2,heavy/group,fifo+sample+early+lpt,gpu_idle_frac,0.146384,0.0406922,20
S2,heavy/group,fifo+sample+early+lpt,gen_frac,0.837302,0.040704,20
S2,heavy/group,fifo+sample+early+lpt,overhead_frac,0.0163135,0.000546474,20
S2,heavy/group,fifo+sample+early+lpt,padding_frac,0,0,20
S2,heavy/group,fifo+sample+early+lpt,verify_delay_mean_s,0.209204,0.00105192,20
S2,heavy/group,fifo+sample+early+lpt,verify_delay_p95_s,0.32485,0.00421151,20
S2,heavy/group,fifo+sample+early+lpt,instants,1236,4.98317,20
S2,heavy/group,fifo+sample+early+lpt,policy_calls,1236,4.98317,20
S2,heavy/group,fifo+sample+early+lpt,violations,0,0,20
S2,heavy/group,fifo+sample+early+lpt,lb_gap,0.142853,0.0242349,20
S2,heavy/group,fifo+sample+early+lpt,J,0.929781,0.0252454,20
S2,heavy/group,fifo+sample+early+round_robin,groups_consumed,64,0,20
S2,heavy/group,fifo+sample+early+round_robin,groups_dropped,0,0,20
S2,heavy/group,fifo+sample+early+round_robin,groups_unfinished,0,0,20
S2,heavy/group,fifo+sample+early+round_robin,drops_policy,0,0,20
S2,heavy/group,fifo+sample+early+round_robin,drops_stale,0,0,20
S2,heavy/group,fifo+sample+early+round_robin,drops_colocated_switch,0,0,20
S2,heavy/group,fifo+sample+early+round_robin,tokens_consumed,592044,36318,20
S2,heavy/group,fifo+sample+early+round_robin,tokens_dropped,0,0,20
S2,heavy/group,fifo+sample+early+round_robin,waste_frac,0,0,20
S2,heavy/group,fifo+sample+early+round_robin,length_bias,0,0,20
S2,heavy/group,fifo+sample+early+round_robin,run_s,75.1496,2.12621,20
S2,heavy/group,fifo+sample+early+round_robin,phase_time_s,75.1496,2.12621,20
S2,heavy/group,fifo+sample+early+round_robin,gen_time_s,74.9387,2.13039,20
S2,heavy/group,fifo+sample+early+round_robin,straggler_s,20.4562,3.93519,20
S2,heavy/group,fifo+sample+early+round_robin,mean_ready_s,26.3934,1.4285,20
S2,heavy/group,fifo+sample+early+round_robin,gpu_idle_frac,0.15654,0.0342814,20
S2,heavy/group,fifo+sample+early+round_robin,gen_frac,0.827996,0.0344666,20
S2,heavy/group,fifo+sample+early+round_robin,overhead_frac,0.0154644,0.000479043,20
S2,heavy/group,fifo+sample+early+round_robin,padding_frac,0,0,20
S2,heavy/group,fifo+sample+early+round_robin,verify_delay_mean_s,0.209204,0.00105192,20
S2,heavy/group,fifo+sample+early+round_robin,verify_delay_p95_s,0.32485,0.00421151,20
S2,heavy/group,fifo+sample+early+round_robin,instants,1237.85,4.24423,20
S2,heavy/group,fifo+sample+early+round_robin,policy_calls,1237.85,4.24423,20
S2,heavy/group,fifo+sample+early+round_robin,violations,0,0,20
S2,heavy/group,fifo+sample+early+round_robin,lb_gap,0.205327,0.0267314,20
S2,heavy/group,fifo+sample+early+round_robin,J,0.981374,0.0180711,20
S2,heavy/group,fifo+sample+late+first_free,groups_consumed,64,0,20
S2,heavy/group,fifo+sample+late+first_free,groups_dropped,0,0,20
S2,heavy/group,fifo+sample+late+first_free,groups_unfinished,0,0,20
S2,heavy/group,fifo+sample+late+first_free,drops_policy,0,0,20
S2,heavy/group,fifo+sample+late+first_free,drops_stale,0,0,20
S2,heavy/group,fifo+sample+late+first_free,drops_colocated_switch,0,0,20
S2,heavy/group,fifo+sample+late+first_free,tokens_consumed,592044,36318,20
S2,heavy/group,fifo+sample+late+first_free,tokens_dropped,0,0,20
S2,heavy/group,fifo+sample+late+first_free,waste_frac,0,0,20
S2,heavy/group,fifo+sample+late+first_free,length_bias,0,0,20
S2,heavy/group,fifo+sample+late+first_free,run_s,74.5161,2.13614,20
S2,heavy/group,fifo+sample+late+first_free,phase_time_s,74.5161,2.13614,20
S2,heavy/group,fifo+sample+late+first_free,gen_time_s,74.3139,2.13757,20
S2,heavy/group,fifo+sample+late+first_free,straggler_s,21.0259,3.86835,20
S2,heavy/group,fifo+sample+late+first_free,mean_ready_s,25.595,1.41404,20
S2,heavy/group,fifo+sample+late+first_free,gpu_idle_frac,0.179082,0.0341205,20
S2,heavy/group,fifo+sample+late+first_free,gen_frac,0.814826,0.0342839,20
S2,heavy/group,fifo+sample+late+first_free,overhead_frac,0.00609259,0.000240532,20
S2,heavy/group,fifo+sample+late+first_free,padding_frac,0,0,20
S2,heavy/group,fifo+sample+late+first_free,verify_delay_mean_s,0.209204,0.00105192,20
S2,heavy/group,fifo+sample+late+first_free,verify_delay_p95_s,0.32485,0.00421151,20
S2,heavy/group,fifo+sample+late+first_free,instants,1163.45,4.36792,20
S2,heavy/group,fifo+sample+late+first_free,policy_calls,1163.45,4.36792,20
S2,heavy/group,fifo+sample+late+first_free,violations,0,0,20
S2,heavy/group,fifo+sample+late+first_free,lb_gap,0.195169,0.0261209,20
S2,heavy/group,fifo+sample+late+first_free,J,0.985031,0.0168483,20
S2,heavy/group,fifo+sample+late+least_loaded,groups_consumed,64,0,20
S2,heavy/group,fifo+sample+late+least_loaded,groups_dropped,0,0,20
S2,heavy/group,fifo+sample+late+least_loaded,groups_unfinished,0,0,20
S2,heavy/group,fifo+sample+late+least_loaded,drops_policy,0,0,20
S2,heavy/group,fifo+sample+late+least_loaded,drops_stale,0,0,20
S2,heavy/group,fifo+sample+late+least_loaded,drops_colocated_switch,0,0,20
S2,heavy/group,fifo+sample+late+least_loaded,tokens_consumed,592044,36318,20
S2,heavy/group,fifo+sample+late+least_loaded,tokens_dropped,0,0,20
S2,heavy/group,fifo+sample+late+least_loaded,waste_frac,0,0,20
S2,heavy/group,fifo+sample+late+least_loaded,length_bias,0,0,20
S2,heavy/group,fifo+sample+late+least_loaded,run_s,74.8337,2.10506,20
S2,heavy/group,fifo+sample+late+least_loaded,phase_time_s,74.8337,2.10506,20
S2,heavy/group,fifo+sample+late+least_loaded,gen_time_s,74.6294,2.11258,20
S2,heavy/group,fifo+sample+late+least_loaded,straggler_s,20.7714,3.84353,20
S2,heavy/group,fifo+sample+late+least_loaded,mean_ready_s,26.1464,1.42928,20
S2,heavy/group,fifo+sample+late+least_loaded,gpu_idle_frac,0.176439,0.0337824,20
S2,heavy/group,fifo+sample+late+least_loaded,gen_frac,0.810549,0.0339381,20
S2,heavy/group,fifo+sample+late+least_loaded,overhead_frac,0.0130127,0.000399183,20
S2,heavy/group,fifo+sample+late+least_loaded,padding_frac,0,0,20
S2,heavy/group,fifo+sample+late+least_loaded,verify_delay_mean_s,0.209204,0.00105192,20
S2,heavy/group,fifo+sample+late+least_loaded,verify_delay_p95_s,0.32485,0.00421151,20
S2,heavy/group,fifo+sample+late+least_loaded,instants,1162.65,4.8454,20
S2,heavy/group,fifo+sample+late+least_loaded,policy_calls,1162.65,4.8454,20
S2,heavy/group,fifo+sample+late+least_loaded,violations,0,0,20
S2,heavy/group,fifo+sample+late+least_loaded,lb_gap,0.200274,0.0257855,20
S2,heavy/group,fifo+sample+late+least_loaded,J,0.987527,0.0198727,20
S2,heavy/group,fifo+sample+late+lpt,groups_consumed,64,0,20
S2,heavy/group,fifo+sample+late+lpt,groups_dropped,0,0,20
S2,heavy/group,fifo+sample+late+lpt,groups_unfinished,0,0,20
S2,heavy/group,fifo+sample+late+lpt,drops_policy,0,0,20
S2,heavy/group,fifo+sample+late+lpt,drops_stale,0,0,20
S2,heavy/group,fifo+sample+late+lpt,drops_colocated_switch,0,0,20
S2,heavy/group,fifo+sample+late+lpt,tokens_consumed,592044,36318,20
S2,heavy/group,fifo+sample+late+lpt,tokens_dropped,0,0,20
S2,heavy/group,fifo+sample+late+lpt,waste_frac,0,0,20
S2,heavy/group,fifo+sample+late+lpt,length_bias,0,0,20
S2,heavy/group,fifo+sample+late+lpt,run_s,74.8895,2.0628,20
S2,heavy/group,fifo+sample+late+lpt,phase_time_s,74.8895,2.0628,20
S2,heavy/group,fifo+sample+late+lpt,gen_time_s,74.6823,2.0684,20
S2,heavy/group,fifo+sample+late+lpt,straggler_s,20.9671,3.96286,20
S2,heavy/group,fifo+sample+late+lpt,mean_ready_s,26.1421,1.42826,20
S2,heavy/group,fifo+sample+late+lpt,gpu_idle_frac,0.178082,0.0343906,20
S2,heavy/group,fifo+sample+late+lpt,gen_frac,0.808898,0.0345422,20
S2,heavy/group,fifo+sample+late+lpt,overhead_frac,0.013019,0.000396003,20
S2,heavy/group,fifo+sample+late+lpt,padding_frac,0,0,20
S2,heavy/group,fifo+sample+late+lpt,verify_delay_mean_s,0.209204,0.00105192,20
S2,heavy/group,fifo+sample+late+lpt,verify_delay_p95_s,0.32485,0.00421151,20
S2,heavy/group,fifo+sample+late+lpt,instants,1164.2,4.56694,20
S2,heavy/group,fifo+sample+late+lpt,policy_calls,1164.2,4.56694,20
S2,heavy/group,fifo+sample+late+lpt,violations,0,0,20
S2,heavy/group,fifo+sample+late+lpt,lb_gap,0.201122,0.0248129,20
S2,heavy/group,fifo+sample+late+lpt,J,0.989019,0.0195973,20
S2,heavy/group,fifo+sample+late+round_robin,groups_consumed,64,0,20
S2,heavy/group,fifo+sample+late+round_robin,groups_dropped,0,0,20
S2,heavy/group,fifo+sample+late+round_robin,groups_unfinished,0,0,20
S2,heavy/group,fifo+sample+late+round_robin,drops_policy,0,0,20
S2,heavy/group,fifo+sample+late+round_robin,drops_stale,0,0,20
S2,heavy/group,fifo+sample+late+round_robin,drops_colocated_switch,0,0,20
S2,heavy/group,fifo+sample+late+round_robin,tokens_consumed,592044,36318,20
S2,heavy/group,fifo+sample+late+round_robin,tokens_dropped,0,0,20
S2,heavy/group,fifo+sample+late+round_robin,waste_frac,0,0,20
S2,heavy/group,fifo+sample+late+round_robin,length_bias,0,0,20
S2,heavy/group,fifo+sample+late+round_robin,run_s,74.8892,2.1433,20
S2,heavy/group,fifo+sample+late+round_robin,phase_time_s,74.8892,2.1433,20
S2,heavy/group,fifo+sample+late+round_robin,gen_time_s,74.6702,2.14683,20
S2,heavy/group,fifo+sample+late+round_robin,straggler_s,20.8811,3.88664,20
S2,heavy/group,fifo+sample+late+round_robin,mean_ready_s,26.1513,1.42924,20
S2,heavy/group,fifo+sample+late+round_robin,gpu_idle_frac,0.177382,0.0339505,20
S2,heavy/group,fifo+sample+late+round_robin,gen_frac,0.809589,0.0340977,20
S2,heavy/group,fifo+sample+late+round_robin,overhead_frac,0.0130287,0.00040908,20
S2,heavy/group,fifo+sample+late+round_robin,padding_frac,0,0,20
S2,heavy/group,fifo+sample+late+round_robin,verify_delay_mean_s,0.209204,0.00105192,20
S2,heavy/group,fifo+sample+late+round_robin,verify_delay_p95_s,0.32485,0.00421151,20
S2,heavy/group,fifo+sample+late+round_robin,instants,1162.75,4.63777,20
S2,heavy/group,fifo+sample+late+round_robin,policy_calls,1162.75,4.63777,20
S2,heavy/group,fifo+sample+late+round_robin,violations,0,0,20
S2,heavy/group,fifo+sample+late+round_robin,lb_gap,0.20093,0.0264727,20
S2,heavy/group,fifo+sample+late+round_robin,J,0.988665,0.0212616,20
S2,heavy/group,longest_first+group+early+least_loaded,groups_consumed,64,0,20
S2,heavy/group,longest_first+group+early+least_loaded,groups_dropped,0,0,20
S2,heavy/group,longest_first+group+early+least_loaded,groups_unfinished,0,0,20
S2,heavy/group,longest_first+group+early+least_loaded,drops_policy,0,0,20
S2,heavy/group,longest_first+group+early+least_loaded,drops_stale,0,0,20
S2,heavy/group,longest_first+group+early+least_loaded,drops_colocated_switch,0,0,20
S2,heavy/group,longest_first+group+early+least_loaded,tokens_consumed,592044,36318,20
S2,heavy/group,longest_first+group+early+least_loaded,tokens_dropped,0,0,20
S2,heavy/group,longest_first+group+early+least_loaded,waste_frac,0,0,20
S2,heavy/group,longest_first+group+early+least_loaded,length_bias,0,0,20
S2,heavy/group,longest_first+group+early+least_loaded,run_s,70.9147,1.9082,20
S2,heavy/group,longest_first+group+early+least_loaded,phase_time_s,70.9147,1.9082,20
S2,heavy/group,longest_first+group+early+least_loaded,gen_time_s,70.7003,1.90764,20
S2,heavy/group,longest_first+group+early+least_loaded,straggler_s,18.7169,3.79267,20
S2,heavy/group,longest_first+group+early+least_loaded,mean_ready_s,27.5502,1.51343,20
S2,heavy/group,longest_first+group+early+least_loaded,gpu_idle_frac,0.200728,0.0375813,20
S2,heavy/group,longest_first+group+early+least_loaded,gen_frac,0.797203,0.0375972,20
S2,heavy/group,longest_first+group+early+least_loaded,overhead_frac,0.0020689,6.8408e-05,20
S2,heavy/group,longest_first+group+early+least_loaded,padding_frac,0,0,20
S2,heavy/group,longest_first+group+early+least_loaded,verify_delay_mean_s,0.209204,0.00105192,20
S2,heavy/group,longest_first+group+early+least_loaded,verify_delay_p95_s,0.32485,0.00421151,20
S2,heavy/group,longest_first+group+early+least_loaded,instants,1034.85,3.39966,20
S2,heavy/group,longest_first+group+early+least_loaded,policy_calls,1034.85,3.39966,20
S2,heavy/group,longest_first+group+early+least_loaded,violations,0,0,20
S2,heavy/group,longest_first+group+early+least_loaded,lb_gap,0.137093,0.0225426,20
S2,heavy/group,longest_first+group+early+least_loaded,J,0.952575,0.0220902,20
S2,heavy/group,longest_first+group+early+lpt,groups_consumed,64,0,20
S2,heavy/group,longest_first+group+early+lpt,groups_dropped,0,0,20
S2,heavy/group,longest_first+group+early+lpt,groups_unfinished,0,0,20
S2,heavy/group,longest_first+group+early+lpt,drops_policy,0,0,20
S2,heavy/group,longest_first+group+early+lpt,drops_stale,0,0,20
S2,heavy/group,longest_first+group+early+lpt,drops_colocated_switch,0,0,20
S2,heavy/group,longest_first+group+early+lpt,tokens_consumed,592044,36318,20
S2,heavy/group,longest_first+group+early+lpt,tokens_dropped,0,0,20
S2,heavy/group,longest_first+group+early+lpt,waste_frac,0,0,20
S2,heavy/group,longest_first+group+early+lpt,length_bias,0,0,20
S2,heavy/group,longest_first+group+early+lpt,run_s,70.9147,1.9082,20
S2,heavy/group,longest_first+group+early+lpt,phase_time_s,70.9147,1.9082,20
S2,heavy/group,longest_first+group+early+lpt,gen_time_s,70.7003,1.90764,20
S2,heavy/group,longest_first+group+early+lpt,straggler_s,18.7169,3.79267,20
S2,heavy/group,longest_first+group+early+lpt,mean_ready_s,27.5502,1.51343,20
S2,heavy/group,longest_first+group+early+lpt,gpu_idle_frac,0.200728,0.0375813,20
S2,heavy/group,longest_first+group+early+lpt,gen_frac,0.797203,0.0375972,20
S2,heavy/group,longest_first+group+early+lpt,overhead_frac,0.0020689,6.8408e-05,20
S2,heavy/group,longest_first+group+early+lpt,padding_frac,0,0,20
S2,heavy/group,longest_first+group+early+lpt,verify_delay_mean_s,0.209204,0.00105192,20
S2,heavy/group,longest_first+group+early+lpt,verify_delay_p95_s,0.32485,0.00421151,20
S2,heavy/group,longest_first+group+early+lpt,instants,1034.85,3.39966,20
S2,heavy/group,longest_first+group+early+lpt,policy_calls,1034.85,3.39966,20
S2,heavy/group,longest_first+group+early+lpt,violations,0,0,20
S2,heavy/group,longest_first+group+early+lpt,lb_gap,0.137093,0.0225426,20
S2,heavy/group,longest_first+group+early+lpt,J,0.952575,0.0220902,20
S2,heavy/group,longest_first+group+early+round_robin,groups_consumed,64,0,20
S2,heavy/group,longest_first+group+early+round_robin,groups_dropped,0,0,20
S2,heavy/group,longest_first+group+early+round_robin,groups_unfinished,0,0,20
S2,heavy/group,longest_first+group+early+round_robin,drops_policy,0,0,20
S2,heavy/group,longest_first+group+early+round_robin,drops_stale,0,0,20
S2,heavy/group,longest_first+group+early+round_robin,drops_colocated_switch,0,0,20
S2,heavy/group,longest_first+group+early+round_robin,tokens_consumed,592044,36318,20
S2,heavy/group,longest_first+group+early+round_robin,tokens_dropped,0,0,20
S2,heavy/group,longest_first+group+early+round_robin,waste_frac,0,0,20
S2,heavy/group,longest_first+group+early+round_robin,length_bias,0,0,20
S2,heavy/group,longest_first+group+early+round_robin,run_s,71.7741,1.93603,20
S2,heavy/group,longest_first+group+early+round_robin,phase_time_s,71.7741,1.93603,20
S2,heavy/group,longest_first+group+early+round_robin,gen_time_s,71.5502,1.93369,20
S2,heavy/group,longest_first+group+early+round_robin,straggler_s,20.5371,3.8362,20
S2,heavy/group,longest_first+group+early+round_robin,mean_ready_s,27.3997,1.5546,20
S2,heavy/group,longest_first+group+early+round_robin,gpu_idle_frac,0.223774,0.035423,20
S2,heavy/group,longest_first+group+early+round_robin,gen_frac,0.774183,0.0354546,20
S2,heavy/group,longest_first+group+early+round_robin,overhead_frac,0.00204316,6.17548e-05,20
S2,heavy/group,longest_first+group+early+round_robin,padding_frac,0,0,20
S2,heavy/group,longest_first+group+early+round_robin,verify_delay_mean_s,0.209204,0.00105192,20
S2,heavy/group,longest_first+group+early+round_robin,verify_delay_p95_s,0.32485,0.00421151,20
S2,heavy/group,longest_first+group+early+round_robin,instants,1033.3,2.92511,20
S2,heavy/group,longest_first+group+early+round_robin,policy_calls,1033.3,2.92511,20
S2,heavy/group,longest_first+group+early+round_robin,violations,0,0,20
S2,heavy/group,longest_first+group+early+round_robin,lb_gap,0.150632,0.0217218,20
S2,heavy/group,longest_first+group+early+round_robin,J,0.974426,0.0218074,20
S2,heavy/group,longest_first+group+late+first_free,groups_consumed,64,0,20
S2,heavy/group,longest_first+group+late+first_free,groups_dropped,0,0,20
S2,heavy/group,longest_first+group+late+first_free,groups_unfinished,0,0,20
S2,heavy/group,longest_first+group+late+first_free,drops_policy,0,0,20
S2,heavy/group,longest_first+group+late+first_free,drops_stale,0,0,20
S2,heavy/group,longest_first+group+late+first_free,drops_colocated_switch,0,0,20
S2,heavy/group,longest_first+group+late+first_free,tokens_consumed,592044,36318,20
S2,heavy/group,longest_first+group+late+first_free,tokens_dropped,0,0,20
S2,heavy/group,longest_first+group+late+first_free,waste_frac,0,0,20
S2,heavy/group,longest_first+group+late+first_free,length_bias,0,0,20
S2,heavy/group,longest_first+group+late+first_free,run_s,73.198,2.36566,20
S2,heavy/group,longest_first+group+late+first_free,phase_time_s,73.198,2.36566,20
S2,heavy/group,longest_first+group+late+first_free,gen_time_s,72.9769,2.36388,20
S2,heavy/group,longest_first+group+late+first_free,straggler_s,20.9318,3.91047,20
S2,heavy/group,longest_first+group+late+first_free,mean_ready_s,28.1387,1.60577,20
S2,heavy/group,longest_first+group+late+first_free,gpu_idle_frac,0.271982,0.0470696,20
S2,heavy/group,longest_first+group+late+first_free,gen_frac,0.726024,0.0470737,20
S2,heavy/group,longest_first+group+late+first_free,overhead_frac,0.00199402,7.69273e-05,20
S2,heavy/group,longest_first+group+late+first_free,padding_frac,0,0,20
S2,heavy/group,longest_first+group+late+first_free,verify_delay_mean_s,0.209204,0.00105192,20
S2,heavy/group,longest_first+group+late+first_free,verify_delay_p95_s,0.32485,0.00421151,20
S2,heavy/group,longest_first+group+late+first_free,instants,1029.9,2.77048,20
S2,heavy/group,longest_first+group+late+first_free,policy_calls,1029.9,2.77048,20
S2,heavy/group,longest_first+group+late+first_free,violations,0,0,20
S2,heavy/group,longest_first+group+late+first_free,lb_gap,0.173423,0.0293845,20
S2,heavy/group,longest_first+group+late+first_free,J,1.01564,0.0338335,20
S2,heavy/group,longest_first+group+late+least_loaded,groups_consumed,64,0,20
S2,heavy/group,longest_first+group+late+least_loaded,groups_dropped,0,0,20
S2,heavy/group,longest_first+group+late+least_loaded,groups_unfinished,0,0,20
S2,heavy/group,longest_first+group+late+least_loaded,drops_policy,0,0,20
S2,heavy/group,longest_first+group+late+least_loaded,drops_stale,0,0,20
S2,heavy/group,longest_first+group+late+least_loaded,drops_colocated_switch,0,0,20
S2,heavy/group,longest_first+group+late+least_loaded,tokens_consumed,592044,36318,20
S2,heavy/group,longest_first+group+late+least_loaded,tokens_dropped,0,0,20
S2,heavy/group,longest_first+group+late+least_loaded,waste_frac,0,0,20
S2,heavy/group,longest_first+group+late+least_loaded,length_bias,0,0,20
S2,heavy/group,longest_first+group+late+least_loaded,run_s,70.9363,1.80014,20
S2,heavy/group,longest_first+group+late+least_loaded,phase_time_s,70.9363,1.80014,20
S2,heavy/group,longest_first+group+late+least_loaded,gen_time_s,70.7056,1.79945,20
S2,heavy/group,longest_first+group+late+least_loaded,straggler_s,18.9966,3.95603,20
S2,heavy/group,longest_first+group+late+least_loaded,mean_ready_s,28.0824,1.58634,20
S2,heavy/group,longest_first+group+late+least_loaded,gpu_idle_frac,0.199232,0.039339,20
S2,heavy/group,longest_first+group+late+least_loaded,gen_frac,0.798714,0.0393598,20
S2,heavy/group,longest_first+group+late+least_loaded,overhead_frac,0.0020539,6.54097e-05,20
S2,heavy/group,longest_first+group+late+least_loaded,padding_frac,0,0,20
S2,heavy/group,longest_first+group+late+least_loaded,verify_delay_mean_s,0.209204,0.00105192,20
S2,heavy/group,longest_first+group+late+least_loaded,verify_delay_p95_s,0.32485,0.00421151,20
S2,heavy/group,longest_first+group+late+least_loaded,instants,1030.6,2.21817,20
S2,heavy/group,longest_first+group+late+least_loaded,policy_calls,1030.6,2.21817,20
S2,heavy/group,longest_first+group+late+least_loaded,violations,0,0,20
S2,heavy/group,longest_first+group+late+least_loaded,lb_gap,0.137142,0.0198507,20
S2,heavy/group,longest_first+group+late+least_loaded,J,0.952086,0.0186808,20
S2,heavy/group,longest_first+group+late+lpt,groups_consumed,64,0,20
S2,heavy/group,longest_first+group+late+lpt,groups_dropped,0,0,20
S2,heavy/group,longest_first+group+late+lpt,groups_unfinished,0,0,20
S2,heavy/group,longest_first+group+late+lpt,drops_policy,0,0,20
S2,heavy/group,longest_first+group+late+lpt,drops_stale,0,0,20
S2,heavy/group,longest_first+group+late+lpt,drops_colocated_switch,0,0,20
S2,heavy/group,longest_first+group+late+lpt,tokens_consumed,592044,36318,20
S2,heavy/group,longest_first+group+late+lpt,tokens_dropped,0,0,20
S2,heavy/group,longest_first+group+late+lpt,waste_frac,0,0,20
S2,heavy/group,longest_first+group+late+lpt,length_bias,0,0,20
S2,heavy/group,longest_first+group+late+lpt,run_s,71.2345,1.85952,20
S2,heavy/group,longest_first+group+late+lpt,phase_time_s,71.2345,1.85952,20
S2,heavy/group,longest_first+group+late+lpt,gen_time_s,71.0015,1.85888,20
S2,heavy/group,longest_first+group+late+lpt,straggler_s,19.4517,3.9408,20
S2,heavy/group,longest_first+group+late+lpt,mean_ready_s,28.0768,1.58791,20
S2,heavy/group,longest_first+group+late+lpt,gpu_idle_frac,0.203871,0.0341336,20
S2,heavy/group,longest_first+group+late+lpt,gen_frac,0.794082,0.034156,20
S2,heavy/group,longest_first+group+late+lpt,overhead_frac,0.00204669,6.71719e-05,20
S2,heavy/group,longest_first+group+late+lpt,padding_frac,0,0,20
S2,heavy/group,longest_first+group+late+lpt,verify_delay_mean_s,0.209204,0.00105192,20
S2,heavy/group,longest_first+group+late+lpt,verify_delay_p95_s,0.32485,0.00421151,20
S2,heavy/group,longest_first+group+late+lpt,instants,1031.05,2.37904,20
S2,heavy/group,longest_first+group+late+lpt,policy_calls,1031.05,2.37904,20
S2,heavy/group,longest_first+group+late+lpt,violations,0,0,20
S2,heavy/group,longest_first+group+late+lpt,lb_gap,0.141865,0.0207852,20
S2,heavy/group,longest_first+group+late+lpt,J,0.957989,0.0179185,20
S2,heavy/group,longest_first+group+late+round_robin,groups_consumed,64,0,20
S2,heavy/group,longest_first+group+late+round_robin,groups_dropped,0,0,20
S2,heavy/group,longest_first+group+late+round_robin,groups_unfinished,0,0,20
S2,heavy/group,longest_first+group+late+round_robin,drops_policy,0,0,20
S2,heavy/group,longest_first+group+late+round_robin,drops_stale,0,0,20
S2,heavy/group,longest_first+group+late+round_robin,drops_colocated_switch,0,0,20
S2,heavy/group,longest_first+group+late+round_robin,tokens_consumed,592044,36318,20
S2,heavy/group,longest_first+group+late+round_robin,tokens_dropped,0,0,20
S2,heavy/group,longest_first+group+late+round_robin,waste_frac,0,0,20
S2,heavy/group,longest_first+group+late+round_robin,length_bias,0,0,20
S2,heavy/group,longest_first+group+late+round_robin,run_s,71.4425,1.97255,20
S2,heavy/group,longest_first+group+late+round_robin,phase_time_s,71.4425,1.97255,20
S2,heavy/group,longest_first+group+late+round_robin,gen_time_s,71.2094,1.97314,20
S2,heavy/group,longest_first+group+late+round_robin,straggler_s,19.9393,3.88388,20
S2,heavy/group,longest_first+group+late+round_robin,mean_ready_s,28.124,1.60416,20
S2,heavy/group,longest_first+group+late+round_robin,gpu_idle_frac,0.219073,0.0363623,20
S2,heavy/group,longest_first+group+late+round_robin,gen_frac,0.778886,0.0363856,20
S2,heavy/group,longest_first+group+late+round_robin,overhead_frac,0.00204059,6.53092e-05,20
S2,heavy/group,longest_first+group+late+round_robin,padding_frac,0,0,20
S2,heavy/group,longest_first+group+late+round_robin,verify_delay_mean_s,0.209204,0.00105192,20
S2,heavy/group,longest_first+group+late+round_robin,verify_delay_p95_s,0.32485,0.00421151,20
S2,heavy/group,longest_first+group+late+round_robin,instants,1030.1,2.97901,20
S2,heavy/group,longest_first+group+late+round_robin,policy_calls,1030.1,2.97901,20
S2,heavy/group,longest_first+group+late+round_robin,violations,0,0,20
S2,heavy/group,longest_first+group+late+round_robin,lb_gap,0.145163,0.022819,20
S2,heavy/group,longest_first+group+late+round_robin,J,0.968091,0.0230668,20
S2,heavy/group,longest_first+sample+early+least_loaded,groups_consumed,64,0,20
S2,heavy/group,longest_first+sample+early+least_loaded,groups_dropped,0,0,20
S2,heavy/group,longest_first+sample+early+least_loaded,groups_unfinished,0,0,20
S2,heavy/group,longest_first+sample+early+least_loaded,drops_policy,0,0,20
S2,heavy/group,longest_first+sample+early+least_loaded,drops_stale,0,0,20
S2,heavy/group,longest_first+sample+early+least_loaded,drops_colocated_switch,0,0,20
S2,heavy/group,longest_first+sample+early+least_loaded,tokens_consumed,592044,36318,20
S2,heavy/group,longest_first+sample+early+least_loaded,tokens_dropped,0,0,20
S2,heavy/group,longest_first+sample+early+least_loaded,waste_frac,0,0,20
S2,heavy/group,longest_first+sample+early+least_loaded,length_bias,0,0,20
S2,heavy/group,longest_first+sample+early+least_loaded,run_s,71.401,1.96037,20
S2,heavy/group,longest_first+sample+early+least_loaded,phase_time_s,71.401,1.96037,20
S2,heavy/group,longest_first+sample+early+least_loaded,gen_time_s,71.1763,1.96473,20
S2,heavy/group,longest_first+sample+early+least_loaded,straggler_s,18.5008,4.22697,20
S2,heavy/group,longest_first+sample+early+least_loaded,mean_ready_s,28.376,1.55806,20
S2,heavy/group,longest_first+sample+early+least_loaded,gpu_idle_frac,0.147554,0.040367,20
S2,heavy/group,longest_first+sample+early+least_loaded,gen_frac,0.83616,0.0403813,20
S2,heavy/group,longest_first+sample+early+least_loaded,overhead_frac,0.0162864,0.000551479,20
S2,heavy/group,longest_first+sample+early+least_loaded,padding_frac,0,0,20
S2,heavy/group,longest_first+sample+early+least_loaded,verify_delay_mean_s,0.209204,0.00105192,20
S2,heavy/group,longest_first+sample+early+least_loaded,verify_delay_p95_s,0.32485,0.00421151,20
S2,heavy/group,longest_first+sample+early+least_loaded,instants,1236.2,4.74278,20
S2,heavy/group,longest_first+sample+early+least_loaded,policy_calls,1236.2,4.74278,20
S2,heavy/group,longest_first+sample+early+least_loaded,violations,0,0,20
S2,heavy/group,longest_first+sample+early+least_loaded,lb_gap,0.144829,0.0243674,20
S2,heavy/group,longest_first+sample+early+least_loaded,J,0.931833,0.0250286,20
S2,heavy/group,longest_first+sample+early+lpt,groups_consumed,64,0,20
S2,heavy/group,longest_first+sample+early+lpt,groups_dropped,0,0,20
S2,heavy/group,longest_first+sample+early+lpt,groups_unfinished,0,0,20
S2,heavy/group,longest_first+sample+early+lpt,drops_policy,0,0,20
S2,heavy/group,longest_first+sample+early+lpt,drops_stale,0,0,20
S2,heavy/group,longest_first+sample+early+lpt,drops_colocated_switch,0,0,20
S2,heavy/group,longest_first+sample+early+lpt,tokens_consumed,592044,36318,20
S2,heavy/group,longest_first+sample+early+lpt,tokens_dropped,0,0,20
S2,heavy/group,longest_first+sample+early+lpt,waste_frac,0,0,20
S2,heavy/group,longest_first+sample+early+lpt,length_bias,0,0,20
S2,heavy/group,longest_first+sample+early+lpt,run_s,71.279,1.94508,20
S2,heavy/group,longest_first+sample+early+lpt,phase_time_s,71.279,1.94508,20
S2,heavy/group,longest_first+sample+early+lpt,gen_time_s,71.0523,1.94869,20
S2,heavy/group,longest_first+sample+early+lpt,straggler_s,18.3767,4.28869,20
S2,heavy/group,longest_first+sample+early+lpt,mean_ready_s,28.4288,1.56518,20
S2,heavy/group,longest_first+sample+early+lpt,gpu_idle_frac,0.146384,0.0406922,20
S2,heavy/group,longest_first+sample+early+lpt,gen_frac,0.837302,0.040704,20
S2,heavy/group,longest_first+sample+early+lpt,overhead_frac,0.0163135,0.000546474,20
S2,heavy/group,longest_first+sample+early+lpt,padding_frac,0,0,20
S2,heavy/group,longest_first+sample+early+lpt,verify_delay_mean_s,0.209204,0.00105192,20
S2,heavy/group,longest_first+sample+early+lpt,verify_delay_p95_s,0.32485,0.00421151,20
S2,heavy/group,longest_first+sample+early+lpt,instants,1236,4.98317,20
S2,heavy/group,longest_first+sample+early+lpt,policy_calls,1236,4.98317,20
S2,heavy/group,longest_first+sample+early+lpt,violations,0,0,20
S2,heavy/group,longest_first+sample+early+lpt,lb_gap,0.142853,0.0242349,20
S2,heavy/group,longest_first+sample+early+lpt,J,0.929781,0.0252454,20
S2,heavy/group,longest_first+sample+early+round_robin,groups_consumed,64,0,20
S2,heavy/group,longest_first+sample+early+round_robin,groups_dropped,0,0,20
S2,heavy/group,longest_first+sample+early+round_robin,groups_unfinished,0,0,20
S2,heavy/group,longest_first+sample+early+round_robin,drops_policy,0,0,20
S2,heavy/group,longest_first+sample+early+round_robin,drops_stale,0,0,20
S2,heavy/group,longest_first+sample+early+round_robin,drops_colocated_switch,0,0,20
S2,heavy/group,longest_first+sample+early+round_robin,tokens_consumed,592044,36318,20
S2,heavy/group,longest_first+sample+early+round_robin,tokens_dropped,0,0,20
S2,heavy/group,longest_first+sample+early+round_robin,waste_frac,0,0,20
S2,heavy/group,longest_first+sample+early+round_robin,length_bias,0,0,20
S2,heavy/group,longest_first+sample+early+round_robin,run_s,71.401,1.96037,20
S2,heavy/group,longest_first+sample+early+round_robin,phase_time_s,71.401,1.96037,20
S2,heavy/group,longest_first+sample+early+round_robin,gen_time_s,71.1763,1.96473,20
S2,heavy/group,longest_first+sample+early+round_robin,straggler_s,18.5008,4.22697,20
S2,heavy/group,longest_first+sample+early+round_robin,mean_ready_s,28.376,1.55806,20
S2,heavy/group,longest_first+sample+early+round_robin,gpu_idle_frac,0.147554,0.040367,20
S2,heavy/group,longest_first+sample+early+round_robin,gen_frac,0.83616,0.0403813,20
S2,heavy/group,longest_first+sample+early+round_robin,overhead_frac,0.0162864,0.000551479,20
S2,heavy/group,longest_first+sample+early+round_robin,padding_frac,0,0,20
S2,heavy/group,longest_first+sample+early+round_robin,verify_delay_mean_s,0.209204,0.00105192,20
S2,heavy/group,longest_first+sample+early+round_robin,verify_delay_p95_s,0.32485,0.00421151,20
S2,heavy/group,longest_first+sample+early+round_robin,instants,1236.2,4.74278,20
S2,heavy/group,longest_first+sample+early+round_robin,policy_calls,1236.2,4.74278,20
S2,heavy/group,longest_first+sample+early+round_robin,violations,0,0,20
S2,heavy/group,longest_first+sample+early+round_robin,lb_gap,0.144829,0.0243674,20
S2,heavy/group,longest_first+sample+early+round_robin,J,0.931833,0.0250286,20
S2,heavy/group,longest_first+sample+late+first_free,groups_consumed,64,0,20
S2,heavy/group,longest_first+sample+late+first_free,groups_dropped,0,0,20
S2,heavy/group,longest_first+sample+late+first_free,groups_unfinished,0,0,20
S2,heavy/group,longest_first+sample+late+first_free,drops_policy,0,0,20
S2,heavy/group,longest_first+sample+late+first_free,drops_stale,0,0,20
S2,heavy/group,longest_first+sample+late+first_free,drops_colocated_switch,0,0,20
S2,heavy/group,longest_first+sample+late+first_free,tokens_consumed,592044,36318,20
S2,heavy/group,longest_first+sample+late+first_free,tokens_dropped,0,0,20
S2,heavy/group,longest_first+sample+late+first_free,waste_frac,0,0,20
S2,heavy/group,longest_first+sample+late+first_free,length_bias,0,0,20
S2,heavy/group,longest_first+sample+late+first_free,run_s,73.9014,2.20534,20
S2,heavy/group,longest_first+sample+late+first_free,phase_time_s,73.9014,2.20534,20
S2,heavy/group,longest_first+sample+late+first_free,gen_time_s,73.7046,2.20526,20
S2,heavy/group,longest_first+sample+late+first_free,straggler_s,21.0561,3.44384,20
S2,heavy/group,longest_first+sample+late+first_free,mean_ready_s,26.8359,1.48433,20
S2,heavy/group,longest_first+sample+late+first_free,gpu_idle_frac,0.220149,0.0341119,20
S2,heavy/group,longest_first+sample+late+first_free,gen_frac,0.773693,0.0342173,20
S2,heavy/group,longest_first+sample+late+first_free,overhead_frac,0.006158,0.000232574,20
S2,heavy/group,longest_first+sample+late+first_free,padding_frac,0,0,20
S2,heavy/group,longest_first+sample+late+first_free,verify_delay_mean_s,0.209204,0.00105192,20
S2,heavy/group,longest_first+sample+late+first_free,verify_delay_p95_s,0.32485,0.00421151,20
S2,heavy/group,longest_first+sample+late+first_free,instants,1159.35,4.03252,20
S2,heavy/group,longest_first+sample+late+first_free,policy_calls,1159.35,4.03252,20
S2,heavy/group,longest_first+sample+late+first_free,violations,0,0,20
S2,heavy/group,longest_first+sample+late+first_free,lb_gap,0.185231,0.0265729,20
S2,heavy/group,longest_first+sample+late+first_free,J,0.998177,0.0196995,20
S2,heavy/group,longest_first+sample+late+least_loaded,groups_consumed,64,0,20
S2,heavy/group,longest_first+sample+late+least_loaded,groups_dropped,0,0,20
S2,heavy/group,longest_first+sample+late+least_loaded,groups_unfinished,0,0,20
S2,heavy/group,longest_first+sample+late+least_loaded,drops_policy,0,0,20
S2,heavy/group,longest_first+sample+late+least_loaded,drops_stale,0,0,20
S2,heavy/group,longest_first+sample+late+least_loaded,drops_colocated_switch,0,0,20
S2,heavy/group,longest_first+sample+late+least_loaded,tokens_consumed,592044,36318,20
S2,heavy/group,longest_first+sample+late+least_loaded,tokens_dropped,0,0,20
S2,heavy/group,longest_first+sample+late+least_loaded,waste_frac,0,0,20
S2,heavy/group,longest_first+sample+late+least_loaded,length_bias,0,0,20
S2,heavy/group,longest_first+sample+late+least_loaded,run_s,70.9224,1.76726,20
S2,heavy/group,longest_first+sample+late+least_loaded,phase_time_s,70.9224,1.76726,20
S2,heavy/group,longest_first+sample+late+least_loaded,gen_time_s,70.6985,1.77168,20
S2,heavy/group,longest_first+sample+late+least_loaded,straggler_s,18.0147,4.13296,20
S2,heavy/group,longest_first+sample+late+least_loaded,mean_ready_s,27.9825,1.55422,20
S2,heavy/group,longest_first+sample+late+least_loaded,gpu_idle_frac,0.14462,0.0398981,20
S2,heavy/group,longest_first+sample+late+least_loaded,gen_frac,0.841597,0.0399449,20
S2,heavy/group,longest_first+sample+late+least_loaded,overhead_frac,0.0137834,0.000469118,20
S2,heavy/group,longest_first+sample+late+least_loaded,padding_frac,0,0,20
S2,heavy/group,longest_first+sample+late+least_loaded,verify_delay_mean_s,0.209204,0.00105192,20
S2,heavy/group,longest_first+sample+late+least_loaded,verify_delay_p95_s,0.32485,0.00421151,20
S2,heavy/group,longest_first+sample+late+least_loaded,instants,1159.55,4.56915,20
S2,heavy/group,longest_first+sample+late+least_loaded,policy_calls,1159.55,4.56915,20
S2,heavy/group,longest_first+sample+late+least_loaded,violations,0,0,20
S2,heavy/group,longest_first+sample+late+least_loaded,lb_gap,0.137143,0.020376,20
S2,heavy/group,longest_first+sample+late+least_loaded,J,0.924613,0.0200144,20
S2,heavy/group,longest_first+sample+late+lpt,groups_consumed,64,0,20
S2,heavy/group,longest_first+sample+late+lpt,groups_dropped,0,0,20
S2,heavy/group,longest_first+sample+late+lpt,groups_unfinished,0,0,20
S2,heavy/group,longest_first+sample+late+lpt,drops_policy,0,0,20
S2,heavy/group,longest_first+sample+late+lpt,drops_stale,0,0,20
S2,heavy/group,longest_first+sample+late+lpt,drops_colocated_switch,0,0,20
S2,heavy/group,longest_first+sample+late+lpt,tokens_consumed,592044,36318,20
S2,heavy/group,longest_first+sample+late+lpt,tokens_dropped,0,0,20
S2,heavy/group,longest_first+sample+late+lpt,waste_frac,0,0,20
S2,heavy/group,longest_first+sample+late+lpt,length_bias,0,0,20
S2,heavy/group,longest_first+sample+late+lpt,run_s,70.9224,1.76726,20
S2,heavy/group,longest_first+sample+late+lpt,phase_time_s,70.9224,1.76726,20
S2,heavy/group,longest_first+sample+late+lpt,gen_time_s,70.6985,1.77168,20
S2,heavy/group,longest_first+sample+late+lpt,straggler_s,18.0147,4.13296,20
S2,heavy/group,longest_first+sample+late+lpt,mean_ready_s,27.9825,1.55422,20
S2,heavy/group,longest_first+sample+late+lpt,gpu_idle_frac,0.14462,0.0398981,20
S2,heavy/group,longest_first+sample+late+lpt,gen_frac,0.841597,0.0399449,20
S2,heavy/group,longest_first+sample+late+lpt,overhead_frac,0.0137834,0.000469118,20
S2,heavy/group,longest_first+sample+late+lpt,padding_frac,0,0,20
S2,heavy/group,longest_first+sample+late+lpt,verify_delay_mean_s,0.209204,0.00105192,20
S2,heavy/group,longest_first+sample+late+lpt,verify_delay_p95_s,0.32485,0.00421151,20
S2,heavy/group,longest_first+sample+late+lpt,instants,1159.55,4.56915,20
S2,heavy/group,longest_first+sample+late+lpt,policy_calls,1159.55,4.56915,20
S2,heavy/group,longest_first+sample+late+lpt,violations,0,0,20
S2,heavy/group,longest_first+sample+late+lpt,lb_gap,0.137143,0.020376,20
S2,heavy/group,longest_first+sample+late+lpt,J,0.924613,0.0200144,20
S2,heavy/group,longest_first+sample+late+round_robin,groups_consumed,64,0,20
S2,heavy/group,longest_first+sample+late+round_robin,groups_dropped,0,0,20
S2,heavy/group,longest_first+sample+late+round_robin,groups_unfinished,0,0,20
S2,heavy/group,longest_first+sample+late+round_robin,drops_policy,0,0,20
S2,heavy/group,longest_first+sample+late+round_robin,drops_stale,0,0,20
S2,heavy/group,longest_first+sample+late+round_robin,drops_colocated_switch,0,0,20
S2,heavy/group,longest_first+sample+late+round_robin,tokens_consumed,592044,36318,20
S2,heavy/group,longest_first+sample+late+round_robin,tokens_dropped,0,0,20
S2,heavy/group,longest_first+sample+late+round_robin,waste_frac,0,0,20
S2,heavy/group,longest_first+sample+late+round_robin,length_bias,0,0,20
S2,heavy/group,longest_first+sample+late+round_robin,run_s,70.9137,1.76585,20
S2,heavy/group,longest_first+sample+late+round_robin,phase_time_s,70.9137,1.76585,20
S2,heavy/group,longest_first+sample+late+round_robin,gen_time_s,70.6903,1.77027,20
S2,heavy/group,longest_first+sample+late+round_robin,straggler_s,18.0168,4.13169,20
S2,heavy/group,longest_first+sample+late+round_robin,mean_ready_s,27.9797,1.55388,20
S2,heavy/group,longest_first+sample+late+round_robin,gpu_idle_frac,0.144529,0.0399165,20
S2,heavy/group,longest_first+sample+late+round_robin,gen_frac,0.841698,0.0399702,20
S2,heavy/group,longest_first+sample+late+round_robin,overhead_frac,0.0137732,0.000471396,20
S2,heavy/group,longest_first+sample+late+round_robin,padding_frac,0,0,20
S2,heavy/group,longest_first+sample+late+round_robin,verify_delay_mean_s,0.209204,0.00105192,20
S2,heavy/group,longest_first+sample+late+round_robin,verify_delay_p95_s,0.32485,0.00421151,20
S2,heavy/group,longest_first+sample+late+round_robin,instants,1160.2,3.82815,20
S2,heavy/group,longest_first+sample+late+round_robin,policy_calls,1160.2,3.82815,20
S2,heavy/group,longest_first+sample+late+round_robin,violations,0,0,20
S2,heavy/group,longest_first+sample+late+round_robin,lb_gap,0.137013,0.0203648,20
S2,heavy/group,longest_first+sample+late+round_robin,J,0.924464,0.0200248,20
S2,heavy/group,online_adaptive,groups_consumed,64,0,20
S2,heavy/group,online_adaptive,groups_dropped,0,0,20
S2,heavy/group,online_adaptive,groups_unfinished,0,0,20
S2,heavy/group,online_adaptive,drops_policy,0,0,20
S2,heavy/group,online_adaptive,drops_stale,0,0,20
S2,heavy/group,online_adaptive,drops_colocated_switch,0,0,20
S2,heavy/group,online_adaptive,tokens_consumed,592044,36318,20
S2,heavy/group,online_adaptive,tokens_dropped,0,0,20
S2,heavy/group,online_adaptive,waste_frac,0,0,20
S2,heavy/group,online_adaptive,length_bias,0,0,20
S2,heavy/group,online_adaptive,run_s,70.9162,1.7719,20
S2,heavy/group,online_adaptive,phase_time_s,70.9162,1.7719,20
S2,heavy/group,online_adaptive,gen_time_s,70.6923,1.77629,20
S2,heavy/group,online_adaptive,straggler_s,18.0046,4.13122,20
S2,heavy/group,online_adaptive,mean_ready_s,27.9812,1.55402,20
S2,heavy/group,online_adaptive,gpu_idle_frac,0.14456,0.0398921,20
S2,heavy/group,online_adaptive,gen_frac,0.841669,0.0399311,20
S2,heavy/group,online_adaptive,overhead_frac,0.0137708,0.000457739,20
S2,heavy/group,online_adaptive,padding_frac,0,0,20
S2,heavy/group,online_adaptive,verify_delay_mean_s,0.209204,0.00105192,20
S2,heavy/group,online_adaptive,verify_delay_p95_s,0.32485,0.00421151,20
S2,heavy/group,online_adaptive,instants,1159.05,4.53115,20
S2,heavy/group,online_adaptive,policy_calls,1159.05,4.53115,20
S2,heavy/group,online_adaptive,violations,0,0,20
S2,heavy/group,online_adaptive,lb_gap,0.137038,0.0204226,20
S2,heavy/group,online_adaptive,J,0.924508,0.0200632,20
S2,heavy/group,online_eb,groups_consumed,64,0,20
S2,heavy/group,online_eb,groups_dropped,0,0,20
S2,heavy/group,online_eb,groups_unfinished,0,0,20
S2,heavy/group,online_eb,drops_policy,0,0,20
S2,heavy/group,online_eb,drops_stale,0,0,20
S2,heavy/group,online_eb,drops_colocated_switch,0,0,20
S2,heavy/group,online_eb,tokens_consumed,592044,36318,20
S2,heavy/group,online_eb,tokens_dropped,0,0,20
S2,heavy/group,online_eb,waste_frac,0,0,20
S2,heavy/group,online_eb,length_bias,0,0,20
S2,heavy/group,online_eb,run_s,70.9138,1.75885,20
S2,heavy/group,online_eb,phase_time_s,70.9138,1.75885,20
S2,heavy/group,online_eb,gen_time_s,70.6934,1.76363,20
S2,heavy/group,online_eb,straggler_s,18.0371,4.15595,20
S2,heavy/group,online_eb,mean_ready_s,27.9799,1.55375,20
S2,heavy/group,online_eb,gpu_idle_frac,0.144583,0.0399346,20
S2,heavy/group,online_eb,gen_frac,0.841652,0.0399806,20
S2,heavy/group,online_eb,overhead_frac,0.0137648,0.000457876,20
S2,heavy/group,online_eb,padding_frac,0,0,20
S2,heavy/group,online_eb,verify_delay_mean_s,0.209204,0.00105192,20
S2,heavy/group,online_eb,verify_delay_p95_s,0.32485,0.00421151,20
S2,heavy/group,online_eb,instants,1160.65,3.78477,20
S2,heavy/group,online_eb,policy_calls,1160.65,3.78477,20
S2,heavy/group,online_eb,violations,0,0,20
S2,heavy/group,online_eb,lb_gap,0.137067,0.02026,20
S2,heavy/group,online_eb,J,0.924492,0.0199294,20
S2,heavy/group,oracle_lpt,groups_consumed,64,0,20
S2,heavy/group,oracle_lpt,groups_dropped,0,0,20
S2,heavy/group,oracle_lpt,groups_unfinished,0,0,20
S2,heavy/group,oracle_lpt,drops_policy,0,0,20
S2,heavy/group,oracle_lpt,drops_stale,0,0,20
S2,heavy/group,oracle_lpt,drops_colocated_switch,0,0,20
S2,heavy/group,oracle_lpt,tokens_consumed,592044,36318,20
S2,heavy/group,oracle_lpt,tokens_dropped,0,0,20
S2,heavy/group,oracle_lpt,waste_frac,0,0,20
S2,heavy/group,oracle_lpt,length_bias,0,0,20
S2,heavy/group,oracle_lpt,run_s,68.9057,1.19445,20
S2,heavy/group,oracle_lpt,phase_time_s,68.9057,1.19445,20
S2,heavy/group,oracle_lpt,gen_time_s,68.7112,1.20027,20
S2,heavy/group,oracle_lpt,straggler_s,16.8839,4.49875,20
S2,heavy/group,oracle_lpt,mean_ready_s,28.0979,1.54126,20
S2,heavy/group,oracle_lpt,gpu_idle_frac,0.0690148,0.0407781,20
S2,heavy/group,oracle_lpt,gen_frac,0.91923,0.0408995,20
S2,heavy/group,oracle_lpt,overhead_frac,0.0117547,0.000269142,20
S2,heavy/group,oracle_lpt,padding_frac,0,0,20
S2,heavy/group,oracle_lpt,verify_delay_mean_s,0.209204,0.00105192,20
S2,heavy/group,oracle_lpt,verify_delay_p95_s,0.32485,0.00421151,20
S2,heavy/group,oracle_lpt,instants,1180.4,5.04616,20
S2,heavy/group,oracle_lpt,policy_calls,1180.4,5.04616,20
S2,heavy/group,oracle_lpt,violations,0,0,20
S2,heavy/group,oracle_lpt,lb_gap,0.105336,0.0085702,20
S2,heavy/group,oracle_lpt,J,0.862575,0.00905683,20
S2,heavy/group,reference,groups_consumed,64,0,20
S2,heavy/group,reference,groups_dropped,0,0,20
S2,heavy/group,reference,groups_unfinished,0,0,20
S2,heavy/group,reference,drops_policy,0,0,20
S2,heavy/group,reference,drops_stale,0,0,20
S2,heavy/group,reference,drops_colocated_switch,0,0,20
S2,heavy/group,reference,tokens_consumed,592044,36318,20
S2,heavy/group,reference,tokens_dropped,0,0,20
S2,heavy/group,reference,waste_frac,0,0,20
S2,heavy/group,reference,length_bias,0,0,20
S2,heavy/group,reference,run_s,78.5692,3.34802,20
S2,heavy/group,reference,phase_time_s,78.5692,3.34802,20
S2,heavy/group,reference,gen_time_s,78.3826,3.35507,20
S2,heavy/group,reference,straggler_s,23.4342,4.77262,20
S2,heavy/group,reference,mean_ready_s,25.7346,1.41588,20
S2,heavy/group,reference,gpu_idle_frac,0.29456,0.0415722,20
S2,heavy/group,reference,gen_frac,0.703575,0.0415629,20
S2,heavy/group,reference,overhead_frac,0.00186535,8.62041e-05,20
S2,heavy/group,reference,padding_frac,0,0,20
S2,heavy/group,reference,verify_delay_mean_s,0.209204,0.00105192,20
S2,heavy/group,reference,verify_delay_p95_s,0.32485,0.00421151,20
S2,heavy/group,reference,instants,1034.75,3.24561,20
S2,heavy/group,reference,policy_calls,1034.75,3.24561,20
S2,heavy/group,reference,violations,0,0,20
S2,heavy/group,reference,lb_gap,0.260033,0.0457277,20
S2,heavy/group,reference,J,1.09148,0.0479812,20
S2,heavy/none,fifo+group+early+least_loaded,groups_consumed,64,0,20
S2,heavy/none,fifo+group+early+least_loaded,groups_dropped,0,0,20
S2,heavy/none,fifo+group+early+least_loaded,groups_unfinished,0,0,20
S2,heavy/none,fifo+group+early+least_loaded,drops_policy,0,0,20
S2,heavy/none,fifo+group+early+least_loaded,drops_stale,0,0,20
S2,heavy/none,fifo+group+early+least_loaded,drops_colocated_switch,0,0,20
S2,heavy/none,fifo+group+early+least_loaded,tokens_consumed,592044,36318,20
S2,heavy/none,fifo+group+early+least_loaded,tokens_dropped,0,0,20
S2,heavy/none,fifo+group+early+least_loaded,waste_frac,0,0,20
S2,heavy/none,fifo+group+early+least_loaded,length_bias,0,0,20
S2,heavy/none,fifo+group+early+least_loaded,run_s,78.5692,3.34802,20
S2,heavy/none,fifo+group+early+least_loaded,phase_time_s,78.5692,3.34802,20
S2,heavy/none,fifo+group+early+least_loaded,gen_time_s,78.3826,3.35507,20
S2,heavy/none,fifo+group+early+least_loaded,straggler_s,23.4342,4.77262,20
S2,heavy/none,fifo+group+early+least_loaded,mean_ready_s,25.7346,1.41588,20
S2,heavy/none,fifo+group+early+least_loaded,gpu_idle_frac,0.29456,0.0415722,20
S2,heavy/none,fifo+group+early+least_loaded,gen_frac,0.703575,0.0415629,20
S2,heavy/none,fifo+group+early+least_loaded,overhead_frac,0.00186535,8.62041e-05,20
S2,heavy/none,fifo+group+early+least_loaded,padding_frac,0,0,20
S2,heavy/none,fifo+group+early+least_loaded,verify_delay_mean_s,0.209204,0.00105192,20
S2,heavy/none,fifo+group+early+least_loaded,verify_delay_p95_s,0.32485,0.00421151,20
S2,heavy/none,fifo+group+early+least_loaded,instants,1034.75,3.24561,20
S2,heavy/none,fifo+group+early+least_loaded,policy_calls,1034.75,3.24561,20
S2,heavy/none,fifo+group+early+least_loaded,violations,0,0,20
S2,heavy/none,fifo+group+early+least_loaded,lb_gap,0.260033,0.0457277,20
S2,heavy/none,fifo+group+early+least_loaded,J,1.09148,0.0479812,20
S2,heavy/none,fifo+group+early+lpt,groups_consumed,64,0,20
S2,heavy/none,fifo+group+early+lpt,groups_dropped,0,0,20
S2,heavy/none,fifo+group+early+lpt,groups_unfinished,0,0,20
S2,heavy/none,fifo+group+early+lpt,drops_policy,0,0,20
S2,heavy/none,fifo+group+early+lpt,drops_stale,0,0,20
S2,heavy/none,fifo+group+early+lpt,drops_colocated_switch,0,0,20
S2,heavy/none,fifo+group+early+lpt,tokens_consumed,592044,36318,20
S2,heavy/none,fifo+group+early+lpt,tokens_dropped,0,0,20
S2,heavy/none,fifo+group+early+lpt,waste_frac,0,0,20
S2,heavy/none,fifo+group+early+lpt,length_bias,0,0,20
S2,heavy/none,fifo+group+early+lpt,run_s,78.5692,3.34802,20
S2,heavy/none,fifo+group+early+lpt,phase_time_s,78.5692,3.34802,20
S2,heavy/none,fifo+group+early+lpt,gen_time_s,78.3826,3.35507,20
S2,heavy/none,fifo+group+early+lpt,straggler_s,23.4342,4.77262,20
S2,heavy/none,fifo+group+early+lpt,mean_ready_s,25.7346,1.41588,20
S2,heavy/none,fifo+group+early+lpt,gpu_idle_frac,0.29456,0.0415722,20
S2,heavy/none,fifo+group+early+lpt,gen_frac,0.703575,0.0415629,20
S2,heavy/none,fifo+group+early+lpt,overhead_frac,0.00186535,8.62041e-05,20
S2,heavy/none,fifo+group+early+lpt,padding_frac,0,0,20
S2,heavy/none,fifo+group+early+lpt,verify_delay_mean_s,0.209204,0.00105192,20
S2,heavy/none,fifo+group+early+lpt,verify_delay_p95_s,0.32485,0.00421151,20
S2,heavy/none,fifo+group+early+lpt,instants,1034.75,3.24561,20
S2,heavy/none,fifo+group+early+lpt,policy_calls,1034.75,3.24561,20
S2,heavy/none,fifo+group+early+lpt,violations,0,0,20
S2,heavy/none,fifo+group+early+lpt,lb_gap,0.260033,0.0457277,20
S2,heavy/none,fifo+group+early+lpt,J,1.09148,0.0479812,20
S2,heavy/none,fifo+group+late+first_free,groups_consumed,64,0,20
S2,heavy/none,fifo+group+late+first_free,groups_dropped,0,0,20
S2,heavy/none,fifo+group+late+first_free,groups_unfinished,0,0,20
S2,heavy/none,fifo+group+late+first_free,drops_policy,0,0,20
S2,heavy/none,fifo+group+late+first_free,drops_stale,0,0,20
S2,heavy/none,fifo+group+late+first_free,drops_colocated_switch,0,0,20
S2,heavy/none,fifo+group+late+first_free,tokens_consumed,592044,36318,20
S2,heavy/none,fifo+group+late+first_free,tokens_dropped,0,0,20
S2,heavy/none,fifo+group+late+first_free,waste_frac,0,0,20
S2,heavy/none,fifo+group+late+first_free,length_bias,0,0,20
S2,heavy/none,fifo+group+late+first_free,run_s,76.5329,2.72948,20
S2,heavy/none,fifo+group+late+first_free,phase_time_s,76.5329,2.72948,20
S2,heavy/none,fifo+group+late+first_free,gen_time_s,76.3125,2.72432,20
S2,heavy/none,fifo+group+late+first_free,straggler_s,22.1166,4.13473,20
S2,heavy/none,fifo+group+late+first_free,mean_ready_s,25.8762,1.44837,20
S2,heavy/none,fifo+group+late+first_free,gpu_idle_frac,0.245477,0.0387505,20
S2,heavy/none,fifo+group+late+first_free,gen_frac,0.752615,0.0387596,20
S2,heavy/none,fifo+group+late+first_free,overhead_frac,0.00190812,6.87346e-05,20
S2,heavy/none,fifo+group+late+first_free,padding_frac,0,0,20
S2,heavy/none,fifo+group+late+first_free,verify_delay_mean_s,0.209204,0.00105192,20
S2,heavy/none,fifo+group+late+first_free,verify_delay_p95_s,0.32485,0.00421151,20
S2,heavy/none,fifo+group+late+first_free,instants,1035.45,1.81245,20
S2,heavy/none,fifo+group+late+first_free,policy_calls,1035.45,1.81245,20
S2,heavy/none,fifo+group+late+first_free,violations,0,0,20
S2,heavy/none,fifo+group+late+first_free,lb_gap,0.227125,0.0360724,20
S2,heavy/none,fifo+group+late+first_free,J,1.04247,0.0367843,20
S2,heavy/none,fifo+group+late+least_loaded,groups_consumed,64,0,20
S2,heavy/none,fifo+group+late+least_loaded,groups_dropped,0,0,20
S2,heavy/none,fifo+group+late+least_loaded,groups_unfinished,0,0,20
S2,heavy/none,fifo+group+late+least_loaded,drops_policy,0,0,20
S2,heavy/none,fifo+group+late+least_loaded,drops_stale,0,0,20
S2,heavy/none,fifo+group+late+least_loaded,drops_colocated_switch,0,0,20
S2,heavy/none,fifo+group+late+least_loaded,tokens_consumed,592044,36318,20
S2,heavy/none,fifo+group+late+least_loaded,tokens_dropped,0,0,20
S2,heavy/none,fifo+group+late+least_loaded,waste_frac,0,0,20
S2,heavy/none,fifo+group+late+least_loaded,length_bias,0,0,20
S2,heavy/none,fifo+group+late+least_loaded,run_s,77.3126,2.60258,20
S2,heavy/none,fifo+group+late+least_loaded,phase_time_s,77.3126,2.60258,20
S2,heavy/none,fifo+group+late+least_loaded,gen_time_s,77.0868,2.59858,20
S2,heavy/none,fifo+group+late+least_loaded,straggler_s,23.4496,3.63642,20
S2,heavy/none,fifo+group+late+least_loaded,mean_ready_s,25.8907,1.43667,20
S2,heavy/none,fifo+group+late+least_loaded,gpu_idle_frac,0.258553,0.0344581,20
S2,heavy/none,fifo+group+late+least_loaded,gen_frac,0.739558,0.0344761,20
S2,heavy/none,fifo+group+late+least_loaded,overhead_frac,0.00188819,7.08179e-05,20
S2,heavy/none,fifo+group+late+least_loaded,padding_frac,0,0,20
S2,heavy/none,fifo+group+late+least_loaded,verify_delay_mean_s,0.209204,0.00105192,20
S2,heavy/none,fifo+group+late+least_loaded,verify_delay_p95_s,0.32485,0.00421151,20
S2,heavy/none,fifo+group+late+least_loaded,instants,1034.25,2.3664,20
S2,heavy/none,fifo+group+late+least_loaded,policy_calls,1034.25,2.3664,20
S2,heavy/none,fifo+group+late+least_loaded,violations,0,0,20
S2,heavy/none,fifo+group+late+least_loaded,lb_gap,0.239529,0.0331194,20
S2,heavy/none,fifo+group+late+least_loaded,J,1.05837,0.0300798,20
S2,heavy/none,fifo+group+late+lpt,groups_consumed,64,0,20
S2,heavy/none,fifo+group+late+lpt,groups_dropped,0,0,20
S2,heavy/none,fifo+group+late+lpt,groups_unfinished,0,0,20
S2,heavy/none,fifo+group+late+lpt,drops_policy,0,0,20
S2,heavy/none,fifo+group+late+lpt,drops_stale,0,0,20
S2,heavy/none,fifo+group+late+lpt,drops_colocated_switch,0,0,20
S2,heavy/none,fifo+group+late+lpt,tokens_consumed,592044,36318,20
S2,heavy/none,fifo+group+late+lpt,tokens_dropped,0,0,20
S2,heavy/none,fifo+group+late+lpt,waste_frac,0,0,20
S2,heavy/none,fifo+group+late+lpt,length_bias,0,0,20
S2,heavy/none,fifo+group+late+lpt,run_s,77.3126,2.60258,20
S2,heavy/none,fifo+group+late+lpt,phase_time_s,77.3126,2.60258,20
S2,heavy/none,fifo+group+late+lpt,gen_time_s,77.0868,2.59858,20
S2,heavy/none,fifo+group+late+lpt,straggler_s,23.4496,3.63642,20
S2,heavy/none,fifo+group+late+lpt,mean_ready_s,25.8907,1.43667,20
S2,heavy/none,fifo+group+late+lpt,gpu_idle_frac,0.258553,0.0344581,20
S2,heavy/none,fifo+group+late+lpt,gen_frac,0.739558,0.0344761,20
S2,heavy/none,fifo+group+late+lpt,overhead_frac,0.00188819,7.08179e-05,20
S2,heavy/none,fifo+group+late+lpt,padding_frac,0,0,20
S2,heavy/none,fifo+group+late+lpt,verify_delay_mean_s,0.209204,0.00105192,20
S2,heavy/none,fifo+group+late+lpt,verify_delay_p95_s,0.32485,0.00421151,20
S2,heavy/none,fifo+group+late+lpt,instants,1034.25,2.3664,20
S2,heavy/none,fifo+group+late+lpt,policy_calls,1034.25,2.3664,20
S2,heavy/none,fifo+group+late+lpt,violations,0,0,20
S2,heavy/none,fifo+group+late+lpt,lb_gap,0.239529,0.0331194,20
S2,heavy/none,fifo+group+late+lpt,J,1.05837,0.0300798,20
S2,heavy/none,fifo+group+late+round_robin,groups_consumed,64,0,20
S2,heavy/none,fifo+group+late+round_robin,groups_dropped,0,0,20
S2,heavy/none,fifo+group+late+round_robin,groups_unfinished,0,0,20
S2,heavy/none,fifo+group+late+round_robin,drops_policy,0,0,20
S2,heavy/none,fifo+group+late+round_robin,drops_stale,0,0,20
S2,heavy/none,fifo+group+late+round_robin,drops_colocated_switch,0,0,20
S2,heavy/none,fifo+group+late+round_robin,tokens_consumed,592044,36318,20
S2,heavy/none,fifo+group+late+round_robin,tokens_dropped,0,0,20
S2,heavy/none,fifo+group+late+round_robin,waste_frac,0,0,20
S2,heavy/none,fifo+group+late+round_robin,length_bias,0,0,20
S2,heavy/none,fifo+group+late+round_robin,run_s,77.3126,2.60258,20
S2,heavy/none,fifo+group+late+round_robin,phase_time_s,77.3126,2.60258,20
S2,heavy/none,fifo+group+late+round_robin,gen_time_s,77.0868,2.59858,20
S2,heavy/none,fifo+group+late+round_robin,straggler_s,23.4496,3.63642,20
S2,heavy/none,fifo+group+late+round_robin,mean_ready_s,25.8906,1.43667,20
S2,heavy/none,fifo+group+late+round_robin,gpu_idle_frac,0.258296,0.0345377,20
S2,heavy/none,fifo+group+late+round_robin,gen_frac,0.739816,0.0345557,20
S2,heavy/none,fifo+group+late+round_robin,overhead_frac,0.00188819,7.08179e-05,20
S2,heavy/none,fifo+group+late+round_robin,padding_frac,0,0,20
S2,heavy/none,fifo+group+late+round_robin,verify_delay_mean_s,0.209204,0.00105192,20
S2,heavy/none,fifo+group+late+round_robin,verify_delay_p95_s,0.32485,0.00421151,20
S2,heavy/none,fifo+group+late+round_robin,instants,1034.35,2.34389,20
S2,heavy/none,fifo+group+late+round_robin,policy_calls,1034.35,2.34389,20
S2,heavy/none,fifo+group+late+round_robin,violations,0,0,20
S2,heavy/none,fifo+group+late+round_robin,lb_gap,0.239529,0.0331194,20
S2,heavy/none,fifo+group+late+round_robin,J,1.05824,0.0300701,20
S2,heavy/none,fifo+sample+early+least_loaded,groups_consumed,64,0,20
S2,heavy/none,fifo+sample+early+least_loaded,groups_dropped,0,0,20
S2,heavy/none,fifo+sample+early+least_loaded,groups_unfinished,0,0,20
S2,heavy/none,fifo+sample+early+least_loaded,drops_policy,0,0,20
S2,heavy/none,fifo+sample+early+least_loaded,drops_stale,0,0,20
S2,heavy/none,fifo+sample+early+least_loaded,drops_colocated_switch,0,0,20
S2,heavy/none,fifo+sample+early+least_loaded,tokens_consumed,592044,36318,20
S2,heavy/none,fifo+sample+early+least_loaded,tokens_dropped,0,0,20
S2,heavy/none,fifo+sample+early+least_loaded,waste_frac,0,0,20
S2,heavy/none,fifo+sample+early+least_loaded,length_bias,0,0,20
S2,heavy/none,fifo+sample+early+least_loaded,run_s,75.1496,2.12621,20
S2,heavy/none,fifo+sample+early+least_loaded,phase_time_s,75.1496,2.12621,20
S2,heavy/none,fifo+sample+early+least_loaded,gen_time_s,74.9387,2.13039,20
S2,heavy/none,fifo+sample+early+least_loaded,straggler_s,20.4562,3.93519,20
S2,heavy/none,fifo+sample+early+least_loaded,mean_ready_s,26.3934,1.4285,20
S2,heavy/none,fifo+sample+early+least_loaded,gpu_idle_frac,0.15654,0.0342814,20
S2,heavy/none,fifo+sample+early+least_loaded,gen_frac,0.827996,0.0344666,20
S2,heavy/none,fifo+sample+early+least_loaded,overhead_frac,0.0154644,0.000479043,20
S2,heavy/none,fifo+sample+early+least_loaded,padding_frac,0,0,20
S2,heavy/none,fifo+sample+early+least_loaded,verify_delay_mean_s,0.209204,0.00105192,20
S2,heavy/none,fifo+sample+early+least_loaded,verify_delay_p95_s,0.32485,0.00421151,20
S2,heavy/none,fifo+sample+early+least_loaded,instants,1237.85,4.24423,20
S2,heavy/none,fifo+sample+early+least_loaded,policy_calls,1237.85,4.24423,20
S2,heavy/none,fifo+sample+early+least_loaded,violations,0,0,20
S2,heavy/none,fifo+sample+early+least_loaded,lb_gap,0.205327,0.0267314,20
S2,heavy/none,fifo+sample+early+least_loaded,J,0.981374,0.0180711,20
S2,heavy/none,fifo+sample+early+lpt,groups_consumed,64,0,20
S2,heavy/none,fifo+sample+early+lpt,groups_dropped,0,0,20
S2,heavy/none,fifo+sample+early+lpt,groups_unfinished,0,0,20
S2,heavy/none,fifo+sample+early+lpt,drops_policy,0,0,20
S2,heavy/none,fifo+sample+early+lpt,drops_stale,0,0,20
S2,heavy/none,fifo+sample+early+lpt,drops_colocated_switch,0,0,20
S2,heavy/none,fifo+sample+early+lpt,tokens_consumed,592044,36318,20
S2,heavy/none,fifo+sample+early+lpt,tokens_dropped,0,0,20
S2,heavy/none,fifo+sample+early+lpt,waste_frac,0,0,20
S2,heavy/none,fifo+sample+early+lpt,length_bias,0,0,20
S2,heavy/none,fifo+sample+early+lpt,run_s,75.1496,2.12621,20
S2,heavy/none,fifo+sample+early+lpt,phase_time_s,75.1496,2.12621,20
S2,heavy/none,fifo+sample+early+lpt,gen_time_s,74.9387,2.13039,20
S2,heavy/none,fifo+sample+early+lpt,straggler_s,20.4562,3.93519,20
S2,heavy/none,fifo+sample+early+lpt,mean_ready_s,26.3934,1.4285,20
S2,heavy/none,fifo+sample+early+lpt,gpu_idle_frac,0.15654,0.0342814,20
S2,heavy/none,fifo+sample+early+lpt,gen_frac,0.827996,0.0344666,20
S2,heavy/none,fifo+sample+early+lpt,overhead_frac,0.0154644,0.000479043,20
S2,heavy/none,fifo+sample+early+lpt,padding_frac,0,0,20
S2,heavy/none,fifo+sample+early+lpt,verify_delay_mean_s,0.209204,0.00105192,20
S2,heavy/none,fifo+sample+early+lpt,verify_delay_p95_s,0.32485,0.00421151,20
S2,heavy/none,fifo+sample+early+lpt,instants,1237.85,4.24423,20
S2,heavy/none,fifo+sample+early+lpt,policy_calls,1237.85,4.24423,20
S2,heavy/none,fifo+sample+early+lpt,violations,0,0,20
S2,heavy/none,fifo+sample+early+lpt,lb_gap,0.205327,0.0267314,20
S2,heavy/none,fifo+sample+early+lpt,J,0.981374,0.0180711,20
S2,heavy/none,fifo+sample+early+round_robin,groups_consumed,64,0,20
S2,heavy/none,fifo+sample+early+round_robin,groups_dropped,0,0,20
S2,heavy/none,fifo+sample+early+round_robin,groups_unfinished,0,0,20
S2,heavy/none,fifo+sample+early+round_robin,drops_policy,0,0,20
S2,heavy/none,fifo+sample+early+round_robin,drops_stale,0,0,20
S2,heavy/none,fifo+sample+early+round_robin,drops_colocated_switch,0,0,20
S2,heavy/none,fifo+sample+early+round_robin,tokens_consumed,592044,36318,20
S2,heavy/none,fifo+sample+early+round_robin,tokens_dropped,0,0,20
S2,heavy/none,fifo+sample+early+round_robin,waste_frac,0,0,20
S2,heavy/none,fifo+sample+early+round_robin,length_bias,0,0,20
S2,heavy/none,fifo+sample+early+round_robin,run_s,75.1496,2.12621,20
S2,heavy/none,fifo+sample+early+round_robin,phase_time_s,75.1496,2.12621,20
S2,heavy/none,fifo+sample+early+round_robin,gen_time_s,74.9387,2.13039,20
S2,heavy/none,fifo+sample+early+round_robin,straggler_s,20.4562,3.93519,20
S2,heavy/none,fifo+sample+early+round_robin,mean_ready_s,26.3934,1.4285,20
S2,heavy/none,fifo+sample+early+round_robin,gpu_idle_frac,0.15654,0.0342814,20
S2,heavy/none,fifo+sample+early+round_robin,gen_frac,0.827996,0.0344666,20
S2,heavy/none,fifo+sample+early+round_robin,overhead_frac,0.0154644,0.000479043,20
S2,heavy/none,fifo+sample+early+round_robin,padding_frac,0,0,20
S2,heavy/none,fifo+sample+early+round_robin,verify_delay_mean_s,0.209204,0.00105192,20
S2,heavy/none,fifo+sample+early+round_robin,verify_delay_p95_s,0.32485,0.00421151,20
S2,heavy/none,fifo+sample+early+round_robin,instants,1237.85,4.24423,20
S2,heavy/none,fifo+sample+early+round_robin,policy_calls,1237.85,4.24423,20
S2,heavy/none,fifo+sample+early+round_robin,violations,0,0,20
S2,heavy/none,fifo+sample+early+round_robin,lb_gap,0.205327,0.0267314,20
S2,heavy/none,fifo+sample+early+round_robin,J,0.981374,0.0180711,20
S2,heavy/none,fifo+sample+late+first_free,groups_consumed,64,0,20
S2,heavy/none,fifo+sample+late+first_free,groups_dropped,0,0,20
S2,heavy/none,fifo+sample+late+first_free,groups_unfinished,0,0,20
S2,heavy/none,fifo+sample+late+first_free,drops_policy,0,0,20
S2,heavy/none,fifo+sample+late+first_free,drops_stale,0,0,20
S2,heavy/none,fifo+sample+late+first_free,drops_colocated_switch,0,0,20
S2,heavy/none,fifo+sample+late+first_free,tokens_consumed,592044,36318,20
S2,heavy/none,fifo+sample+late+first_free,tokens_dropped,0,0,20
S2,heavy/none,fifo+sample+late+first_free,waste_frac,0,0,20
S2,heavy/none,fifo+sample+late+first_free,length_bias,0,0,20
S2,heavy/none,fifo+sample+late+first_free,run_s,74.5161,2.13614,20
S2,heavy/none,fifo+sample+late+first_free,phase_time_s,74.5161,2.13614,20
S2,heavy/none,fifo+sample+late+first_free,gen_time_s,74.3139,2.13757,20
S2,heavy/none,fifo+sample+late+first_free,straggler_s,21.0259,3.86835,20
S2,heavy/none,fifo+sample+late+first_free,mean_ready_s,25.595,1.41404,20
S2,heavy/none,fifo+sample+late+first_free,gpu_idle_frac,0.179082,0.0341205,20
S2,heavy/none,fifo+sample+late+first_free,gen_frac,0.814826,0.0342839,20
S2,heavy/none,fifo+sample+late+first_free,overhead_frac,0.00609259,0.000240532,20
S2,heavy/none,fifo+sample+late+first_free,padding_frac,0,0,20
S2,heavy/none,fifo+sample+late+first_free,verify_delay_mean_s,0.209204,0.00105192,20
S2,heavy/none,fifo+sample+late+first_free,verify_delay_p95_s,0.32485,0.00421151,20
S2,heavy/none,fifo+sample+late+first_free,instants,1163.45,4.36792,20
S2,heavy/none,fifo+sample+late+first_free,policy_calls,1163.45,4.36792,20
S2,heavy/none,fifo+sample+late+first_free,violations,0,0,20
S2,heavy/none,fifo+sample+late+first_free,lb_gap,0.195169,0.0261209,20
S2,heavy/none,fifo+sample+late+first_free,J,0.985031,0.0168483,20
S2,heavy/none,fifo+sample+late+least_loaded,groups_consumed,64,0,20
S2,heavy/none,fifo+sample+late+least_loaded,groups_dropped,0,0,20
S2,heavy/none,fifo+sample+late+least_loaded,groups_unfinished,0,0,20
S2,heavy/none,fifo+sample+late+least_loaded,drops_policy,0,0,20
S2,heavy/none,fifo+sample+late+least_loaded,drops_stale,0,0,20
S2,heavy/none,fifo+sample+late+least_loaded,drops_colocated_switch,0,0,20
S2,heavy/none,fifo+sample+late+least_loaded,tokens_consumed,592044,36318,20
S2,heavy/none,fifo+sample+late+least_loaded,tokens_dropped,0,0,20
S2,heavy/none,fifo+sample+late+least_loaded,waste_frac,0,0,20
S2,heavy/none,fifo+sample+late+least_loaded,length_bias,0,0,20
S2,heavy/none,fifo+sample+late+least_loaded,run_s,74.8456,2.09456,20
S2,heavy/none,fifo+sample+late+least_loaded,phase_time_s,74.8456,2.09456,20
S2,heavy/none,fifo+sample+late+least_loaded,gen_time_s,74.6311,2.10185,20
S2,heavy/none,fifo+sample+late+least_loaded,straggler_s,20.762,3.83522,20
S2,heavy/none,fifo+sample+late+least_loaded,mean_ready_s,26.1495,1.42912,20
S2,heavy/none,fifo+sample+late+least_loaded,gpu_idle_frac,0.176731,0.0338674,20
S2,heavy/none,fifo+sample+late+least_loaded,gen_frac,0.810239,0.0340199,20
S2,heavy/none,fifo+sample+late+least_loaded,overhead_frac,0.0130307,0.000403537,20
S2,heavy/none,fifo+sample+late+least_loaded,padding_frac,0,0,20
S2,heavy/none,fifo+sample+late+least_loaded,verify_delay_mean_s,0.209204,0.00105192,20
S2,heavy/none,fifo+sample+late+least_loaded,verify_delay_p95_s,0.32485,0.00421151,20
S2,heavy/none,fifo+sample+late+least_loaded,instants,1163.05,4.67639,20
S2,heavy/none,fifo+sample+late+least_loaded,policy_calls,1163.05,4.67639,20
S2,heavy/none,fifo+sample+late+least_loaded,violations,0,0,20
S2,heavy/none,fifo+sample+late+least_loaded,lb_gap,0.200304,0.0255756,20
S2,heavy/none,fifo+sample+late+least_loaded,J,0.987815,0.0196683,20
S2,heavy/none,fifo+sample+late+lpt,groups_consumed,64,0,20
S2,heavy/none,fifo+sample+late+lpt,groups_dropped,0,0,20
S2,heavy/none,fifo+sample+late+lpt,groups_unfinished,0,0,20
S2,heavy/none,fifo+sample+late+lpt,drops_policy,0,0,20
S2,heavy/none,fifo+sample+late+lpt,drops_stale,0,0,20
S2,heavy/none,fifo+sample+late+lpt,drops_colocated_switch,0,0,20
S2,heavy/none,fifo+sample+late+lpt,tokens_consumed,592044,36318,20
S2,heavy/none,fifo+sample+late+lpt,tokens_dropped,0,0,20
S2,heavy/none,fifo+sample+late+lpt,waste_frac,0,0,20
S2,heavy/none,fifo+sample+late+lpt,length_bias,0,0,20
S2,heavy/none,fifo+sample+late+lpt,run_s,74.8456,2.09456,20
S2,heavy/none,fifo+sample+late+lpt,phase_time_s,74.8456,2.09456,20
S2,heavy/none,fifo+sample+late+lpt,gen_time_s,74.6311,2.10185,20
S2,heavy/none,fifo+sample+late+lpt,straggler_s,20.762,3.83522,20
S2,heavy/none,fifo+sample+late+lpt,mean_ready_s,26.1495,1.42912,20
S2,heavy/none,fifo+sample+late+lpt,gpu_idle_frac,0.176731,0.0338674,20
S2,heavy/none,fifo+sample+late+lpt,gen_frac,0.810239,0.0340199,20
S2,heavy/none,fifo+sample+late+lpt,overhead_frac,0.0130307,0.000403537,20
S2,heavy/none,fifo+sample+late+lpt,padding_frac,0,0,20
S2,heavy/none,fifo+sample+late+lpt,verify_delay_mean_s,0.209204,0.00105192,20
S2,heavy/none,fifo+sample+late+lpt,verify_delay_p95_s,0.32485,0.00421151,20
S2,heavy/none,fifo+sample+late+lpt,instants,1163.05,4.67639,20
S2,heavy/none,fifo+sample+late+lpt,policy_calls,1163.05,4.67639,20
S2,heavy/none,fifo+sample+late+lpt,violations,0,0,20
S2,heavy/none,fifo+sample+late+lpt,lb_gap,0.200304,0.0255756,20
S2,heavy/none,fifo+sample+late+lpt,J,0.987815,0.0196683,20
S2,heavy/none,fifo+sample+late+round_robin,groups_consumed,64,0,20
S2,heavy/none,fifo+sample+late+round_robin,groups_dropped,0,0,20
S2,heavy/none,fifo+sample+late+round_robin,groups_unfinished,0,0,20
S2,heavy/none,fifo+sample+late+round_robin,drops_policy,0,0,20
S2,heavy/none,fifo+sample+late+round_robin,drops_stale,0,0,20
S2,heavy/none,fifo+sample+late+round_robin,drops_colocated_switch,0,0,20
S2,heavy/none,fifo+sample+late+round_robin,tokens_consumed,592044,36318,20
S2,heavy/none,fifo+sample+late+round_robin,tokens_dropped,0,0,20
S2,heavy/none,fifo+sample+late+round_robin,waste_frac,0,0,20
S2,heavy/none,fifo+sample+late+round_robin,length_bias,0,0,20
S2,heavy/none,fifo+sample+late+round_robin,run_s,74.8892,2.1433,20
S2,heavy/none,fifo+sample+late+round_robin,phase_time_s,74.8892,2.1433,20
S2,heavy/none,fifo+sample+late+round_robin,gen_time_s,74.6702,2.14683,20
S2,heavy/none,fifo+sample+late+round_robin,straggler_s,20.8811,3.88664,20
S2,heavy/none,fifo+sample+late+round_robin,mean_ready_s,26.1513,1.42924,20
S2,heavy/none,fifo+sample+late+round_robin,gpu_idle_frac,0.177382,0.0339505,20
S2,heavy/none,fifo+sample+late+round_robin,gen_frac,0.809589,0.0340977,20
S2,heavy/none,fifo+sample+late+round_robin,overhead_frac,0.0130287,0.00040908,20
S2,heavy/none,fifo+sample+late+round_robin,padding_frac,0,0,20
S2,heavy/none,fifo+sample+late+round_robin,verify_delay_mean_s,0.209204,0.00105192,20
S2,heavy/none,fifo+sample+late+round_robin,verify_delay_p95_s,0.32485,0.00421151,20
S2,heavy/none,fifo+sample+late+round_robin,instants,1162.75,4.63777,20
S2,heavy/none,fifo+sample+late+round_robin,policy_calls,1162.75,4.63777,20
S2,heavy/none,fifo+sample+late+round_robin,violations,0,0,20
S2,heavy/none,fifo+sample+late+round_robin,lb_gap,0.20093,0.0264727,20
S2,heavy/none,fifo+sample+late+round_robin,J,0.988665,0.0212616,20
S2,heavy/none,longest_first+group+early+least_loaded,groups_consumed,64,0,20
S2,heavy/none,longest_first+group+early+least_loaded,groups_dropped,0,0,20
S2,heavy/none,longest_first+group+early+least_loaded,groups_unfinished,0,0,20
S2,heavy/none,longest_first+group+early+least_loaded,drops_policy,0,0,20
S2,heavy/none,longest_first+group+early+least_loaded,drops_stale,0,0,20
S2,heavy/none,longest_first+group+early+least_loaded,drops_colocated_switch,0,0,20
S2,heavy/none,longest_first+group+early+least_loaded,tokens_consumed,592044,36318,20
S2,heavy/none,longest_first+group+early+least_loaded,tokens_dropped,0,0,20
S2,heavy/none,longest_first+group+early+least_loaded,waste_frac,0,0,20
S2,heavy/none,longest_first+group+early+least_loaded,length_bias,0,0,20
S2,heavy/none,longest_first+group+early+least_loaded,run_s,78.5692,3.34802,20
S2,heavy/none,longest_first+group+early+least_loaded,phase_time_s,78.5692,3.34802,20
S2,heavy/none,longest_first+group+early+least_loaded,gen_time_s,78.3826,3.35507,20
S2,heavy/none,longest_first+group+early+least_loaded,straggler_s,23.4342,4.77262,20
S2,heavy/none,longest_first+group+early+least_loaded,mean_ready_s,25.7346,1.41588,20
S2,heavy/none,longest_first+group+early+least_loaded,gpu_idle_frac,0.29456,0.0415722,20
S2,heavy/none,longest_first+group+early+least_loaded,gen_frac,0.703575,0.0415629,20
S2,heavy/none,longest_first+group+early+least_loaded,overhead_frac,0.00186535,8.62041e-05,20
S2,heavy/none,longest_first+group+early+least_loaded,padding_frac,0,0,20
S2,heavy/none,longest_first+group+early+least_loaded,verify_delay_mean_s,0.209204,0.00105192,20
S2,heavy/none,longest_first+group+early+least_loaded,verify_delay_p95_s,0.32485,0.00421151,20
S2,heavy/none,longest_first+group+early+least_loaded,instants,1034.75,3.24561,20
S2,heavy/none,longest_first+group+early+least_loaded,policy_calls,1034.75,3.24561,20
S2,heavy/none,longest_first+group+early+least_loaded,violations,0,0,20
S2,heavy/none,longest_first+group+early+least_loaded,lb_gap,0.260033,0.0457277,20
S2,heavy/none,longest_first+group+early+least_loaded,J,1.09148,0.0479812,20
S2,heavy/none,longest_first+group+early+lpt,groups_consumed,64,0,20
S2,heavy/none,longest_first+group+early+lpt,groups_dropped,0,0,20
S2,heavy/none,longest_first+group+early+lpt,groups_unfinished,0,0,20
S2,heavy/none,longest_first+group+early+lpt,drops_policy,0,0,20
S2,heavy/none,longest_first+group+early+lpt,drops_stale,0,0,20
S2,heavy/none,longest_first+group+early+lpt,drops_colocated_switch,0,0,20
S2,heavy/none,longest_first+group+early+lpt,tokens_consumed,592044,36318,20
S2,heavy/none,longest_first+group+early+lpt,tokens_dropped,0,0,20
S2,heavy/none,longest_first+group+early+lpt,waste_frac,0,0,20
S2,heavy/none,longest_first+group+early+lpt,length_bias,0,0,20
S2,heavy/none,longest_first+group+early+lpt,run_s,78.5692,3.34802,20
S2,heavy/none,longest_first+group+early+lpt,phase_time_s,78.5692,3.34802,20
S2,heavy/none,longest_first+group+early+lpt,gen_time_s,78.3826,3.35507,20
S2,heavy/none,longest_first+group+early+lpt,straggler_s,23.4342,4.77262,20
S2,heavy/none,longest_first+group+early+lpt,mean_ready_s,25.7346,1.41588,20
S2,heavy/none,longest_first+group+early+lpt,gpu_idle_frac,0.29456,0.0415722,20
S2,heavy/none,longest_first+group+early+lpt,gen_frac,0.703575,0.0415629,20
S2,heavy/none,longest_first+group+early+lpt,overhead_frac,0.00186535,8.62041e-05,20
S2,heavy/none,longest_first+group+early+lpt,padding_frac,0,0,20
S2,heavy/none,longest_first+group+early+lpt,verify_delay_mean_s,0.209204,0.00105192,20
S2,heavy/none,longest_first+group+early+lpt,verify_delay_p95_s,0.32485,0.00421151,20
S2,heavy/none,longest_first+group+early+lpt,instants,1034.75,3.24561,20
S2,heavy/none,longest_first+group+early+lpt,policy_calls,1034.75,3.24561,20
S2,heavy/none,longest_first+group+early+lpt,violations,0,0,20
S2,heavy/none,longest_first+group+early+lpt,lb_gap,0.260033,0.0457277,20
S2,heavy/none,longest_first+group+early+lpt,J,1.09148,0.0479812,20
S2,heavy/none,longest_first+group+early+round_robin,groups_consumed,64,0,20
S2,heavy/none,longest_first+group+early+round_robin,groups_dropped,0,0,20
S2,heavy/none,longest_first+group+early+round_robin,groups_unfinished,0,0,20
S2,heavy/none,longest_first+group+early+round_robin,drops_policy,0,0,20
S2,heavy/none,longest_first+group+early+round_robin,drops_stale,0,0,20
S2,heavy/none,longest_first+group+early+round_robin,drops_colocated_switch,0,0,20
S2,heavy/none,longest_first+group+early+round_robin,tokens_consumed,592044,36318,20
S2,heavy/none,longest_first+group+early+round_robin,tokens_dropped,0,0,20
S2,heavy/none,longest_first+group+early+round_robin,waste_frac,0,0,20
S2,heavy/none,longest_first+group+early+round_robin,length_bias,0,0,20
S2,heavy/none,longest_first+group+early+round_robin,run_s,78.5692,3.34802,20
S2,heavy/none,longest_first+group+early+round_robin,phase_time_s,78.5692,3.34802,20
S2,heavy/none,longest_first+group+early+round_robin,gen_time_s,78.3826,3.35507,20
S2,heavy/none,longest_first+group+early+round_robin,straggler_s,23.4342,4.77262,20
S2,heavy/none,longest_first+group+early+round_robin,mean_ready_s,25.7346,1.41588,20
S2,heavy/none,longest_first+group+early+round_robin,gpu_idle_frac,0.29456,0.0415722,20
S2,heavy/none,longest_first+group+early+round_robin,gen_frac,0.703575,0.0415629,20
S2,heavy/none,longest_first+group+early+round_robin,overhead_frac,0.00186535,8.62041e-05,20
S2,heavy/none,longest_first+group+early+round_robin,padding_frac,0,0,20
S2,heavy/none,longest_first+group+early+round_robin,verify_delay_mean_s,0.209204,0.00105192,20
S2,heavy/none,longest_first+group+early+round_robin,verify_delay_p95_s,0.32485,0.00421151,20
S2,heavy/none,longest_first+group+early+round_robin,instants,1034.75,3.24561,20
S2,heavy/none,longest_first+group+early+round_robin,policy_calls,1034.75,3.24561,20
S2,heavy/none,longest_first+group+early+round_robin,violations,0,0,20
S2,heavy/none,longest_first+group+early+round_robin,lb_gap,0.260033,0.0457277,20
S2,heavy/none,longest_first+group+early+round_robin,J,1.09148,0.0479812,20
S2,heavy/none,longest_first+group+late+first_free,groups_consumed,64,0,20
S2,heavy/none,longest_first+group+late+first_free,groups_dropped,0,0,20
S2,heavy/none,longest_first+group+late+first_free,groups_unfinished,0,0,20
S2,heavy/none,longest_first+group+late+first_free,drops_policy,0,0,20
S2,heavy/none,longest_first+group+late+first_free,drops_stale,0,0,20
S2,heavy/none,longest_first+group+late+first_free,drops_colocated_switch,0,0,20
S2,heavy/none,longest_first+group+late+first_free,tokens_consumed,592044,36318,20
S2,heavy/none,longest_first+group+late+first_free,tokens_dropped,0,0,20
S2,heavy/none,longest_first+group+late+first_free,waste_frac,0,0,20
S2,heavy/none,longest_first+group+late+first_free,length_bias,0,0,20
S2,heavy/none,longest_first+group+late+first_free,run_s,76.5329,2.72948,20
S2,heavy/none,longest_first+group+late+first_free,phase_time_s,76.5329,2.72948,20
S2,heavy/none,longest_first+group+late+first_free,gen_time_s,76.3125,2.72432,20
S2,heavy/none,longest_first+group+late+first_free,straggler_s,22.1166,4.13473,20
S2,heavy/none,longest_first+group+late+first_free,mean_ready_s,25.8762,1.44837,20
S2,heavy/none,longest_first+group+late+first_free,gpu_idle_frac,0.245477,0.0387505,20
S2,heavy/none,longest_first+group+late+first_free,gen_frac,0.752615,0.0387596,20
S2,heavy/none,longest_first+group+late+first_free,overhead_frac,0.00190812,6.87346e-05,20
S2,heavy/none,longest_first+group+late+first_free,padding_frac,0,0,20
S2,heavy/none,longest_first+group+late+first_free,verify_delay_mean_s,0.209204,0.00105192,20
S2,heavy/none,longest_first+group+late+first_free,verify_delay_p95_s,0.32485,0.00421151,20
S2,heavy/none,longest_first+group+late+first_free,instants,1035.45,1.81245,20
S2,heavy/none,longest_first+group+late+first_free,policy_calls,1035.45,1.81245,20
S2,heavy/none,longest_first+group+late+first_free,violations,0,0,20
S2,heavy/none,longest_first+group+late+first_free,lb_gap,0.227125,0.0360724,20
S2,heavy/none,longest_first+group+late+first_free,J,1.04247,0.0367843,20
S2,heavy/none,longest_first+group+late+least_loaded,groups_consumed,64,0,20
S2,heavy/none,longest_first+group+late+least_loaded,groups_dropped,0,0,20
S2,heavy/none,longest_first+group+late+least_loaded,groups_unfinished,0,0,20
S2,heavy/none,longest_first+group+late+least_loaded,drops_policy,0,0,20
S2,heavy/none,longest_first+group+late+least_loaded,drops_stale,0,0,20
S2,heavy/none,longest_first+group+late+least_loaded,drops_colocated_switch,0,0,20
S2,heavy/none,longest_first+group+late+least_loaded,tokens_consumed,592044,36318,20
S2,heavy/none,longest_first+group+late+least_loaded,tokens_dropped,0,0,20
S2,heavy/none,longest_first+group+late+least_loaded,waste_frac,0,0,20
S2,heavy/none,longest_first+group+late+least_loaded,length_bias,0,0,20
S2,heavy/none,longest_first+group+late+least_loaded,run_s,77.3126,2.60258,20
S2,heavy/none,longest_first+group+late+least_loaded,phase_time_s,77.3126,2.60258,20
S2,heavy/none,longest_first+group+late+least_loaded,gen_time_s,77.0868,2.59858,20
S2,heavy/none,longest_first+group+late+least_loaded,straggler_s,23.4496,3.63642,20
S2,heavy/none,longest_first+group+late+least_loaded,mean_ready_s,25.8907,1.43667,20
S2,heavy/none,longest_first+group+late+least_loaded,gpu_idle_frac,0.258553,0.0344581,20
S2,heavy/none,longest_first+group+late+least_loaded,gen_frac,0.739558,0.0344761,20
S2,heavy/none,longest_first+group+late+least_loaded,overhead_frac,0.00188819,7.08179e-05,20
S2,heavy/none,longest_first+group+late+least_loaded,padding_frac,0,0,20
S2,heavy/none,longest_first+group+late+least_loaded,verify_delay_mean_s,0.209204,0.00105192,20
S2,heavy/none,longest_first+group+late+least_loaded,verify_delay_p95_s,0.32485,0.00421151,20
S2,heavy/none,longest_first+group+late+least_loaded,instants,1034.25,2.3664,20
S2,heavy/none,longest_first+group+late+least_loaded,policy_calls,1034.25,2.3664,20
S2,heavy/none,longest_first+group+late+least_loaded,violations,0,0,20
S2,heavy/none,longest_first+group+late+least_loaded,lb_gap,0.239529,0.0331194,20
S2,heavy/none,longest_first+group+late+least_loaded,J,1.05837,0.0300798,20
S2,heavy/none,longest_first+group+late+lpt,groups_consumed,64,0,20
S2,heavy/none,longest_first+group+late+lpt,groups_dropped,0,0,20
S2,heavy/none,longest_first+group+late+lpt,groups_unfinished,0,0,20
S2,heavy/none,longest_first+group+late+lpt,drops_policy,0,0,20
S2,heavy/none,longest_first+group+late+lpt,drops_stale,0,0,20
S2,heavy/none,longest_first+group+late+lpt,drops_colocated_switch,0,0,20
S2,heavy/none,longest_first+group+late+lpt,tokens_consumed,592044,36318,20
S2,heavy/none,longest_first+group+late+lpt,tokens_dropped,0,0,20
S2,heavy/none,longest_first+group+late+lpt,waste_frac,0,0,20
S2,heavy/none,longest_first+group+late+lpt,length_bias,0,0,20
S2,heavy/none,longest_first+group+late+lpt,run_s,77.3126,2.60258,20
S2,heavy/none,longest_first+group+late+lpt,phase_time_s,77.3126,2.60258,20
S2,heavy/none,longest_first+group+late+lpt,gen_time_s,77.0868,2.59858,20
S2,heavy/none,longest_first+group+late+lpt,straggler_s,23.4496,3.63642,20
S2,heavy/none,longest_first+group+late+lpt,mean_ready_s,25.8907,1.43667,20
S2,heavy/none,longest_first+group+late+lpt,gpu_idle_frac,0.258553,0.0344581,20
S2,heavy/none,longest_first+group+late+lpt,gen_frac,0.739558,0.0344761,20
S2,heavy/none,longest_first+group+late+lpt,overhead_frac,0.00188819,7.08179e-05,20
S2,heavy/none,longest_first+group+late+lpt,padding_frac,0,0,20
S2,heavy/none,longest_first+group+late+lpt,verify_delay_mean_s,0.209204,0.00105192,20
S2,heavy/none,longest_first+group+late+lpt,verify_delay_p95_s,0.32485,0.00421151,20
S2,heavy/none,longest_first+group+late+lpt,instants,1034.25,2.3664,20
S2,heavy/none,longest_first+group+late+lpt,policy_calls,1034.25,2.3664,20
S2,heavy/none,longest_first+group+late+lpt,violations,0,0,20
S2,heavy/none,longest_first+group+late+lpt,lb_gap,0.239529,0.0331194,20
S2,heavy/none,longest_first+group+late+lpt,J,1.05837,0.0300798,20
S2,heavy/none,longest_first+group+late+round_robin,groups_consumed,64,0,20
S2,heavy/none,longest_first+group+late+round_robin,groups_dropped,0,0,20
S2,heavy/none,longest_first+group+late+round_robin,groups_unfinished,0,0,20
S2,heavy/none,longest_first+group+late+round_robin,drops_policy,0,0,20
S2,heavy/none,longest_first+group+late+round_robin,drops_stale,0,0,20
S2,heavy/none,longest_first+group+late+round_robin,drops_colocated_switch,0,0,20
S2,heavy/none,longest_first+group+late+round_robin,tokens_consumed,592044,36318,20
S2,heavy/none,longest_first+group+late+round_robin,tokens_dropped,0,0,20
S2,heavy/none,longest_first+group+late+round_robin,waste_frac,0,0,20
S2,heavy/none,longest_first+group+late+round_robin,length_bias,0,0,20
S2,heavy/none,longest_first+group+late+round_robin,run_s,77.3126,2.60258,20
S2,heavy/none,longest_first+group+late+round_robin,phase_time_s,77.3126,2.60258,20
S2,heavy/none,longest_first+group+late+round_robin,gen_time_s,77.0868,2.59858,20
S2,heavy/none,longest_first+group+late+round_robin,straggler_s,23.4496,3.63642,20
S2,heavy/none,longest_first+group+late+round_robin,mean_ready_s,25.8906,1.43667,20
S2,heavy/none,longest_first+group+late+round_robin,gpu_idle_frac,0.258296,0.0345377,20
S2,heavy/none,longest_first+group+late+round_robin,gen_frac,0.739816,0.0345557,20
S2,heavy/none,longest_first+group+late+round_robin,overhead_frac,0.00188819,7.08179e-05,20
S2,heavy/none,longest_first+group+late+round_robin,padding_frac,0,0,20
S2,heavy/none,longest_first+group+late+round_robin,verify_delay_mean_s,0.209204,0.00105192,20
S2,heavy/none,longest_first+group+late+round_robin,verify_delay_p95_s,0.32485,0.00421151,20
S2,heavy/none,longest_first+group+late+round_robin,instants,1034.35,2.34389,20
S2,heavy/none,longest_first+group+late+round_robin,policy_calls,1034.35,2.34389,20
S2,heavy/none,longest_first+group+late+round_robin,violations,0,0,20
S2,heavy/none,longest_first+group+late+round_robin,lb_gap,0.239529,0.0331194,20
S2,heavy/none,longest_first+group+late+round_robin,J,1.05824,0.0300701,20
S2,heavy/none,longest_first+sample+early+least_loaded,groups_consumed,64,0,20
S2,heavy/none,longest_first+sample+early+least_loaded,groups_dropped,0,0,20
S2,heavy/none,longest_first+sample+early+least_loaded,groups_unfinished,0,0,20
S2,heavy/none,longest_first+sample+early+least_loaded,drops_policy,0,0,20
S2,heavy/none,longest_first+sample+early+least_loaded,drops_stale,0,0,20
S2,heavy/none,longest_first+sample+early+least_loaded,drops_colocated_switch,0,0,20
S2,heavy/none,longest_first+sample+early+least_loaded,tokens_consumed,592044,36318,20
S2,heavy/none,longest_first+sample+early+least_loaded,tokens_dropped,0,0,20
S2,heavy/none,longest_first+sample+early+least_loaded,waste_frac,0,0,20
S2,heavy/none,longest_first+sample+early+least_loaded,length_bias,0,0,20
S2,heavy/none,longest_first+sample+early+least_loaded,run_s,75.1496,2.12621,20
S2,heavy/none,longest_first+sample+early+least_loaded,phase_time_s,75.1496,2.12621,20
S2,heavy/none,longest_first+sample+early+least_loaded,gen_time_s,74.9387,2.13039,20
S2,heavy/none,longest_first+sample+early+least_loaded,straggler_s,20.4562,3.93519,20
S2,heavy/none,longest_first+sample+early+least_loaded,mean_ready_s,26.3934,1.4285,20
S2,heavy/none,longest_first+sample+early+least_loaded,gpu_idle_frac,0.15654,0.0342814,20
S2,heavy/none,longest_first+sample+early+least_loaded,gen_frac,0.827996,0.0344666,20
S2,heavy/none,longest_first+sample+early+least_loaded,overhead_frac,0.0154644,0.000479043,20
S2,heavy/none,longest_first+sample+early+least_loaded,padding_frac,0,0,20
S2,heavy/none,longest_first+sample+early+least_loaded,verify_delay_mean_s,0.209204,0.00105192,20
S2,heavy/none,longest_first+sample+early+least_loaded,verify_delay_p95_s,0.32485,0.00421151,20
S2,heavy/none,longest_first+sample+early+least_loaded,instants,1237.85,4.24423,20
S2,heavy/none,longest_first+sample+early+least_loaded,policy_calls,1237.85,4.24423,20
S2,heavy/none,longest_first+sample+early+least_loaded,violations,0,0,20
S2,heavy/none,longest_first+sample+early+least_loaded,lb_gap,0.205327,0.0267314,20
S2,heavy/none,longest_first+sample+early+least_loaded,J,0.981374,0.0180711,20
S2,heavy/none,longest_first+sample+early+lpt,groups_consumed,64,0,20
S2,heavy/none,longest_first+sample+early+lpt,groups_dropped,0,0,20
S2,heavy/none,longest_first+sample+early+lpt,groups_unfinished,0,0,20
S2,heavy/none,longest_first+sample+early+lpt,drops_policy,0,0,20
S2,heavy/none,longest_first+sample+early+lpt,drops_stale,0,0,20
S2,heavy/none,longest_first+sample+early+lpt,drops_colocated_switch,0,0,20
S2,heavy/none,longest_first+sample+early+lpt,tokens_consumed,592044,36318,20
S2,heavy/none,longest_first+sample+early+lpt,tokens_dropped,0,0,20
S2,heavy/none,longest_first+sample+early+lpt,waste_frac,0,0,20
S2,heavy/none,longest_first+sample+early+lpt,length_bias,0,0,20
S2,heavy/none,longest_first+sample+early+lpt,run_s,75.1496,2.12621,20
S2,heavy/none,longest_first+sample+early+lpt,phase_time_s,75.1496,2.12621,20
S2,heavy/none,longest_first+sample+early+lpt,gen_time_s,74.9387,2.13039,20
S2,heavy/none,longest_first+sample+early+lpt,straggler_s,20.4562,3.93519,20
S2,heavy/none,longest_first+sample+early+lpt,mean_ready_s,26.3934,1.4285,20
S2,heavy/none,longest_first+sample+early+lpt,gpu_idle_frac,0.15654,0.0342814,20
S2,heavy/none,longest_first+sample+early+lpt,gen_frac,0.827996,0.0344666,20
S2,heavy/none,longest_first+sample+early+lpt,overhead_frac,0.0154644,0.000479043,20
S2,heavy/none,longest_first+sample+early+lpt,padding_frac,0,0,20
S2,heavy/none,longest_first+sample+early+lpt,verify_delay_mean_s,0.209204,0.00105192,20
S2,heavy/none,longest_first+sample+early+lpt,verify_delay_p95_s,0.32485,0.00421151,20
S2,heavy/none,longest_first+sample+early+lpt,instants,1237.85,4.24423,20
S2,heavy/none,longest_first+sample+early+lpt,policy_calls,1237.85,4.24423,20
S2,heavy/none,longest_first+sample+early+lpt,violations,0,0,20
S2,heavy/none,longest_first+sample+early+lpt,lb_gap,0.205327,0.0267314,20
S2,heavy/none,longest_first+sample+early+lpt,J,0.981374,0.0180711,20
S2,heavy/none,longest_first+sample+early+round_robin,groups_consumed,64,0,20
S2,heavy/none,longest_first+sample+early+round_robin,groups_dropped,0,0,20
S2,heavy/none,longest_first+sample+early+round_robin,groups_unfinished,0,0,20
S2,heavy/none,longest_first+sample+early+round_robin,drops_policy,0,0,20
S2,heavy/none,longest_first+sample+early+round_robin,drops_stale,0,0,20
S2,heavy/none,longest_first+sample+early+round_robin,drops_colocated_switch,0,0,20
S2,heavy/none,longest_first+sample+early+round_robin,tokens_consumed,592044,36318,20
S2,heavy/none,longest_first+sample+early+round_robin,tokens_dropped,0,0,20
S2,heavy/none,longest_first+sample+early+round_robin,waste_frac,0,0,20
S2,heavy/none,longest_first+sample+early+round_robin,length_bias,0,0,20
S2,heavy/none,longest_first+sample+early+round_robin,run_s,75.1496,2.12621,20
S2,heavy/none,longest_first+sample+early+round_robin,phase_time_s,75.1496,2.12621,20
S2,heavy/none,longest_first+sample+early+round_robin,gen_time_s,74.9387,2.13039,20
S2,heavy/none,longest_first+sample+early+round_robin,straggler_s,20.4562,3.93519,20
S2,heavy/none,longest_first+sample+early+round_robin,mean_ready_s,26.3934,1.4285,20
S2,heavy/none,longest_first+sample+early+round_robin,gpu_idle_frac,0.15654,0.0342814,20
S2,heavy/none,longest_first+sample+early+round_robin,gen_frac,0.827996,0.0344666,20
S2,heavy/none,longest_first+sample+early+round_robin,overhead_frac,0.0154644,0.000479043,20
S2,heavy/none,longest_first+sample+early+round_robin,padding_frac,0,0,20
S2,heavy/none,longest_first+sample+early+round_robin,verify_delay_mean_s,0.209204,0.00105192,20
S2,heavy/none,longest_first+sample+early+round_robin,verify_delay_p95_s,0.32485,0.00421151,20
S2,heavy/none,longest_first+sample+early+round_robin,instants,1237.85,4.24423,20
S2,heavy/none,longest_first+sample+early+round_robin,policy_calls,1237.85,4.24423,20
S2,heavy/none,longest_first+sample+early+round_robin,violations,0,0,20
S2,heavy/none,longest_first+sample+early+round_robin,lb_gap,0.205327,0.0267314,20
S2,heavy/none,longest_first+sample+early+round_robin,J,0.981374,0.0180711,20
S2,heavy/none,longest_first+sample+late+first_free,groups_consumed,64,0,20
S2,heavy/none,longest_first+sample+late+first_free,groups_dropped,0,0,20
S2,heavy/none,longest_first+sample+late+first_free,groups_unfinished,0,0,20
S2,heavy/none,longest_first+sample+late+first_free,drops_policy,0,0,20
S2,heavy/none,longest_first+sample+late+first_free,drops_stale,0,0,20
S2,heavy/none,longest_first+sample+late+first_free,drops_colocated_switch,0,0,20
S2,heavy/none,longest_first+sample+late+first_free,tokens_consumed,592044,36318,20
S2,heavy/none,longest_first+sample+late+first_free,tokens_dropped,0,0,20
S2,heavy/none,longest_first+sample+late+first_free,waste_frac,0,0,20
S2,heavy/none,longest_first+sample+late+first_free,length_bias,0,0,20
S2,heavy/none,longest_first+sample+late+first_free,run_s,74.5161,2.13614,20
S2,heavy/none,longest_first+sample+late+first_free,phase_time_s,74.5161,2.13614,20
S2,heavy/none,longest_first+sample+late+first_free,gen_time_s,74.3139,2.13757,20
S2,heavy/none,longest_first+sample+late+first_free,straggler_s,21.0259,3.86835,20
S2,heavy/none,longest_first+sample+late+first_free,mean_ready_s,25.595,1.41404,20
S2,heavy/none,longest_first+sample+late+first_free,gpu_idle_frac,0.179082,0.0341205,20
S2,heavy/none,longest_first+sample+late+first_free,gen_frac,0.814826,0.0342839,20
S2,heavy/none,longest_first+sample+late+first_free,overhead_frac,0.00609259,0.000240532,20
S2,heavy/none,longest_first+sample+late+first_free,padding_frac,0,0,20
S2,heavy/none,longest_first+sample+late+first_free,verify_delay_mean_s,0.209204,0.00105192,20
S2,heavy/none,longest_first+sample+late+first_free,verify_delay_p95_s,0.32485,0.00421151,20
S2,heavy/none,longest_first+sample+late+first_free,instants,1163.45,4.36792,20
S2,heavy/none,longest_first+sample+late+first_free,policy_calls,1163.45,4.36792,20
S2,heavy/none,longest_first+sample+late+first_free,violations,0,0,20
S2,heavy/none,longest_first+sample+late+first_free,lb_gap,0.195169,0.0261209,20
S2,heavy/none,longest_first+sample+late+first_free,J,0.985031,0.0168483,20
S2,heavy/none,longest_first+sample+late+least_loaded,groups_consumed,64,0,20
S2,heavy/none,longest_first+sample+late+least_loaded,groups_dropped,0,0,20
S2,heavy/none,longest_first+sample+late+least_loaded,groups_unfinished,0,0,20
S2,heavy/none,longest_first+sample+late+least_loaded,drops_policy,0,0,20
S2,heavy/none,longest_first+sample+late+least_loaded,drops_stale,0,0,20
S2,heavy/none,longest_first+sample+late+least_loaded,drops_colocated_switch,0,0,20
S2,heavy/none,longest_first+sample+late+least_loaded,tokens_consumed,592044,36318,20
S2,heavy/none,longest_first+sample+late+least_loaded,tokens_dropped,0,0,20
S2,heavy/none,longest_first+sample+late+least_loaded,waste_frac,0,0,20
S2,heavy/none,longest_first+sample+late+least_loaded,length_bias,0,0,20
S2,heavy/none,longest_first+sample+late+least_loaded,run_s,74.8456,2.09456,20
S2,heavy/none,longest_first+sample+late+least_loaded,phase_time_s,74.8456,2.09456,20
S2,heavy/none,longest_first+sample+late+least_loaded,gen_time_s,74.6311,2.10185,20
S2,heavy/none,longest_first+sample+late+least_loaded,straggler_s,20.762,3.83522,20
S2,heavy/none,longest_first+sample+late+least_loaded,mean_ready_s,26.1495,1.42912,20
S2,heavy/none,longest_first+sample+late+least_loaded,gpu_idle_frac,0.176731,0.0338674,20
S2,heavy/none,longest_first+sample+late+least_loaded,gen_frac,0.810239,0.0340199,20
S2,heavy/none,longest_first+sample+late+least_loaded,overhead_frac,0.0130307,0.000403537,20
S2,heavy/none,longest_first+sample+late+least_loaded,padding_frac,0,0,20
S2,heavy/none,longest_first+sample+late+least_loaded,verify_delay_mean_s,0.209204,0.00105192,20
S2,heavy/none,longest_first+sample+late+least_loaded,verify_delay_p95_s,0.32485,0.00421151,20
S2,heavy/none,longest_first+sample+late+least_loaded,instants,1163.05,4.67639,20
S2,heavy/none,longest_first+sample+late+least_loaded,policy_calls,1163.05,4.67639,20
S2,heavy/none,longest_first+sample+late+least_loaded,violations,0,0,20
S2,heavy/none,longest_first+sample+late+least_loaded,lb_gap,0.200304,0.0255756,20
S2,heavy/none,longest_first+sample+late+least_loaded,J,0.987815,0.0196683,20
S2,heavy/none,longest_first+sample+late+lpt,groups_consumed,64,0,20
S2,heavy/none,longest_first+sample+late+lpt,groups_dropped,0,0,20
S2,heavy/none,longest_first+sample+late+lpt,groups_unfinished,0,0,20
S2,heavy/none,longest_first+sample+late+lpt,drops_policy,0,0,20
S2,heavy/none,longest_first+sample+late+lpt,drops_stale,0,0,20
S2,heavy/none,longest_first+sample+late+lpt,drops_colocated_switch,0,0,20
S2,heavy/none,longest_first+sample+late+lpt,tokens_consumed,592044,36318,20
S2,heavy/none,longest_first+sample+late+lpt,tokens_dropped,0,0,20
S2,heavy/none,longest_first+sample+late+lpt,waste_frac,0,0,20
S2,heavy/none,longest_first+sample+late+lpt,length_bias,0,0,20
S2,heavy/none,longest_first+sample+late+lpt,run_s,74.8456,2.09456,20
S2,heavy/none,longest_first+sample+late+lpt,phase_time_s,74.8456,2.09456,20
S2,heavy/none,longest_first+sample+late+lpt,gen_time_s,74.6311,2.10185,20
S2,heavy/none,longest_first+sample+late+lpt,straggler_s,20.762,3.83522,20
S2,heavy/none,longest_first+sample+late+lpt,mean_ready_s,26.1495,1.42912,20
S2,heavy/none,longest_first+sample+late+lpt,gpu_idle_frac,0.176731,0.0338674,20
S2,heavy/none,longest_first+sample+late+lpt,gen_frac,0.810239,0.0340199,20
S2,heavy/none,longest_first+sample+late+lpt,overhead_frac,0.0130307,0.000403537,20
S2,heavy/none,longest_first+sample+late+lpt,padding_frac,0,0,20
S2,heavy/none,longest_first+sample+late+lpt,verify_delay_mean_s,0.209204,0.00105192,20
S2,heavy/none,longest_first+sample+late+lpt,verify_delay_p95_s,0.32485,0.00421151,20
S2,heavy/none,longest_first+sample+late+lpt,instants,1163.05,4.67639,20
S2,heavy/none,longest_first+sample+late+lpt,policy_calls,1163.05,4.67639,20
S2,heavy/none,longest_first+sample+late+lpt,violations,0,0,20
S2,heavy/none,longest_first+sample+late+lpt,lb_gap,0.200304,0.0255756,20
S2,heavy/none,longest_first+sample+late+lpt,J,0.987815,0.0196683,20
S2,heavy/none,longest_first+sample+late+round_robin,groups_consumed,64,0,20
S2,heavy/none,longest_first+sample+late+round_robin,groups_dropped,0,0,20
S2,heavy/none,longest_first+sample+late+round_robin,groups_unfinished,0,0,20
S2,heavy/none,longest_first+sample+late+round_robin,drops_policy,0,0,20
S2,heavy/none,longest_first+sample+late+round_robin,drops_stale,0,0,20
S2,heavy/none,longest_first+sample+late+round_robin,drops_colocated_switch,0,0,20
S2,heavy/none,longest_first+sample+late+round_robin,tokens_consumed,592044,36318,20
S2,heavy/none,longest_first+sample+late+round_robin,tokens_dropped,0,0,20
S2,heavy/none,longest_first+sample+late+round_robin,waste_frac,0,0,20
S2,heavy/none,longest_first+sample+late+round_robin,length_bias,0,0,20
S2,heavy/none,longest_first+sample+late+round_robin,run_s,74.8892,2.1433,20
S2,heavy/none,longest_first+sample+late+round_robin,phase_time_s,74.8892,2.1433,20
S2,heavy/none,longest_first+sample+late+round_robin,gen_time_s,74.6702,2.14683,20
S2,heavy/none,longest_first+sample+late+round_robin,straggler_s,20.8811,3.88664,20
S2,heavy/none,longest_first+sample+late+round_robin,mean_ready_s,26.1513,1.42924,20
S2,heavy/none,longest_first+sample+late+round_robin,gpu_idle_frac,0.177382,0.0339505,20
S2,heavy/none,longest_first+sample+late+round_robin,gen_frac,0.809589,0.0340977,20
S2,heavy/none,longest_first+sample+late+round_robin,overhead_frac,0.0130287,0.00040908,20
S2,heavy/none,longest_first+sample+late+round_robin,padding_frac,0,0,20
S2,heavy/none,longest_first+sample+late+round_robin,verify_delay_mean_s,0.209204,0.00105192,20
S2,heavy/none,longest_first+sample+late+round_robin,verify_delay_p95_s,0.32485,0.00421151,20
S2,heavy/none,longest_first+sample+late+round_robin,instants,1162.75,4.63777,20
S2,heavy/none,longest_first+sample+late+round_robin,policy_calls,1162.75,4.63777,20
S2,heavy/none,longest_first+sample+late+round_robin,violations,0,0,20
S2,heavy/none,longest_first+sample+late+round_robin,lb_gap,0.20093,0.0264727,20
S2,heavy/none,longest_first+sample+late+round_robin,J,0.988665,0.0212616,20
S2,heavy/none,online_adaptive,groups_consumed,64,0,20
S2,heavy/none,online_adaptive,groups_dropped,0,0,20
S2,heavy/none,online_adaptive,groups_unfinished,0,0,20
S2,heavy/none,online_adaptive,drops_policy,0,0,20
S2,heavy/none,online_adaptive,drops_stale,0,0,20
S2,heavy/none,online_adaptive,drops_colocated_switch,0,0,20
S2,heavy/none,online_adaptive,tokens_consumed,592044,36318,20
S2,heavy/none,online_adaptive,tokens_dropped,0,0,20
S2,heavy/none,online_adaptive,waste_frac,0,0,20
S2,heavy/none,online_adaptive,length_bias,0,0,20
S2,heavy/none,online_adaptive,run_s,74.8673,2.09843,20
S2,heavy/none,online_adaptive,phase_time_s,74.8673,2.09843,20
S2,heavy/none,online_adaptive,gen_time_s,74.6529,2.10532,20
S2,heavy/none,online_adaptive,straggler_s,20.7878,3.85185,20
S2,heavy/none,online_adaptive,mean_ready_s,26.1516,1.42955,20
S2,heavy/none,online_adaptive,gpu_idle_frac,0.179415,0.033058,20
S2,heavy/none,online_adaptive,gen_frac,0.807551,0.0332188,20
S2,heavy/none,online_adaptive,overhead_frac,0.0130347,0.000403267,20
S2,heavy/none,online_adaptive,padding_frac,0,0,20
S2,heavy/none,online_adaptive,verify_delay_mean_s,0.209204,0.00105192,20
S2,heavy/none,online_adaptive,verify_delay_p95_s,0.32485,0.00421151,20
S2,heavy/none,online_adaptive,instants,1164.5,4.91444,20
S2,heavy/none,online_adaptive,policy_calls,1164.5,4.91444,20
S2,heavy/none,online_adaptive,violations,0,0,20
S2,heavy/none,online_adaptive,lb_gap,0.200648,0.0255974,20
S2,heavy/none,online_adaptive,J,0.989418,0.0194443,20
S2,heavy/none,online_eb,groups_consumed,64,0,20
S2,heavy/none,online_eb,groups_dropped,0,0,20
S2,heavy/none,online_eb,groups_unfinished,0,0,20
S2,heavy/none,online_eb,drops_policy,0,0,20
S2,heavy/none,online_eb,drops_stale,0,0,20
S2,heavy/none,online_eb,drops_colocated_switch,0,0,20
S2,heavy/none,online_eb,tokens_consumed,592044,36318,20
S2,heavy/none,online_eb,tokens_dropped,0,0,20
S2,heavy/none,online_eb,waste_frac,0,0,20
S2,heavy/none,online_eb,length_bias,0,0,20
S2,heavy/none,online_eb,run_s,75.1027,2.08052,20
S2,heavy/none,online_eb,phase_time_s,75.1027,2.08052,20
S2,heavy/none,online_eb,gen_time_s,74.881,2.08455,20
S2,heavy/none,online_eb,straggler_s,21.1674,3.99317,20
S2,heavy/none,online_eb,mean_ready_s,26.1528,1.4237,20
S2,heavy/none,online_eb,gpu_idle_frac,0.178846,0.0363109,20
S2,heavy/none,online_eb,gen_frac,0.808153,0.0364661,20
S2,heavy/none,online_eb,overhead_frac,0.0130005,0.000403896,20
S2,heavy/none,online_eb,padding_frac,0,0,20
S2,heavy/none,online_eb,verify_delay_mean_s,0.209204,0.00105192,20
S2,heavy/none,online_eb,verify_delay_p95_s,0.32485,0.00421151,20
S2,heavy/none,online_eb,instants,1165.4,4.01282,20
S2,heavy/none,online_eb,policy_calls,1165.4,4.01282,20
S2,heavy/none,online_eb,violations,0,0,20
S2,heavy/none,online_eb,lb_gap,0.204349,0.025369,20
S2,heavy/none,online_eb,J,0.991963,0.0197916,20
S2,heavy/none,oracle_lpt,groups_consumed,64,0,20
S2,heavy/none,oracle_lpt,groups_dropped,0,0,20
S2,heavy/none,oracle_lpt,groups_unfinished,0,0,20
S2,heavy/none,oracle_lpt,drops_policy,0,0,20
S2,heavy/none,oracle_lpt,drops_stale,0,0,20
S2,heavy/none,oracle_lpt,drops_colocated_switch,0,0,20
S2,heavy/none,oracle_lpt,tokens_consumed,592044,36318,20
S2,heavy/none,oracle_lpt,tokens_dropped,0,0,20
S2,heavy/none,oracle_lpt,waste_frac,0,0,20
S2,heavy/none,oracle_lpt,length_bias,0,0,20
S2,heavy/none,oracle_lpt,run_s,68.9057,1.19445,20
S2,heavy/none,oracle_lpt,phase_time_s,68.9057,1.19445,20
S2,heavy/none,oracle_lpt,gen_time_s,68.7112,1.20027,20
S2,heavy/none,oracle_lpt,straggler_s,16.8839,4.49875,20
S2,heavy/none,oracle_lpt,mean_ready_s,28.0979,1.54126,20
S2,heavy/none,oracle_lpt,gpu_idle_frac,0.0690148,0.0407781,20
S2,heavy/none,oracle_lpt,gen_frac,0.91923,0.0408995,20
S2,heavy/none,oracle_lpt,overhead_frac,0.0117547,0.000269142,20
S2,heavy/none,oracle_lpt,padding_frac,0,0,20
S2,heavy/none,oracle_lpt,verify_delay_mean_s,0.209204,0.00105192,20
S2,heavy/none,oracle_lpt,verify_delay_p95_s,0.32485,0.00421151,20
S2,heavy/none,oracle_lpt,instants,1180.4,5.04616,20
S2,heavy/none,oracle_lpt,policy_calls,1180.4,5.04616,20
S2,heavy/none,oracle_lpt,violations,0,0,20
S2,heavy/none,oracle_lpt,lb_gap,0.105336,0.0085702,20
S2,heavy/none,oracle_lpt,J,0.862575,0.00905683,20
S2,heavy/none,reference,groups_consumed,64,0,20
S2,heavy/none,reference,groups_dropped,0,0,20
S2,heavy/none,reference,groups_unfinished,0,0,20
S2,heavy/none,reference,drops_policy,0,0,20
S2,heavy/none,reference,drops_stale,0,0,20
S2,heavy/none,reference,drops_colocated_switch,0,0,20
S2,heavy/none,reference,tokens_consumed,592044,36318,20
S2,heavy/none,reference,tokens_dropped,0,0,20
S2,heavy/none,reference,waste_frac,0,0,20
S2,heavy/none,reference,length_bias,0,0,20
S2,heavy/none,reference,run_s,78.5692,3.34802,20
S2,heavy/none,reference,phase_time_s,78.5692,3.34802,20
S2,heavy/none,reference,gen_time_s,78.3826,3.35507,20
S2,heavy/none,reference,straggler_s,23.4342,4.77262,20
S2,heavy/none,reference,mean_ready_s,25.7346,1.41588,20
S2,heavy/none,reference,gpu_idle_frac,0.29456,0.0415722,20
S2,heavy/none,reference,gen_frac,0.703575,0.0415629,20
S2,heavy/none,reference,overhead_frac,0.00186535,8.62041e-05,20
S2,heavy/none,reference,padding_frac,0,0,20
S2,heavy/none,reference,verify_delay_mean_s,0.209204,0.00105192,20
S2,heavy/none,reference,verify_delay_p95_s,0.32485,0.00421151,20
S2,heavy/none,reference,instants,1034.75,3.24561,20
S2,heavy/none,reference,policy_calls,1034.75,3.24561,20
S2,heavy/none,reference,violations,0,0,20
S2,heavy/none,reference,lb_gap,0.260033,0.0457277,20
S2,heavy/none,reference,J,1.09148,0.0479812,20
S2,light/group,fifo+group+early+least_loaded,groups_consumed,64,0,20
S2,light/group,fifo+group+early+least_loaded,groups_dropped,0,0,20
S2,light/group,fifo+group+early+least_loaded,groups_unfinished,0,0,20
S2,light/group,fifo+group+early+least_loaded,drops_policy,0,0,20
S2,light/group,fifo+group+early+least_loaded,drops_stale,0,0,20
S2,light/group,fifo+group+early+least_loaded,drops_colocated_switch,0,0,20
S2,light/group,fifo+group+early+least_loaded,tokens_consumed,381523,8167.13,20
S2,light/group,fifo+group+early+least_loaded,tokens_dropped,0,0,20
S2,light/group,fifo+group+early+least_loaded,waste_frac,0,0,20
S2,light/group,fifo+group+early+least_loaded,length_bias,0,0,20
S2,light/group,fifo+group+early+least_loaded,run_s,25.1635,1.38354,20
S2,light/group,fifo+group+early+least_loaded,phase_time_s,25.1635,1.38354,20
S2,light/group,fifo+group+early+least_loaded,gen_time_s,24.9659,1.39517,20
S2,light/group,fifo+group+early+least_loaded,straggler_s,5.33875,1.18885,20
S2,light/group,fifo+group+early+least_loaded,mean_ready_s,13.5182,0.294089,20
S2,light/group,fifo+group+early+least_loaded,gpu_idle_frac,0.17454,0.0293823,20
S2,light/group,fifo+group+early+least_loaded,gen_frac,0.819591,0.0291561,20
S2,light/group,fifo+group+early+least_loaded,overhead_frac,0.00586843,0.000288044,20
S2,light/group,fifo+group+early+least_loaded,padding_frac,0,0,20
S2,light/group,fifo+group+early+least_loaded,verify_delay_mean_s,0.209204,0.00105192,20
S2,light/group,fifo+group+early+least_loaded,verify_delay_p95_s,0.32485,0.00421151,20
S2,light/group,fifo+group+early+least_loaded,instants,1019.65,3.04929,20
S2,light/group,fifo+group+early+least_loaded,policy_calls,1019.65,3.04929,20
S2,light/group,fifo+group+early+least_loaded,violations,0,0,20
S2,light/group,fifo+group+early+least_loaded,lb_gap,0.555078,0.0657141,20
S2,light/group,fifo+group+early+least_loaded,J,1.00539,0.0634406,20
S2,light/group,fifo+group+early+lpt,groups_consumed,64,0,20
S2,light/group,fifo+group+early+lpt,groups_dropped,0,0,20
S2,light/group,fifo+group+early+lpt,groups_unfinished,0,0,20
S2,light/group,fifo+group+early+lpt,drops_policy,0,0,20
S2,light/group,fifo+group+early+lpt,drops_stale,0,0,20
S2,light/group,fifo+group+early+lpt,drops_colocated_switch,0,0,20
S2,light/group,fifo+group+early+lpt,tokens_consumed,381523,8167.13,20
S2,light/group,fifo+group+early+lpt,tokens_dropped,0,0,20
S2,light/group,fifo+group+early+lpt,waste_frac,0,0,20
S2,light/group,fifo+group+early+lpt,length_bias,0,0,20
S2,light/group,fifo+group+early+lpt,run_s,22.663,1.01363,20
S2,light/group,fifo+group+early+lpt,phase_time_s,22.663,1.01363,20
S2,light/group,fifo+group+early+lpt,gen_time_s,22.4353,1.02672,20
S2,light/group,fifo+group+early+lpt,straggler_s,4.02565,0.877751,20
S2,light/group,fifo+group+early+lpt,mean_ready_s,14.1103,0.287515,20
S2,light/group,fifo+group+early+lpt,gpu_idle_frac,0.155358,0.0275586,20
S2,light/group,fifo+group+early+lpt,gen_frac,0.838128,0.0273477,20
S2,light/group,fifo+group+early+lpt,overhead_frac,0.00651357,0.000297352,20
S2,light/group,fifo+group+early+lpt,padding_frac,0,0,20
S2,light/group,fifo+group+early+lpt,verify_delay_mean_s,0.209204,0.00105192,20
S2,light/group,fifo+group+early+lpt,verify_delay_p95_s,0.32485,0.00421151,20
S2,light/group,fifo+group+early+lpt,instants,1013.35,3.67975,20
S2,light/group,fifo+group+early+lpt,policy_calls,1013.35,3.67975,20
S2,light/group,fifo+group+early+lpt,violations,0,0,20
S2,light/group,fifo+group+early+lpt,lb_gap,0.401903,0.0663187,20
S2,light/group,fifo+group+early+lpt,J,0.904566,0.048053,20
S2,light/group,fifo+group+late+first_free,groups_consumed,64,0,20
S2,light/group,fifo+group+late+first_free,groups_dropped,0,0,20
S2,light/group,fifo+group+late+first_free,groups_unfinished,0,0,20
S2,light/group,fifo+group+late+first_free,drops_policy,0,0,20
S2,light/group,fifo+group+late+first_free,drops_stale,0,0,20
S2,light/group,fifo+group+late+first_free,drops_colocated_switch,0,0,20
S2,light/group,fifo+group+late+first_free,tokens_consumed,381523,8167.13,20
S2,light/group,fifo+group+late+first_free,tokens_dropped,0,0,20
S2,light/group,fifo+group+late+first_free,waste_frac,0,0,20
S2,light/group,fifo+group+late+first_free,length_bias,0,0,20
S2,light/group,fifo+group+late+first_free,run_s,25.4428,1.27172,20
S2,light/group,fifo+group+late+first_free,phase_time_s,25.4428,1.27172,20
S2,light/group,fifo+group+late+first_free,gen_time_s,25.2641,1.28349,20
S2,light/group,fifo+group+late+first_free,straggler_s,5.43045,1.00296,20
S2,light/group,fifo+group+late+first_free,mean_ready_s,13.6229,0.304628,20
S2,light/group,fifo+group+late+first_free,gpu_idle_frac,0.166939,0.026969,20
S2,light/group,fifo+group+late+first_free,gen_frac,0.827275,0.0267905,20
S2,light/group,fifo+group+late+first_free,overhead_frac,0.00578616,0.000245531,20
S2,light/group,fifo+group+late+first_free,padding_frac,0,0,20
S2,light/group,fifo+group+late+first_free,verify_delay_mean_s,0.209204,0.00105192,20
S2,light/group,fifo+group+late+first_free,verify_delay_p95_s,0.32485,0.00421151,20
S2,light/group,fifo+group+late+first_free,instants,1024,3.7132,20
S2,light/group,fifo+group+late+first_free,policy_calls,1024,3.7132,20
S2,light/group,fifo+group+late+first_free,violations,0,0,20
S2,light/group,fifo+group+late+first_free,lb_gap,0.574366,0.0606365,20
S2,light/group,fifo+group+late+first_free,J,1.01178,0.0581227,20
S2,light/group,fifo+group+late+least_loaded,groups_consumed,64,0,20
S2,light/group,fifo+group+late+least_loaded,groups_dropped,0,0,20
S2,light/group,fifo+group+late+least_loaded,groups_unfinished,0,0,20
S2,light/group,fifo+group+late+least_loaded,drops_policy,0,0,20
S2,light/group,fifo+group+late+least_loaded,drops_stale,0,0,20
S2,light/group,fifo+group+late+least_loaded,drops_colocated_switch,0,0,20
S2,light/group,fifo+group+late+least_loaded,tokens_consumed,381523,8167.13,20
S2,light/group,fifo+group+late+least_loaded,tokens_dropped,0,0,20
S2,light/group,fifo+group+late+least_loaded,waste_frac,0,0,20
S2,light/group,fifo+group+late+least_loaded,length_bias,0,0,20
S2,light/group,fifo+group+late+least_loaded,run_s,25.4457,1.32328,20
S2,light/group,fifo+group+late+least_loaded,phase_time_s,25.4457,1.32328,20
S2,light/group,fifo+group+late+least_loaded,gen_time_s,25.2683,1.33471,20
S2,light/group,fifo+group+late+least_loaded,straggler_s,5.3938,1.05245,20
S2,light/group,fifo+group+late+least_loaded,mean_ready_s,13.6295,0.306527,20
S2,light/group,fifo+group+late+least_loaded,gpu_idle_frac,0.170676,0.0284799,20
S2,light/group,fifo+group+late+least_loaded,gen_frac,0.823536,0.028306,20
S2,light/group,fifo+group+late+least_loaded,overhead_frac,0.00578767,0.00025272,20
S2,light/group,fifo+group+late+least_loaded,padding_frac,0,0,20
S2,light/group,fifo+group+late+least_loaded,verify_delay_mean_s,0.209204,0.00105192,20
S2,light/group,fifo+group+late+least_loaded,verify_delay_p95_s,0.32485,0.00421151,20
S2,light/group,fifo+group+late+least_loaded,instants,1018.9,3.22789,20
S2,light/group,fifo+group+late+least_loaded,policy_calls,1018.9,3.22789,20
S2,light/group,fifo+group+late+least_loaded,violations,0,0,20
S2,light/group,fifo+group+late+least_loaded,lb_gap,0.573905,0.0606122,20
S2,light/group,fifo+group+late+least_loaded,J,1.01375,0.0604473,20
S2,light/group,fifo+group+late+lpt,groups_consumed,64,0,20
S2,light/group,fifo+group+late+lpt,groups_dropped,0,0,20
S2,light/group,fifo+group+late+lpt,groups_unfinished,0,0,20
S2,light/group,fifo+group+late+lpt,drops_policy,0,0,20
S2,light/group,fifo+group+late+lpt,drops_stale,0,0,20
S2,light/group,fifo+group+late+lpt,drops_colocated_switch,0,0,20
S2,light/group,fifo+group+late+lpt,tokens_consumed,381523,8167.13,20
S2,light/group,fifo+group+late+lpt,tokens_dropped,0,0,20
S2,light/group,fifo+group+late+lpt,waste_frac,0,0,20
S2,light/group,fifo+group+late+lpt,length_bias,0,0,20
S2,light/group,fifo+group+late+lpt,run_s,25.3414,1.24149,20
S2,light/group,fifo+group+late+lpt,phase_time_s,25.3414,1.24149,20
S2,light/group,fifo+group+late+lpt,gen_time_s,25.1567,1.25421,20
S2,light/group,fifo+group+late+lpt,straggler_s,5.2298,1.01271,20
S2,light/group,fifo+group+late+lpt,mean_ready_s,13.6311,0.30613,20
S2,light/group,fifo+group+late+lpt,gpu_idle_frac,0.166828,0.0225594,20
S2,light/group,fifo+group+late+lpt,gen_frac,0.827363,0.0223813,20
S2,light/group,fifo+group+late+lpt,overhead_frac,0.00580876,0.000243758,20
S2,light/group,fifo+group+late+lpt,padding_frac,0,0,20
S2,light/group,fifo+group+late+lpt,verify_delay_mean_s,0.209204,0.00105192,20
S2,light/group,fifo+group+late+lpt,verify_delay_p95_s,0.32485,0.00421151,20
S2,light/group,fifo+group+late+lpt,instants,1020.6,2.81383,20
S2,light/group,fifo+group+late+lpt,policy_calls,1020.6,2.81383,20
S2,light/group,fifo+group+late+lpt,violations,0,0,20
S2,light/group,fifo+group+late+lpt,lb_gap,0.567383,0.0567564,20
S2,light/group,fifo+group+late+lpt,J,1.00803,0.0548527,20
S2,light/group,fifo+group+late+round_robin,groups_consumed,64,0,20
S2,light/group,fifo+group+late+round_robin,groups_dropped,0,0,20
S2,light/group,fifo+group+late+round_robin,groups_unfinished,0,0,20
S2,light/group,fifo+group+late+round_robin,drops_policy,0,0,20
S2,light/group,fifo+group+late+round_robin,drops_stale,0,0,20
S2,light/group,fifo+group+late+round_robin,drops_colocated_switch,0,0,20
S2,light/group,fifo+group+late+round_robin,tokens_consumed,381523,8167.13,20
S2,light/group,fifo+group+late+round_robin,tokens_dropped,0,0,20
S2,light/group,fifo+group+late+round_robin,waste_frac,0,0,20
S2,light/group,fifo+group+late+round_robin,length_bias,0,0,20
S2,light/group,fifo+group+late+round_robin,run_s,25.3894,1.32283,20
S2,light/group,fifo+group+late+round_robin,phase_time_s,25.3894,1.32283,20
S2,light/group,fifo+group+late+round_robin,gen_time_s,25.2069,1.33661,20
S2,light/group,fifo+group+late+round_robin,straggler_s,5.37295,1.07166,20
S2,light/group,fifo+group+late+round_robin,mean_ready_s,13.6314,0.304082,20
S2,light/group,fifo+group+late+round_robin,gpu_idle_frac,0.171539,0.0253307,20
S2,light/group,fifo+group+late+round_robin,gen_frac,0.82266,0.0251396,20
S2,light/group,fifo+group+late+round_robin,overhead_frac,0.00580093,0.000251659,20
S2,light/group,fifo+group+late+round_robin,padding_frac,0,0,20
S2,light/group,fifo+group+late+round_robin,verify_delay_mean_s,0.209204,0.00105192,20
S2,light/group,fifo+group+late+round_robin,verify_delay_p95_s,0.32485,0.00421151,20
S2,light/group,fifo+group+late+round_robin,instants,1021.6,2.8383,20
S2,light/group,fifo+group+late+round_robin,policy_calls,1021.6,2.8383,20
S2,light/group,fifo+group+late+round_robin,violations,0,0,20
S2,light/group,fifo+group+late+round_robin,lb_gap,0.570578,0.0631806,20
S2,light/group,fifo+group+late+round_robin,J,1.01213,0.0592843,20
S2,light/group,fifo+sample+early+least_loaded,groups_consumed,64,0,20
S2,light/group,fifo+sample+early+least_loaded,groups_dropped,0,0,20
S2,light/group,fifo+sample+early+least_loaded,groups_unfinished,0,0,20
S2,light/group,fifo+sample+early+least_loaded,drops_policy,0,0,20
S2,light/group,fifo+sample+early+least_loaded,drops_stale,0,0,20
S2,light/group,fifo+sample+early+least_loaded,drops_colocated_switch,0,0,20
S2,light/group,fifo+sample+early+least_loaded,tokens_consumed,381523,8167.13,20
S2,light/group,fifo+sample+early+least_loaded,tokens_dropped,0,0,20
S2,light/group,fifo+sample+early+least_loaded,waste_frac,0,0,20
S2,light/group,fifo+sample+early+least_loaded,length_bias,0,0,20
S2,light/group,fifo+sample+early+least_loaded,run_s,25.4639,1.20639,20
S2,light/group,fifo+sample+early+least_loaded,phase_time_s,25.4639,1.20639,20
S2,light/group,fifo+sample+early+least_loaded,gen_time_s,25.2751,1.21987,20
S2,light/group,fifo+sample+early+least_loaded,straggler_s,5.20825,0.934115,20
S2,light/group,fifo+sample+early+least_loaded,mean_ready_s,14.3344,0.304227,20
S2,light/group,fifo+sample+early+least_loaded,gpu_idle_frac,0.115572,0.0192059,20
S2,light/group,fifo+sample+early+least_loaded,gen_frac,0.838358,0.0182299,20
S2,light/group,fifo+sample+early+least_loaded,overhead_frac,0.0460695,0.00188462,20
S2,light/group,fifo+sample+early+least_loaded,padding_frac,0,0,20
S2,light/group,fifo+sample+early+least_loaded,verify_delay_mean_s,0.209204,0.00105192,20
S2,light/group,fifo+sample+early+least_loaded,verify_delay_p95_s,0.32485,0.00421151,20
S2,light/group,fifo+sample+early+least_loaded,instants,1219.15,4.33826,20
S2,light/group,fifo+sample+early+least_loaded,policy_calls,1219.15,4.33826,20
S2,light/group,fifo+sample+early+least_loaded,violations,0,0,20
S2,light/group,fifo+sample+early+least_loaded,lb_gap,0.575323,0.0576274,20
S2,light/group,fifo+sample+early+least_loaded,J,0.986866,0.0502394,20
S2,light/group,fifo+sample+early+lpt,groups_consumed,64,0,20
S2,light/group,fifo+sample+early+lpt,groups_dropped,0,0,20
S2,light/group,fifo+sample+early+lpt,groups_unfinished,0,0,20
S2,light/group,fifo+sample+early+lpt,drops_policy,0,0,20
S2,light/group,fifo+sample+early+lpt,drops_stale,0,0,20
S2,light/group,fifo+sample+early+lpt,drops_colocated_switch,0,0,20
S2,light/group,fifo+sample+early+lpt,tokens_consumed,381523,8167.13,20
S2,light/group,fifo+sample+early+lpt,tokens_dropped,0,0,20
S2,light/group,fifo+sample+early+lpt,waste_frac,0,0,20
S2,light/group,fifo+sample+early+lpt,length_bias,0,0,20
S2,light/group,fifo+sample+early+lpt,run_s,23.4552,1.09163,20
S2,light/group,fifo+sample+early+lpt,phase_time_s,23.4552,1.09163,20
S2,light/group,fifo+sample+early+lpt,gen_time_s,23.23,1.0981,20
S2,light/group,fifo+sample+early+lpt,straggler_s,4.1968,0.935644,20
S2,light/group,fifo+sample+early+lpt,mean_ready_s,15.021,0.300811,20
S2,light/group,fifo+sample+early+lpt,gpu_idle_frac,0.136629,0.0239938,20
S2,light/group,fifo+sample+early+lpt,gen_frac,0.81317,0.0220238,20
S2,light/group,fifo+sample+early+lpt,overhead_frac,0.0502013,0.00247548,20
S2,light/group,fifo+sample+early+lpt,padding_frac,0,0,20
S2,light/group,fifo+sample+early+lpt,verify_delay_mean_s,0.209204,0.00105192,20
S2,light/group,fifo+sample+early+lpt,verify_delay_p95_s,0.32485,0.00421151,20
S2,light/group,fifo+sample+early+lpt,instants,1215.85,3.92532,20
S2,light/group,fifo+sample+early+lpt,policy_calls,1215.85,3.92532,20
S2,light/group,fifo+sample+early+lpt,violations,0,0,20
S2,light/group,fifo+sample+early+lpt,lb_gap,0.450568,0.0660966,20
S2,light/group,fifo+sample+early+lpt,J,0.924108,0.0497671,20
S2,light/group,fifo+sample+early+round_robin,groups_consumed,64,0,20
S2,light/group,fifo+sample+early+round_robin,groups_dropped,0,0,20
S2,light/group,fifo+sample+early+round_robin,groups_unfinished,0,0,20
S2,light/group,fifo+sample+early+round_robin,drops_policy,0,0,20
S2,light/group,fifo+sample+early+round_robin,drops_stale,0,0,20
S2,light/group,fifo+sample+early+round_robin,drops_colocated_switch,0,0,20
S2,light/group,fifo+sample+early+round_robin,tokens_consumed,381523,8167.13,20
S2,light/group,fifo+sample+early+round_robin,tokens_dropped,0,0,20
S2,light/group,fifo+sample+early+round_robin,waste_frac,0,0,20
S2,light/group,fifo+sample+early+round_robin,length_bias,0,0,20
S2,light/group,fifo+sample+early+round_robin,run_s,25.4639,1.20639,20
S2,light/group,fifo+sample+early+round_robin,phase_time_s,25.4639,1.20639,20
S2,light/group,fifo+sample+early+round_robin,gen_time_s,25.2751,1.21987,20
S2,light/group,fifo+sample+early+round_robin,straggler_s,5.20825,0.934115,20
S2,light/group,fifo+sample+early+round_robin,mean_ready_s,14.3344,0.304227,20
S2,light/group,fifo+sample+early+round_robin,gpu_idle_frac,0.115572,0.0192059,20
S2,light/group,fifo+sample+early+round_robin,gen_frac,0.838358,0.0182299,20
S2,light/group,fifo+sample+early+round_robin,overhead_frac,0.0460695,0.00188462,20
S2,light/group,fifo+sample+early+round_robin,padding_frac,0,0,20
S2,light/group,fifo+sample+early+round_robin,verify_delay_mean_s,0.209204,0.00105192,20
S2,light/group,fifo+sample+early+round_robin,verify_delay_p95_s,0.32485,0.00421151,20
S2,light/group,fifo+sample+early+round_robin,instants,1219.15,4.33826,20
S2,light/group,fifo+sample+early+round_robin,policy_calls,1219.15,4.33826,20
S2,light/group,fifo+sample+early+round_robin,violations,0,0,20
S2,light/group,fifo+sample+early+round_robin,lb_gap,0.575323,0.0576274,20
S2,light/group,fifo+sample+early+round_robin,J,0.986866,0.0502394,20
S2,light/group,fifo+sample+late+first_free,groups_consumed,64,0,20
S2,light/group,fifo+sample+late+first_free,groups_dropped,0,0,20
S2,light/group,fifo+sample+late+first_free,groups_unfinished,0,0,20
S2,light/group,fifo+sample+late+first_free,drops_policy,0,0,20
S2,light/group,fifo+sample+late+first_free,drops_stale,0,0,20
S2,light/group,fifo+sample+late+first_free,drops_colocated_switch,0,0,20
S2,light/group,fifo+sample+late+first_free,tokens_consumed,381523,8167.13,20
S2,light/group,fifo+sample+late+first_free,tokens_dropped,0,0,20
S2,light/group,fifo+sample+late+first_free,waste_frac,0,0,20
S2,light/group,fifo+sample+late+first_free,length_bias,0,0,20
S2,light/group,fifo+sample+late+first_free,run_s,24.6356,1.20951,20
S2,light/group,fifo+sample+late+first_free,phase_time_s,24.6356,1.20951,20
S2,light/group,fifo+sample+late+first_free,gen_time_s,24.4504,1.22489,20
S2,light/group,fifo+sample+late+first_free,straggler_s,5.1465,0.980807,20
S2,light/group,fifo+sample+late+first_free,mean_ready_s,13.6173,0.291482,20
S2,light/group,fifo+sample+late+first_free,gpu_idle_frac,0.120817,0.0229416,20
S2,light/group,fifo+sample+late+first_free,gen_frac,0.860383,0.0224127,20
S2,light/group,fifo+sample+late+first_free,overhead_frac,0.0187997,0.000979872,20
S2,light/group,fifo+sample+late+first_free,padding_frac,0,0,20
S2,light/group,fifo+sample+late+first_free,verify_delay_mean_s,0.209204,0.00105192,20
S2,light/group,fifo+sample+late+first_free,verify_delay_p95_s,0.32485,0.00421151,20
S2,light/group,fifo+sample+late+first_free,instants,1147.25,3.43877,20
S2,light/group,fifo+sample+late+first_free,policy_calls,1147.25,3.43877,20
S2,light/group,fifo+sample+late+first_free,violations,0,0,20
S2,light/group,fifo+sample+late+first_free,lb_gap,0.523421,0.0557166,20
S2,light/group,fifo+sample+late+first_free,J,0.959267,0.0518102,20
S2,light/group,fifo+sample+late+least_loaded,groups_consumed,64,0,20
S2,light/group,fifo+sample+late+least_loaded,groups_dropped,0,0,20
S2,light/group,fifo+sample+late+least_loaded,groups_unfinished,0,0,20
S2,light/group,fifo+sample+late+least_loaded,drops_policy,0,0,20
S2,light/group,fifo+sample+late+least_loaded,drops_stale,0,0,20
S2,light/group,fifo+sample+late+least_loaded,drops_colocated_switch,0,0,20
S2,light/group,fifo+sample+late+least_loaded,tokens_consumed,381523,8167.13,20
S2,light/group,fifo+sample+late+least_loaded,tokens_dropped,0,0,20
S2,light/group,fifo+sample+late+least_loaded,waste_frac,0,0,20
S2,light/group,fifo+sample+late+least_loaded,length_bias,0,0,20
S2,light/group,fifo+sample+late+least_loaded,run_s,25.2101,1.20094,20
S2,light/group,fifo+sample+late+least_loaded,phase_time_s,25.2101,1.20094,20
S2,light/group,fifo+sample+late+least_loaded,gen_time_s,25.0277,1.21501,20
S2,light/group,fifo+sample+late+least_loaded,straggler_s,5.15405,0.978389,20
S2,light/group,fifo+sample+late+least_loaded,mean_ready_s,14.131,0.300704,20
S2,light/group,fifo+sample+late+least_loaded,gpu_idle_frac,0.125556,0.0203725,20
S2,light/group,fifo+sample+late+least_loaded,gen_frac,0.835294,0.0196704,20
S2,light/group,fifo+sample+late+least_loaded,overhead_frac,0.0391496,0.00149175,20
S2,light/group,fifo+sample+late+least_loaded,padding_frac,0,0,20
S2,light/group,fifo+sample+late+least_loaded,verify_delay_mean_s,0.209204,0.00105192,20
S2,light/group,fifo+sample+late+least_loaded,verify_delay_p95_s,0.32485,0.00421151,20
S2,light/group,fifo+sample+late+least_loaded,instants,1146.75,4.84207,20
S2,light/group,fifo+sample+late+least_loaded,policy_calls,1146.75,4.84207,20
S2,light/group,fifo+sample+late+least_loaded,violations,0,0,20
S2,light/group,fifo+sample+late+least_loaded,lb_gap,0.559521,0.0545238,20
S2,light/group,fifo+sample+late+least_loaded,J,0.982601,0.05063,20
S2,light/group,fifo+sample+late+lpt,groups_consumed,64,0,20
S2,light/group,fifo+sample+late+lpt,groups_dropped,0,0,20
S2,light/group,fifo+sample+late+lpt,groups_unfinished,0,0,20
S2,light/group,fifo+sample+late+lpt,drops_policy,0,0,20
S2,light/group,fifo+sample+late+lpt,drops_stale,0,0,20
S2,light/group,fifo+sample+late+lpt,drops_colocated_switch,0,0,20
S2,light/group,fifo+sample+late+lpt,tokens_consumed,381523,8167.13,20
S2,light/group,fifo+sample+late+lpt,tokens_dropped,0,0,20
S2,light/group,fifo+sample+late+lpt,waste_frac,0,0,20
S2,light/group,fifo+sample+late+lpt,length_bias,0,0,20
S2,light/group,fifo+sample+late+lpt,run_s,25.2035,1.19629,20
S2,light/group,fifo+sample+late+lpt,phase_time_s,25.2035,1.19629,20
S2,light/group,fifo+sample+late+lpt,gen_time_s,25.0211,1.21032,20
S2,light/group,fifo+sample+late+lpt,straggler_s,5.1538,0.972426,20
S2,light/group,fifo+sample+late+lpt,mean_ready_s,14.1315,0.300827,20
S2,light/group,fifo+sample+late+lpt,gpu_idle_frac,0.127536,0.0197368,20
S2,light/group,fifo+sample+late+lpt,gen_frac,0.83334,0.0190084,20
S2,light/group,fifo+sample+late+lpt,overhead_frac,0.039124,0.00146135,20
S2,light/group,fifo+sample+late+lpt,padding_frac,0,0,20
S2,light/group,fifo+sample+late+lpt,verify_delay_mean_s,0.209204,0.00105192,20
S2,light/group,fifo+sample+late+lpt,verify_delay_p95_s,0.32485,0.00421151,20
S2,light/group,fifo+sample+late+lpt,instants,1145.45,5.12566,20
S2,light/group,fifo+sample+late+lpt,policy_calls,1145.45,5.12566,20
S2,light/group,fifo+sample+late+lpt,violations,0,0,20
S2,light/group,fifo+sample+late+lpt,lb_gap,0.559117,0.0542016,20
S2,light/group,fifo+sample+late+lpt,J,0.983351,0.0505065,20
S2,light/group,fifo+sample+late+round_robin,groups_consumed,64,0,20
S2,light/group,fifo+sample+late+round_robin,groups_dropped,0,0,20
S2,light/group,fifo+sample+late+round_robin,groups_unfinished,0,0,20
S2,light/group,fifo+sample+late+round_robin,drops_policy,0,0,20
S2,light/group,fifo+sample+late+round_robin,drops_stale,0,0,20
S2,light/group,fifo+sample+late+round_robin,drops_colocated_switch,0,0,20
S2,light/group,fifo+sample+late+round_robin,tokens_consumed,381523,8167.13,20
S2,light/group,fifo+sample+late+round_robin,tokens_dropped,0,0,20
S2,light/group,fifo+sample+late+round_robin,waste_frac,0,0,20
S2,light/group,fifo+sample+late+round_robin,length_bias,0,0,20
S2,light/group,fifo+sample+late+round_robin,run_s,25.2016,1.19844,20
S2,light/group,fifo+sample+late+round_robin,phase_time_s,25.2016,1.19844,20
S2,light/group,fifo+sample+late+round_robin,gen_time_s,25.0166,1.21341,20
S2,light/group,fifo+sample+late+round_robin,straggler_s,5.1601,0.974358,20
S2,light/group,fifo+sample+late+round_robin,mean_ready_s,14.1302,0.300854,20
S2,light/group,fifo+sample+late+round_robin,gpu_idle_frac,0.124425,0.0203555,20
S2,light/group,fifo+sample+late+round_robin,gen_frac,0.836387,0.0196404,20
S2,light/group,fifo+sample+late+round_robin,overhead_frac,0.0391881,0.00147965,20
S2,light/group,fifo+sample+late+round_robin,padding_frac,0,0,20
S2,light/group,fifo+sample+late+round_robin,verify_delay_mean_s,0.209204,0.00105192,20
S2,light/group,fifo+sample+late+round_robin,verify_delay_p95_s,0.32485,0.00421151,20
S2,light/group,fifo+sample+late+round_robin,instants,1147.15,5.19447,20
S2,light/group,fifo+sample+late+round_robin,policy_calls,1147.15,5.19447,20
S2,light/group,fifo+sample+late+round_robin,violations,0,0,20
S2,light/group,fifo+sample+late+round_robin,lb_gap,0.558786,0.0541396,20
S2,light/group,fifo+sample+late+round_robin,J,0.981722,0.0505973,20
S2,light/group,longest_first+group+early+least_loaded,groups_consumed,64,0,20
S2,light/group,longest_first+group+early+least_loaded,groups_dropped,0,0,20
S2,light/group,longest_first+group+early+least_loaded,groups_unfinished,0,0,20
S2,light/group,longest_first+group+early+least_loaded,drops_policy,0,0,20
S2,light/group,longest_first+group+early+least_loaded,drops_stale,0,0,20
S2,light/group,longest_first+group+early+least_loaded,drops_colocated_switch,0,0,20
S2,light/group,longest_first+group+early+least_loaded,tokens_consumed,381523,8167.13,20
S2,light/group,longest_first+group+early+least_loaded,tokens_dropped,0,0,20
S2,light/group,longest_first+group+early+least_loaded,waste_frac,0,0,20
S2,light/group,longest_first+group+early+least_loaded,length_bias,0,0,20
S2,light/group,longest_first+group+early+least_loaded,run_s,22.663,1.01363,20
S2,light/group,longest_first+group+early+least_loaded,phase_time_s,22.663,1.01363,20
S2,light/group,longest_first+group+early+least_loaded,gen_time_s,22.4353,1.02672,20
S2,light/group,longest_first+group+early+least_loaded,straggler_s,4.02565,0.877751,20
S2,light/group,longest_first+group+early+least_loaded,mean_ready_s,14.1103,0.287515,20
S2,light/group,longest_first+group+early+least_loaded,gpu_idle_frac,0.155358,0.0275586,20
S2,light/group,longest_first+group+early+least_loaded,gen_frac,0.838128,0.0273477,20
S2,light/group,longest_first+group+early+least_loaded,overhead_frac,0.00651357,0.000297352,20
S2,light/group,longest_first+group+early+least_loaded,padding_frac,0,0,20
S2,light/group,longest_first+group+early+least_loaded,verify_delay_mean_s,0.209204,0.00105192,20
S2,light/group,longest_first+group+early+least_loaded,verify_delay_p95_s,0.32485,0.00421151,20
S2,light/group,longest_first+group+early+least_loaded,instants,1013.35,3.67975,20
S2,light/group,longest_first+group+early+least_loaded,policy_calls,1013.35,3.67975,20
S2,light/group,longest_first+group+early+least_loaded,violations,0,0,20
S2,light/group,longest_first+group+early+least_loaded,lb_gap,0.401903,0.0663187,20
S2,light/group,longest_first+group+early+least_loaded,J,0.904566,0.048053,20
S2,light/group,longest_first+group+early+lpt,groups_consumed,64,0,20
S2,light/group,longest_first+group+early+lpt,groups_dropped,0,0,20
S2,light/group,longest_first+group+early+lpt,groups_unfinished,0,0,20
S2,light/group,longest_first+group+early+lpt,drops_policy,0,0,20
S2,light/group,longest_first+group+early+lpt,drops_stale,0,0,20
S2,light/group,longest_first+group+early+lpt,drops_colocated_switch,0,0,20
S2,light/group,longest_first+group+early+lpt,tokens_consumed,381523,8167.13,20
S2,light/group,longest_first+group+early+lpt,tokens_dropped,0,0,20
S2,light/group,longest_first+group+early+lpt,waste_frac,0,0,20
S2,light/group,longest_first+group+early+lpt,length_bias,0,0,20
S2,light/group,longest_first+group+early+lpt,run_s,22.663,1.01363,20
S2,light/group,longest_first+group+early+lpt,phase_time_s,22.663,1.01363,20
S2,light/group,longest_first+group+early+lpt,gen_time_s,22.4353,1.02672,20
S2,light/group,longest_first+group+early+lpt,straggler_s,4.02565,0.877751,20
S2,light/group,longest_first+group+early+lpt,mean_ready_s,14.1103,0.287515,20
S2,light/group,longest_first+group+early+lpt,gpu_idle_frac,0.155358,0.0275586,20
S2,light/group,longest_first+group+early+lpt,gen_frac,0.838128,0.0273477,20
S2,light/group,longest_first+group+early+lpt,overhead_frac,0.00651357,0.000297352,20
S2,light/group,longest_first+group+early+lpt,padding_frac,0,0,20
S2,light/group,longest_first+group+early+lpt,verify_delay_mean_s,0.209204,0.00105192,20
S2,light/group,longest_first+group+early+lpt,verify_delay_p95_s,0.32485,0.00421151,20
S2,light/group,longest_first+group+early+lpt,instants,1013.35,3.67975,20
S2,light/group,longest_first+group+early+lpt,policy_calls,1013.35,3.67975,20
S2,light/group,longest_first+group+early+lpt,violations,0,0,20
S2,light/group,longest_first+group+early+lpt,lb_gap,0.401903,0.0663187,20
S2,light/group,longest_first+group+early+lpt,J,0.904566,0.048053,20
S2,light/group,longest_first+group+early+round_robin,groups_consumed,64,0,20
S2,light/group,longest_first+group+early+round_robin,groups_dropped,0,0,20
S2,light/group,longest_first+group+early+round_robin,groups_unfinished,0,0,20
S2,light/group,longest_first+group+early+round_robin,drops_policy,0,0,20
S2,light/group,longest_first+group+early+round_robin,drops_stale,0,0,20
S2,light/group,longest_first+group+early+round_robin,drops_colocated_switch,0,0,20
S2,light/group,longest_first+group+early+round_robin,tokens_consumed,381523,8167.13,20
S2,light/group,longest_first+group+early+round_robin,tokens_dropped,0,0,20
S2,light/group,longest_first+group+early+round_robin,waste_frac,0,0,20
S2,light/group,longest_first+group+early+round_robin,length_bias,0,0,20
S2,light/group,longest_first+group+early+round_robin,run_s,22.8846,1.09563,20
S2,light/group,longest_first+group+early+round_robin,phase_time_s,22.8846,1.09563,20
S2,light/group,longest_first+group+early+round_robin,gen_time_s,22.6619,1.11274,20
S2,light/group,longest_first+group+early+round_robin,straggler_s,4.2332,0.809443,20
S2,light/group,longest_first+group+early+round_robin,mean_ready_s,14.1037,0.298516,20
S2,light/group,longest_first+group+early+round_robin,gpu_idle_frac,0.172868,0.0276495,20
S2,light/group,longest_first+group+early+round_robin,gen_frac,0.820677,0.0274239,20
S2,light/group,longest_first+group+early+round_robin,overhead_frac,0.00645463,0.000309544,20
S2,light/group,longest_first+group+early+round_robin,padding_frac,0,0,20
S2,light/group,longest_first+group+early+round_robin,verify_delay_mean_s,0.209204,0.00105192,20
S2,light/group,longest_first+group+early+round_robin,verify_delay_p95_s,0.32485,0.00421151,20
S2,light/group,longest_first+group+early+round_robin,instants,1014.9,3.13733,20
S2,light/group,longest_first+group+early+round_robin,policy_calls,1014.9,3.13733,20
S2,light/group,longest_first+group+early+round_robin,violations,0,0,20
S2,light/group,longest_first+group+early+round_robin,lb_gap,0.414043,0.0625502,20
S2,light/group,longest_first+group+early+round_robin,J,0.921405,0.0517219,20
S2,light/group,longest_first+group+late+first_free,groups_consumed,64,0,20
S2,light/group,longest_first+group+late+first_free,groups_dropped,0,0,20
S2,light/group,longest_first+group+late+first_free,groups_unfinished,0,0,20
S2,light/group,longest_first+group+late+first_free,drops_policy,0,0,20
S2,light/group,longest_first+group+late+first_free,drops_stale,0,0,20
S2,light/group,longest_first+group+late+first_free,drops_colocated_switch,0,0,20
S2,light/group,longest_first+group+late+first_free,tokens_consumed,381523,8167.13,20
S2,light/group,longest_first+group+late+first_free,tokens_dropped,0,0,20
S2,light/group,longest_first+group+late+first_free,waste_frac,0,0,20
S2,light/group,longest_first+group+late+first_free,length_bias,0,0,20
S2,light/group,longest_first+group+late+first_free,run_s,22.9753,1.09889,20
S2,light/group,longest_first+group+late+first_free,phase_time_s,22.9753,1.09889,20
S2,light/group,longest_first+group+late+first_free,gen_time_s,22.7538,1.10447,20
S2,light/group,longest_first+group+late+first_free,straggler_s,4.00005,0.9464,20
S2,light/group,longest_first+group+late+first_free,mean_ready_s,14.2979,0.305987,20
S2,light/group,longest_first+group+late+first_free,gpu_idle_frac,0.142526,0.0262424,20
S2,light/group,longest_first+group+late+first_free,gen_frac,0.851042,0.0259858,20
S2,light/group,longest_first+group+late+first_free,overhead_frac,0.00643134,0.000324862,20
S2,light/group,longest_first+group+late+first_free,padding_frac,0,0,20
S2,light/group,longest_first+group+late+first_free,verify_delay_mean_s,0.209204,0.00105192,20
S2,light/group,longest_first+group+late+first_free,verify_delay_p95_s,0.32485,0.00421151,20
S2,light/group,longest_first+group+late+first_free,instants,1017.65,2.59593,20
S2,light/group,longest_first+group+late+first_free,policy_calls,1017.65,2.59593,20
S2,light/group,longest_first+group+late+first_free,violations,0,0,20
S2,light/group,longest_first+group+late+first_free,lb_gap,0.420838,0.0665307,20
S2,light/group,longest_first+group+late+first_free,J,0.909545,0.0512302,20
S2,light/group,longest_first+group+late+least_loaded,groups_consumed,64,0,20
S2,light/group,longest_first+group+late+least_loaded,groups_dropped,0,0,20
S2,light/group,longest_first+group+late+least_loaded,groups_unfinished,0,0,20
S2,light/group,longest_first+group+late+least_loaded,drops_policy,0,0,20
S2,light/group,longest_first+group+late+least_loaded,drops_stale,0,0,20
S2,light/group,longest_first+group+late+least_loaded,drops_colocated_switch,0,0,20
S2,light/group,longest_first+group+late+least_loaded,tokens_consumed,381523,8167.13,20
S2,light/group,longest_first+group+late+least_loaded,tokens_dropped,0,0,20
S2,light/group,longest_first+group+late+least_loaded,waste_frac,0,0,20
S2,light/group,longest_first+group+late+least_loaded,length_bias,0,0,20
S2,light/group,longest_first+group+late+least_loaded,run_s,23.0276,1.11348,20
S2,light/group,longest_first+group+late+least_loaded,phase_time_s,23.0276,1.11348,20
S2,light/group,longest_first+group+late+least_loaded,gen_time_s,22.8005,1.1217,20
S2,light/group,longest_first+group+late+least_loaded,straggler_s,4.0497,0.958956,20
S2,light/group,longest_first+group+late+least_loaded,mean_ready_s,14.3097,0.307681,20
S2,light/group,longest_first+group+late+least_loaded,gpu_idle_frac,0.144088,0.0263662,20
S2,light/group,longest_first+group+late+least_loaded,gen_frac,0.849491,0.026102,20
S2,light/group,longest_first+group+late+least_loaded,overhead_frac,0.00642072,0.000327764,20
S2,light/group,longest_first+group+late+least_loaded,padding_frac,0,0,20
S2,light/group,longest_first+group+late+least_loaded,verify_delay_mean_s,0.209204,0.00105192,20
S2,light/group,longest_first+group+late+least_loaded,verify_delay_p95_s,0.32485,0.00421151,20
S2,light/group,longest_first+group+late+least_loaded,instants,1016.2,2.73572,20
S2,light/group,longest_first+group+late+least_loaded,policy_calls,1016.2,2.73572,20
S2,light/group,longest_first+group+late+least_loaded,violations,0,0,20
S2,light/group,longest_first+group+late+least_loaded,lb_gap,0.423023,0.0639422,20
S2,light/group,longest_first+group+late+least_loaded,J,0.912234,0.0521246,20
S2,light/group,longest_first+group+late+lpt,groups_consumed,64,0,20
S2,light/group,longest_first+group+late+lpt,groups_dropped,0,0,20
S2,light/group,longest_first+group+late+lpt,groups_unfinished,0,0,20
S2,light/group,longest_first+group+late+lpt,drops_policy,0,0,20
S2,light/group,longest_first+group+late+lpt,drops_stale,0,0,20
S2,light/group,longest_first+group+late+lpt,drops_colocated_switch,0,0,20
S2,light/group,longest_first+group+late+lpt,tokens_consumed,381523,8167.13,20
S2,light/group,longest_first+group+late+lpt,tokens_dropped,0,0,20
S2,light/group,longest_first+group+late+lpt,waste_frac,0,0,20
S2,light/group,longest_first+group+late+lpt,length_bias,0,0,20
S2,light/group,longest_first+group+late+lpt,run_s,23.0405,1.10652,20
S2,light/group,longest_first+group+late+lpt,phase_time_s,23.0405,1.10652,20
S2,light/group,longest_first+group+late+lpt,gen_time_s,22.8163,1.11255,20
S2,light/group,longest_first+group+late+lpt,straggler_s,4.06515,0.953257,20
S2,light/group,longest_first+group+late+lpt,mean_ready_s,14.3063,0.305102,20
S2,light/group,longest_first+group+late+lpt,gpu_idle_frac,0.147911,0.0253907,20
S2,light/group,longest_first+group+late+lpt,gen_frac,0.845676,0.0251357,20
S2,light/group,longest_first+group+late+lpt,overhead_frac,0.00641331,0.000321925,20
S2,light/group,longest_first+group+late+lpt,padding_frac,0,0,20
S2,light/group,longest_first+group+late+lpt,verify_delay_mean_s,0.209204,0.00105192,20
S2,light/group,longest_first+group+late+lpt,verify_delay_p95_s,0.32485,0.00421151,20
S2,light/group,longest_first+group+late+lpt,instants,1016.7,3.2393,20
S2,light/group,longest_first+group+late+lpt,policy_calls,1016.7,3.2393,20
S2,light/group,longest_first+group+late+lpt,violations,0,0,20
S2,light/group,longest_first+group+late+lpt,lb_gap,0.42412,0.0637257,20
S2,light/group,longest_first+group+late+lpt,J,0.914618,0.0512052,20
S2,light/group,longest_first+group+late+round_robin,groups_consumed,64,0,20
S2,light/group,longest_first+group+late+round_robin,groups_dropped,0,0,20
S2,light/group,longest_first+group+late+round_robin,groups_unfinished,0,0,20
S2,light/group,longest_first+group+late+round_robin,drops_policy,0,0,20
S2,light/group,longest_first+group+late+round_robin,drops_stale,0,0,20
S2,light/group,longest_first+group+late+round_robin,drops_colocated_switch,0,0,20
S2,light/group,longest_first+group+late+round_robin,tokens_consumed,381523,8167.13,20
S2,light/group,longest_first+group+late+round_robin,tokens_dropped,0,0,20
S2,light/group,longest_first+group+late+round_robin,waste_frac,0,0,20
S2,light/group,longest_first+group+late+round_robin,length_bias,0,0,20
S2,light/group,longest_first+group+late+round_robin,run_s,22.9699,1.13846,20
S2,light/group,longest_first+group+late+round_robin,phase_time_s,22.9699,1.13846,20
S2,light/group,longest_first+group+late+round_robin,gen_time_s,22.7471,1.1443,20
S2,light/group,longest_first+group+late+round_robin,straggler_s,4.0109,0.977796,20
S2,light/group,longest_first+group+late+round_robin,mean_ready_s,14.3028,0.303786,20
S2,light/group,longest_first+group+late+round_robin,gpu_idle_frac,0.140287,0.027255,20
S2,light/group,longest_first+group+late+round_robin,gen_frac,0.853275,0.026976,20
S2,light/group,longest_first+group+late+round_robin,overhead_frac,0.00643761,0.000332218,20
S2,light/group,longest_first+group+late+round_robin,padding_frac,0,0,20
S2,light/group,longest_first+group+late+round_robin,verify_delay_mean_s,0.209204,0.00105192,20
S2,light/group,longest_first+group+late+round_robin,verify_delay_p95_s,0.32485,0.00421151,20
S2,light/group,longest_first+group+late+round_robin,instants,1017.55,3.98131,20
S2,light/group,longest_first+group+late+round_robin,policy_calls,1017.55,3.98131,20
S2,light/group,longest_first+group+late+round_robin,violations,0,0,20
S2,light/group,longest_first+group+late+round_robin,lb_gap,0.419551,0.0647545,20
S2,light/group,longest_first+group+late+round_robin,J,0.908227,0.053622,20
S2,light/group,longest_first+sample+early+least_loaded,groups_consumed,64,0,20
S2,light/group,longest_first+sample+early+least_loaded,groups_dropped,0,0,20
S2,light/group,longest_first+sample+early+least_loaded,groups_unfinished,0,0,20
S2,light/group,longest_first+sample+early+least_loaded,drops_policy,0,0,20
S2,light/group,longest_first+sample+early+least_loaded,drops_stale,0,0,20
S2,light/group,longest_first+sample+early+least_loaded,drops_colocated_switch,0,0,20
S2,light/group,longest_first+sample+early+least_loaded,tokens_consumed,381523,8167.13,20
S2,light/group,longest_first+sample+early+least_loaded,tokens_dropped,0,0,20
S2,light/group,longest_first+sample+early+least_loaded,waste_frac,0,0,20
S2,light/group,longest_first+sample+early+least_loaded,length_bias,0,0,20
S2,light/group,longest_first+sample+early+least_loaded,run_s,23.4263,1.13025,20
S2,light/group,longest_first+sample+early+least_loaded,phase_time_s,23.4263,1.13025,20
S2,light/group,longest_first+sample+early+least_loaded,gen_time_s,23.204,1.13412,20
S2,light/group,longest_first+sample+early+least_loaded,straggler_s,4.18505,0.971046,20
S2,light/group,longest_first+sample+early+least_loaded,mean_ready_s,15.0067,0.298421,20
S2,light/group,longest_first+sample+early+least_loaded,gpu_idle_frac,0.133609,0.0244853,20
S2,light/group,longest_first+sample+early+least_loaded,gen_frac,0.816096,0.0224663,20
S2,light/group,longest_first+sample+early+least_loaded,overhead_frac,0.0502946,0.00253617,20
S2,light/group,longest_first+sample+early+least_loaded,padding_frac,0,0,20
S2,light/group,longest_first+sample+early+least_loaded,verify_delay_mean_s,0.209204,0.00105192,20
S2,light/group,longest_first+sample+early+least_loaded,verify_delay_p95_s,0.32485,0.00421151,20
S2,light/group,longest_first+sample+early+least_loaded,instants,1215.75,4.11907,20
S2,light/group,longest_first+sample+early+least_loaded,policy_calls,1215.75,4.11907,20
S2,light/group,longest_first+sample+early+least_loaded,violations,0,0,20
S2,light/group,longest_first+sample+early+least_loaded,lb_gap,0.448644,0.0667409,20
S2,light/group,longest_first+sample+early+least_loaded,J,0.921542,0.0515085,20
S2,light/group,longest_first+sample+early+lpt,groups_consumed,64,0,20
S2,light/group,longest_first+sample+early+lpt,groups_dropped,0,0,20
S2,light/group,longest_first+sample+early+lpt,groups_unfinished,0,0,20
S2,light/group,longest_first+sample+early+lpt,drops_policy,0,0,20
S2,light/group,longest_first+sample+early+lpt,drops_stale,0,0,20
S2,light/group,longest_first+sample+early+lpt,drops_colocated_switch,0,0,20
S2,light/group,longest_first+sample+early+lpt,tokens_consumed,381523,8167.13,20
S2,light/group,longest_first+sample+early+lpt,tokens_dropped,0,0,20
S2,light/group,longest_first+sample+early+lpt,waste_frac,0,0,20
S2,light/group,longest_first+sample+early+lpt,length_bias,0,0,20
S2,light/group,longest_first+sample+early+lpt,run_s,23.4552,1.09163,20
S2,light/group,longest_first+sample+early+lpt,phase_time_s,23.4552,1.09163,20
S2,light/group,longest_first+sample+early+lpt,gen_time_s,23.23,1.0981,20
S2,light/group,longest_first+sample+early+lpt,straggler_s,4.1968,0.935644,20
S2,light/group,longest_first+sample+early+lpt,mean_ready_s,15.021,0.300811,20
S2,light/group,longest_first+sample+early+lpt,gpu_idle_frac,0.136629,0.0239938,20
S2,light/group,longest_first+sample+early+lpt,gen_frac,0.81317,0.0220238,20
S2,light/group,longest_first+sample+early+lpt,overhead_frac,0.0502013,0.00247548,20
S2,light/group,longest_first+sample+early+lpt,padding_frac,0,0,20
S2,light/group,longest_first+sample+early+lpt,verify_delay_mean_s,0.209204,0.00105192,20
S2,light/group,longest_first+sample+early+lpt,verify_delay_p95_s,0.32485,0.00421151,20
S2,light/group,longest_first+sample+early+lpt,instants,1215.85,3.92532,20
S2,light/group,longest_first+sample+early+lpt,policy_calls,1215.85,3.92532,20
S2,light/group,longest_first+sample+early+lpt,violations,0,0,20
S2,light/group,longest_first+sample+early+lpt,lb_gap,0.450568,0.0660966,20
S2,light/group,longest_first+sample+early+lpt,J,0.924108,0.0497671,20
S2,light/group,longest_first+sample+early+round_robin,groups_consumed,64,0,20
S2,light/group,longest_first+sample+early+round_robin,groups_dropped,0,0,20
S2,light/group,longest_first+sample+early+round_robin,groups_unfinished,0,0,20
S2,light/group,longest_first+sample+early+round_robin,drops_policy,0,0,20
S2,light/group,longest_first+sample+early+round_robin,drops_stale,0,0,20
S2,light/group,longest_first+sample+early+round_robin,drops_colocated_switch,0,0,20
S2,light/group,longest_first+sample+early+round_robin,tokens_consumed,381523,8167.13,20
S2,light/group,longest_first+sample+early+round_robin,tokens_dropped,0,0,20
S2,light/group,longest_first+sample+early+round_robin,waste_frac,0,0,20
S2,light/group,longest_first+sample+early+round_robin,length_bias,0,0,20
S2,light/group,longest_first+sample+early+round_robin,run_s,23.4263,1.13025,20
S2,light/group,longest_first+sample+early+round_robin,phase_time_s,23.4263,1.13025,20
S2,light/group,longest_first+sample+early+round_robin,gen_time_s,23.204,1.13412,20
S2,light/group,longest_first+sample+early+round_robin,straggler_s,4.18505,0.971046,20
S2,light/group,longest_first+sample+early+round_robin,mean_ready_s,15.0067,0.298421,20
S2,light/group,longest_first+sample+early+round_robin,gpu_idle_frac,0.133609,0.0244853,20
S2,light/group,longest_first+sample+early+round_robin,gen_frac,0.816096,0.0224663,20
S2,light/group,longest_first+sample+early+round_robin,overhead_frac,0.0502946,0.00253617,20
S2,light/group,longest_first+sample+early+round_robin,padding_frac,0,0,20
S2,light/group,longest_first+sample+early+round_robin,verify_delay_mean_s,0.209204,0.00105192,20
S2,light/group,longest_first+sample+early+round_robin,verify_delay_p95_s,0.32485,0.00421151,20
S2,light/group,longest_first+sample+early+round_robin,instants,1215.75,4.11907,20
S2,light/group,longest_first+sample+early+round_robin,policy_calls,1215.75,4.11907,20
S2,light/group,longest_first+sample+early+round_robin,violations,0,0,20
S2,light/group,longest_first+sample+early+round_robin,lb_gap,0.448644,0.0667409,20
S2,light/group,longest_first+sample+early+round_robin,J,0.921542,0.0515085,20
S2,light/group,longest_first+sample+late+first_free,groups_consumed,64,0,20
S2,light/group,longest_first+sample+late+first_free,groups_dropped,0,0,20
S2,light/group,longest_first+sample+late+first_free,groups_unfinished,0,0,20
S2,light/group,longest_first+sample+late+first_free,drops_policy,0,0,20
S2,light/group,longest_first+sample+late+first_free,drops_stale,0,0,20
S2,light/group,longest_first+sample+late+first_free,drops_colocated_switch,0,0,20
S2,light/group,longest_first+sample+late+first_free,tokens_consumed,381523,8167.13,20
S2,light/group,longest_first+sample+late+first_free,tokens_dropped,0,0,20
S2,light/group,longest_first+sample+late+first_free,waste_frac,0,0,20
S2,light/group,longest_first+sample+late+first_free,length_bias,0,0,20
S2,light/group,longest_first+sample+late+first_free,run_s,22.5581,1.1069,20
S2,light/group,longest_first+sample+late+first_free,phase_time_s,22.5581,1.1069,20
S2,light/group,longest_first+sample+late+first_free,gen_time_s,22.3393,1.1114,20
S2,light/group,longest_first+sample+late+first_free,straggler_s,4.06775,0.950555,20
S2,light/group,longest_first+sample+late+first_free,mean_ready_s,14.2804,0.294989,20
S2,light/group,longest_first+sample+late+first_free,gpu_idle_frac,0.133048,0.0266875,20
S2,light/group,longest_first+sample+late+first_free,gen_frac,0.846374,0.0259486,20
S2,light/group,longest_first+sample+late+first_free,overhead_frac,0.0205784,0.00106681,20
S2,light/group,longest_first+sample+late+first_free,padding_frac,0,0,20
S2,light/group,longest_first+sample+late+first_free,verify_delay_mean_s,0.209204,0.00105192,20
S2,light/group,longest_first+sample+late+first_free,verify_delay_p95_s,0.32485,0.00421151,20
S2,light/group,longest_first+sample+late+first_free,instants,1141.85,4.92095,20
S2,light/group,longest_first+sample+late+first_free,policy_calls,1141.85,4.92095,20
S2,light/group,longest_first+sample+late+first_free,violations,0,0,20
S2,light/group,longest_first+sample+late+first_free,lb_gap,0.393867,0.0619786,20
S2,light/group,longest_first+sample+late+first_free,J,0.889582,0.0521768,20
S2,light/group,longest_first+sample+late+least_loaded,groups_consumed,64,0,20
S2,light/group,longest_first+sample+late+least_loaded,groups_dropped,0,0,20
S2,light/group,longest_first+sample+late+least_loaded,groups_unfinished,0,0,20
S2,light/group,longest_first+sample+late+least_loaded,drops_policy,0,0,20
S2,light/group,longest_first+sample+late+least_loaded,drops_stale,0,0,20
S2,light/group,longest_first+sample+late+least_loaded,drops_colocated_switch,0,0,20
S2,light/group,longest_first+sample+late+least_loaded,tokens_consumed,381523,8167.13,20
S2,light/group,longest_first+sample+late+least_loaded,tokens_dropped,0,0,20
S2,light/group,longest_first+sample+late+least_loaded,waste_frac,0,0,20
S2,light/group,longest_first+sample+late+least_loaded,length_bias,0,0,20
S2,light/group,longest_first+sample+late+least_loaded,run_s,23.03,1.09348,20
S2,light/group,longest_first+sample+late+least_loaded,phase_time_s,23.03,1.09348,20
S2,light/group,longest_first+sample+late+least_loaded,gen_time_s,22.8133,1.09689,20
S2,light/group,longest_first+sample+late+least_loaded,straggler_s,4.0215,0.964312,20
S2,light/group,longest_first+sample+late+least_loaded,mean_ready_s,14.7916,0.299527,20
S2,light/group,longest_first+sample+late+least_loaded,gpu_idle_frac,0.124614,0.0244074,20
S2,light/group,longest_first+sample+late+least_loaded,gen_frac,0.832182,0.0227968,20
S2,light/group,longest_first+sample+late+least_loaded,overhead_frac,0.0432039,0.00212158,20
S2,light/group,longest_first+sample+late+least_loaded,padding_frac,0,0,20
S2,light/group,longest_first+sample+late+least_loaded,verify_delay_mean_s,0.209204,0.00105192,20
S2,light/group,longest_first+sample+late+least_loaded,verify_delay_p95_s,0.32485,0.00421151,20
S2,light/group,longest_first+sample+late+least_loaded,instants,1141.35,3.54898,20
S2,light/group,longest_first+sample+late+least_loaded,policy_calls,1141.35,3.54898,20
S2,light/group,longest_first+sample+late+least_loaded,violations,0,0,20
S2,light/group,longest_first+sample+late+least_loaded,lb_gap,0.423704,0.0621881,20
S2,light/group,longest_first+sample+late+least_loaded,J,0.902585,0.0498861,20
S2,light/group,longest_first+sample+late+lpt,groups_consumed,64,0,20
S2,light/group,longest_first+sample+late+lpt,groups_dropped,0,0,20
S2,light/group,longest_first+sample+late+lpt,groups_unfinished,0,0,20
S2,light/group,longest_first+sample+late+lpt,drops_policy,0,0,20
S2,light/group,longest_first+sample+late+lpt,drops_stale,0,0,20
S2,light/group,longest_first+sample+late+lpt,drops_colocated_switch,0,0,20
S2,light/group,longest_first+sample+late+lpt,tokens_consumed,381523,8167.13,20
S2,light/group,longest_first+sample+late+lpt,tokens_dropped,0,0,20
S2,light/group,longest_first+sample+late+lpt,waste_frac,0,0,20
S2,light/group,longest_first+sample+late+lpt,length_bias,0,0,20
S2,light/group,longest_first+sample+late+lpt,run_s,23.03,1.09348,20
S2,light/group,longest_first+sample+late+lpt,phase_time_s,23.03,1.09348,20
S2,light/group,longest_first+sample+late+lpt,gen_time_s,22.8133,1.09689,20
S2,light/group,longest_first+sample+late+lpt,straggler_s,4.0215,0.964312,20
S2,light/group,longest_first+sample+late+lpt,mean_ready_s,14.7916,0.299527,20
S2,light/group,longest_first+sample+late+lpt,gpu_idle_frac,0.124614,0.0244074,20
S2,light/group,longest_first+sample+late+lpt,gen_frac,0.832182,0.0227968,20
S2,light/group,longest_first+sample+late+lpt,overhead_frac,0.0432039,0.00212158,20
S2,light/group,longest_first+sample+late+lpt,padding_frac,0,0,20
S2,light/group,longest_first+sample+late+lpt,verify_delay_mean_s,0.209204,0.00105192,20
S2,light/group,longest_first+sample+late+lpt,verify_delay_p95_s,0.32485,0.00421151,20
S2,light/group,longest_first+sample+late+lpt,instants,1141.35,3.54898,20
S2,light/group,longest_first+sample+late+lpt,policy_calls,1141.35,3.54898,20
S2,light/group,longest_first+sample+late+lpt,violations,0,0,20
S2,light/group,longest_first+sample+late+lpt,lb_gap,0.423704,0.0621881,20
S2,light/group,longest_first+sample+late+lpt,J,0.902585,0.0498861,20
S2,light/group,longest_first+sample+late+round_robin,groups_consumed,64,0,20
S2,light/group,longest_first+sample+late+round_robin,groups_dropped,0,0,20
S2,light/group,longest_first+sample+late+round_robin,groups_unfinished,0,0,20
S2,light/group,longest_first+sample+late+round_robin,drops_policy,0,0,20
S2,light/group,longest_first+sample+late+round_robin,drops_stale,0,0,20
S2,light/group,longest_first+sample+late+round_robin,drops_colocated_switch,0,0,20
S2,light/group,longest_first+sample+late+round_robin,tokens_consumed,381523,8167.13,20
S2,light/group,longest_first+sample+late+round_robin,tokens_dropped,0,0,20
S2,light/group,longest_first+sample+late+round_robin,waste_frac,0,0,20
S2,light/group,longest_first+sample+late+round_robin,length_bias,0,0,20
S2,light/group,longest_first+sample+late+round_robin,run_s,23.0874,1.09594,20
S2,light/group,longest_first+sample+late+round_robin,phase_time_s,23.0874,1.09594,20
S2,light/group,longest_first+sample+late+round_robin,gen_time_s,22.8647,1.10117,20
S2,light/group,longest_first+sample+late+round_robin,straggler_s,4.03185,0.970135,20
S2,light/group,longest_first+sample+late+round_robin,mean_ready_s,14.7801,0.297432,20
S2,light/group,longest_first+sample+late+round_robin,gpu_idle_frac,0.128193,0.0251071,20
S2,light/group,longest_first+sample+late+round_robin,gen_frac,0.828764,0.0233413,20
S2,light/group,longest_first+sample+late+round_robin,overhead_frac,0.0430428,0.0021863,20
S2,light/group,longest_first+sample+late+round_robin,padding_frac,0,0,20
S2,light/group,longest_first+sample+late+round_robin,verify_delay_mean_s,0.209204,0.00105192,20
S2,light/group,longest_first+sample+late+round_robin,verify_delay_p95_s,0.32485,0.00421151,20
S2,light/group,longest_first+sample+late+round_robin,instants,1144.05,5.15929,20
S2,light/group,longest_first+sample+late+round_robin,policy_calls,1144.05,5.15929,20
S2,light/group,longest_first+sample+late+round_robin,violations,0,0,20
S2,light/group,longest_first+sample+late+round_robin,lb_gap,0.427077,0.0631655,20
S2,light/group,longest_first+sample+late+round_robin,J,0.906467,0.0502938,20
S2,light/group,online_adaptive,groups_consumed,64,0,20
S2,light/group,online_adaptive,groups_dropped,0,0,20
S2,light/group,online_adaptive,groups_unfinished,0,0,20
S2,light/group,online_adaptive,drops_policy,0,0,20
S2,light/group,online_adaptive,drops_stale,0,0,20
S2,light/group,online_adaptive,drops_colocated_switch,0,0,20
S2,light/group,online_adaptive,tokens_consumed,381523,8167.13,20
S2,light/group,online_adaptive,tokens_dropped,0,0,20
S2,light/group,online_adaptive,waste_frac,0,0,20
S2,light/group,online_adaptive,length_bias,0,0,20
S2,light/group,online_adaptive,run_s,23.0338,1.09875,20
S2,light/group,online_adaptive,phase_time_s,23.0338,1.09875,20
S2,light/group,online_adaptive,gen_time_s,22.817,1.10224,20
S2,light/group,online_adaptive,straggler_s,4.0244,0.970777,20
S2,light/group,online_adaptive,mean_ready_s,14.7911,0.299392,20
S2,light/group,online_adaptive,gpu_idle_frac,0.125341,0.0243908,20
S2,light/group,online_adaptive,gen_frac,0.831452,0.0227888,20
S2,light/group,online_adaptive,overhead_frac,0.0432066,0.00211867,20
S2,light/group,online_adaptive,padding_frac,0,0,20
S2,light/group,online_adaptive,verify_delay_mean_s,0.209204,0.00105192,20
S2,light/group,online_adaptive,verify_delay_p95_s,0.32485,0.00421151,20
S2,light/group,online_adaptive,instants,1142.35,3.03413,20
S2,light/group,online_adaptive,policy_calls,1142.35,3.03413,20
S2,light/group,online_adaptive,violations,0,0,20
S2,light/group,online_adaptive,lb_gap,0.423822,0.0619514,20
S2,light/group,online_adaptive,J,0.903085,0.0500706,20
S2,light/group,online_eb,groups_consumed,64,0,20
S2,light/group,online_eb,groups_dropped,0,0,20
S2,light/group,online_eb,groups_unfinished,0,0,20
S2,light/group,online_eb,drops_policy,0,0,20
S2,light/group,online_eb,drops_stale,0,0,20
S2,light/group,online_eb,drops_colocated_switch,0,0,20
S2,light/group,online_eb,tokens_consumed,381523,8167.13,20
S2,light/group,online_eb,tokens_dropped,0,0,20
S2,light/group,online_eb,waste_frac,0,0,20
S2,light/group,online_eb,length_bias,0,0,20
S2,light/group,online_eb,run_s,23.0462,1.10754,20
S2,light/group,online_eb,phase_time_s,23.0462,1.10754,20
S2,light/group,online_eb,gen_time_s,22.8295,1.11088,20
S2,light/group,online_eb,straggler_s,4.03275,0.984127,20
S2,light/group,online_eb,mean_ready_s,14.789,0.30016,20
S2,light/group,online_eb,gpu_idle_frac,0.125709,0.0246145,20
S2,light/group,online_eb,gen_frac,0.831176,0.0230441,20
S2,light/group,online_eb,overhead_frac,0.043115,0.00216053,20
S2,light/group,online_eb,padding_frac,0,0,20
S2,light/group,online_eb,verify_delay_mean_s,0.209204,0.00105192,20
S2,light/group,online_eb,verify_delay_p95_s,0.32485,0.00421151,20
S2,light/group,online_eb,instants,1140.1,3.20279,20
S2,light/group,online_eb,policy_calls,1140.1,3.20279,20
S2,light/group,online_eb,violations,0,0,20
S2,light/group,online_eb,lb_gap,0.424625,0.0627363,20
S2,light/group,online_eb,J,0.903723,0.0503928,20
S2,light/group,oracle_lpt,groups_consumed,64,0,20
S2,light/group,oracle_lpt,groups_dropped,0,0,20
S2,light/group,oracle_lpt,groups_unfinished,0,0,20
S2,light/group,oracle_lpt,drops_policy,0,0,20
S2,light/group,oracle_lpt,drops_stale,0,0,20
S2,light/group,oracle_lpt,drops_colocated_switch,0,0,20
S2,light/group,oracle_lpt,tokens_consumed,381523,8167.13,20
S2,light/group,oracle_lpt,tokens_dropped,0,0,20
S2,light/group,oracle_lpt,waste_frac,0,0,20
S2,light/group,oracle_lpt,length_bias,0,0,20
S2,light/group,oracle_lpt,run_s,20.547,0.961497,20
S2,light/group,oracle_lpt,phase_time_s,20.547,0.961497,20
S2,light/group,oracle_lpt,gen_time_s,20.3517,0.974558,20
S2,light/group,oracle_lpt,straggler_s,2.7272,0.768278,20
S2,light/group,oracle_lpt,mean_ready_s,15.0695,0.32068,20
S2,light/group,oracle_lpt,gpu_idle_frac,0.0968168,0.0211241,20
S2,light/group,oracle_lpt,gen_frac,0.860044,0.0198459,20
S2,light/group,oracle_lpt,overhead_frac,0.0431395,0.00184765,20
S2,light/group,oracle_lpt,padding_frac,0,0,20
S2,light/group,oracle_lpt,verify_delay_mean_s,0.209204,0.00105192,20
S2,light/group,oracle_lpt,verify_delay_p95_s,0.32485,0.00421151,20
S2,light/group,oracle_lpt,instants,1175.9,4.9968,20
S2,light/group,oracle_lpt,policy_calls,1175.9,4.9968,20
S2,light/group,oracle_lpt,violations,0,0,20
S2,light/group,oracle_lpt,lb_gap,0.266156,0.0263348,20
S2,light/group,oracle_lpt,J,0.798091,0.0443489,20
S2,light/group,reference,groups_consumed,64,0,20
S2,light/group,reference,groups_dropped,0,0,20
S2,light/group,reference,groups_unfinished,0,0,20
S2,light/group,reference,drops_policy,0,0,20
S2,light/group,reference,drops_stale,0,0,20
S2,light/group,reference,drops_colocated_switch,0,0,20
S2,light/group,reference,tokens_consumed,381523,8167.13,20
S2,light/group,reference,tokens_dropped,0,0,20
S2,light/group,reference,waste_frac,0,0,20
S2,light/group,reference,length_bias,0,0,20
S2,light/group,reference,run_s,25.5127,1.33752,20
S2,light/group,reference,phase_time_s,25.5127,1.33752,20
S2,light/group,reference,gen_time_s,25.319,1.34467,20
S2,light/group,reference,straggler_s,5.83975,1.10708,20
S2,light/group,reference,mean_ready_s,13.4577,0.302239,20
S2,light/group,reference,gpu_idle_frac,0.198094,0.0297795,20
S2,light/group,reference,gen_frac,0.796127,0.0295756,20
S2,light/group,reference,overhead_frac,0.00577897,0.000273098,20
S2,light/group,reference,padding_frac,0,0,20
S2,light/group,reference,verify_delay_mean_s,0.209204,0.00105192,20
S2,light/group,reference,verify_delay_p95_s,0.32485,0.00421151,20
S2,light/group,reference,instants,1019.85,2.98046,20
S2,light/group,reference,policy_calls,1019.85,2.98046,20
S2,light/group,reference,violations,0,0,20
S2,light/group,reference,lb_gap,0.576387,0.0568917,20
S2,light/group,reference,J,1.02991,0.0610566,20
S2,light/none,fifo+group+early+least_loaded,groups_consumed,64,0,20
S2,light/none,fifo+group+early+least_loaded,groups_dropped,0,0,20
S2,light/none,fifo+group+early+least_loaded,groups_unfinished,0,0,20
S2,light/none,fifo+group+early+least_loaded,drops_policy,0,0,20
S2,light/none,fifo+group+early+least_loaded,drops_stale,0,0,20
S2,light/none,fifo+group+early+least_loaded,drops_colocated_switch,0,0,20
S2,light/none,fifo+group+early+least_loaded,tokens_consumed,381523,8167.13,20
S2,light/none,fifo+group+early+least_loaded,tokens_dropped,0,0,20
S2,light/none,fifo+group+early+least_loaded,waste_frac,0,0,20
S2,light/none,fifo+group+early+least_loaded,length_bias,0,0,20
S2,light/none,fifo+group+early+least_loaded,run_s,25.5127,1.33752,20
S2,light/none,fifo+group+early+least_loaded,phase_time_s,25.5127,1.33752,20
S2,light/none,fifo+group+early+least_loaded,gen_time_s,25.319,1.34467,20
S2,light/none,fifo+group+early+least_loaded,straggler_s,5.83975,1.10708,20
S2,light/none,fifo+group+early+least_loaded,mean_ready_s,13.4577,0.302239,20
S2,light/none,fifo+group+early+least_loaded,gpu_idle_frac,0.198094,0.0297795,20
S2,light/none,fifo+group+early+least_loaded,gen_frac,0.796127,0.0295756,20
S2,light/none,fifo+group+early+least_loaded,overhead_frac,0.00577897,0.000273098,20
S2,light/none,fifo+group+early+least_loaded,padding_frac,0,0,20
S2,light/none,fifo+group+early+least_loaded,verify_delay_mean_s,0.209204,0.00105192,20
S2,light/none,fifo+group+early+least_loaded,verify_delay_p95_s,0.32485,0.00421151,20
S2,light/none,fifo+group+early+least_loaded,instants,1019.85,2.98046,20
S2,light/none,fifo+group+early+least_loaded,policy_calls,1019.85,2.98046,20
S2,light/none,fifo+group+early+least_loaded,violations,0,0,20
S2,light/none,fifo+group+early+least_loaded,lb_gap,0.576387,0.0568917,20
S2,light/none,fifo+group+early+least_loaded,J,1.02991,0.0610566,20
S2,light/none,fifo+group+early+lpt,groups_consumed,64,0,20
S2,light/none,fifo+group+early+lpt,groups_dropped,0,0,20
S2,light/none,fifo+group+early+lpt,groups_unfinished,0,0,20
S2,light/none,fifo+group+early+lpt,drops_policy,0,0,20
S2,light/none,fifo+group+early+lpt,drops_stale,0,0,20
S2,light/none,fifo+group+early+lpt,drops_colocated_switch,0,0,20
S2,light/none,fifo+group+early+lpt,tokens_consumed,381523,8167.13,20
S2,light/none,fifo+group+early+lpt,tokens_dropped,0,0,20
S2,light/none,fifo+group+early+lpt,waste_frac,0,0,20
S2,light/none,fifo+group+early+lpt,length_bias,0,0,20
S2,light/none,fifo+group+early+lpt,run_s,25.5127,1.33752,20
S2,light/none,fifo+group+early+lpt,phase_time_s,25.5127,1.33752,20
S2,light/none,fifo+group+early+lpt,gen_time_s,25.319,1.34467,20
S2,light/none,fifo+group+early+lpt,straggler_s,5.83975,1.10708,20
S2,light/none,fifo+group+early+lpt,mean_ready_s,13.4577,0.302239,20
S2,light/none,fifo+group+early+lpt,gpu_idle_frac,0.198094,0.0297795,20
S2,light/none,fifo+group+early+lpt,gen_frac,0.796127,0.0295756,20
S2,light/none,fifo+group+early+lpt,overhead_frac,0.00577897,0.000273098,20
S2,light/none,fifo+group+early+lpt,padding_frac,0,0,20
S2,light/none,fifo+group+early+lpt,verify_delay_mean_s,0.209204,0.00105192,20
S2,light/none,fifo+group+early+lpt,verify_delay_p95_s,0.32485,0.00421151,20
S2,light/none,fifo+group+early+lpt,instants,1019.85,2.98046,20
S2,light/none,fifo+group+early+lpt,policy_calls,1019.85,2.98046,20
S2,light/none,fifo+group+early+lpt,violations,0,0,20
S2,light/none,fifo+group+early+lpt,lb_gap,0.576387,0.0568917,20
S2,light/none,fifo+group+early+lpt,J,1.02991,0.0610566,20
S2,light/none,fifo+group+late+first_free,groups_consumed,64,0,20
S2,light/none,fifo+group+late+first_free,groups_dropped,0,0,20
S2,light/none,fifo+group+late+first_free,groups_unfinished,0,0,20
S2,light/none,fifo+group+late+first_free,drops_policy,0,0,20
S2,light/none,fifo+group+late+first_free,drops_stale,0,0,20
S2,light/none,fifo+group+late+first_free,drops_colocated_switch,0,0,20
S2,light/none,fifo+group+late+first_free,tokens_consumed,381523,8167.13,20
S2,light/none,fifo+group+late+first_free,tokens_dropped,0,0,20
S2,light/none,fifo+group+late+first_free,waste_frac,0,0,20
S2,light/none,fifo+group+late+first_free,length_bias,0,0,20
S2,light/none,fifo+group+late+first_free,run_s,25.4428,1.27172,20
S2,light/none,fifo+group+late+first_free,phase_time_s,25.4428,1.27172,20
S2,light/none,fifo+group+late+first_free,gen_time_s,25.2641,1.28349,20
S2,light/none,fifo+group+late+first_free,straggler_s,5.43045,1.00296,20
S2,light/none,fifo+group+late+first_free,mean_ready_s,13.6229,0.304628,20
S2,light/none,fifo+group+late+first_free,gpu_idle_frac,0.166939,0.026969,20
S2,light/none,fifo+group+late+first_free,gen_frac,0.827275,0.0267905,20
S2,light/none,fifo+group+late+first_free,overhead_frac,0.00578616,0.000245531,20
S2,light/none,fifo+group+late+first_free,padding_frac,0,0,20
S2,light/none,fifo+group+late+first_free,verify_delay_mean_s,0.209204,0.00105192,20
S2,light/none,fifo+group+late+first_free,verify_delay_p95_s,0.32485,0.00421151,20
S2,light/none,fifo+group+late+first_free,instants,1024,3.7132,20
S2,light/none,fifo+group+late+first_free,policy_calls,1024,3.7132,20
S2,light/none,fifo+group+late+first_free,violations,0,0,20
S2,light/none,fifo+group+late+first_free,lb_gap,0.574366,0.0606365,20
S2,light/none,fifo+group+late+first_free,J,1.01178,0.0581227,20
S2,light/none,fifo+group+late+least_loaded,groups_consumed,64,0,20
S2,light/none,fifo+group+late+least_loaded,groups_dropped,0,0,20
S2,light/none,fifo+group+late+least_loaded,groups_unfinished,0,0,20
S2,light/none,fifo+group+late+least_loaded,drops_policy,0,0,20
S2,light/none,fifo+group+late+least_loaded,drops_stale,0,0,20
S2,light/none,fifo+group+late+least_loaded,drops_colocated_switch,0,0,20
S2,light/none,fifo+group+late+least_loaded,tokens_consumed,381523,8167.13,20
S2,light/none,fifo+group+late+least_loaded,tokens_dropped,0,0,20
S2,light/none,fifo+group+late+least_loaded,waste_frac,0,0,20
S2,light/none,fifo+group+late+least_loaded,length_bias,0,0,20
S2,light/none,fifo+group+late+least_loaded,run_s,25.3894,1.32283,20
S2,light/none,fifo+group+late+least_loaded,phase_time_s,25.3894,1.32283,20
S2,light/none,fifo+group+late+least_loaded,gen_time_s,25.2069,1.33661,20
S2,light/none,fifo+group+late+least_loaded,straggler_s,5.37295,1.07166,20
S2,light/none,fifo+group+late+least_loaded,mean_ready_s,13.6314,0.304082,20
S2,light/none,fifo+group+late+least_loaded,gpu_idle_frac,0.171539,0.0253307,20
S2,light/none,fifo+group+late+least_loaded,gen_frac,0.82266,0.0251396,20
S2,light/none,fifo+group+late+least_loaded,overhead_frac,0.00580093,0.000251659,20
S2,light/none,fifo+group+late+least_loaded,padding_frac,0,0,20
S2,light/none,fifo+group+late+least_loaded,verify_delay_mean_s,0.209204,0.00105192,20
S2,light/none,fifo+group+late+least_loaded,verify_delay_p95_s,0.32485,0.00421151,20
S2,light/none,fifo+group+late+least_loaded,instants,1021.6,2.8383,20
S2,light/none,fifo+group+late+least_loaded,policy_calls,1021.6,2.8383,20
S2,light/none,fifo+group+late+least_loaded,violations,0,0,20
S2,light/none,fifo+group+late+least_loaded,lb_gap,0.570578,0.0631806,20
S2,light/none,fifo+group+late+least_loaded,J,1.01213,0.0592843,20
S2,light/none,fifo+group+late+lpt,groups_consumed,64,0,20
S2,light/none,fifo+group+late+lpt,groups_dropped,0,0,20
S2,light/none,fifo+group+late+lpt,groups_unfinished,0,0,20
S2,light/none,fifo+group+late+lpt,drops_policy,0,0,20
S2,light/none,fifo+group+late+lpt,drops_stale,0,0,20
S2,light/none,fifo+group+late+lpt,drops_colocated_switch,0,0,20
S2,light/none,fifo+group+late+lpt,tokens_consumed,381523,8167.13,20
S2,light/none,fifo+group+late+lpt,tokens_dropped,0,0,20
S2,light/none,fifo+group+late+lpt,waste_frac,0,0,20
S2,light/none,fifo+group+late+lpt,length_bias,0,0,20
S2,light/none,fifo+group+late+lpt,run_s,25.3894,1.32283,20
S2,light/none,fifo+group+late+lpt,phase_time_s,25.3894,1.32283,20
S2,light/none,fifo+group+late+lpt,gen_time_s,25.2069,1.33661,20
S2,light/none,fifo+group+late+lpt,straggler_s,5.37295,1.07166,20
S2,light/none,fifo+group+late+lpt,mean_ready_s,13.6314,0.304082,20
S2,light/none,fifo+group+late+lpt,gpu_idle_frac,0.171539,0.0253307,20
S2,light/none,fifo+group+late+lpt,gen_frac,0.82266,0.0251396,20
S2,light/none,fifo+group+late+lpt,overhead_frac,0.00580093,0.000251659,20
S2,light/none,fifo+group+late+lpt,padding_frac,0,0,20
S2,light/none,fifo+group+late+lpt,verify_delay_mean_s,0.209204,0.00105192,20
S2,light/none,fifo+group+late+lpt,verify_delay_p95_s,0.32485,0.00421151,20
S2,light/none,fifo+group+late+lpt,instants,1021.6,2.8383,20
S2,light/none,fifo+group+late+lpt,policy_calls,1021.6,2.8383,20
S2,light/none,fifo+group+late+lpt,violations,0,0,20
S2,light/none,fifo+group+late+lpt,lb_gap,0.570578,0.0631806,20
S2,light/none,fifo+group+late+lpt,J,1.01213,0.0592843,20
S2,light/none,fifo+group+late+round_robin,groups_consumed,64,0,20
S2,light/none,fifo+group+late+round_robin,groups_dropped,0,0,20
S2,light/none,fifo+group+late+round_robin,groups_unfinished,0,0,20
S2,light/none,fifo+group+late+round_robin,drops_policy,0,0,20
S2,light/none,fifo+group+late+round_robin,drops_stale,0,0,20
S2,light/none,fifo+group+late+round_robin,drops_colocated_switch,0,0,20
S2,light/none,fifo+group+late+round_robin,tokens_consumed,381523,8167.13,20
S2,light/none,fifo+group+late+round_robin,tokens_dropped,0,0,20
S2,light/none,fifo+group+late+round_robin,waste_frac,0,0,20
S2,light/none,fifo+group+late+round_robin,length_bias,0,0,20
S2,light/none,fifo+group+late+round_robin,run_s,25.3894,1.32283,20
S2,light/none,fifo+group+late+round_robin,phase_time_s,25.3894,1.32283,20
S2,light/none,fifo+group+late+round_robin,gen_time_s,25.2069,1.33661,20
S2,light/none,fifo+group+late+round_robin,straggler_s,5.37295,1.07166,20
S2,light/none,fifo+group+late+round_robin,mean_ready_s,13.6314,0.304082,20
S2,light/none,fifo+group+late+round_robin,gpu_idle_frac,0.171539,0.0253307,20
S2,light/none,fifo+group+late+round_robin,gen_frac,0.82266,0.0251396,20
S2,light/none,fifo+group+late+round_robin,overhead_frac,0.00580093,0.000251659,20
S2,light/none,fifo+group+late+round_robin,padding_frac,0,0,20
S2,light/none,fifo+group+late+round_robin,verify_delay_mean_s,0.209204,0.00105192,20
S2,light/none,fifo+group+late+round_robin,verify_delay_p95_s,0.32485,0.00421151,20
S2,light/none,fifo+group+late+round_robin,instants,1021.6,2.8383,20
S2,light/none,fifo+group+late+round_robin,policy_calls,1021.6,2.8383,20
S2,light/none,fifo+group+late+round_robin,violations,0,0,20
S2,light/none,fifo+group+late+round_robin,lb_gap,0.570578,0.0631806,20
S2,light/none,fifo+group+late+round_robin,J,1.01213,0.0592843,20
S2,light/none,fifo+sample+early+least_loaded,groups_consumed,64,0,20
S2,light/none,fifo+sample+early+least_loaded,groups_dropped,0,0,20
S2,light/none,fifo+sample+early+least_loaded,groups_unfinished,0,0,20
S2,light/none,fifo+sample+early+least_loaded,drops_policy,0,0,20
S2,light/none,fifo+sample+early+least_loaded,drops_stale,0,0,20
S2,light/none,fifo+sample+early+least_loaded,drops_colocated_switch,0,0,20
S2,light/none,fifo+sample+early+least_loaded,tokens_consumed,381523,8167.13,20
S2,light/none,fifo+sample+early+least_loaded,tokens_dropped,0,0,20
S2,light/none,fifo+sample+early+least_loaded,waste_frac,0,0,20
S2,light/none,fifo+sample+early+least_loaded,length_bias,0,0,20
S2,light/none,fifo+sample+early+least_loaded,run_s,25.4639,1.20639,20
S2,light/none,fifo+sample+early+least_loaded,phase_time_s,25.4639,1.20639,20
S2,light/none,fifo+sample+early+least_loaded,gen_time_s,25.2751,1.21987,20
S2,light/none,fifo+sample+early+least_loaded,straggler_s,5.20825,0.934115,20
S2,light/none,fifo+sample+early+least_loaded,mean_ready_s,14.3344,0.304227,20
S2,light/none,fifo+sample+early+least_loaded,gpu_idle_frac,0.115572,0.0192059,20
S2,light/none,fifo+sample+early+least_loaded,gen_frac,0.838358,0.0182299,20
S2,light/none,fifo+sample+early+least_loaded,overhead_frac,0.0460695,0.00188462,20
S2,light/none,fifo+sample+early+least_loaded,padding_frac,0,0,20
S2,light/none,fifo+sample+early+least_loaded,verify_delay_mean_s,0.209204,0.00105192,20
S2,light/none,fifo+sample+early+least_loaded,verify_delay_p95_s,0.32485,0.00421151,20
S2,light/none,fifo+sample+early+least_loaded,instants,1219.15,4.33826,20
S2,light/none,fifo+sample+early+least_loaded,policy_calls,1219.15,4.33826,20
S2,light/none,fifo+sample+early+least_loaded,violations,0,0,20
S2,light/none,fifo+sample+early+least_loaded,lb_gap,0.575323,0.0576274,20
S2,light/none,fifo+sample+early+least_loaded,J,0.986866,0.0502394,20
S2,light/none,fifo+sample+early+lpt,groups_consumed,64,0,20
S2,light/none,fifo+sample+early+lpt,groups_dropped,0,0,20
S2,light/none,fifo+sample+early+lpt,groups_unfinished,0,0,20
S2,light/none,fifo+sample+early+lpt,drops_policy,0,0,20
S2,light/none,fifo+sample+early+lpt,drops_stale,0,0,20
S2,light/none,fifo+sample+early+lpt,drops_colocated_switch,0,0,20
S2,light/none,fifo+sample+early+lpt,tokens_consumed,381523,8167.13,20
S2,light/none,fifo+sample+early+lpt,tokens_dropped,0,0,20
S2,light/none,fifo+sample+early+lpt,waste_frac,0,0,20
S2,light/none,fifo+sample+early+lpt,length_bias,0,0,20
S2,light/none,fifo+sample+early+lpt,run_s,25.4639,1.20639,20
S2,light/none,fifo+sample+early+lpt,phase_time_s,25.4639,1.20639,20
S2,light/none,fifo+sample+early+lpt,gen_time_s,25.2751,1.21987,20
S2,light/none,fifo+sample+early+lpt,straggler_s,5.20825,0.934115,20
S2,light/none,fifo+sample+early+lpt,mean_ready_s,14.3344,0.304227,20
S2,light/none,fifo+sample+early+lpt,gpu_idle_frac,0.115572,0.0192059,20
S2,light/none,fifo+sample+early+lpt,gen_frac,0.838358,0.0182299,20
S2,light/none,fifo+sample+early+lpt,overhead_frac,0.0460695,0.00188462,20
S2,light/none,fifo+sample+early+lpt,padding_frac,0,0,20
S2,light/none,fifo+sample+early+lpt,verify_delay_mean_s,0.209204,0.00105192,20
S2,light/none,fifo+sample+early+lpt,verify_delay_p95_s,0.32485,0.00421151,20
S2,light/none,fifo+sample+early+lpt,instants,1219.15,4.33826,20
S2,light/none,fifo+sample+early+lpt,policy_calls,1219.15,4.33826,20
S2,light/none,fifo+sample+early+lpt,violations,0,0,20
S2,light/none,fifo+sample+early+lpt,lb_gap,0.575323,0.0576274,20
S2,light/none,fifo+sample+early+lpt,J,0.986866,0.0502394,20
S2,light/none,fifo+sample+early+round_robin,groups_consumed,64,0,20
S2,light/none,fifo+sample+early+round_robin,groups_dropped,0,0,20
S2,light/none,fifo+sample+early+round_robin,groups_unfinished,0,0,20
S2,light/none,fifo+sample+early+round_robin,drops_policy,0,0,20
S2,light/none,fifo+sample+early+round_robin,drops_stale,0,0,20
S2,light/none,fifo+sample+early+round_robin,drops_colocated_switch,0,0,20
S2,light/none,fifo+sample+early+round_robin,tokens_consumed,381523,8167.13,20
S2,light/none,fifo+sample+early+round_robin,tokens_dropped,0,0,20
S2,light/none,fifo+sample+early+round_robin,waste_frac,0,0,20
S2,light/none,fifo+sample+early+round_robin,length_bias,0,0,20
S2,light/none,fifo+sample+early+round_robin,run_s,25.4639,1.20639,20
S2,light/none,fifo+sample+early+round_robin,phase_time_s,25.4639,1.20639,20
S2,light/none,fifo+sample+early+round_robin,gen_time_s,25.2751,1.21987,20
S2,light/none,fifo+sample+early+round_robin,straggler_s,5.20825,0.934115,20
S2,light/none,fifo+sample+early+round_robin,mean_ready_s,14.3344,0.304227,20
S2,light/none,fifo+sample+early+round_robin,gpu_idle_frac,0.115572,0.0192059,20
S2,light/none,fifo+sample+early+round_robin,gen_frac,0.838358,0.0182299,20
S2,light/none,fifo+sample+early+round_robin,overhead_frac,0.0460695,0.00188462,20
S2,light/none,fifo+sample+early+round_robin,padding_frac,0,0,20
S2,light/none,fifo+sample+early+round_robin,verify_delay_mean_s,0.209204,0.00105192,20
S2,light/none,fifo+sample+early+round_robin,verify_delay_p95_s,0.32485,0.00421151,20
S2,light/none,fifo+sample+early+round_robin,instants,1219.15,4.33826,20
S2,light/none,fifo+sample+early+round_robin,policy_calls,1219.15,4.33826,20
S2,light/none,fifo+sample+early+round_robin,violations,0,0,20
S2,light/none,fifo+sample+early+round_robin,lb_gap,0.575323,0.0576274,20
S2,light/none,fifo+sample+early+round_robin,J,0.986866,0.0502394,20
S2,light/none,fifo+sample+late+first_free,groups_consumed,64,0,20
S2,light/none,fifo+sample+late+first_free,groups_dropped,0,0,20
S2,light/none,fifo+sample+late+first_free,groups_unfinished,0,0,20
S2,light/none,fifo+sample+late+first_free,drops_policy,0,0,20
S2,light/none,fifo+sample+late+first_free,drops_stale,0,0,20
S2,light/none,fifo+sample+late+first_free,drops_colocated_switch,0,0,20
S2,light/none,fifo+sample+late+first_free,tokens_consumed,381523,8167.13,20
S2,light/none,fifo+sample+late+first_free,tokens_dropped,0,0,20
S2,light/none,fifo+sample+late+first_free,waste_frac,0,0,20
S2,light/none,fifo+sample+late+first_free,length_bias,0,0,20
S2,light/none,fifo+sample+late+first_free,run_s,24.6356,1.20951,20
S2,light/none,fifo+sample+late+first_free,phase_time_s,24.6356,1.20951,20
S2,light/none,fifo+sample+late+first_free,gen_time_s,24.4504,1.22489,20
S2,light/none,fifo+sample+late+first_free,straggler_s,5.1465,0.980807,20
S2,light/none,fifo+sample+late+first_free,mean_ready_s,13.6173,0.291482,20
S2,light/none,fifo+sample+late+first_free,gpu_idle_frac,0.120817,0.0229416,20
S2,light/none,fifo+sample+late+first_free,gen_frac,0.860383,0.0224127,20
S2,light/none,fifo+sample+late+first_free,overhead_frac,0.0187997,0.000979872,20
S2,light/none,fifo+sample+late+first_free,padding_frac,0,0,20
S2,light/none,fifo+sample+late+first_free,verify_delay_mean_s,0.209204,0.00105192,20
S2,light/none,fifo+sample+late+first_free,verify_delay_p95_s,0.32485,0.00421151,20
S2,light/none,fifo+sample+late+first_free,instants,1147.25,3.43877,20
S2,light/none,fifo+sample+late+first_free,policy_calls,1147.25,3.43877,20
S2,light/none,fifo+sample+late+first_free,violations,0,0,20
S2,light/none,fifo+sample+late+first_free,lb_gap,0.523421,0.0557166,20
S2,light/none,fifo+sample+late+first_free,J,0.959267,0.0518102,20
S2,light/none,fifo+sample+late+least_loaded,groups_consumed,64,0,20
S2,light/none,fifo+sample+late+least_loaded,groups_dropped,0,0,20
S2,light/none,fifo+sample+late+least_loaded,groups_unfinished,0,0,20
S2,light/none,fifo+sample+late+least_loaded,drops_policy,0,0,20
S2,light/none,fifo+sample+late+least_loaded,drops_stale,0,0,20
S2,light/none,fifo+sample+late+least_loaded,drops_colocated_switch,0,0,20
S2,light/none,fifo+sample+late+least_loaded,tokens_consumed,381523,8167.13,20
S2,light/none,fifo+sample+late+least_loaded,tokens_dropped,0,0,20
S2,light/none,fifo+sample+late+least_loaded,waste_frac,0,0,20
S2,light/none,fifo+sample+late+least_loaded,length_bias,0,0,20
S2,light/none,fifo+sample+late+least_loaded,run_s,25.2012,1.19828,20
S2,light/none,fifo+sample+late+least_loaded,phase_time_s,25.2012,1.19828,20
S2,light/none,fifo+sample+late+least_loaded,gen_time_s,25.0188,1.2123,20
S2,light/none,fifo+sample+late+least_loaded,straggler_s,5.15085,0.976142,20
S2,light/none,fifo+sample+late+least_loaded,mean_ready_s,14.1303,0.300897,20
S2,light/none,fifo+sample+late+least_loaded,gpu_idle_frac,0.124768,0.0200299,20
S2,light/none,fifo+sample+late+least_loaded,gen_frac,0.836078,0.0193203,20
S2,light/none,fifo+sample+late+least_loaded,overhead_frac,0.0391537,0.00147717,20
S2,light/none,fifo+sample+late+least_loaded,padding_frac,0,0,20
S2,light/none,fifo+sample+late+least_loaded,verify_delay_mean_s,0.209204,0.00105192,20
S2,light/none,fifo+sample+late+least_loaded,verify_delay_p95_s,0.32485,0.00421151,20
S2,light/none,fifo+sample+late+least_loaded,instants,1147.4,5.09843,20
S2,light/none,fifo+sample+late+least_loaded,policy_calls,1147.4,5.09843,20
S2,light/none,fifo+sample+late+least_loaded,violations,0,0,20
S2,light/none,fifo+sample+late+least_loaded,lb_gap,0.558959,0.054265,20
S2,light/none,fifo+sample+late+least_loaded,J,0.981883,0.0505114,20
S2,light/none,fifo+sample+late+lpt,groups_consumed,64,0,20
S2,light/none,fifo+sample+late+lpt,groups_dropped,0,0,20
S2,light/none,fifo+sample+late+lpt,groups_unfinished,0,0,20
S2,light/none,fifo+sample+late+lpt,drops_policy,0,0,20
S2,light/none,fifo+sample+late+lpt,drops_stale,0,0,20
S2,light/none,fifo+sample+late+lpt,drops_colocated_switch,0,0,20
S2,light/none,fifo+sample+late+lpt,tokens_consumed,381523,8167.13,20
S2,light/none,fifo+sample+late+lpt,tokens_dropped,0,0,20
S2,light/none,fifo+sample+late+lpt,waste_frac,0,0,20
S2,light/none,fifo+sample+late+lpt,length_bias,0,0,20
S2,light/none,fifo+sample+late+lpt,run_s,25.2012,1.19828,20
S2,light/none,fifo+sample+late+lpt,phase_time_s,25.2012,1.19828,20
S2,light/none,fifo+sample+late+lpt,gen_time_s,25.0188,1.2123,20
S2,light/none,fifo+sample+late+lpt,straggler_s,5.15085,0.976142,20
S2,light/none,fifo+sample+late+lpt,mean_ready_s,14.1303,0.300897,20
S2,light/none,fifo+sample+late+lpt,gpu_idle_frac,0.124768,0.0200299,20
S2,light/none,fifo+sample+late+lpt,gen_frac,0.836078,0.0193203,20
S2,light/none,fifo+sample+late+lpt,overhead_frac,0.0391537,0.00147717,20
S2,light/none,fifo+sample+late+lpt,padding_frac,0,0,20
S2,light/none,fifo+sample+late+lpt,verify_delay_mean_s,0.209204,0.00105192,20
S2,light/none,fifo+sample+late+lpt,verify_delay_p95_s,0.32485,0.00421151,20
S2,light/none,fifo+sample+late+lpt,instants,1147.4,5.09843,20
S2,light/none,fifo+sample+late+lpt,policy_calls,1147.4,5.09843,20
S2,light/none,fifo+sample+late+lpt,violations,0,0,20
S2,light/none,fifo+sample+late+lpt,lb_gap,0.558959,0.054265,20
S2,light/none,fifo+sample+late+lpt,J,0.981883,0.0505114,20
S2,light/none,fifo+sample+late+round_robin,groups_consumed,64,0,20
S2,light/none,fifo+sample+late+round_robin,groups_dropped,0,0,20
S2,light/none,fifo+sample+late+round_robin,groups_unfinished,0,0,20
S2,light/none,fifo+sample+late+round_robin,drops_policy,0,0,20
S2,light/none,fifo+sample+late+round_robin,drops_stale,0,0,20
S2,light/none,fifo+sample+late+round_robin,drops_colocated_switch,0,0,20
S2,light/none,fifo+sample+late+round_robin,tokens_consumed,381523,8167.13,20
S2,light/none,fifo+sample+late+round_robin,tokens_dropped,0,0,20
S2,light/none,fifo+sample+late+round_robin,waste_frac,0,0,20
S2,light/none,fifo+sample+late+round_robin,length_bias,0,0,20
S2,light/none,fifo+sample+late+round_robin,run_s,25.2016,1.19844,20
S2,light/none,fifo+sample+late+round_robin,phase_time_s,25.2016,1.19844,20
S2,light/none,fifo+sample+late+round_robin,gen_time_s,25.0166,1.21341,20
S2,light/none,fifo+sample+late+round_robin,straggler_s,5.1601,0.974358,20
S2,light/none,fifo+sample+late+round_robin,mean_ready_s,14.1302,0.300854,20
S2,light/none,fifo+sample+late+round_robin,gpu_idle_frac,0.124425,0.0203555,20
S2,light/none,fifo+sample+late+round_robin,gen_frac,0.836387,0.0196404,20
S2,light/none,fifo+sample+late+round_robin,overhead_frac,0.0391881,0.00147965,20
S2,light/none,fifo+sample+late+round_robin,padding_frac,0,0,20
S2,light/none,fifo+sample+late+round_robin,verify_delay_mean_s,0.209204,0.00105192,20
S2,light/none,fifo+sample+late+round_robin,verify_delay_p95_s,0.32485,0.00421151,20
S2,light/none,fifo+sample+late+round_robin,instants,1147.15,5.19447,20
S2,light/none,fifo+sample+late+round_robin,policy_calls,1147.15,5.19447,20
S2,light/none,fifo+sample+late+round_robin,violations,0,0,20
S2,light/none,fifo+sample+late+round_robin,lb_gap,0.558786,0.0541396,20
S2,light/none,fifo+sample+late+round_robin,J,0.981722,0.0505973,20
S2,light/none,longest_first+group+early+least_loaded,groups_consumed,64,0,20
S2,light/none,longest_first+group+early+least_loaded,groups_dropped,0,0,20
S2,light/none,longest_first+group+early+least_loaded,groups_unfinished,0,0,20
S2,light/none,longest_first+group+early+least_loaded,drops_policy,0,0,20
S2,light/none,longest_first+group+early+least_loaded,drops_stale,0,0,20
S2,light/none,longest_first+group+early+least_loaded,drops_colocated_switch,0,0,20
S2,light/none,longest_first+group+early+least_loaded,tokens_consumed,381523,8167.13,20
S2,light/none,longest_first+group+early+least_loaded,tokens_dropped,0,0,20
S2,light/none,longest_first+group+early+least_loaded,waste_frac,0,0,20
S2,light/none,longest_first+group+early+least_loaded,length_bias,0,0,20
S2,light/none,longest_first+group+early+least_loaded,run_s,25.5127,1.33752,20
S2,light/none,longest_first+group+early+least_loaded,phase_time_s,25.5127,1.33752,20
S2,light/none,longest_first+group+early+least_loaded,gen_time_s,25.319,1.34467,20
S2,light/none,longest_first+group+early+least_loaded,straggler_s,5.83975,1.10708,20
S2,light/none,longest_first+group+early+least_loaded,mean_ready_s,13.4577,0.302239,20
S2,light/none,longest_first+group+early+least_loaded,gpu_idle_frac,0.198094,0.0297795,20
S2,light/none,longest_first+group+early+least_loaded,gen_frac,0.796127,0.0295756,20
S2,light/none,longest_first+group+early+least_loaded,overhead_frac,0.00577897,0.000273098,20
S2,light/none,longest_first+group+early+least_loaded,padding_frac,0,0,20
S2,light/none,longest_first+group+early+least_loaded,verify_delay_mean_s,0.209204,0.00105192,20
S2,light/none,longest_first+group+early+least_loaded,verify_delay_p95_s,0.32485,0.00421151,20
S2,light/none,longest_first+group+early+least_loaded,instants,1019.85,2.98046,20
S2,light/none,longest_first+group+early+least_loaded,policy_calls,1019.85,2.98046,20
S2,light/none,longest_first+group+early+least_loaded,violations,0,0,20
S2,light/none,longest_first+group+early+least_loaded,lb_gap,0.576387,0.0568917,20
S2,light/none,longest_first+group+early+least_loaded,J,1.02991,0.0610566,20
S2,light/none,longest_first+group+early+lpt,groups_consumed,64,0,20
S2,light/none,longest_first+group+early+lpt,groups_dropped,0,0,20
S2,light/none,longest_first+group+early+lpt,groups_unfinished,0,0,20
S2,light/none,longest_first+group+early+lpt,drops_policy,0,0,20
S2,light/none,longest_first+group+early+lpt,drops_stale,0,0,20
S2,light/none,longest_first+group+early+lpt,drops_colocated_switch,0,0,20
S2,light/none,longest_first+group+early+lpt,tokens_consumed,381523,8167.13,20
S2,light/none,longest_first+group+early+lpt,tokens_dropped,0,0,20
S2,light/none,longest_first+group+early+lpt,waste_frac,0,0,20
S2,light/none,longest_first+group+early+lpt,length_bias,0,0,20
S2,light/none,longest_first+group+early+lpt,run_s,25.5127,1.33752,20
S2,light/none,longest_first+group+early+lpt,phase_time_s,25.5127,1.33752,20
S2,light/none,longest_first+group+early+lpt,gen_time_s,25.319,1.34467,20
S2,light/none,longest_first+group+early+lpt,straggler_s,5.83975,1.10708,20
S2,light/none,longest_first+group+early+lpt,mean_ready_s,13.4577,0.302239,20
S2,light/none,longest_first+group+early+lpt,gpu_idle_frac,0.198094,0.0297795,20
S2,light/none,longest_first+group+early+lpt,gen_frac,0.796127,0.0295756,20
S2,light/none,longest_first+group+early+lpt,overhead_frac,0.00577897,0.000273098,20
S2,light/none,longest_first+group+early+lpt,padding_frac,0,0,20
S2,light/none,longest_first+group+early+lpt,verify_delay_mean_s,0.209204,0.00105192,20
S2,light/none,longest_first+group+early+lpt,verify_delay_p95_s,0.32485,0.00421151,20
S2,light/none,longest_first+group+early+lpt,instants,1019.85,2.98046,20
S2,light/none,longest_first+group+early+lpt,policy_calls,1019.85,2.98046,20
S2,light/none,longest_first+group+early+lpt,violations,0,0,20
S2,light/none,longest_first+group+early+lpt,lb_gap,0.576387,0.0568917,20
S2,light/none,longest_first+group+early+lpt,J,1.02991,0.0610566,20
S2,light/none,longest_first+group+early+round_robin,groups_consumed,64,0,20
S2,light/none,longest_first+group+early+round_robin,groups_dropped,0,0,20
S2,light/none,longest_first+group+early+round_robin,groups_unfinished,0,0,20
S2,light/none,longest_first+group+early+round_robin,drops_policy,0,0,20
S2,light/none,longest_first+group+early+round_robin,drops_stale,0,0,20
S2,light/none,longest_first+group+early+round_robin,drops_colocated_switch,0,0,20
S2,light/none,longest_first+group+early+round_robin,tokens_consumed,381523,8167.13,20
S2,light/none,longest_first+group+early+round_robin,tokens_dropped,0,0,20
S2,light/none,longest_first+group+early+round_robin,waste_frac,0,0,20
S2,light/none,longest_first+group+early+round_robin,length_bias,0,0,20
S2,light/none,longest_first+group+early+round_robin,run_s,25.5127,1.33752,20
S2,light/none,longest_first+group+early+round_robin,phase_time_s,25.5127,1.33752,20
S2,light/none,longest_first+group+early+round_robin,gen_time_s,25.319,1.34467,20
S2,light/none,longest_first+group+early+round_robin,straggler_s,5.83975,1.10708,20
S2,light/none,longest_first+group+early+round_robin,mean_ready_s,13.4577,0.302239,20
S2,light/none,longest_first+group+early+round_robin,gpu_idle_frac,0.198094,0.0297795,20
S2,light/none,longest_first+group+early+round_robin,gen_frac,0.796127,0.0295756,20
S2,light/none,longest_first+group+early+round_robin,overhead_frac,0.00577897,0.000273098,20
S2,light/none,longest_first+group+early+round_robin,padding_frac,0,0,20
S2,light/none,longest_first+group+early+round_robin,verify_delay_mean_s,0.209204,0.00105192,20
S2,light/none,longest_first+group+early+round_robin,verify_delay_p95_s,0.32485,0.00421151,20
S2,light/none,longest_first+group+early+round_robin,instants,1019.85,2.98046,20
S2,light/none,longest_first+group+early+round_robin,policy_calls,1019.85,2.98046,20
S2,light/none,longest_first+group+early+round_robin,violations,0,0,20
S2,light/none,longest_first+group+early+round_robin,lb_gap,0.576387,0.0568917,20
S2,light/none,longest_first+group+early+round_robin,J,1.02991,0.0610566,20
S2,light/none,longest_first+group+late+first_free,groups_consumed,64,0,20
S2,light/none,longest_first+group+late+first_free,groups_dropped,0,0,20
S2,light/none,longest_first+group+late+first_free,groups_unfinished,0,0,20
S2,light/none,longest_first+group+late+first_free,drops_policy,0,0,20
S2,light/none,longest_first+group+late+first_free,drops_stale,0,0,20
S2,light/none,longest_first+group+late+first_free,drops_colocated_switch,0,0,20
S2,light/none,longest_first+group+late+first_free,tokens_consumed,381523,8167.13,20
S2,light/none,longest_first+group+late+first_free,tokens_dropped,0,0,20
S2,light/none,longest_first+group+late+first_free,waste_frac,0,0,20
S2,light/none,longest_first+group+late+first_free,length_bias,0,0,20
S2,light/none,longest_first+group+late+first_free,run_s,25.4428,1.27172,20
S2,light/none,longest_first+group+late+first_free,phase_time_s,25.4428,1.27172,20
S2,light/none,longest_first+group+late+first_free,gen_time_s,25.2641,1.28349,20
S2,light/none,longest_first+group+late+first_free,straggler_s,5.43045,1.00296,20
S2,light/none,longest_first+group+late+first_free,mean_ready_s,13.6229,0.304628,20
S2,light/none,longest_first+group+late+first_free,gpu_idle_frac,0.166939,0.026969,20
S2,light/none,longest_first+group+late+first_free,gen_frac,0.827275,0.0267905,20
S2,light/none,longest_first+group+late+first_free,overhead_frac,0.00578616,0.000245531,20
S2,light/none,longest_first+group+late+first_free,padding_frac,0,0,20
S2,light/none,longest_first+group+late+first_free,verify_delay_mean_s,0.209204,0.00105192,20
S2,light/none,longest_first+group+late+first_free,verify_delay_p95_s,0.32485,0.00421151,20
S2,light/none,longest_first+group+late+first_free,instants,1024,3.7132,20
S2,light/none,longest_first+group+late+first_free,policy_calls,1024,3.7132,20
S2,light/none,longest_first+group+late+first_free,violations,0,0,20
S2,light/none,longest_first+group+late+first_free,lb_gap,0.574366,0.0606365,20
S2,light/none,longest_first+group+late+first_free,J,1.01178,0.0581227,20
S2,light/none,longest_first+group+late+least_loaded,groups_consumed,64,0,20
S2,light/none,longest_first+group+late+least_loaded,groups_dropped,0,0,20
S2,light/none,longest_first+group+late+least_loaded,groups_unfinished,0,0,20
S2,light/none,longest_first+group+late+least_loaded,drops_policy,0,0,20
S2,light/none,longest_first+group+late+least_loaded,drops_stale,0,0,20
S2,light/none,longest_first+group+late+least_loaded,drops_colocated_switch,0,0,20
S2,light/none,longest_first+group+late+least_loaded,tokens_consumed,381523,8167.13,20
S2,light/none,longest_first+group+late+least_loaded,tokens_dropped,0,0,20
S2,light/none,longest_first+group+late+least_loaded,waste_frac,0,0,20
S2,light/none,longest_first+group+late+least_loaded,length_bias,0,0,20
S2,light/none,longest_first+group+late+least_loaded,run_s,25.3894,1.32283,20
S2,light/none,longest_first+group+late+least_loaded,phase_time_s,25.3894,1.32283,20
S2,light/none,longest_first+group+late+least_loaded,gen_time_s,25.2069,1.33661,20
S2,light/none,longest_first+group+late+least_loaded,straggler_s,5.37295,1.07166,20
S2,light/none,longest_first+group+late+least_loaded,mean_ready_s,13.6314,0.304082,20
S2,light/none,longest_first+group+late+least_loaded,gpu_idle_frac,0.171539,0.0253307,20
S2,light/none,longest_first+group+late+least_loaded,gen_frac,0.82266,0.0251396,20
S2,light/none,longest_first+group+late+least_loaded,overhead_frac,0.00580093,0.000251659,20
S2,light/none,longest_first+group+late+least_loaded,padding_frac,0,0,20
S2,light/none,longest_first+group+late+least_loaded,verify_delay_mean_s,0.209204,0.00105192,20
S2,light/none,longest_first+group+late+least_loaded,verify_delay_p95_s,0.32485,0.00421151,20
S2,light/none,longest_first+group+late+least_loaded,instants,1021.6,2.8383,20
S2,light/none,longest_first+group+late+least_loaded,policy_calls,1021.6,2.8383,20
S2,light/none,longest_first+group+late+least_loaded,violations,0,0,20
S2,light/none,longest_first+group+late+least_loaded,lb_gap,0.570578,0.0631806,20
S2,light/none,longest_first+group+late+least_loaded,J,1.01213,0.0592843,20
S2,light/none,longest_first+group+late+lpt,groups_consumed,64,0,20
S2,light/none,longest_first+group+late+lpt,groups_dropped,0,0,20
S2,light/none,longest_first+group+late+lpt,groups_unfinished,0,0,20
S2,light/none,longest_first+group+late+lpt,drops_policy,0,0,20
S2,light/none,longest_first+group+late+lpt,drops_stale,0,0,20
S2,light/none,longest_first+group+late+lpt,drops_colocated_switch,0,0,20
S2,light/none,longest_first+group+late+lpt,tokens_consumed,381523,8167.13,20
S2,light/none,longest_first+group+late+lpt,tokens_dropped,0,0,20
S2,light/none,longest_first+group+late+lpt,waste_frac,0,0,20
S2,light/none,longest_first+group+late+lpt,length_bias,0,0,20
S2,light/none,longest_first+group+late+lpt,run_s,25.3894,1.32283,20
S2,light/none,longest_first+group+late+lpt,phase_time_s,25.3894,1.32283,20
S2,light/none,longest_first+group+late+lpt,gen_time_s,25.2069,1.33661,20
S2,light/none,longest_first+group+late+lpt,straggler_s,5.37295,1.07166,20
S2,light/none,longest_first+group+late+lpt,mean_ready_s,13.6314,0.304082,20
S2,light/none,longest_first+group+late+lpt,gpu_idle_frac,0.171539,0.0253307,20
S2,light/none,longest_first+group+late+lpt,gen_frac,0.82266,0.0251396,20
S2,light/none,longest_first+group+late+lpt,overhead_frac,0.00580093,0.000251659,20
S2,light/none,longest_first+group+late+lpt,padding_frac,0,0,20
S2,light/none,longest_first+group+late+lpt,verify_delay_mean_s,0.209204,0.00105192,20
S2,light/none,longest_first+group+late+lpt,verify_delay_p95_s,0.32485,0.00421151,20
S2,light/none,longest_first+group+late+lpt,instants,1021.6,2.8383,20
S2,light/none,longest_first+group+late+lpt,policy_calls,1021.6,2.8383,20
S2,light/none,longest_first+group+late+lpt,violations,0,0,20
S2,light/none,longest_first+group+late+lpt,lb_gap,0.570578,0.0631806,20
S2,light/none,longest_first+group+late+lpt,J,1.01213,0.0592843,20
S2,light/none,longest_first+group+late+round_robin,groups_consumed,64,0,20
S2,light/none,longest_first+group+late+round_robin,groups_dropped,0,0,20
S2,light/none,longest_first+group+late+round_robin,groups_unfinished,0,0,20
S2,light/none,longest_first+group+late+round_robin,drops_policy,0,0,20
S2,light/none,longest_first+group+late+round_robin,drops_stale,0,0,20
S2,light/none,longest_first+group+late+round_robin,drops_colocated_switch,0,0,20
S2,light/none,longest_first+group+late+round_robin,tokens_consumed,381523,8167.13,20
S2,light/none,longest_first+group+late+round_robin,tokens_dropped,0,0,20
S2,light/none,longest_first+group+late+round_robin,waste_frac,0,0,20
S2,light/none,longest_first+group+late+round_robin,length_bias,0,0,20
S2,light/none,longest_first+group+late+round_robin,run_s,25.3894,1.32283,20
S2,light/none,longest_first+group+late+round_robin,phase_time_s,25.3894,1.32283,20
S2,light/none,longest_first+group+late+round_robin,gen_time_s,25.2069,1.33661,20
S2,light/none,longest_first+group+late+round_robin,straggler_s,5.37295,1.07166,20
S2,light/none,longest_first+group+late+round_robin,mean_ready_s,13.6314,0.304082,20
S2,light/none,longest_first+group+late+round_robin,gpu_idle_frac,0.171539,0.0253307,20
S2,light/none,longest_first+group+late+round_robin,gen_frac,0.82266,0.0251396,20
S2,light/none,longest_first+group+late+round_robin,overhead_frac,0.00580093,0.000251659,20
S2,light/none,longest_first+group+late+round_robin,padding_frac,0,0,20
S2,light/none,longest_first+group+late+round_robin,verify_delay_mean_s,0.209204,0.00105192,20
S2,light/none,longest_first+group+late+round_robin,verify_delay_p95_s,0.32485,0.00421151,20
S2,light/none,longest_first+group+late+round_robin,instants,1021.6,2.8383,20
S2,light/none,longest_first+group+late+round_robin,policy_calls,1021.6,2.8383,20
S2,light/none,longest_first+group+late+round_robin,violations,0,0,20
S2,light/none,longest_first+group+late+round_robin,lb_gap,0.570578,0.0631806,20
S2,light/none,longest_first+group+late+round_robin,J,1.01213,0.0592843,20
S2,light/none,longest_first+sample+early+least_loaded,groups_consumed,64,0,20
S2,light/none,longest_first+sample+early+least_loaded,groups_dropped,0,0,20
S2,light/none,longest_first+sample+early+least_loaded,groups_unfinished,0,0,20
S2,light/none,longest_first+sample+early+least_loaded,drops_policy,0,0,20
S2,light/none,longest_first+sample+early+least_loaded,drops_stale,0,0,20
S2,light/none,longest_first+sample+early+least_loaded,drops_colocated_switch,0,0,20
S2,light/none,longest_first+sample+early+least_loaded,tokens_consumed,381523,8167.13,20
S2,light/none,longest_first+sample+early+least_loaded,tokens_dropped,0,0,20
S2,light/none,longest_first+sample+early+least_loaded,waste_frac,0,0,20
S2,light/none,longest_first+sample+early+least_loaded,length_bias,0,0,20
S2,light/none,longest_first+sample+early+least_loaded,run_s,25.4639,1.20639,20
S2,light/none,longest_first+sample+early+least_loaded,phase_time_s,25.4639,1.20639,20
S2,light/none,longest_first+sample+early+least_loaded,gen_time_s,25.2751,1.21987,20
S2,light/none,longest_first+sample+early+least_loaded,straggler_s,5.20825,0.934115,20
S2,light/none,longest_first+sample+early+least_loaded,mean_ready_s,14.3344,0.304227,20
S2,light/none,longest_first+sample+early+least_loaded,gpu_idle_frac,0.115572,0.0192059,20
S2,light/none,longest_first+sample+early+least_loaded,gen_frac,0.838358,0.0182299,20
S2,light/none,longest_first+sample+early+least_loaded,overhead_frac,0.0460695,0.00188462,20
S2,light/none,longest_first+sample+early+least_loaded,padding_frac,0,0,20
S2,light/none,longest_first+sample+early+least_loaded,verify_delay_mean_s,0.209204,0.00105192,20
S2,light/none,longest_first+sample+early+least_loaded,verify_delay_p95_s,0.32485,0.00421151,20
S2,light/none,longest_first+sample+early+least_loaded,instants,1219.15,4.33826,20
S2,light/none,longest_first+sample+early+least_loaded,policy_calls,1219.15,4.33826,20
S2,light/none,longest_first+sample+early+least_loaded,violations,0,0,20
S2,light/none,longest_first+sample+early+least_loaded,lb_gap,0.575323,0.0576274,20
S2,light/none,longest_first+sample+early+least_loaded,J,0.986866,0.0502394,20
S2,light/none,longest_first+sample+early+lpt,groups_consumed,64,0,20
S2,light/none,longest_first+sample+early+lpt,groups_dropped,0,0,20
S2,light/none,longest_first+sample+early+lpt,groups_unfinished,0,0,20
S2,light/none,longest_first+sample+early+lpt,drops_policy,0,0,20
S2,light/none,longest_first+sample+early+lpt,drops_stale,0,0,20
S2,light/none,longest_first+sample+early+lpt,drops_colocated_switch,0,0,20
S2,light/none,longest_first+sample+early+lpt,tokens_consumed,381523,8167.13,20
S2,light/none,longest_first+sample+early+lpt,tokens_dropped,0,0,20
S2,light/none,longest_first+sample+early+lpt,waste_frac,0,0,20
S2,light/none,longest_first+sample+early+lpt,length_bias,0,0,20
S2,light/none,longest_first+sample+early+lpt,run_s,25.4639,1.20639,20
S2,light/none,longest_first+sample+early+lpt,phase_time_s,25.4639,1.20639,20
S2,light/none,longest_first+sample+early+lpt,gen_time_s,25.2751,1.21987,20
S2,light/none,longest_first+sample+early+lpt,straggler_s,5.20825,0.934115,20
S2,light/none,longest_first+sample+early+lpt,mean_ready_s,14.3344,0.304227,20
S2,light/none,longest_first+sample+early+lpt,gpu_idle_frac,0.115572,0.0192059,20
S2,light/none,longest_first+sample+early+lpt,gen_frac,0.838358,0.0182299,20
S2,light/none,longest_first+sample+early+lpt,overhead_frac,0.0460695,0.00188462,20
S2,light/none,longest_first+sample+early+lpt,padding_frac,0,0,20
S2,light/none,longest_first+sample+early+lpt,verify_delay_mean_s,0.209204,0.00105192,20
S2,light/none,longest_first+sample+early+lpt,verify_delay_p95_s,0.32485,0.00421151,20
S2,light/none,longest_first+sample+early+lpt,instants,1219.15,4.33826,20
S2,light/none,longest_first+sample+early+lpt,policy_calls,1219.15,4.33826,20
S2,light/none,longest_first+sample+early+lpt,violations,0,0,20
S2,light/none,longest_first+sample+early+lpt,lb_gap,0.575323,0.0576274,20
S2,light/none,longest_first+sample+early+lpt,J,0.986866,0.0502394,20
S2,light/none,longest_first+sample+early+round_robin,groups_consumed,64,0,20
S2,light/none,longest_first+sample+early+round_robin,groups_dropped,0,0,20
S2,light/none,longest_first+sample+early+round_robin,groups_unfinished,0,0,20
S2,light/none,longest_first+sample+early+round_robin,drops_policy,0,0,20
S2,light/none,longest_first+sample+early+round_robin,drops_stale,0,0,20
S2,light/none,longest_first+sample+early+round_robin,drops_colocated_switch,0,0,20
S2,light/none,longest_first+sample+early+round_robin,tokens_consumed,381523,8167.13,20
S2,light/none,longest_first+sample+early+round_robin,tokens_dropped,0,0,20
S2,light/none,longest_first+sample+early+round_robin,waste_frac,0,0,20
S2,light/none,longest_first+sample+early+round_robin,length_bias,0,0,20
S2,light/none,longest_first+sample+early+round_robin,run_s,25.4639,1.20639,20
S2,light/none,longest_first+sample+early+round_robin,phase_time_s,25.4639,1.20639,20
S2,light/none,longest_first+sample+early+round_robin,gen_time_s,25.2751,1.21987,20
S2,light/none,longest_first+sample+early+round_robin,straggler_s,5.20825,0.934115,20
S2,light/none,longest_first+sample+early+round_robin,mean_ready_s,14.3344,0.304227,20
S2,light/none,longest_first+sample+early+round_robin,gpu_idle_frac,0.115572,0.0192059,20
S2,light/none,longest_first+sample+early+round_robin,gen_frac,0.838358,0.0182299,20
S2,light/none,longest_first+sample+early+round_robin,overhead_frac,0.0460695,0.00188462,20
S2,light/none,longest_first+sample+early+round_robin,padding_frac,0,0,20
S2,light/none,longest_first+sample+early+round_robin,verify_delay_mean_s,0.209204,0.00105192,20
S2,light/none,longest_first+sample+early+round_robin,verify_delay_p95_s,0.32485,0.00421151,20
S2,light/none,longest_first+sample+early+round_robin,instants,1219.15,4.33826,20
S2,light/none,longest_first+sample+early+round_robin,policy_calls,1219.15,4.33826,20
S2,light/none,longest_first+sample+early+round_robin,violations,0,0,20
S2,light/none,longest_first+sample+early+round_robin,lb_gap,0.575323,0.0576274,20
S2,light/none,longest_first+sample+early+round_robin,J,0.986866,0.0502394,20
S2,light/none,longest_first+sample+late+first_free,groups_consumed,64,0,20
S2,light/none,longest_first+sample+late+first_free,groups_dropped,0,0,20
S2,light/none,longest_first+sample+late+first_free,groups_unfinished,0,0,20
S2,light/none,longest_first+sample+late+first_free,drops_policy,0,0,20
S2,light/none,longest_first+sample+late+first_free,drops_stale,0,0,20
S2,light/none,longest_first+sample+late+first_free,drops_colocated_switch,0,0,20
S2,light/none,longest_first+sample+late+first_free,tokens_consumed,381523,8167.13,20
S2,light/none,longest_first+sample+late+first_free,tokens_dropped,0,0,20
S2,light/none,longest_first+sample+late+first_free,waste_frac,0,0,20
S2,light/none,longest_first+sample+late+first_free,length_bias,0,0,20
S2,light/none,longest_first+sample+late+first_free,run_s,24.6356,1.20951,20
S2,light/none,longest_first+sample+late+first_free,phase_time_s,24.6356,1.20951,20
S2,light/none,longest_first+sample+late+first_free,gen_time_s,24.4504,1.22489,20
S2,light/none,longest_first+sample+late+first_free,straggler_s,5.1465,0.980807,20
S2,light/none,longest_first+sample+late+first_free,mean_ready_s,13.6173,0.291482,20
S2,light/none,longest_first+sample+late+first_free,gpu_idle_frac,0.120817,0.0229416,20
S2,light/none,longest_first+sample+late+first_free,gen_frac,0.860383,0.0224127,20
S2,light/none,longest_first+sample+late+first_free,overhead_frac,0.0187997,0.000979872,20
S2,light/none,longest_first+sample+late+first_free,padding_frac,0,0,20
S2,light/none,longest_first+sample+late+first_free,verify_delay_mean_s,0.209204,0.00105192,20
S2,light/none,longest_first+sample+late+first_free,verify_delay_p95_s,0.32485,0.00421151,20
S2,light/none,longest_first+sample+late+first_free,instants,1147.25,3.43877,20
S2,light/none,longest_first+sample+late+first_free,policy_calls,1147.25,3.43877,20
S2,light/none,longest_first+sample+late+first_free,violations,0,0,20
S2,light/none,longest_first+sample+late+first_free,lb_gap,0.523421,0.0557166,20
S2,light/none,longest_first+sample+late+first_free,J,0.959267,0.0518102,20
S2,light/none,longest_first+sample+late+least_loaded,groups_consumed,64,0,20
S2,light/none,longest_first+sample+late+least_loaded,groups_dropped,0,0,20
S2,light/none,longest_first+sample+late+least_loaded,groups_unfinished,0,0,20
S2,light/none,longest_first+sample+late+least_loaded,drops_policy,0,0,20
S2,light/none,longest_first+sample+late+least_loaded,drops_stale,0,0,20
S2,light/none,longest_first+sample+late+least_loaded,drops_colocated_switch,0,0,20
S2,light/none,longest_first+sample+late+least_loaded,tokens_consumed,381523,8167.13,20
S2,light/none,longest_first+sample+late+least_loaded,tokens_dropped,0,0,20
S2,light/none,longest_first+sample+late+least_loaded,waste_frac,0,0,20
S2,light/none,longest_first+sample+late+least_loaded,length_bias,0,0,20
S2,light/none,longest_first+sample+late+least_loaded,run_s,25.2012,1.19828,20
S2,light/none,longest_first+sample+late+least_loaded,phase_time_s,25.2012,1.19828,20
S2,light/none,longest_first+sample+late+least_loaded,gen_time_s,25.0188,1.2123,20
S2,light/none,longest_first+sample+late+least_loaded,straggler_s,5.15085,0.976142,20
S2,light/none,longest_first+sample+late+least_loaded,mean_ready_s,14.1303,0.300897,20
S2,light/none,longest_first+sample+late+least_loaded,gpu_idle_frac,0.124768,0.0200299,20
S2,light/none,longest_first+sample+late+least_loaded,gen_frac,0.836078,0.0193203,20
S2,light/none,longest_first+sample+late+least_loaded,overhead_frac,0.0391537,0.00147717,20
S2,light/none,longest_first+sample+late+least_loaded,padding_frac,0,0,20
S2,light/none,longest_first+sample+late+least_loaded,verify_delay_mean_s,0.209204,0.00105192,20
S2,light/none,longest_first+sample+late+least_loaded,verify_delay_p95_s,0.32485,0.00421151,20
S2,light/none,longest_first+sample+late+least_loaded,instants,1147.4,5.09843,20
S2,light/none,longest_first+sample+late+least_loaded,policy_calls,1147.4,5.09843,20
S2,light/none,longest_first+sample+late+least_loaded,violations,0,0,20
S2,light/none,longest_first+sample+late+least_loaded,lb_gap,0.558959,0.054265,20
S2,light/none,longest_first+sample+late+least_loaded,J,0.981883,0.0505114,20
S2,light/none,longest_first+sample+late+lpt,groups_consumed,64,0,20
S2,light/none,longest_first+sample+late+lpt,groups_dropped,0,0,20
S2,light/none,longest_first+sample+late+lpt,groups_unfinished,0,0,20
S2,light/none,longest_first+sample+late+lpt,drops_policy,0,0,20
S2,light/none,longest_first+sample+late+lpt,drops_stale,0,0,20
S2,light/none,longest_first+sample+late+lpt,drops_colocated_switch,0,0,20
S2,light/none,longest_first+sample+late+lpt,tokens_consumed,381523,8167.13,20
S2,light/none,longest_first+sample+late+lpt,tokens_dropped,0,0,20
S2,light/none,longest_first+sample+late+lpt,waste_frac,0,0,20
S2,light/none,longest_first+sample+late+lpt,length_bias,0,0,20
S2,light/none,longest_first+sample+late+lpt,run_s,25.2012,1.19828,20
S2,light/none,longest_first+sample+late+lpt,phase_time_s,25.2012,1.19828,20
S2,light/none,longest_first+sample+late+lpt,gen_time_s,25.0188,1.2123,20
S2,light/none,longest_first+sample+late+lpt,straggler_s,5.15085,0.976142,20
S2,light/none,longest_first+sample+late+lpt,mean_ready_s,14.1303,0.300897,20
S2,light/none,longest_first+sample+late+lpt,gpu_idle_frac,0.124768,0.0200299,20
S2,light/none,longest_first+sample+late+lpt,gen_frac,0.836078,0.0193203,20
S2,light/none,longest_first+sample+late+lpt,overhead_frac,0.0391537,0.00147717,20
S2,light/none,longest_first+sample+late+lpt,padding_frac,0,0,20
S2,light/none,longest_first+sample+late+lpt,verify_delay_mean_s,0.209204,0.00105192,20
S2,light/none,longest_first+sample+late+lpt,verify_delay_p95_s,0.32485,0.00421151,20
S2,light/none,longest_first+sample+late+lpt,instants,1147.4,5.09843,20
S2,light/none,longest_first+sample+late+lpt,policy_calls,1147.4,5.09843,20
S2,light/none,longest_first+sample+late+lpt,violations,0,0,20
S2,light/none,longest_first+sample+late+lpt,lb_gap,0.558959,0.054265,20
S2,light/none,longest_first+sample+late+lpt,J,0.981883,0.0505114,20
S2,light/none,longest_first+sample+late+round_robin,groups_consumed,64,0,20
S2,light/none,longest_first+sample+late+round_robin,groups_dropped,0,0,20
S2,light/none,longest_first+sample+late+round_robin,groups_unfinished,0,0,20
S2,light/none,longest_first+sample+late+round_robin,drops_policy,0,0,20
S2,light/none,longest_first+sample+late+round_robin,drops_stale,0,0,20
S2,light/none,longest_first+sample+late+round_robin,drops_colocated_switch,0,0,20
S2,light/none,longest_first+sample+late+round_robin,tokens_consumed,381523,8167.13,20
S2,light/none,longest_first+sample+late+round_robin,tokens_dropped,0,0,20
S2,light/none,longest_first+sample+late+round_robin,waste_frac,0,0,20
S2,light/none,longest_first+sample+late+round_robin,length_bias,0,0,20
S2,light/none,longest_first+sample+late+round_robin,run_s,25.2016,1.19844,20
S2,light/none,longest_first+sample+late+round_robin,phase_time_s,25.2016,1.19844,20
S2,light/none,longest_first+sample+late+round_robin,gen_time_s,25.0166,1.21341,20
S2,light/none,longest_first+sample+late+round_robin,straggler_s,5.1601,0.974358,20
S2,light/none,longest_first+sample+late+round_robin,mean_ready_s,14.1302,0.300854,20
S2,light/none,longest_first+sample+late+round_robin,gpu_idle_frac,0.124425,0.0203555,20
S2,light/none,longest_first+sample+late+round_robin,gen_frac,0.836387,0.0196404,20
S2,light/none,longest_first+sample+late+round_robin,overhead_frac,0.0391881,0.00147965,20
S2,light/none,longest_first+sample+late+round_robin,padding_frac,0,0,20
S2,light/none,longest_first+sample+late+round_robin,verify_delay_mean_s,0.209204,0.00105192,20
S2,light/none,longest_first+sample+late+round_robin,verify_delay_p95_s,0.32485,0.00421151,20
S2,light/none,longest_first+sample+late+round_robin,instants,1147.15,5.19447,20
S2,light/none,longest_first+sample+late+round_robin,policy_calls,1147.15,5.19447,20
S2,light/none,longest_first+sample+late+round_robin,violations,0,0,20
S2,light/none,longest_first+sample+late+round_robin,lb_gap,0.558786,0.0541396,20
S2,light/none,longest_first+sample+late+round_robin,J,0.981722,0.0505973,20
S2,light/none,online_adaptive,groups_consumed,64,0,20
S2,light/none,online_adaptive,groups_dropped,0,0,20
S2,light/none,online_adaptive,groups_unfinished,0,0,20
S2,light/none,online_adaptive,drops_policy,0,0,20
S2,light/none,online_adaptive,drops_stale,0,0,20
S2,light/none,online_adaptive,drops_colocated_switch,0,0,20
S2,light/none,online_adaptive,tokens_consumed,381523,8167.13,20
S2,light/none,online_adaptive,tokens_dropped,0,0,20
S2,light/none,online_adaptive,waste_frac,0,0,20
S2,light/none,online_adaptive,length_bias,0,0,20
S2,light/none,online_adaptive,run_s,25.1998,1.19839,20
S2,light/none,online_adaptive,phase_time_s,25.1998,1.19839,20
S2,light/none,online_adaptive,gen_time_s,25.0173,1.21242,20
S2,light/none,online_adaptive,straggler_s,5.1498,0.9762,20
S2,light/none,online_adaptive,mean_ready_s,14.1301,0.300931,20
S2,light/none,online_adaptive,gpu_idle_frac,0.124223,0.0200415,20
S2,light/none,online_adaptive,gen_frac,0.836627,0.019313,20
S2,light/none,online_adaptive,overhead_frac,0.03915,0.00147508,20
S2,light/none,online_adaptive,padding_frac,0,0,20
S2,light/none,online_adaptive,verify_delay_mean_s,0.209204,0.00105192,20
S2,light/none,online_adaptive,verify_delay_p95_s,0.32485,0.00421151,20
S2,light/none,online_adaptive,instants,1147.05,5.15482,20
S2,light/none,online_adaptive,policy_calls,1147.05,5.15482,20
S2,light/none,online_adaptive,violations,0,0,20
S2,light/none,online_adaptive,lb_gap,0.55886,0.0542405,20
S2,light/none,online_adaptive,J,0.981555,0.050557,20
S2,light/none,online_eb,groups_consumed,64,0,20
S2,light/none,online_eb,groups_dropped,0,0,20
S2,light/none,online_eb,groups_unfinished,0,0,20
S2,light/none,online_eb,drops_policy,0,0,20
S2,light/none,online_eb,drops_stale,0,0,20
S2,light/none,online_eb,drops_colocated_switch,0,0,20
S2,light/none,online_eb,tokens_consumed,381523,8167.13,20
S2,light/none,online_eb,tokens_dropped,0,0,20
S2,light/none,online_eb,waste_frac,0,0,20
S2,light/none,online_eb,length_bias,0,0,20
S2,light/none,online_eb,run_s,25.2017,1.19735,20
S2,light/none,online_eb,phase_time_s,25.2017,1.19735,20
S2,light/none,online_eb,gen_time_s,25.0191,1.21147,20
S2,light/none,online_eb,straggler_s,5.1545,0.971848,20
S2,light/none,online_eb,mean_ready_s,14.1312,0.301212,20
S2,light/none,online_eb,gpu_idle_frac,0.124653,0.0200086,20
S2,light/none,online_eb,gen_frac,0.836226,0.0192129,20
S2,light/none,online_eb,overhead_frac,0.0391211,0.0014568,20
S2,light/none,online_eb,padding_frac,0,0,20
S2,light/none,online_eb,verify_delay_mean_s,0.209204,0.00105192,20
S2,light/none,online_eb,verify_delay_p95_s,0.32485,0.00421151,20
S2,light/none,online_eb,instants,1145.5,5.45477,20
S2,light/none,online_eb,policy_calls,1145.5,5.45477,20
S2,light/none,online_eb,violations,0,0,20
S2,light/none,online_eb,lb_gap,0.558988,0.0542989,20
S2,light/none,online_eb,J,0.981842,0.0509006,20
S2,light/none,oracle_lpt,groups_consumed,64,0,20
S2,light/none,oracle_lpt,groups_dropped,0,0,20
S2,light/none,oracle_lpt,groups_unfinished,0,0,20
S2,light/none,oracle_lpt,drops_policy,0,0,20
S2,light/none,oracle_lpt,drops_stale,0,0,20
S2,light/none,oracle_lpt,drops_colocated_switch,0,0,20
S2,light/none,oracle_lpt,tokens_consumed,381523,8167.13,20
S2,light/none,oracle_lpt,tokens_dropped,0,0,20
S2,light/none,oracle_lpt,waste_frac,0,0,20
S2,light/none,oracle_lpt,length_bias,0,0,20
S2,light/none,oracle_lpt,run_s,20.547,0.961497,20
S2,light/none,oracle_lpt,phase_time_s,20.547,0.961497,20
S2,light/none,oracle_lpt,gen_time_s,20.3517,0.974558,20
S2,light/none,oracle_lpt,straggler_s,2.7272,0.768278,20
S2,light/none,oracle_lpt,mean_ready_s,15.0695,0.32068,20
S2,light/none,oracle_lpt,gpu_idle_frac,0.0968168,0.0211241,20
S2,light/none,oracle_lpt,gen_frac,0.860044,0.0198459,20
S2,light/none,oracle_lpt,overhead_frac,0.0431395,0.00184765,20
S2,light/none,oracle_lpt,padding_frac,0,0,20
S2,light/none,oracle_lpt,verify_delay_mean_s,0.209204,0.00105192,20
S2,light/none,oracle_lpt,verify_delay_p95_s,0.32485,0.00421151,20
S2,light/none,oracle_lpt,instants,1175.9,4.9968,20
S2,light/none,oracle_lpt,policy_calls,1175.9,4.9968,20
S2,light/none,oracle_lpt,violations,0,0,20
S2,light/none,oracle_lpt,lb_gap,0.266156,0.0263348,20
S2,light/none,oracle_lpt,J,0.798091,0.0443489,20
S2,light/none,reference,groups_consumed,64,0,20
S2,light/none,reference,groups_dropped,0,0,20
S2,light/none,reference,groups_unfinished,0,0,20
S2,light/none,reference,drops_policy,0,0,20
S2,light/none,reference,drops_stale,0,0,20
S2,light/none,reference,drops_colocated_switch,0,0,20
S2,light/none,reference,tokens_consumed,381523,8167.13,20
S2,light/none,reference,tokens_dropped,0,0,20
S2,light/none,reference,waste_frac,0,0,20
S2,light/none,reference,length_bias,0,0,20
S2,light/none,reference,run_s,25.5127,1.33752,20
S2,light/none,reference,phase_time_s,25.5127,1.33752,20
S2,light/none,reference,gen_time_s,25.319,1.34467,20
S2,light/none,reference,straggler_s,5.83975,1.10708,20
S2,light/none,reference,mean_ready_s,13.4577,0.302239,20
S2,light/none,reference,gpu_idle_frac,0.198094,0.0297795,20
S2,light/none,reference,gen_frac,0.796127,0.0295756,20
S2,light/none,reference,overhead_frac,0.00577897,0.000273098,20
S2,light/none,reference,padding_frac,0,0,20
S2,light/none,reference,verify_delay_mean_s,0.209204,0.00105192,20
S2,light/none,reference,verify_delay_p95_s,0.32485,0.00421151,20
S2,light/none,reference,instants,1019.85,2.98046,20
S2,light/none,reference,policy_calls,1019.85,2.98046,20
S2,light/none,reference,violations,0,0,20
S2,light/none,reference,lb_gap,0.576387,0.0568917,20
S2,light/none,reference,J,1.02991,0.0610566,20
S3,eta0,best_s2+carry,groups_consumed,1536,0,20
S3,eta0,best_s2+carry,groups_dropped,384,0,20
S3,eta0,best_s2+carry,groups_unfinished,0,0,20
S3,eta0,best_s2+carry,drops_policy,0,0,20
S3,eta0,best_s2+carry,drops_stale,384,0,20
S3,eta0,best_s2+carry,drops_colocated_switch,0,0,20
S3,eta0,best_s2+carry,tokens_consumed,1.11889e+07,116776,20
S3,eta0,best_s2+carry,tokens_dropped,8.34406e+06,138915,20
S3,eta0,best_s2+carry,waste_frac,0.427107,0.00360509,20
S3,eta0,best_s2+carry,length_bias,-0.331372,0.00480839,20
S3,eta0,best_s2+carry,run_s,1635.31,16.5847,20
S3,eta0,best_s2+carry,gpu_idle_frac,0.50063,0.000209677,20
S3,eta0,best_s2+carry,verify_delay_mean_s,1.45505,0.0582052,20
S3,eta0,best_s2+carry,verify_delay_p95_s,6.14785,0.18294,20
S3,eta0,best_s2+carry,instants,34788.6,29.9819,20
S3,eta0,best_s2+carry,policy_calls,34788.6,29.9819,20
S3,eta0,best_s2+carry,violations,0,0,20
S3,eta0,best_s2+carry,J,1.66714,0.0145185,20
S3,eta0,best_s2+carry,window_s,1417.29,15.9771,20
S3,eta0,best_s2+carry,step_time_mean_s,67.4898,0.760812,20
S3,eta0,best_s2+carry,step_time_p95_s,77.7552,1.62669,20
S3,eta0,best_s2+carry,samples_per_s,7.59044,0.0839358,20
S3,eta0,best_s2+carry,completed_tokens_per_s,11892.8,42.3051,20
S3,eta0,best_s2+carry,rollout_idle_frac,0.215522,0.00170902,20
S3,eta0,best_s2+carry,gpu_gen_frac,0.377821,0.000991926,20
S3,eta0,best_s2+carry,gpu_overhead_frac,0.0218303,0.000231275,20
S3,eta0,best_s2+carry,gpu_train_frac,0.0997185,0.000800241,20
S3,eta0,best_s2+carry,trainer_wait_frac,0.785738,0.00173145,20
S3,eta0,best_s2+carry,trainer_wait_mean_s,53.0339,0.696964,20
S3,eta0,best_s2+carry,straggler_mean_s,8.0786,0.366116,20
S3,eta0,best_s2+carry,straggler_p95_s,13.6152,1.06343,20
S3,eta0,best_s2+carry,staleness_mean,0,0,20
S3,eta0,best_s2+carry,staleness_max,0,0,20
S3,eta0,best_s2+carry,stale_token_frac,0,0,20
S3,eta0,best_s2+carry,batch_len_cv,0.100267,0.00860866,20
S3,eta0,best_s2+wait,groups_consumed,1536,0,20
S3,eta0,best_s2+wait,groups_dropped,0,0,20
S3,eta0,best_s2+wait,groups_unfinished,0,0,20
S3,eta0,best_s2+wait,drops_policy,0,0,20
S3,eta0,best_s2+wait,drops_stale,0,0,20
S3,eta0,best_s2+wait,drops_colocated_switch,0,0,20
S3,eta0,best_s2+wait,tokens_consumed,1.68219e+07,206274,20
S3,eta0,best_s2+wait,tokens_dropped,0,0,20
S3,eta0,best_s2+wait,waste_frac,0,0,20
S3,eta0,best_s2+wait,length_bias,0,0,20
S3,eta0,best_s2+wait,run_s,2492.84,26.3045,20
S3,eta0,best_s2+wait,gpu_idle_frac,0.572986,0.00439048,20
S3,eta0,best_s2+wait,verify_delay_mean_s,1.54661,0.0420379,20
S3,eta0,best_s2+wait,verify_delay_p95_s,6.4906,0.128709,20
S3,eta0,best_s2+wait,instants,28123.5,14.575,20
S3,eta0,best_s2+wait,policy_calls,28123.5,14.575,20
S3,eta0,best_s2+wait,violations,0,0,20
S3,eta0,best_s2+wait,J,1.32662,0.0205713,20
S3,eta0,best_s2+wait,window_s,2175.51,26.1079,20
S3,eta0,best_s2+wait,step_time_mean_s,103.596,1.24323,20
S3,eta0,best_s2+wait,step_time_p95_s,118.845,3.82486,20
S3,eta0,best_s2+wait,samples_per_s,4.94528,0.0574749,20
S3,eta0,best_s2+wait,completed_tokens_per_s,6673.87,73.2076,20
S3,eta0,best_s2+wait,rollout_idle_frac,0.32363,0.00724031,20
S3,eta0,best_s2+wait,gpu_gen_frac,0.329981,0.00355941,20
S3,eta0,best_s2+wait,gpu_overhead_frac,0.0130332,0.00014487,20
S3,eta0,best_s2+wait,gpu_train_frac,0.084,0.000874239,20
S3,eta0,best_s2+wait,trainer_wait_frac,0.822341,0.0018206,20
S3,eta0,best_s2+wait,trainer_wait_mean_s,85.1974,1.15593,20
S3,eta0,best_s2+wait,straggler_mean_s,18.1879,1.01348,20
S3,eta0,best_s2+wait,straggler_p95_s,33.6386,3.65296,20
S3,eta0,best_s2+wait,staleness_mean,0,0,20
S3,eta0,best_s2+wait,staleness_max,0,0,20
S3,eta0,best_s2+wait,stale_token_frac,0,0,20
S3,eta0,best_s2+wait,batch_len_cv,0.108732,0.00986634,20
S3,eta0,reference,groups_consumed,1536,0,20
S3,eta0,reference,groups_dropped,0,0,20
S3,eta0,reference,groups_unfinished,0,0,20
S3,eta0,reference,drops_policy,0,0,20
S3,eta0,reference,drops_stale,0,0,20
S3,eta0,reference,drops_colocated_switch,0,0,20
S3,eta0,reference,tokens_consumed,1.65257e+07,210510,20
S3,eta0,reference,tokens_dropped,0,0,20
S3,eta0,reference,waste_frac,0,0,20
S3,eta0,reference,length_bias,0,0,20
S3,eta0,reference,run_s,2567.55,29.4342,20
S3,eta0,reference,gpu_idle_frac,0.620001,0.00418698,20
S3,eta0,reference,verify_delay_mean_s,1.55241,0.0449249,20
S3,eta0,reference,verify_delay_p95_s,6.523,0.138421,20
S3,eta0,reference,instants,25029.4,13.4375,20
S3,eta0,reference,policy_calls,25029.4,13.4375,20
S3,eta0,reference,violations,0,0,20
S3,eta0,reference,J,1.39668,0.0188937,20
S3,eta0,reference,window_s,2252.33,25.3959,20
S3,eta0,reference,step_time_mean_s,107.254,1.20933,20
S3,eta0,reference,step_time_p95_s,124.283,3.83998,20
S3,eta0,reference,samples_per_s,4.77635,0.0538491,20
S3,eta0,reference,completed_tokens_per_s,6430.79,73.9949,20
S3,eta0,reference,rollout_idle_frac,0.411082,0.00702189,20
S3,eta0,reference,gpu_gen_frac,0.291288,0.00349402,20
S3,eta0,reference,gpu_overhead_frac,0.00783603,8.72645e-05,20
S3,eta0,reference,gpu_train_frac,0.0808758,0.000778155,20
S3,eta0,reference,trainer_wait_frac,0.82892,0.00162017,20
S3,eta0,reference,trainer_wait_mean_s,88.9102,1.11874,20
S3,eta0,reference,straggler_mean_s,21.9343,0.815388,20
S3,eta0,reference,straggler_p95_s,39.0539,3.66856,20
S3,eta0,reference,staleness_mean,0,0,20
S3,eta0,reference,staleness_max,0,0,20
S3,eta0,reference,stale_token_frac,0,0,20
S3,eta0,reference,batch_len_cv,0.105975,0.00664093,20
S3,eta1,best_s2+carry,groups_consumed,1536,0,20
S3,eta1,best_s2+carry,groups_dropped,286.25,9.16473,20
S3,eta1,best_s2+carry,groups_unfinished,72.9,4.54747,20
S3,eta1,best_s2+carry,drops_policy,0,0,20
S3,eta1,best_s2+carry,drops_stale,286.25,9.16473,20
S3,eta1,best_s2+carry,drops_colocated_switch,0,0,20
S3,eta1,best_s2+carry,tokens_consumed,1.26725e+07,166911,20
S3,eta1,best_s2+carry,tokens_dropped,6.20956e+06,104913,20
S3,eta1,best_s2+carry,waste_frac,0.328866,0.0042092,20
S3,eta1,best_s2+carry,length_bias,-0.242924,0.00453014,20
S3,eta1,best_s2+carry,run_s,1412.13,20.3923,20
S3,eta1,best_s2+carry,gpu_idle_frac,0.369916,0.00145258,20
S3,eta1,best_s2+carry,verify_delay_mean_s,1.47474,0.054454,20
S3,eta1,best_s2+carry,verify_delay_p95_s,6.2319,0.172771,20
S3,eta1,best_s2+carry,instants,33825.4,121.97,20
S3,eta1,best_s2+carry,policy_calls,33825.4,121.97,20
S3,eta1,best_s2+carry,violations,0,0,20
S3,eta1,best_s2+carry,J,1.389,0.012622,20
S3,eta1,best_s2+carry,window_s,1242.31,18.9288,20
S3,eta1,best_s2+carry,step_time_mean_s,59.1578,0.901371,20
S3,eta1,best_s2+carry,step_time_p95_s,78.3654,1.63216,20
S3,eta1,best_s2+carry,samples_per_s,8.66345,0.130748,20
S3,eta1,best_s2+carry,completed_tokens_per_s,13166.6,113.45,20
S3,eta1,best_s2+carry,rollout_idle_frac,0.000190071,8.56641e-05,20
S3,eta1,best_s2+carry,gpu_gen_frac,0.489225,0.000155381,20
S3,eta1,best_s2+carry,gpu_overhead_frac,0.0191401,0.000287245,20
S3,eta1,best_s2+carry,gpu_train_frac,0.121718,0.00133193,20
S3,eta1,best_s2+carry,trainer_wait_frac,0.739642,0.00288595,20
S3,eta1,best_s2+carry,trainer_wait_mean_s,43.7655,0.821214,20
S3,eta1,best_s2+carry,straggler_mean_s,9.1606,0.483179,20
S3,eta1,best_s2+carry,straggler_p95_s,16.6967,1.25666,20
S3,eta1,best_s2+carry,staleness_mean,0.977753,0.00246465,20
S3,eta1,best_s2+carry,staleness_max,1,0,20
S3,eta1,best_s2+carry,stale_token_frac,0.990929,0.00131745,20
S3,eta1,best_s2+carry,batch_len_cv,0.184318,0.0186849,20
S3,eta1,best_s2+wait,groups_consumed,1536,0,20
S3,eta1,best_s2+wait,groups_dropped,0,0,20
S3,eta1,best_s2+wait,groups_unfinished,64,0,20
S3,eta1,best_s2+wait,drops_policy,0,0,20
S3,eta1,best_s2+wait,drops_stale,0,0,20
S3,eta1,best_s2+wait,drops_colocated_switch,0,0,20
S3,eta1,best_s2+wait,tokens_consumed,1.68219e+07,206274,20
S3,eta1,best_s2+wait,tokens_dropped,0,0,20
S3,eta1,best_s2+wait,waste_frac,0,0,20
S3,eta1,best_s2+wait,length_bias,0,0,20
S3,eta1,best_s2+wait,run_s,2058.44,27.6816,20
S3,eta1,best_s2+wait,gpu_idle_frac,0.479261,0.0065633,20
S3,eta1,best_s2+wait,verify_delay_mean_s,1.54639,0.0420889,20
S3,eta1,best_s2+wait,verify_delay_p95_s,6.4915,0.127901,20
S3,eta1,best_s2+wait,instants,29234.2,36.7159,20
S3,eta1,best_s2+wait,policy_calls,29234.2,36.7159,20
S3,eta1,best_s2+wait,violations,0,0,20
S3,eta1,best_s2+wait,J,1.17286,0.0249768,20
S3,eta1,best_s2+wait,window_s,1782.08,26.7217,20
S3,eta1,best_s2+wait,step_time_mean_s,84.861,1.27246,20
S3,eta1,best_s2+wait,step_time_p95_s,100.926,5.02189,20
S3,eta1,best_s2+wait,samples_per_s,6.03908,0.0875127,20
S3,eta1,best_s2+wait,completed_tokens_per_s,8149.17,99.6299,20
S3,eta1,best_s2+wait,rollout_idle_frac,0.175466,0.0106612,20
S3,eta1,best_s2+wait,gpu_gen_frac,0.402622,0.00521891,20
S3,eta1,best_s2+wait,gpu_overhead_frac,0.0155429,0.000227123,20
S3,eta1,best_s2+wait,gpu_train_frac,0.102574,0.0013006,20
S3,eta1,best_s2+wait,trainer_wait_frac,0.783057,0.00273331,20
S3,eta1,best_s2+wait,trainer_wait_mean_s,66.4627,1.18894,20
S3,eta1,best_s2+wait,straggler_mean_s,18.379,1.096,20
S3,eta1,best_s2+wait,straggler_p95_s,34.4815,4.1583,20
S3,eta1,best_s2+wait,staleness_mean,0.999814,0.000273843,20
S3,eta1,best_s2+wait,staleness_max,1,0,20
S3,eta1,best_s2+wait,stale_token_frac,0.999784,0.000312828,20
S3,eta1,best_s2+wait,batch_len_cv,0.108732,0.00986634,20
S3,eta1,reference,groups_consumed,1536,0,20
S3,eta1,reference,groups_dropped,0,0,20
S3,eta1,reference,groups_unfinished,64,0,20
S3,eta1,reference,drops_policy,0,0,20
S3,eta1,reference,drops_stale,0,0,20
S3,eta1,reference,drops_colocated_switch,0,0,20
S3,eta1,reference,tokens_consumed,1.65257e+07,210510,20
S3,eta1,reference,tokens_dropped,0,0,20
S3,eta1,reference,waste_frac,0,0,20
S3,eta1,reference,length_bias,0,0,20
S3,eta1,reference,run_s,2429.84,57.8648,20
S3,eta1,reference,gpu_idle_frac,0.584504,0.00856847,20
S3,eta1,reference,verify_delay_mean_s,1.55231,0.0449441,20
S3,eta1,reference,verify_delay_p95_s,6.5242,0.138527,20
S3,eta1,reference,instants,25998,40.9571,20
S3,eta1,reference,policy_calls,25998,40.9571,20
S3,eta1,reference,violations,0,0,20
S3,eta1,reference,J,1.46627,0.0395808,20
S3,eta1,reference,window_s,2125.05,49.7237,20
S3,eta1,reference,step_time_mean_s,101.193,2.36779,20
S3,eta1,reference,step_time_p95_s,143.172,4.70608,20
S3,eta1,reference,samples_per_s,5.07148,0.116873,20
S3,eta1,reference,completed_tokens_per_s,6827.54,150.714,20
S3,eta1,reference,rollout_idle_frac,0.350653,0.0134049,20
S3,eta1,reference,gpu_gen_frac,0.321293,0.00663826,20
S3,eta1,reference,gpu_overhead_frac,0.0083332,0.000190504,20
S3,eta1,reference,gpu_train_frac,0.0858698,0.00185982,20
S3,eta1,reference,trainer_wait_frac,0.818355,0.00392846,20
S3,eta1,reference,trainer_wait_mean_s,82.849,2.32315,20
S3,eta1,reference,straggler_mean_s,31.7882,2.21304,20
S3,eta1,reference,straggler_p95_s,65.6312,5.85624,20
S3,eta1,reference,staleness_mean,0.99308,0.00133248,20
S3,eta1,reference,staleness_max,1,0,20
S3,eta1,reference,stale_token_frac,0.988175,0.00164191,20
S3,eta1,reference,batch_len_cv,0.105975,0.00664093,20
S3,eta1-interrupt,best_s2+carry,groups_consumed,1536,0,20
S3,eta1-interrupt,best_s2+carry,groups_dropped,306.1,3.4422,20
S3,eta1-interrupt,best_s2+carry,groups_unfinished,68.85,2.6048,20
S3,eta1-interrupt,best_s2+carry,drops_policy,0,0,20
S3,eta1-interrupt,best_s2+carry,drops_stale,306.1,3.4422,20
S3,eta1-interrupt,best_s2+carry,drops_colocated_switch,0,0,20
S3,eta1-interrupt,best_s2+carry,tokens_consumed,1.22242e+07,159420,20
S3,eta1-interrupt,best_s2+carry,tokens_dropped,6.73402e+06,129300,20
S3,eta1-interrupt,best_s2+carry,waste_frac,0.355173,0.00502805,20
S3,eta1-interrupt,best_s2+carry,length_bias,-0.269464,0.00565114,20
S3,eta1-interrupt,best_s2+carry,run_s,1317.51,15.6122,20
S3,eta1-interrupt,best_s2+carry,gpu_idle_frac,0.361603,0.00123202,20
S3,eta1-interrupt,best_s2+carry,verify_delay_mean_s,1.38974,0.0399324,20
S3,eta1-interrupt,best_s2+carry,verify_delay_p95_s,6.0552,0.137935,20
S3,eta1-interrupt,best_s2+carry,instants,34627.3,60.6645,20
S3,eta1-interrupt,best_s2+carry,policy_calls,34627.3,60.6645,20
S3,eta1-interrupt,best_s2+carry,violations,0,0,20
S3,eta1-interrupt,best_s2+carry,J,1.4365,0.0172577,20
S3,eta1-interrupt,best_s2+carry,window_s,1129.98,16.1704,20
S3,eta1-interrupt,best_s2+carry,step_time_mean_s,53.8087,0.770018,20
S3,eta1-interrupt,best_s2+carry,step_time_p95_s,64.0978,1.31052,20
S3,eta1-interrupt,best_s2+carry,samples_per_s,9.52343,0.132771,20
S3,eta1-interrupt,best_s2+carry,completed_tokens_per_s,14565.6,63.8122,20
S3,eta1-interrupt,best_s2+carry,rollout_idle_frac,0.00308584,0.000843318,20
S3,eta1-interrupt,best_s2+carry,gpu_gen_frac,0.471877,0.000665597,20
S3,eta1-interrupt,best_s2+carry,gpu_overhead_frac,0.0358799,0.00045235,20
S3,eta1-interrupt,best_s2+carry,gpu_train_frac,0.13064,0.00134304,20
S3,eta1-interrupt,best_s2+carry,trainer_wait_frac,0.72012,0.00288425,20
S3,eta1-interrupt,best_s2+carry,trainer_wait_mean_s,38.7562,0.683899,20
S3,eta1-interrupt,best_s2+carry,straggler_mean_s,8.02306,0.345747,20
S3,eta1-interrupt,best_s2+carry,straggler_p95_s,13.725,1.08649,20
S3,eta1-interrupt,best_s2+carry,staleness_mean,0.890179,0.00356628,20
S3,eta1-interrupt,best_s2+carry,staleness_max,1,0,20
S3,eta1-interrupt,best_s2+carry,stale_token_frac,0.630158,0.00213158,20
S3,eta1-interrupt,best_s2+carry,batch_len_cv,0.115428,0.0082442,20
S3,eta1-interrupt,best_s2+wait,groups_consumed,1536,0,20
S3,eta1-interrupt,best_s2+wait,groups_dropped,0,0,20
S3,eta1-interrupt,best_s2+wait,groups_unfinished,64,0,20
S3,eta1-interrupt,best_s2+wait,drops_policy,0,0,20
S3,eta1-interrupt,best_s2+wait,drops_stale,0,0,20
S3,eta1-interrupt,best_s2+wait,drops_colocated_switch,0,0,20
S3,eta1-interrupt,best_s2+wait,tokens_consumed,1.68219e+07,206274,20
S3,eta1-interrupt,best_s2+wait,tokens_dropped,0,0,20
S3,eta1-interrupt,best_s2+wait,waste_frac,0,0,20
S3,eta1-interrupt,best_s2+wait,length_bias,0,0,20
S3,eta1-interrupt,best_s2+wait,run_s,2095.72,24.9019,20
S3,eta1-interrupt,best_s2+wait,gpu_idle_frac,0.481168,0.00625673,20
S3,eta1-interrupt,best_s2+wait,verify_delay_mean_s,1.53755,0.0408109,20
S3,eta1-interrupt,best_s2+wait,verify_delay_p95_s,6.47745,0.126325,20
S3,eta1-interrupt,best_s2+wait,instants,29209.1,37.3403,20
S3,eta1-interrupt,best_s2+wait,policy_calls,29209.1,37.3403,20
S3,eta1-interrupt,best_s2+wait,violations,0,0,20
S3,eta1-interrupt,best_s2+wait,J,1.28673,0.0244298,20
S3,eta1-interrupt,best_s2+wait,window_s,1815.88,24.537,20
S3,eta1-interrupt,best_s2+wait,step_time_mean_s,86.4704,1.16843,20
S3,eta1-interrupt,best_s2+wait,step_time_p95_s,101.447,3.91619,20
S3,eta1-interrupt,best_s2+wait,samples_per_s,5.92565,0.0776996,20
S3,eta1-interrupt,best_s2+wait,completed_tokens_per_s,7996.98,101.519,20
S3,eta1-interrupt,best_s2+wait,rollout_idle_frac,0.17522,0.0101727,20
S3,eta1-interrupt,best_s2+wait,gpu_gen_frac,0.395408,0.00493439,20
S3,eta1-interrupt,best_s2+wait,gpu_overhead_frac,0.0227692,0.000254818,20
S3,eta1-interrupt,best_s2+wait,gpu_train_frac,0.100655,0.00125356,20
S3,eta1-interrupt,best_s2+wait,trainer_wait_frac,0.787117,0.00261833,20
S3,eta1-interrupt,best_s2+wait,trainer_wait_mean_s,68.0721,1.09887,20
S3,eta1-interrupt,best_s2+wait,straggler_mean_s,18.2081,1.00565,20
S3,eta1-interrupt,best_s2+wait,straggler_p95_s,33.6808,3.69075,20
S3,eta1-interrupt,best_s2+wait,staleness_mean,0.999814,0.000273843,20
S3,eta1-interrupt,best_s2+wait,staleness_max,1,0,20
S3,eta1-interrupt,best_s2+wait,stale_token_frac,0.608297,0.00316973,20
S3,eta1-interrupt,best_s2+wait,batch_len_cv,0.108732,0.00986634,20
S3,eta1-interrupt,reference,groups_consumed,1536,0,20
S3,eta1-interrupt,reference,groups_dropped,0,0,20
S3,eta1-interrupt,reference,groups_unfinished,64,0,20
S3,eta1-interrupt,reference,drops_policy,0,0,20
S3,eta1-interrupt,reference,drops_stale,0,0,20
S3,eta1-interrupt,reference,drops_colocated_switch,0,0,20
S3,eta1-interrupt,reference,tokens_consumed,1.65257e+07,210510,20
S3,eta1-interrupt,reference,tokens_dropped,0,0,20
S3,eta1-interrupt,reference,waste_frac,0,0,20
S3,eta1-interrupt,reference,length_bias,0,0,20
S3,eta1-interrupt,reference,run_s,2183.28,27.6286,20
S3,eta1-interrupt,reference,gpu_idle_frac,0.543183,0.00572646,20
S3,eta1-interrupt,reference,verify_delay_mean_s,1.54599,0.04313,20
S3,eta1-interrupt,reference,verify_delay_p95_s,6.5096,0.13541,20
S3,eta1-interrupt,reference,instants,25990.8,40.6862,20
S3,eta1-interrupt,reference,policy_calls,25990.8,40.6862,20
S3,eta1-interrupt,reference,violations,0,0,20
S3,eta1-interrupt,reference,J,1.3783,0.0221746,20
S3,eta1-interrupt,reference,window_s,1901,23.6764,20
S3,eta1-interrupt,reference,step_time_mean_s,90.524,1.12745,20
S3,eta1-interrupt,reference,step_time_p95_s,107.266,3.81799,20
S3,eta1-interrupt,reference,samples_per_s,5.65976,0.0705349,20
S3,eta1-interrupt,reference,completed_tokens_per_s,7620.3,98.1908,20
S3,eta1-interrupt,reference,rollout_idle_frac,0.289092,0.00947035,20
S3,eta1-interrupt,reference,gpu_gen_frac,0.345172,0.00462401,20
S3,eta1-interrupt,reference,gpu_overhead_frac,0.0158096,0.000183631,20
S3,eta1-interrupt,reference,gpu_train_frac,0.0958359,0.00108736,20
S3,eta1-interrupt,reference,trainer_wait_frac,0.797274,0.00227023,20
S3,eta1-interrupt,reference,trainer_wait_mean_s,72.1803,1.05394,20
S3,eta1-interrupt,reference,straggler_mean_s,22.172,0.815077,20
S3,eta1-interrupt,reference,straggler_p95_s,39.4391,3.65772,20
S3,eta1-interrupt,reference,staleness_mean,0.99308,0.00133248,20
S3,eta1-interrupt,reference,staleness_max,1,0,20
S3,eta1-interrupt,reference,stale_token_frac,0.614907,0.00335853,20
S3,eta1-interrupt,reference,batch_len_cv,0.105975,0.00664093,20
S3,eta1-swap,best_s2+carry,groups_consumed,1536,0,20
S3,eta1-swap,best_s2+carry,groups_dropped,306.6,5.53429,20
S3,eta1-swap,best_s2+carry,groups_unfinished,66.7,3.11964,20
S3,eta1-swap,best_s2+carry,drops_policy,0,0,20
S3,eta1-swap,best_s2+carry,drops_stale,306.6,5.53429,20
S3,eta1-swap,best_s2+carry,drops_colocated_switch,0,0,20
S3,eta1-swap,best_s2+carry,tokens_consumed,1.22579e+07,161651,20
S3,eta1-swap,best_s2+carry,tokens_dropped,6.67221e+06,157213,20
S3,eta1-swap,best_s2+carry,waste_frac,0.352391,0.00643496,20
S3,eta1-swap,best_s2+carry,length_bias,-0.266893,0.00678577,20
S3,eta1-swap,best_s2+carry,run_s,1277.28,15.2931,20
S3,eta1-swap,best_s2+carry,gpu_idle_frac,0.356382,0.00146668,20
S3,eta1-swap,best_s2+carry,verify_delay_mean_s,1.43467,0.0456294,20
S3,eta1-swap,best_s2+carry,verify_delay_p95_s,6.1323,0.156962,20
S3,eta1-swap,best_s2+carry,instants,34613.6,103.807,20
S3,eta1-swap,best_s2+carry,policy_calls,34613.6,103.807,20
S3,eta1-swap,best_s2+carry,violations,0,0,20
S3,eta1-swap,best_s2+carry,J,1.4189,0.0170815,20
S3,eta1-swap,best_s2+carry,window_s,1092.65,15.0411,20
S3,eta1-swap,best_s2+carry,step_time_mean_s,52.0309,0.716243,20
S3,eta1-swap,best_s2+carry,step_time_p95_s,62.7174,1.52328,20
S3,eta1-swap,best_s2+carry,samples_per_s,9.84829,0.133851,20
S3,eta1-swap,best_s2+carry,completed_tokens_per_s,15046.9,85.3845,20
S3,eta1-swap,best_s2+carry,rollout_idle_frac,0.00267796,0.00077136,20
S3,eta1-swap,best_s2+carry,gpu_gen_frac,0.485615,0.000443628,20
S3,eta1-swap,best_s2+carry,gpu_overhead_frac,0.0226638,0.000334329,20
S3,eta1-swap,best_s2+carry,gpu_train_frac,0.13534,0.00132848,20
S3,eta1-swap,best_s2+carry,trainer_wait_frac,0.710086,0.0028576,20
S3,eta1-swap,best_s2+carry,trainer_wait_mean_s,36.9533,0.632552,20
S3,eta1-swap,best_s2+carry,straggler_mean_s,7.68733,0.314726,20
S3,eta1-swap,best_s2+carry,straggler_p95_s,13.2167,0.914955,20
S3,eta1-swap,best_s2+carry,staleness_mean,0.888132,0.00740619,20
S3,eta1-swap,best_s2+carry,staleness_max,1,0,20
S3,eta1-swap,best_s2+carry,stale_token_frac,0.628849,0.00439025,20
S3,eta1-swap,best_s2+carry,batch_len_cv,0.116468,0.00858375,20
S3,eta1-swap,best_s2+wait,groups_consumed,1536,0,20
S3,eta1-swap,best_s2+wait,groups_dropped,0,0,20
S3,eta1-swap,best_s2+wait,groups_unfinished,64,0,20
S3,eta1-swap,best_s2+wait,drops_policy,0,0,20
S3,eta1-swap,best_s2+wait,drops_stale,0,0,20
S3,eta1-swap,best_s2+wait,drops_colocated_switch,0,0,20
S3,eta1-swap,best_s2+wait,tokens_consumed,1.68219e+07,206274,20
S3,eta1-swap,best_s2+wait,tokens_dropped,0,0,20
S3,eta1-swap,best_s2+wait,waste_frac,0,0,20
S3,eta1-swap,best_s2+wait,length_bias,0,0,20
S3,eta1-swap,best_s2+wait,run_s,2066.37,24.7021,20
S3,eta1-swap,best_s2+wait,gpu_idle_frac,0.480662,0.00636669,20
S3,eta1-swap,best_s2+wait,verify_delay_mean_s,1.54194,0.0414725,20
S3,eta1-swap,best_s2+wait,verify_delay_p95_s,6.48085,0.126297,20
S3,eta1-swap,best_s2+wait,instants,29149.8,35.306,20
S3,eta1-swap,best_s2+wait,policy_calls,29149.8,35.306,20
S3,eta1-swap,best_s2+wait,violations,0,0,20
S3,eta1-swap,best_s2+wait,J,1.29158,0.0246053,20
S3,eta1-swap,best_s2+wait,window_s,1789.11,24.292,20
S3,eta1-swap,best_s2+wait,step_time_mean_s,85.1955,1.15676,20
S3,eta1-swap,best_s2+wait,step_time_p95_s,100.013,3.92793,20
S3,eta1-swap,best_s2+wait,samples_per_s,6.01437,0.0792626,20
S3,eta1-swap,best_s2+wait,completed_tokens_per_s,8116.78,104.802,20
S3,eta1-swap,best_s2+wait,rollout_idle_frac,0.177396,0.010327,20
S3,eta1-swap,best_s2+wait,gpu_gen_frac,0.401325,0.005068,20
S3,eta1-swap,best_s2+wait,gpu_overhead_frac,0.0158508,0.000201833,20
S3,eta1-swap,best_s2+wait,gpu_train_frac,0.102162,0.00129041,20
S3,eta1-swap,best_s2+wait,trainer_wait_frac,0.783929,0.00269499,20
S3,eta1-swap,best_s2+wait,trainer_wait_mean_s,66.7972,1.08948,20
S3,eta1-swap,best_s2+wait,straggler_mean_s,18.1906,1.01234,20
S3,eta1-swap,best_s2+wait,straggler_p95_s,33.6559,3.64237,20
S3,eta1-swap,best_s2+wait,staleness_mean,0.999814,0.000273843,20
S3,eta1-swap,best_s2+wait,staleness_max,1,0,20
S3,eta1-swap,best_s2+wait,stale_token_frac,0.608297,0.00316973,20
S3,eta1-swap,best_s2+wait,batch_len_cv,0.108732,0.00986634,20
S3,eta1-swap,reference,groups_consumed,1536,0,20
S3,eta1-swap,reference,groups_dropped,0,0,20
S3,eta1-swap,reference,groups_unfinished,64,0,20
S3,eta1-swap,reference,drops_policy,0,0,20
S3,eta1-swap,reference,drops_stale,0,0,20
S3,eta1-swap,reference,drops_colocated_switch,0,0,20
S3,eta1-swap,reference,tokens_consumed,1.65257e+07,210510,20
S3,eta1-swap,reference,tokens_dropped,0,0,20
S3,eta1-swap,reference,waste_frac,0,0,20
S3,eta1-swap,reference,length_bias,0,0,20
S3,eta1-swap,reference,run_s,2146.26,27.4752,20
S3,eta1-swap,reference,gpu_idle_frac,0.541528,0.00583448,20
S3,eta1-swap,reference,verify_delay_mean_s,1.54974,0.0441715,20
S3,eta1-swap,reference,verify_delay_p95_s,6.51755,0.136125,20
S3,eta1-swap,reference,instants,25933.1,41.4261,20
S3,eta1-swap,reference,policy_calls,25933.1,41.4261,20
S3,eta1-swap,reference,violations,0,0,20
S3,eta1-swap,reference,J,1.37896,0.0226415,20
S3,eta1-swap,reference,window_s,1867.12,23.4939,20
S3,eta1-swap,reference,step_time_mean_s,88.9107,1.11876,20
S3,eta1-swap,reference,step_time_p95_s,105.404,3.8173,20
S3,eta1-swap,reference,samples_per_s,5.76255,0.0726063,20
S3,eta1-swap,reference,completed_tokens_per_s,7758.73,101.69,20
S3,eta1-swap,reference,rollout_idle_frac,0.289464,0.00960253,20
S3,eta1-swap,reference,gpu_gen_frac,0.351441,0.00477288,20
S3,eta1-swap,reference,gpu_overhead_frac,0.00945398,0.000118108,20
S3,eta1-swap,reference,gpu_train_frac,0.0975767,0.00112885,20
S3,eta1-swap,reference,trainer_wait_frac,0.793592,0.00235719,20
S3,eta1-swap,reference,trainer_wait_mean_s,70.5669,1.04759,20
S3,eta1-swap,reference,straggler_mean_s,21.9474,0.816612,20
S3,eta1-swap,reference,straggler_p95_s,39.0792,3.66567,20
S3,eta1-swap,reference,staleness_mean,0.99308,0.00133248,20
S3,eta1-swap,reference,staleness_max,1,0,20
S3,eta1-swap,reference,stale_token_frac,0.614907,0.00335853,20
S3,eta1-swap,reference,batch_len_cv,0.105975,0.00664093,20
S3,eta2,best_s2+carry,groups_consumed,1536,0,20
S3,eta2,best_s2+carry,groups_dropped,8.85,1.45861,20
S3,eta2,best_s2+carry,groups_unfinished,47.25,4.91298,20
S3,eta2,best_s2+carry,drops_policy,0,0,20
S3,eta2,best_s2+carry,drops_stale,8.85,1.45861,20
S3,eta2,best_s2+carry,drops_colocated_switch,0,0,20
S3,eta2,best_s2+carry,tokens_consumed,1.62614e+07,195758,20
S3,eta2,best_s2+carry,tokens_dropped,253790,46407.8,20
S3,eta2,best_s2+carry,waste_frac,0.0153712,0.00279955,20
S3,eta2,best_s2+carry,length_bias,-0.0103016,0.00201385,20
S3,eta2,best_s2+carry,run_s,1168.35,10.6154,20
S3,eta2,best_s2+carry,gpu_idle_frac,0.306983,0.00140624,20
S3,eta2,best_s2+carry,verify_delay_mean_s,1.59526,0.0595944,20
S3,eta2,best_s2+carry,verify_delay_p95_s,6.58855,0.171817,20
S3,eta2,best_s2+carry,instants,30813,108.105,20
S3,eta2,best_s2+carry,policy_calls,30813,108.105,20
S3,eta2,best_s2+carry,violations,0,0,20
S3,eta2,best_s2+carry,J,0.674746,0.00702792,20
S3,eta2,best_s2+carry,window_s,1006.37,9.85676,20
S3,eta2,best_s2+carry,step_time_mean_s,47.9226,0.469369,20
S3,eta2,best_s2+carry,step_time_p95_s,68.3357,1.05597,20
S3,eta2,best_s2+carry,samples_per_s,10.6883,0.104848,20
S3,eta2,best_s2+carry,completed_tokens_per_s,14435.4,95.5552,20
S3,eta2,best_s2+carry,rollout_idle_frac,0,0,20
S3,eta2,best_s2+carry,gpu_gen_frac,0.489928,0.000118446,20
S3,eta2,best_s2+carry,gpu_overhead_frac,0.0205094,0.000201078,20
S3,eta2,best_s2+carry,gpu_train_frac,0.182579,0.00136334,20
S3,eta2,best_s2+carry,trainer_wait_frac,0.613965,0.00281247,20
S3,eta2,best_s2+carry,trainer_wait_mean_s,29.4254,0.367755,20
S3,eta2,best_s2+carry,straggler_mean_s,3.81746,0.212901,20
S3,eta2,best_s2+carry,straggler_p95_s,6.8783,0.727064,20
S3,eta2,best_s2+carry,staleness_mean,1.19267,0.0106161,20
S3,eta2,best_s2+carry,staleness_max,2,0,20
S3,eta2,best_s2+carry,stale_token_frac,0.951078,0.00241497,20
S3,eta2,best_s2+carry,batch_len_cv,0.354214,0.00947531,20
S3,eta2,best_s2+wait,groups_consumed,1536,0,20
S3,eta2,best_s2+wait,groups_dropped,0,0,20
S3,eta2,best_s2+wait,groups_unfinished,64,0,20
S3,eta2,best_s2+wait,drops_policy,0,0,20
S3,eta2,best_s2+wait,drops_stale,0,0,20
S3,eta2,best_s2+wait,drops_colocated_switch,0,0,20
S3,eta2,best_s2+wait,tokens_consumed,1.68219e+07,206274,20
S3,eta2,best_s2+wait,tokens_dropped,0,0,20
S3,eta2,best_s2+wait,waste_frac,0,0,20
S3,eta2,best_s2+wait,length_bias,0,0,20
S3,eta2,best_s2+wait,run_s,2058.44,27.6816,20
S3,eta2,best_s2+wait,gpu_idle_frac,0.479261,0.0065633,20
S3,eta2,best_s2+wait,verify_delay_mean_s,1.54639,0.0420889,20
S3,eta2,best_s2+wait,verify_delay_p95_s,6.4915,0.127901,20
S3,eta2,best_s2+wait,instants,29234.2,36.7159,20
S3,eta2,best_s2+wait,policy_calls,29234.2,36.7159,20
S3,eta2,best_s2+wait,violations,0,0,20
S3,eta2,best_s2+wait,J,1.17286,0.0249768,20
S3,eta2,best_s2+wait,window_s,1782.08,26.7217,20
S3,eta2,best_s2+wait,step_time_mean_s,84.861,1.27246,20
S3,eta2,best_s2+wait,step_time_p95_s,100.926,5.02189,20
S3,eta2,best_s2+wait,samples_per_s,6.03908,0.0875127,20
S3,eta2,best_s2+wait,completed_tokens_per_s,8149.17,99.6299,20
S3,eta2,best_s2+wait,rollout_idle_frac,0.175466,0.0106612,20
S3,eta2,best_s2+wait,gpu_gen_frac,0.402622,0.00521891,20
S3,eta2,best_s2+wait,gpu_overhead_frac,0.0155429,0.000227123,20
S3,eta2,best_s2+wait,gpu_train_frac,0.102574,0.0013006,20
S3,eta2,best_s2+wait,trainer_wait_frac,0.783057,0.00273331,20
S3,eta2,best_s2+wait,trainer_wait_mean_s,66.4627,1.18894,20
S3,eta2,best_s2+wait,straggler_mean_s,18.379,1.096,20
S3,eta2,best_s2+wait,straggler_p95_s,34.4815,4.1583,20
S3,eta2,best_s2+wait,staleness_mean,0.999814,0.000273843,20
S3,eta2,best_s2+wait,staleness_max,1,0,20
S3,eta2,best_s2+wait,stale_token_frac,0.999784,0.000312828,20
S3,eta2,best_s2+wait,batch_len_cv,0.108732,0.00986634,20
S3,eta2,reference,groups_consumed,1536,0,20
S3,eta2,reference,groups_dropped,0,0,20
S3,eta2,reference,groups_unfinished,64,0,20
S3,eta2,reference,drops_policy,0,0,20
S3,eta2,reference,drops_stale,0,0,20
S3,eta2,reference,drops_colocated_switch,0,0,20
S3,eta2,reference,tokens_consumed,1.65257e+07,210510,20
S3,eta2,reference,tokens_dropped,0,0,20
S3,eta2,reference,waste_frac,0,0,20
S3,eta2,reference,length_bias,0,0,20
S3,eta2,reference,run_s,2429.84,57.8648,20
S3,eta2,reference,gpu_idle_frac,0.584504,0.00856847,20
S3,eta2,reference,verify_delay_mean_s,1.55231,0.0449441,20
S3,eta2,reference,verify_delay_p95_s,6.5242,0.138527,20
S3,eta2,reference,instants,25998,40.9571,20
S3,eta2,reference,policy_calls,25998,40.9571,20
S3,eta2,reference,violations,0,0,20
S3,eta2,reference,J,1.46627,0.0395808,20
S3,eta2,reference,window_s,2125.05,49.7237,20
S3,eta2,reference,step_time_mean_s,101.193,2.36779,20
S3,eta2,reference,step_time_p95_s,143.172,4.70608,20
S3,eta2,reference,samples_per_s,5.07148,0.116873,20
S3,eta2,reference,completed_tokens_per_s,6827.54,150.714,20
S3,eta2,reference,rollout_idle_frac,0.350653,0.0134049,20
S3,eta2,reference,gpu_gen_frac,0.321293,0.00663826,20
S3,eta2,reference,gpu_overhead_frac,0.0083332,0.000190504,20
S3,eta2,reference,gpu_train_frac,0.0858698,0.00185982,20
S3,eta2,reference,trainer_wait_frac,0.818355,0.00392846,20
S3,eta2,reference,trainer_wait_mean_s,82.849,2.32315,20
S3,eta2,reference,straggler_mean_s,31.7882,2.21304,20
S3,eta2,reference,straggler_p95_s,65.6312,5.85624,20
S3,eta2,reference,staleness_mean,0.99308,0.00133248,20
S3,eta2,reference,staleness_max,1,0,20
S3,eta2,reference,stale_token_frac,0.988175,0.00164191,20
S3,eta2,reference,batch_len_cv,0.105975,0.00664093,20
S3,eta4,best_s2+carry,groups_consumed,1536,0,20
S3,eta4,best_s2+carry,groups_dropped,0,0,20
S3,eta4,best_s2+carry,groups_unfinished,50.85,5.8421,20
S3,eta4,best_s2+carry,drops_policy,0,0,20
S3,eta4,best_s2+carry,drops_stale,0,0,20
S3,eta4,best_s2+carry,drops_colocated_switch,0,0,20
S3,eta4,best_s2+carry,tokens_consumed,1.64372e+07,194716,20
S3,eta4,best_s2+carry,tokens_dropped,0,0,20
S3,eta4,best_s2+carry,waste_frac,0,0,20
S3,eta4,best_s2+carry,length_bias,0,0,20
S3,eta4,best_s2+carry,run_s,1168.68,13.3796,20
S3,eta4,best_s2+carry,gpu_idle_frac,0.305638,0.00177407,20
S3,eta4,best_s2+carry,verify_delay_mean_s,1.62409,0.060414,20
S3,eta4,best_s2+carry,verify_delay_p95_s,6.6442,0.170925,20
S3,eta4,best_s2+carry,instants,30646.8,107.331,20
S3,eta4,best_s2+carry,policy_calls,30646.8,107.331,20
S3,eta4,best_s2+carry,violations,0,0,20
S3,eta4,best_s2+carry,J,0.64801,0.00733135,20
S3,eta4,best_s2+carry,window_s,1006.36,12.2746,20
S3,eta4,best_s2+carry,step_time_mean_s,47.9217,0.584503,20
S3,eta4,best_s2+carry,step_time_p95_s,69.0164,1.05726,20
S3,eta4,best_s2+carry,samples_per_s,10.6909,0.129299,20
S3,eta4,best_s2+carry,completed_tokens_per_s,14340.2,119.127,20
S3,eta4,best_s2+carry,rollout_idle_frac,0,0,20
S3,eta4,best_s2+carry,gpu_gen_frac,0.490002,0.000184923,20
S3,eta4,best_s2+carry,gpu_overhead_frac,0.0204383,0.000288247,20
S3,eta4,best_s2+carry,gpu_train_frac,0.183921,0.00169109,20
S3,eta4,best_s2+carry,trainer_wait_frac,0.611277,0.00354815,20
S3,eta4,best_s2+carry,trainer_wait_mean_s,29.2996,0.492639,20
S3,eta4,best_s2+carry,straggler_mean_s,3.96027,0.253153,20
S3,eta4,best_s2+carry,straggler_p95_s,6.72505,0.650015,20
S3,eta4,best_s2+carry,staleness_mean,1.21064,0.0144286,20
S3,eta4,best_s2+carry,staleness_max,3.5,0.240086,20
S3,eta4,best_s2+carry,stale_token_frac,0.952561,0.00308336,20
S3,eta4,best_s2+carry,batch_len_cv,0.339671,0.0125266,20
S3,eta4,best_s2+wait,groups_consumed,1536,0,20
S3,eta4,best_s2+wait,groups_dropped,0,0,20
S3,eta4,best_s2+wait,groups_unfinished,64,0,20
S3,eta4,best_s2+wait,drops_policy,0,0,20
S3,eta4,best_s2+wait,drops_stale,0,0,20
S3,eta4,best_s2+wait,drops_colocated_switch,0,0,20
S3,eta4,best_s2+wait,tokens_consumed,1.68219e+07,206274,20
S3,eta4,best_s2+wait,tokens_dropped,0,0,20
S3,eta4,best_s2+wait,waste_frac,0,0,20
S3,eta4,best_s2+wait,length_bias,0,0,20
S3,eta4,best_s2+wait,run_s,2058.44,27.6816,20
S3,eta4,best_s2+wait,gpu_idle_frac,0.479261,0.0065633,20
S3,eta4,best_s2+wait,verify_delay_mean_s,1.54639,0.0420889,20
S3,eta4,best_s2+wait,verify_delay_p95_s,6.4915,0.127901,20
S3,eta4,best_s2+wait,instants,29234.2,36.7159,20
S3,eta4,best_s2+wait,policy_calls,29234.2,36.7159,20
S3,eta4,best_s2+wait,violations,0,0,20
S3,eta4,best_s2+wait,J,1.17286,0.0249768,20
S3,eta4,best_s2+wait,window_s,1782.08,26.7217,20
S3,eta4,best_s2+wait,step_time_mean_s,84.861,1.27246,20
S3,eta4,best_s2+wait,step_time_p95_s,100.926,5.02189,20
S3,eta4,best_s2+wait,samples_per_s,6.03908,0.0875127,20
S3,eta4,best_s2+wait,completed_tokens_per_s,8149.17,99.6299,20
S3,eta4,best_s2+wait,rollout_idle_frac,0.175466,0.0106612,20
S3,eta4,best_s2+wait,gpu_gen_frac,0.402622,0.00521891,20
S3,eta4,best_s2+wait,gpu_overhead_frac,0.0155429,0.000227123,20
S3,eta4,best_s2+wait,gpu_train_frac,0.102574,0.0013006,20
S3,eta4,best_s2+wait,trainer_wait_frac,0.783057,0.00273331,20
S3,eta4,best_s2+wait,trainer_wait_mean_s,66.4627,1.18894,20
S3,eta4,best_s2+wait,straggler_mean_s,18.379,1.096,20
S3,eta4,best_s2+wait,straggler_p95_s,34.4815,4.1583,20
S3,eta4,best_s2+wait,staleness_mean,0.999814,0.000273843,20
S3,eta4,best_s2+wait,staleness_max,1,0,20
S3,eta4,best_s2+wait,stale_token_frac,0.999784,0.000312828,20
S3,eta4,best_s2+wait,batch_len_cv,0.108732,0.00986634,20
S3,eta4,reference,groups_consumed,1536,0,20
S3,eta4,reference,groups_dropped,0,0,20
S3,eta4,reference,groups_unfinished,64,0,20
S3,eta4,reference,drops_policy,0,0,20
S3,eta4,reference,drops_stale,0,0,20
S3,eta4,reference,drops_colocated_switch,0,0,20
S3,eta4,reference,tokens_consumed,1.65257e+07,210510,20
S3,eta4,reference,tokens_dropped,0,0,20
S3,eta4,reference,waste_frac,0,0,20
S3,eta4,reference,length_bias,0,0,20
S3,eta4,reference,run_s,2429.84,57.8648,20
S3,eta4,reference,gpu_idle_frac,0.584504,0.00856847,20
S3,eta4,reference,verify_delay_mean_s,1.55231,0.0449441,20
S3,eta4,reference,verify_delay_p95_s,6.5242,0.138527,20
S3,eta4,reference,instants,25998,40.9571,20
S3,eta4,reference,policy_calls,25998,40.9571,20
S3,eta4,reference,violations,0,0,20
S3,eta4,reference,J,1.46627,0.0395808,20
S3,eta4,reference,window_s,2125.05,49.7237,20
S3,eta4,reference,step_time_mean_s,101.193,2.36779,20
S3,eta4,reference,step_time_p95_s,143.172,4.70608,20
S3,eta4,reference,samples_per_s,5.07148,0.116873,20
S3,eta4,reference,completed_tokens_per_s,6827.54,150.714,20
S3,eta4,reference,rollout_idle_frac,0.350653,0.0134049,20
S3,eta4,reference,gpu_gen_frac,0.321293,0.00663826,20
S3,eta4,reference,gpu_overhead_frac,0.0083332,0.000190504,20
S3,eta4,reference,gpu_train_frac,0.0858698,0.00185982,20
S3,eta4,reference,trainer_wait_frac,0.818355,0.00392846,20
S3,eta4,reference,trainer_wait_mean_s,82.849,2.32315,20
S3,eta4,reference,straggler_mean_s,31.7882,2.21304,20
S3,eta4,reference,straggler_p95_s,65.6312,5.85624,20
S3,eta4,reference,staleness_mean,0.99308,0.00133248,20
S3,eta4,reference,staleness_max,1,0,20
S3,eta4,reference,stale_token_frac,0.988175,0.00164191,20
S3,eta4,reference,batch_len_cv,0.105975,0.00664093,20
S4,eta2,best_s2+abort(1.25),groups_consumed,1536,0,20
S4,eta2,best_s2+abort(1.25),groups_dropped,365.55,3.34565,20
S4,eta2,best_s2+abort(1.25),groups_unfinished,69.65,2.54661,20
S4,eta2,best_s2+abort(1.25),drops_policy,365.55,3.34565,20
S4,eta2,best_s2+abort(1.25),drops_stale,0,0,20
S4,eta2,best_s2+abort(1.25),drops_colocated_switch,0,0,20
S4,eta2,best_s2+abort(1.25),tokens_consumed,1.27117e+07,174791,20
S4,eta2,best_s2+abort(1.25),tokens_dropped,6.44899e+06,95239.9,20
S4,eta2,best_s2+abort(1.25),waste_frac,0.336629,0.00476347,20
S4,eta2,best_s2+abort(1.25),length_bias,-0.240641,0.00539542,20
S4,eta2,best_s2+abort(1.25),run_s,1526.23,16.7768,20
S4,eta2,best_s2+abort(1.25),gpu_idle_frac,0.378529,0.00114291,20
S4,eta2,best_s2+abort(1.25),verify_delay_mean_s,1.493,0.0501178,20
S4,eta2,best_s2+abort(1.25),verify_delay_p95_s,6.2509,0.156555,20
S4,eta2,best_s2+abort(1.25),instants,34113.4,69.2615,20
S4,eta2,best_s2+abort(1.25),policy_calls,34113.4,69.2615,20
S4,eta2,best_s2+abort(1.25),violations,0,0,20
S4,eta2,best_s2+abort(1.25),J,1.43515,0.0125126,20
S4,eta2,best_s2+abort(1.25),window_s,1319.45,16.4772,20
S4,eta2,best_s2+abort(1.25),step_time_mean_s,62.8309,0.784628,20
S4,eta2,best_s2+abort(1.25),step_time_p95_s,78.9066,1.56665,20
S4,eta2,best_s2+abort(1.25),samples_per_s,8.15432,0.100981,20
S4,eta2,best_s2+abort(1.25),completed_tokens_per_s,12512.5,64.1575,20
S4,eta2,best_s2+abort(1.25),rollout_idle_frac,0.00475435,0.000964752,20
S4,eta2,best_s2+abort(1.25),gpu_gen_frac,0.487547,0.000490504,20
S4,eta2,best_s2+abort(1.25),gpu_overhead_frac,0.0180394,0.000234235,20
S4,eta2,best_s2+abort(1.25),gpu_train_frac,0.115885,0.00104398,20
S4,eta2,best_s2+abort(1.25),trainer_wait_frac,0.752303,0.00220777,20
S4,eta2,best_s2+abort(1.25),trainer_wait_mean_s,47.2726,0.684829,20
S4,eta2,best_s2+abort(1.25),straggler_mean_s,9.83073,0.318388,20
S4,eta2,best_s2+abort(1.25),straggler_p95_s,16.5739,0.845054,20
S4,eta2,best_s2+abort(1.25),staleness_mean,0.974479,0.00231014,20
S4,eta2,best_s2+abort(1.25),staleness_max,1,0,20
S4,eta2,best_s2+abort(1.25),stale_token_frac,0.988786,0.00127638,20
S4,eta2,best_s2+abort(1.25),batch_len_cv,0.173815,0.0166814,20
S4,eta2,best_s2+abort(1.5),groups_consumed,1536,0,20
S4,eta2,best_s2+abort(1.5),groups_dropped,527.8,10.2521,20
S4,eta2,best_s2+abort(1.5),groups_unfinished,67.7,2.08253,20
S4,eta2,best_s2+abort(1.5),drops_policy,527.8,10.2521,20
S4,eta2,best_s2+abort(1.5),drops_stale,0,0,20
S4,eta2,best_s2+abort(1.5),drops_colocated_switch,0,0,20
S4,eta2,best_s2+abort(1.5),tokens_consumed,1.25078e+07,172045,20
S4,eta2,best_s2+abort(1.5),tokens_dropped,6.99921e+06,105838,20
S4,eta2,best_s2+abort(1.5),waste_frac,0.358826,0.00399436,20
S4,eta2,best_s2+abort(1.5),length_bias,-0.251026,0.00542182,20
S4,eta2,best_s2+abort(1.5),run_s,1503.69,18.7307,20
S4,eta2,best_s2+abort(1.5),gpu_idle_frac,0.375465,0.000923509,20
S4,eta2,best_s2+abort(1.5),verify_delay_mean_s,1.50643,0.0571806,20
S4,eta2,best_s2+abort(1.5),verify_delay_p95_s,6.278,0.183288,20
S4,eta2,best_s2+abort(1.5),instants,35089.3,90.718,20
S4,eta2,best_s2+abort(1.5),policy_calls,35089.3,90.718,20
S4,eta2,best_s2+abort(1.5),violations,0,0,20
S4,eta2,best_s2+abort(1.5),J,1.46084,0.0099825,20
S4,eta2,best_s2+abort(1.5),window_s,1305.62,15.3972,20
S4,eta2,best_s2+abort(1.5),step_time_mean_s,62.1722,0.7332,20
S4,eta2,best_s2+abort(1.5),step_time_p95_s,78.4869,1.79299,20
S4,eta2,best_s2+abort(1.5),samples_per_s,8.24012,0.0964072,20
S4,eta2,best_s2+abort(1.5),completed_tokens_per_s,12827,77.9115,20
S4,eta2,best_s2+abort(1.5),rollout_idle_frac,0.000303232,0.00017024,20
S4,eta2,best_s2+abort(1.5),gpu_gen_frac,0.489417,0.000210839,20
S4,eta2,best_s2+abort(1.5),gpu_overhead_frac,0.0184783,0.000246764,20
S4,eta2,best_s2+abort(1.5),gpu_train_frac,0.116639,0.000899442,20
S4,eta2,best_s2+abort(1.5),trainer_wait_frac,0.750627,0.00190349,20
S4,eta2,best_s2+abort(1.5),trainer_wait_mean_s,46.6717,0.628109,20
S4,eta2,best_s2+abort(1.5),straggler_mean_s,9.29765,0.341514,20
S4,eta2,best_s2+abort(1.5),straggler_p95_s,17.0643,0.862094,20
S4,eta2,best_s2+abort(1.5),staleness_mean,0.971726,0.00286486,20
S4,eta2,best_s2+abort(1.5),staleness_max,1,0,20
S4,eta2,best_s2+abort(1.5),stale_token_frac,0.988004,0.00170684,20
S4,eta2,best_s2+abort(1.5),batch_len_cv,0.174909,0.0201357,20
S4,eta2,best_s2+abort(2),groups_consumed,1536,0,20
S4,eta2,best_s2+abort(2),groups_dropped,574.9,16.4258,20
S4,eta2,best_s2+abort(2),groups_unfinished,69.3,2.65662,20
S4,eta2,best_s2+abort(2),drops_policy,574.9,16.4258,20
S4,eta2,best_s2+abort(2),drops_stale,0,0,20
S4,eta2,best_s2+abort(2),drops_colocated_switch,0,0,20
S4,eta2,best_s2+abort(2),tokens_consumed,1.2525e+07,147202,20
S4,eta2,best_s2+abort(2),tokens_dropped,7.14035e+06,120044,20
S4,eta2,best_s2+abort(2),waste_frac,0.363054,0.00360292,20
S4,eta2,best_s2+abort(2),length_bias,-0.24957,0.00360794,20
S4,eta2,best_s2+abort(2),run_s,1509.63,18.8773,20
S4,eta2,best_s2+abort(2),gpu_idle_frac,0.376163,0.00105434,20
S4,eta2,best_s2+abort(2),verify_delay_mean_s,1.50751,0.0548584,20
S4,eta2,best_s2+abort(2),verify_delay_p95_s,6.28475,0.168181,20
S4,eta2,best_s2+abort(2),instants,35461.6,148.266,20
S4,eta2,best_s2+abort(2),policy_calls,35461.6,148.266,20
S4,eta2,best_s2+abort(2),violations,0,0,20
S4,eta2,best_s2+abort(2),J,1.46857,0.0107911,20
S4,eta2,best_s2+abort(2),window_s,1315.38,17.8781,20
S4,eta2,best_s2+abort(2),step_time_mean_s,62.6373,0.851339,20
S4,eta2,best_s2+abort(2),step_time_p95_s,79.2893,1.51047,20
S4,eta2,best_s2+abort(2),samples_per_s,8.18031,0.106382,20
S4,eta2,best_s2+abort(2),completed_tokens_per_s,12763.3,80.5922,20
S4,eta2,best_s2+abort(2),rollout_idle_frac,0.000107548,1.4683e-05,20
S4,eta2,best_s2+abort(2),gpu_gen_frac,0.48953,0.000135834,20
S4,eta2,best_s2+abort(2),gpu_overhead_frac,0.0184051,0.000234272,20
S4,eta2,best_s2+abort(2),gpu_train_frac,0.115902,0.000967346,20
S4,eta2,best_s2+abort(2),trainer_wait_frac,0.752218,0.00210549,20
S4,eta2,best_s2+abort(2),trainer_wait_mean_s,47.1235,0.760917,20
S4,eta2,best_s2+abort(2),straggler_mean_s,9.73325,0.560868,20
S4,eta2,best_s2+abort(2),straggler_p95_s,17.0482,0.97789,20
S4,eta2,best_s2+abort(2),staleness_mean,0.973661,0.00301551,20
S4,eta2,best_s2+abort(2),staleness_max,1,0,20
S4,eta2,best_s2+abort(2),stale_token_frac,0.989245,0.00139736,20
S4,eta2,best_s2+abort(2),batch_len_cv,0.175671,0.0152871,20
S4,eta2,best_s2+carry(1.25),groups_consumed,1536,0,20
S4,eta2,best_s2+carry(1.25),groups_dropped,0.7,0.404601,20
S4,eta2,best_s2+carry(1.25),groups_unfinished,51.05,9.16171,20
S4,eta2,best_s2+carry(1.25),drops_policy,0,0,20
S4,eta2,best_s2+carry(1.25),drops_stale,0.7,0.404601,20
S4,eta2,best_s2+carry(1.25),drops_colocated_switch,0,0,20
S4,eta2,best_s2+carry(1.25),tokens_consumed,1.65984e+07,210267,20
S4,eta2,best_s2+carry(1.25),tokens_dropped,21966.7,12976.7,20
S4,eta2,best_s2+carry(1.25),waste_frac,0.00133405,0.000795631,20
S4,eta2,best_s2+carry(1.25),length_bias,-0.000906948,0.000572853,20
S4,eta2,best_s2+carry(1.25),run_s,1465.28,19.0744,20
S4,eta2,best_s2+carry(1.25),gpu_idle_frac,0.352141,0.00163556,20
S4,eta2,best_s2+carry(1.25),verify_delay_mean_s,1.4662,0.030973,20
S4,eta2,best_s2+carry(1.25),verify_delay_p95_s,6.37315,0.111337,20
S4,eta2,best_s2+carry(1.25),instants,28286.4,113.225,20
S4,eta2,best_s2+carry(1.25),policy_calls,28286.4,113.225,20
S4,eta2,best_s2+carry(1.25),violations,0,0,20
S4,eta2,best_s2+carry(1.25),J,0.810359,0.0105138,20
S4,eta2,best_s2+carry(1.25),window_s,1259.35,17.7647,20
S4,eta2,best_s2+carry(1.25),step_time_mean_s,59.9691,0.845939,20
S4,eta2,best_s2+carry(1.25),step_time_p95_s,75.3572,2.16642,20
S4,eta2,best_s2+carry(1.25),samples_per_s,8.54503,0.119465,20
S4,eta2,best_s2+carry(1.25),completed_tokens_per_s,11520.9,70.7182,20
S4,eta2,best_s2+carry(1.25),rollout_idle_frac,0.0103098,0.00129748,20
S4,eta2,best_s2+carry(1.25),gpu_gen_frac,0.487998,0.000674519,20
S4,eta2,best_s2+carry(1.25),gpu_overhead_frac,0.015192,0.000192732,20
S4,eta2,best_s2+carry(1.25),gpu_train_frac,0.144669,0.00126755,20
S4,eta2,best_s2+carry(1.25),trainer_wait_frac,0.693972,0.0027026,20
S4,eta2,best_s2+carry(1.25),trainer_wait_mean_s,41.6241,0.714483,20
S4,eta2,best_s2+carry(1.25),straggler_mean_s,7.66238,0.372467,20
S4,eta2,best_s2+carry(1.25),straggler_p95_s,13.3708,0.980379,20
S4,eta2,best_s2+carry(1.25),staleness_mean,0.891704,0.00959024,20
S4,eta2,best_s2+carry(1.25),staleness_max,2,0,20
S4,eta2,best_s2+carry(1.25),stale_token_frac,0.86828,0.00551382,20
S4,eta2,best_s2+carry(1.25),batch_len_cv,0.111544,0.011151,20
S4,eta2,best_s2+carry(1.5),groups_consumed,1536,0,20
S4,eta2,best_s2+carry(1.5),groups_dropped,1.85,0.593455,20
S4,eta2,best_s2+carry(1.5),groups_unfinished,40.6,8.89603,20
S4,eta2,best_s2+carry(1.5),drops_policy,0,0,20
S4,eta2,best_s2+carry(1.5),drops_stale,1.85,0.593455,20
S4,eta2,best_s2+carry(1.5),drops_colocated_switch,0,0,20
S4,eta2,best_s2+carry(1.5),tokens_consumed,1.64255e+07,200687,20
S4,eta2,best_s2+carry(1.5),tokens_dropped,61487.5,23669.3,20
S4,eta2,best_s2+carry(1.5),waste_frac,0.00373842,0.00143626,20
S4,eta2,best_s2+carry(1.5),length_bias,-0.00263169,0.00108456,20
S4,eta2,best_s2+carry(1.5),run_s,1260.48,15.7494,20
S4,eta2,best_s2+carry(1.5),gpu_idle_frac,0.322042,0.00172536,20
S4,eta2,best_s2+carry(1.5),verify_delay_mean_s,1.48994,0.0385084,20
S4,eta2,best_s2+carry(1.5),verify_delay_p95_s,6.38965,0.119341,20
S4,eta2,best_s2+carry(1.5),instants,29124.2,109.801,20
S4,eta2,best_s2+carry(1.5),policy_calls,29124.2,109.801,20
S4,eta2,best_s2+carry(1.5),violations,0,0,20
S4,eta2,best_s2+carry(1.5),J,0.698937,0.00807298,20
S4,eta2,best_s2+carry(1.5),window_s,1080.41,13.8972,20
S4,eta2,best_s2+carry(1.5),step_time_mean_s,51.448,0.661773,20
S4,eta2,best_s2+carry(1.5),step_time_p95_s,68.5587,1.12616,20
S4,eta2,best_s2+carry(1.5),samples_per_s,9.95886,0.126708,20
S4,eta2,best_s2+carry(1.5),completed_tokens_per_s,13397.2,98.8039,20
S4,eta2,best_s2+carry(1.5),rollout_idle_frac,0.00153228,0.000551066,20
S4,eta2,best_s2+carry(1.5),gpu_gen_frac,0.491105,0.000334787,20
S4,eta2,best_s2+carry(1.5),gpu_overhead_frac,0.0178548,0.000224603,20
S4,eta2,best_s2+carry(1.5),gpu_train_frac,0.168998,0.00168843,20
S4,eta2,best_s2+carry(1.5),trainer_wait_frac,0.642552,0.00354432,20
S4,eta2,best_s2+carry(1.5),trainer_wait_mean_s,33.0651,0.568873,20
S4,eta2,best_s2+carry(1.5),straggler_mean_s,4.3423,0.185928,20
S4,eta2,best_s2+carry(1.5),straggler_p95_s,7.18665,0.450313,20
S4,eta2,best_s2+carry(1.5),staleness_mean,0.989249,0.00505318,20
S4,eta2,best_s2+carry(1.5),staleness_max,2,0,20
S4,eta2,best_s2+carry(1.5),stale_token_frac,0.903751,0.00301732,20
S4,eta2,best_s2+carry(1.5),batch_len_cv,0.223651,0.0150511,20
S4,eta2,best_s2+carry(2),groups_consumed,1536,0,20
S4,eta2,best_s2+carry(2),groups_dropped,8.85,1.45861,20
S4,eta2,best_s2+carry(2),groups_unfinished,47.25,4.91298,20
S4,eta2,best_s2+carry(2),drops_policy,0,0,20
S4,eta2,best_s2+carry(2),drops_stale,8.85,1.45861,20
S4,eta2,best_s2+carry(2),drops_colocated_switch,0,0,20
S4,eta2,best_s2+carry(2),tokens_consumed,1.62614e+07,195758,20
S4,eta2,best_s2+carry(2),tokens_dropped,253790,46407.8,20
S4,eta2,best_s2+carry(2),waste_frac,0.0153712,0.00279955,20
S4,eta2,best_s2+carry(2),length_bias,-0.0103016,0.00201385,20
S4,eta2,best_s2+carry(2),run_s,1168.35,10.6154,20
S4,eta2,best_s2+carry(2),gpu_idle_frac,0.306983,0.00140624,20
S4,eta2,best_s2+carry(2),verify_delay_mean_s,1.59526,0.0595944,20
S4,eta2,best_s2+carry(2),verify_delay_p95_s,6.58855,0.171817,20
S4,eta2,best_s2+carry(2),instants,30813,108.105,20
S4,eta2,best_s2+carry(2),policy_calls,30813,108.105,20
S4,eta2,best_s2+carry(2),violations,0,0,20
S4,eta2,best_s2+carry(2),J,0.674746,0.00702792,20
S4,eta2,best_s2+carry(2),window_s,1006.37,9.85676,20
S4,eta2,best_s2+carry(2),step_time_mean_s,47.9226,0.469369,20
S4,eta2,best_s2+carry(2),step_time_p95_s,68.3357,1.05597,20
S4,eta2,best_s2+carry(2),samples_per_s,10.6883,0.104848,20
S4,eta2,best_s2+carry(2),completed_tokens_per_s,14435.4,95.5552,20
S4,eta2,best_s2+carry(2),rollout_idle_frac,0,0,20
S4,eta2,best_s2+carry(2),gpu_gen_frac,0.489928,0.000118446,20
S4,eta2,best_s2+carry(2),gpu_overhead_frac,0.0205094,0.000201078,20
S4,eta2,best_s2+carry(2),gpu_train_frac,0.182579,0.00136334,20
S4,eta2,best_s2+carry(2),trainer_wait_frac,0.613965,0.00281247,20
S4,eta2,best_s2+carry(2),trainer_wait_mean_s,29.4254,0.367755,20
S4,eta2,best_s2+carry(2),straggler_mean_s,3.81746,0.212901,20
S4,eta2,best_s2+carry(2),straggler_p95_s,6.8783,0.727064,20
S4,eta2,best_s2+carry(2),staleness_mean,1.19267,0.0106161,20
S4,eta2,best_s2+carry(2),staleness_max,2,0,20
S4,eta2,best_s2+carry(2),stale_token_frac,0.951078,0.00241497,20
S4,eta2,best_s2+carry(2),batch_len_cv,0.354214,0.00947531,20
S4,eta2,best_s2+wait,groups_consumed,1536,0,20
S4,eta2,best_s2+wait,groups_dropped,0,0,20
S4,eta2,best_s2+wait,groups_unfinished,64,0,20
S4,eta2,best_s2+wait,drops_policy,0,0,20
S4,eta2,best_s2+wait,drops_stale,0,0,20
S4,eta2,best_s2+wait,drops_colocated_switch,0,0,20
S4,eta2,best_s2+wait,tokens_consumed,1.68219e+07,206274,20
S4,eta2,best_s2+wait,tokens_dropped,0,0,20
S4,eta2,best_s2+wait,waste_frac,0,0,20
S4,eta2,best_s2+wait,length_bias,0,0,20
S4,eta2,best_s2+wait,run_s,2058.44,27.6816,20
S4,eta2,best_s2+wait,gpu_idle_frac,0.479261,0.0065633,20
S4,eta2,best_s2+wait,verify_delay_mean_s,1.54639,0.0420889,20
S4,eta2,best_s2+wait,verify_delay_p95_s,6.4915,0.127901,20
S4,eta2,best_s2+wait,instants,29234.2,36.7159,20
S4,eta2,best_s2+wait,policy_calls,29234.2,36.7159,20
S4,eta2,best_s2+wait,violations,0,0,20
S4,eta2,best_s2+wait,J,1.17286,0.0249768,20
S4,eta2,best_s2+wait,window_s,1782.08,26.7217,20
S4,eta2,best_s2+wait,step_time_mean_s,84.861,1.27246,20
S4,eta2,best_s2+wait,step_time_p95_s,100.926,5.02189,20
S4,eta2,best_s2+wait,samples_per_s,6.03908,0.0875127,20
S4,eta2,best_s2+wait,completed_tokens_per_s,8149.17,99.6299,20
S4,eta2,best_s2+wait,rollout_idle_frac,0.175466,0.0106612,20
S4,eta2,best_s2+wait,gpu_gen_frac,0.402622,0.00521891,20
S4,eta2,best_s2+wait,gpu_overhead_frac,0.0155429,0.000227123,20
S4,eta2,best_s2+wait,gpu_train_frac,0.102574,0.0013006,20
S4,eta2,best_s2+wait,trainer_wait_frac,0.783057,0.00273331,20
S4,eta2,best_s2+wait,trainer_wait_mean_s,66.4627,1.18894,20
S4,eta2,best_s2+wait,straggler_mean_s,18.379,1.096,20
S4,eta2,best_s2+wait,straggler_p95_s,34.4815,4.1583,20
S4,eta2,best_s2+wait,staleness_mean,0.999814,0.000273843,20
S4,eta2,best_s2+wait,staleness_max,1,0,20
S4,eta2,best_s2+wait,stale_token_frac,0.999784,0.000312828,20
S4,eta2,best_s2+wait,batch_len_cv,0.108732,0.00986634,20
S4,eta2,online_adaptive+abort(1.25),groups_consumed,1536,0,20
S4,eta2,online_adaptive+abort(1.25),groups_dropped,365.15,4.82394,20
S4,eta2,online_adaptive+abort(1.25),groups_unfinished,69.7,2.74203,20
S4,eta2,online_adaptive+abort(1.25),drops_policy,365.15,4.82394,20
S4,eta2,online_adaptive+abort(1.25),drops_stale,0,0,20
S4,eta2,online_adaptive+abort(1.25),drops_colocated_switch,0,0,20
S4,eta2,online_adaptive+abort(1.25),tokens_consumed,1.26662e+07,181865,20
S4,eta2,online_adaptive+abort(1.25),tokens_dropped,6.45035e+06,105231,20
S4,eta2,online_adaptive+abort(1.25),waste_frac,0.337483,0.00534574,20
S4,eta2,online_adaptive+abort(1.25),length_bias,-0.243231,0.00668472,20
S4,eta2,online_adaptive+abort(1.25),run_s,1524.11,14.8943,20
S4,eta2,online_adaptive+abort(1.25),gpu_idle_frac,0.378285,0.00117285,20
S4,eta2,online_adaptive+abort(1.25),verify_delay_mean_s,1.48609,0.0555811,20
S4,eta2,online_adaptive+abort(1.25),verify_delay_p95_s,6.2268,0.174887,20
S4,eta2,online_adaptive+abort(1.25),instants,34082.8,95.9125,20
S4,eta2,online_adaptive+abort(1.25),policy_calls,34082.8,95.9125,20
S4,eta2,online_adaptive+abort(1.25),violations,0,0,20
S4,eta2,online_adaptive+abort(1.25),J,1.43876,0.0141245,20
S4,eta2,online_adaptive+abort(1.25),window_s,1316.6,14.8822,20
S4,eta2,online_adaptive+abort(1.25),step_time_mean_s,62.6953,0.708678,20
S4,eta2,online_adaptive+abort(1.25),step_time_p95_s,78.5393,1.46466,20
S4,eta2,online_adaptive+abort(1.25),samples_per_s,8.171,0.0921416,20
S4,eta2,online_adaptive+abort(1.25),completed_tokens_per_s,12506.1,76.5204,20
S4,eta2,online_adaptive+abort(1.25),rollout_idle_frac,0.0043372,0.0012261,20
S4,eta2,online_adaptive+abort(1.25),gpu_gen_frac,0.487733,0.000580961,20
S4,eta2,online_adaptive+abort(1.25),gpu_overhead_frac,0.0180777,0.000206127,20
S4,eta2,online_adaptive+abort(1.25),gpu_train_frac,0.115904,0.00104233,20
S4,eta2,online_adaptive+abort(1.25),trainer_wait_frac,0.752234,0.00217036,20
S4,eta2,online_adaptive+abort(1.25),trainer_wait_mean_s,47.1649,0.612798,20
S4,eta2,online_adaptive+abort(1.25),straggler_mean_s,9.90958,0.474932,20
S4,eta2,online_adaptive+abort(1.25),straggler_p95_s,17.2328,1.32788,20
S4,eta2,online_adaptive+abort(1.25),staleness_mean,0.973326,0.00332718,20
S4,eta2,online_adaptive+abort(1.25),staleness_max,1,0,20
S4,eta2,online_adaptive+abort(1.25),stale_token_frac,0.987978,0.00166661,20
S4,eta2,online_adaptive+abort(1.25),batch_len_cv,0.166929,0.0190199,20
S4,eta2,online_adaptive+abort(1.5),groups_consumed,1536,0,20
S4,eta2,online_adaptive+abort(1.5),groups_dropped,524.5,12.974,20
S4,eta2,online_adaptive+abort(1.5),groups_unfinished,67.3,2.13717,20
S4,eta2,online_adaptive+abort(1.5),drops_policy,524.5,12.974,20
S4,eta2,online_adaptive+abort(1.5),drops_stale,0,0,20
S4,eta2,online_adaptive+abort(1.5),drops_colocated_switch,0,0,20
S4,eta2,online_adaptive+abort(1.5),tokens_consumed,1.24869e+07,137976,20
S4,eta2,online_adaptive+abort(1.5),tokens_dropped,7.00236e+06,128320,20
S4,eta2,online_adaptive+abort(1.5),waste_frac,0.359227,0.00387201,20
S4,eta2,online_adaptive+abort(1.5),length_bias,-0.251944,0.00433414,20
S4,eta2,online_adaptive+abort(1.5),run_s,1501.89,16.5652,20
S4,eta2,online_adaptive+abort(1.5),gpu_idle_frac,0.375452,0.00101488,20
S4,eta2,online_adaptive+abort(1.5),verify_delay_mean_s,1.51168,0.0542318,20
S4,eta2,online_adaptive+abort(1.5),verify_delay_p95_s,6.25485,0.169428,20
S4,eta2,online_adaptive+abort(1.5),instants,35066.2,127.652,20
S4,eta2,online_adaptive+abort(1.5),policy_calls,35066.2,127.652,20
S4,eta2,online_adaptive+abort(1.5),violations,0,0,20
S4,eta2,online_adaptive+abort(1.5),J,1.46217,0.0115021,20
S4,eta2,online_adaptive+abort(1.5),window_s,1306.14,14.4512,20
S4,eta2,online_adaptive+abort(1.5),step_time_mean_s,62.1974,0.688152,20
S4,eta2,online_adaptive+abort(1.5),step_time_p95_s,78.7484,1.44391,20
S4,eta2,online_adaptive+abort(1.5),samples_per_s,8.2362,0.0904874,20
S4,eta2,online_adaptive+abort(1.5),completed_tokens_per_s,12798.9,90.335,20
S4,eta2,online_adaptive+abort(1.5),rollout_idle_frac,0.000288817,0.000134682,20
S4,eta2,online_adaptive+abort(1.5),gpu_gen_frac,0.489468,0.000161382,20
S4,eta2,online_adaptive+abort(1.5),gpu_overhead_frac,0.0184305,0.000215264,20
S4,eta2,online_adaptive+abort(1.5),gpu_train_frac,0.116649,0.00095519,20
S4,eta2,online_adaptive+abort(1.5),trainer_wait_frac,0.750615,0.00202787,20
S4,eta2,online_adaptive+abort(1.5),trainer_wait_mean_s,46.6904,0.611194,20
S4,eta2,online_adaptive+abort(1.5),straggler_mean_s,9.55126,0.386354,20
S4,eta2,online_adaptive+abort(1.5),straggler_p95_s,16.9687,0.934396,20
S4,eta2,online_adaptive+abort(1.5),staleness_mean,0.973363,0.002207,20
S4,eta2,online_adaptive+abort(1.5),staleness_max,1,0,20
S4,eta2,online_adaptive+abort(1.5),stale_token_frac,0.989109,0.00112528,20
S4,eta2,online_adaptive+abort(1.5),batch_len_cv,0.171562,0.0184988,20
S4,eta2,online_adaptive+abort(2),groups_consumed,1536,0,20
S4,eta2,online_adaptive+abort(2),groups_dropped,564.75,19.3867,20
S4,eta2,online_adaptive+abort(2),groups_unfinished,68.75,2.62508,20
S4,eta2,online_adaptive+abort(2),drops_policy,564.75,19.3867,20
S4,eta2,online_adaptive+abort(2),drops_stale,0,0,20
S4,eta2,online_adaptive+abort(2),drops_colocated_switch,0,0,20
S4,eta2,online_adaptive+abort(2),tokens_consumed,1.24973e+07,175930,20
S4,eta2,online_adaptive+abort(2),tokens_dropped,7.1615e+06,172651,20
S4,eta2,online_adaptive+abort(2),waste_frac,0.364187,0.005816,20
S4,eta2,online_adaptive+abort(2),length_bias,-0.25103,0.0067328,20
S4,eta2,online_adaptive+abort(2),run_s,1513.8,18.8507,20
S4,eta2,online_adaptive+abort(2),gpu_idle_frac,0.376928,0.00136661,20
S4,eta2,online_adaptive+abort(2),verify_delay_mean_s,1.49739,0.0575182,20
S4,eta2,online_adaptive+abort(2),verify_delay_p95_s,6.214,0.153098,20
S4,eta2,online_adaptive+abort(2),instants,35421.6,237.98,20
S4,eta2,online_adaptive+abort(2),policy_calls,35421.6,237.98,20
S4,eta2,online_adaptive+abort(2),violations,0,0,20
S4,eta2,online_adaptive+abort(2),J,1.47638,0.0163706,20
S4,eta2,online_adaptive+abort(2),window_s,1320.04,17.8137,20
S4,eta2,online_adaptive+abort(2),step_time_mean_s,62.8588,0.848269,20
S4,eta2,online_adaptive+abort(2),step_time_p95_s,78.9775,1.37377,20
S4,eta2,online_adaptive+abort(2),samples_per_s,8.15165,0.109594,20
S4,eta2,online_adaptive+abort(2),completed_tokens_per_s,12713.3,108.032,20
S4,eta2,online_adaptive+abort(2),rollout_idle_frac,9.24292e-05,1.55197e-05,20
S4,eta2,online_adaptive+abort(2),gpu_gen_frac,0.489621,0.000172561,20
S4,eta2,online_adaptive+abort(2),gpu_overhead_frac,0.0182935,0.000265945,20
S4,eta2,online_adaptive+abort(2),gpu_train_frac,0.115158,0.00128636,20
S4,eta2,online_adaptive+abort(2),trainer_wait_frac,0.753763,0.0027318,20
S4,eta2,online_adaptive+abort(2),trainer_wait_mean_s,47.3883,0.776921,20
S4,eta2,online_adaptive+abort(2),straggler_mean_s,9.97894,0.750171,20
S4,eta2,online_adaptive+abort(2),straggler_p95_s,18.0994,1.61944,20
S4,eta2,online_adaptive+abort(2),staleness_mean,0.974963,0.00399006,20
S4,eta2,online_adaptive+abort(2),staleness_max,1,0,20
S4,eta2,online_adaptive+abort(2),stale_token_frac,0.989353,0.00202724,20
S4,eta2,online_adaptive+abort(2),batch_len_cv,0.169594,0.0179047,20
S4,eta2,online_adaptive+carry(1.25),groups_consumed,1536,0,20
S4,eta2,online_adaptive+carry(1.25),groups_dropped,0.1,0.144052,20
S4,eta2,online_adaptive+carry(1.25),groups_unfinished,47.15,10.0186,20
S4,eta2,online_adaptive+carry(1.25),drops_policy,0,0,20
S4,eta2,online_adaptive+carry(1.25),drops_stale,0.1,0.144052,20
S4,eta2,online_adaptive+carry(1.25),drops_colocated_switch,0,0,20
S4,eta2,online_adaptive+carry(1.25),tokens_consumed,1.6609e+07,212589,20
S4,eta2,online_adaptive+carry(1.25),tokens_dropped,4755.8,6917.32,20
S4,eta2,online_adaptive+carry(1.25),waste_frac,0.00028747,0.000417269,20
S4,eta2,online_adaptive+carry(1.25),length_bias,-0.000222642,0.00032482,20
S4,eta2,online_adaptive+carry(1.25),run_s,1466.94,18.3065,20
S4,eta2,online_adaptive+carry(1.25),gpu_idle_frac,0.352501,0.00130801,20
S4,eta2,online_adaptive+carry(1.25),verify_delay_mean_s,1.47568,0.0345718,20
S4,eta2,online_adaptive+carry(1.25),verify_delay_p95_s,6.3904,0.115254,20
S4,eta2,online_adaptive+carry(1.25),instants,28262,136.467,20
S4,eta2,online_adaptive+carry(1.25),policy_calls,28262,136.467,20
S4,eta2,online_adaptive+carry(1.25),violations,0,0,20
S4,eta2,online_adaptive+carry(1.25),J,0.807845,0.0102401,20
S4,eta2,online_adaptive+carry(1.25),window_s,1261.45,18.4646,20
S4,eta2,online_adaptive+carry(1.25),step_time_mean_s,60.0693,0.879267,20
S4,eta2,online_adaptive+carry(1.25),step_time_p95_s,75.7904,1.96581,20
S4,eta2,online_adaptive+carry(1.25),samples_per_s,8.53119,0.121289,20
S4,eta2,online_adaptive+carry(1.25),completed_tokens_per_s,11492.1,67.4416,20
S4,eta2,online_adaptive+carry(1.25),rollout_idle_frac,0.0108229,0.00135671,20
S4,eta2,online_adaptive+carry(1.25),gpu_gen_frac,0.487808,0.000743493,20
S4,eta2,online_adaptive+carry(1.25),gpu_overhead_frac,0.0151116,0.000207196,20
S4,eta2,online_adaptive+carry(1.25),gpu_train_frac,0.14458,0.00119332,20
S4,eta2,online_adaptive+carry(1.25),trainer_wait_frac,0.694178,0.00256934,20
S4,eta2,online_adaptive+carry(1.25),trainer_wait_mean_s,41.7066,0.743553,20
S4,eta2,online_adaptive+carry(1.25),straggler_mean_s,7.69405,0.410883,20
S4,eta2,online_adaptive+carry(1.25),straggler_p95_s,12.5844,0.855946,20
S4,eta2,online_adaptive+carry(1.25),staleness_mean,0.891629,0.0156924,20
S4,eta2,online_adaptive+carry(1.25),staleness_max,2,0,20
S4,eta2,online_adaptive+carry(1.25),stale_token_frac,0.86685,0.00878792,20
S4,eta2,online_adaptive+carry(1.25),batch_len_cv,0.109641,0.0123832,20
S4,eta2,online_adaptive+carry(1.5),groups_consumed,1536,0,20
S4,eta2,online_adaptive+carry(1.5),groups_dropped,2.2,0.721858,20
S4,eta2,online_adaptive+carry(1.5),groups_unfinished,41.8,8.67054,20
S4,eta2,online_adaptive+carry(1.5),drops_policy,0,0,20
S4,eta2,online_adaptive+carry(1.5),drops_stale,2.2,0.721858,20
S4,eta2,online_adaptive+carry(1.5),drops_colocated_switch,0,0,20
S4,eta2,online_adaptive+carry(1.5),tokens_consumed,1.64308e+07,205907,20
S4,eta2,online_adaptive+carry(1.5),tokens_dropped,72245.6,24479.2,20
S4,eta2,online_adaptive+carry(1.5),waste_frac,0.00439644,0.00149373,20
S4,eta2,online_adaptive+carry(1.5),length_bias,-0.00306247,0.00108461,20
S4,eta2,online_adaptive+carry(1.5),run_s,1260.74,13.5988,20
S4,eta2,online_adaptive+carry(1.5),gpu_idle_frac,0.322066,0.0010985,20
S4,eta2,online_adaptive+carry(1.5),verify_delay_mean_s,1.47884,0.0371529,20
S4,eta2,online_adaptive+carry(1.5),verify_delay_p95_s,6.36725,0.125875,20
S4,eta2,online_adaptive+carry(1.5),instants,29051.5,118.87,20
S4,eta2,online_adaptive+carry(1.5),policy_calls,29051.5,118.87,20
S4,eta2,online_adaptive+carry(1.5),violations,0,0,20
S4,eta2,online_adaptive+carry(1.5),J,0.700514,0.00703447,20
S4,eta2,online_adaptive+carry(1.5),window_s,1080.12,12.7945,20
S4,eta2,online_adaptive+carry(1.5),step_time_mean_s,51.4344,0.609263,20
S4,eta2,online_adaptive+carry(1.5),step_time_p95_s,67.3372,1.83037,20
S4,eta2,online_adaptive+carry(1.5),samples_per_s,9.96046,0.117639,20
S4,eta2,online_adaptive+carry(1.5),completed_tokens_per_s,13390.7,79.3516,20
S4,eta2,online_adaptive+carry(1.5),rollout_idle_frac,0.00162515,0.000678859,20
S4,eta2,online_adaptive+carry(1.5),gpu_gen_frac,0.491176,0.000417547,20
S4,eta2,online_adaptive+carry(1.5),gpu_overhead_frac,0.0177383,0.00023055,20
S4,eta2,online_adaptive+carry(1.5),gpu_train_frac,0.169019,0.00111498,20
S4,eta2,online_adaptive+carry(1.5),trainer_wait_frac,0.642507,0.00237381,20
S4,eta2,online_adaptive+carry(1.5),trainer_wait_mean_s,33.0511,0.479714,20
S4,eta2,online_adaptive+carry(1.5),straggler_mean_s,4.35753,0.232976,20
S4,eta2,online_adaptive+carry(1.5),straggler_p95_s,7.43195,0.715336,20
S4,eta2,online_adaptive+carry(1.5),staleness_mean,0.99349,0.00611328,20
S4,eta2,online_adaptive+carry(1.5),staleness_max,2,0,20
S4,eta2,online_adaptive+carry(1.5),stale_token_frac,0.908593,0.00316449,20
S4,eta2,online_adaptive+carry(1.5),batch_len_cv,0.217157,0.0217992,20
S4,eta2,online_adaptive+carry(2),groups_consumed,1536,0,20
S4,eta2,online_adaptive+carry(2),groups_dropped,9.4,1.46748,20
S4,eta2,online_adaptive+carry(2),groups_unfinished,47.95,5.12341,20
S4,eta2,online_adaptive+carry(2),drops_policy,0,0,20
S4,eta2,online_adaptive+carry(2),drops_stale,9.4,1.46748,20
S4,eta2,online_adaptive+carry(2),drops_colocated_switch,0,0,20
S4,eta2,online_adaptive+carry(2),tokens_consumed,1.62663e+07,198870,20
S4,eta2,online_adaptive+carry(2),tokens_dropped,258253,44461.8,20
S4,eta2,online_adaptive+carry(2),waste_frac,0.0156413,0.00268467,20
S4,eta2,online_adaptive+carry(2),length_bias,-0.0102357,0.00185401,20
S4,eta2,online_adaptive+carry(2),run_s,1166.45,10.4798,20
S4,eta2,online_adaptive+carry(2),gpu_idle_frac,0.306612,0.00136265,20
S4,eta2,online_adaptive+carry(2),verify_delay_mean_s,1.6111,0.0591032,20
S4,eta2,online_adaptive+carry(2),verify_delay_p95_s,6.6252,0.198175,20
S4,eta2,online_adaptive+carry(2),instants,30835.8,93.2279,20
S4,eta2,online_adaptive+carry(2),policy_calls,30835.8,93.2279,20
S4,eta2,online_adaptive+carry(2),violations,0,0,20
S4,eta2,online_adaptive+carry(2),J,0.674433,0.00659354,20
S4,eta2,online_adaptive+carry(2),window_s,1004.65,10.1273,20
S4,eta2,online_adaptive+carry(2),step_time_mean_s,47.8403,0.482253,20
S4,eta2,online_adaptive+carry(2),step_time_p95_s,68.8719,1.13267,20
S4,eta2,online_adaptive+carry(2),samples_per_s,10.707,0.107188,20
S4,eta2,online_adaptive+carry(2),completed_tokens_per_s,14477.8,91.9886,20
S4,eta2,online_adaptive+carry(2),rollout_idle_frac,0,0,20
S4,eta2,online_adaptive+carry(2),gpu_gen_frac,0.489905,0.000114362,20
S4,eta2,online_adaptive+carry(2),gpu_overhead_frac,0.0205511,0.000203037,20
S4,eta2,online_adaptive+carry(2),gpu_train_frac,0.182932,0.00131676,20
S4,eta2,online_adaptive+carry(2),trainer_wait_frac,0.613224,0.00272529,20
S4,eta2,online_adaptive+carry(2),trainer_wait_mean_s,29.3395,0.375845,20
S4,eta2,online_adaptive+carry(2),straggler_mean_s,3.88329,0.254365,20
S4,eta2,online_adaptive+carry(2),straggler_p95_s,7.0745,0.713187,20
S4,eta2,online_adaptive+carry(2),staleness_mean,1.19423,0.0116475,20
S4,eta2,online_adaptive+carry(2),staleness_max,2,0,20
S4,eta2,online_adaptive+carry(2),stale_token_frac,0.95165,0.00275834,20
S4,eta2,online_adaptive+carry(2),batch_len_cv,0.354512,0.00916048,20
S4,eta2,online_adaptive+wait,groups_consumed,1536,0,20
S4,eta2,online_adaptive+wait,groups_dropped,0,0,20
S4,eta2,online_adaptive+wait,groups_unfinished,64,0,20
S4,eta2,online_adaptive+wait,drops_policy,0,0,20
S4,eta2,online_adaptive+wait,drops_stale,0,0,20
S4,eta2,online_adaptive+wait,drops_colocated_switch,0,0,20
S4,eta2,online_adaptive+wait,tokens_consumed,1.68219e+07,206274,20
S4,eta2,online_adaptive+wait,tokens_dropped,0,0,20
S4,eta2,online_adaptive+wait,waste_frac,0,0,20
S4,eta2,online_adaptive+wait,length_bias,0,0,20
S4,eta2,online_adaptive+wait,run_s,2059.85,28.2221,20
S4,eta2,online_adaptive+wait,gpu_idle_frac,0.479763,0.00662796,20
S4,eta2,online_adaptive+wait,verify_delay_mean_s,1.54608,0.041968,20
S4,eta2,online_adaptive+wait,verify_delay_p95_s,6.49115,0.128552,20
S4,eta2,online_adaptive+wait,instants,29235.8,32.1482,20
S4,eta2,online_adaptive+wait,policy_calls,29235.8,32.1482,20
S4,eta2,online_adaptive+wait,violations,0,0,20
S4,eta2,online_adaptive+wait,J,1.17228,0.02552,20
S4,eta2,online_adaptive+wait,window_s,1783.12,27.3658,20
S4,eta2,online_adaptive+wait,step_time_mean_s,84.9105,1.30313,20
S4,eta2,online_adaptive+wait,step_time_p95_s,100.978,5.15861,20
S4,eta2,online_adaptive+wait,samples_per_s,6.03583,0.0894688,20
S4,eta2,online_adaptive+wait,completed_tokens_per_s,8144.62,100.099,20
S4,eta2,online_adaptive+wait,rollout_idle_frac,0.17635,0.0107305,20
S4,eta2,online_adaptive+wait,gpu_gen_frac,0.402118,0.00524455,20
S4,eta2,online_adaptive+wait,gpu_overhead_frac,0.0156009,0.000235198,20
S4,eta2,online_adaptive+wait,gpu_train_frac,0.102518,0.00132088,20
S4,eta2,online_adaptive+wait,trainer_wait_frac,0.783176,0.00277865,20
S4,eta2,online_adaptive+wait,trainer_wait_mean_s,66.5122,1.21839,20
S4,eta2,online_adaptive+wait,straggler_mean_s,18.4009,1.10017,20
S4,eta2,online_adaptive+wait,straggler_p95_s,33.9476,4.16281,20
S4,eta2,online_adaptive+wait,staleness_mean,0.999814,0.000273843,20
S4,eta2,online_adaptive+wait,staleness_max,1,0,20
S4,eta2,online_adaptive+wait,stale_token_frac,0.999765,0.000338716,20
S4,eta2,online_adaptive+wait,batch_len_cv,0.108732,0.00986634,20
S4,eta2,reference,groups_consumed,1536,0,20
S4,eta2,reference,groups_dropped,0,0,20
S4,eta2,reference,groups_unfinished,64,0,20
S4,eta2,reference,drops_policy,0,0,20
S4,eta2,reference,drops_stale,0,0,20
S4,eta2,reference,drops_colocated_switch,0,0,20
S4,eta2,reference,tokens_consumed,1.65257e+07,210510,20
S4,eta2,reference,tokens_dropped,0,0,20
S4,eta2,reference,waste_frac,0,0,20
S4,eta2,reference,length_bias,0,0,20
S4,eta2,reference,run_s,2429.84,57.8648,20
S4,eta2,reference,gpu_idle_frac,0.584504,0.00856847,20
S4,eta2,reference,verify_delay_mean_s,1.55231,0.0449441,20
S4,eta2,reference,verify_delay_p95_s,6.5242,0.138527,20
S4,eta2,reference,instants,25998,40.9571,20
S4,eta2,reference,policy_calls,25998,40.9571,20
S4,eta2,reference,violations,0,0,20
S4,eta2,reference,J,1.46627,0.0395808,20
S4,eta2,reference,window_s,2125.05,49.7237,20
S4,eta2,reference,step_time_mean_s,101.193,2.36779,20
S4,eta2,reference,step_time_p95_s,143.172,4.70608,20
S4,eta2,reference,samples_per_s,5.07148,0.116873,20
S4,eta2,reference,completed_tokens_per_s,6827.54,150.714,20
S4,eta2,reference,rollout_idle_frac,0.350653,0.0134049,20
S4,eta2,reference,gpu_gen_frac,0.321293,0.00663826,20
S4,eta2,reference,gpu_overhead_frac,0.0083332,0.000190504,20
S4,eta2,reference,gpu_train_frac,0.0858698,0.00185982,20
S4,eta2,reference,trainer_wait_frac,0.818355,0.00392846,20
S4,eta2,reference,trainer_wait_mean_s,82.849,2.32315,20
S4,eta2,reference,straggler_mean_s,31.7882,2.21304,20
S4,eta2,reference,straggler_p95_s,65.6312,5.85624,20
S4,eta2,reference,staleness_mean,0.99308,0.00133248,20
S4,eta2,reference,staleness_max,1,0,20
S4,eta2,reference,stale_token_frac,0.988175,0.00164191,20
S4,eta2,reference,batch_len_cv,0.105975,0.00664093,20
S5,servers16,best_s2+v_fifo,groups_consumed,1536,0,20
S5,servers16,best_s2+v_fifo,groups_dropped,0,0,20
S5,servers16,best_s2+v_fifo,groups_unfinished,64,0,20
S5,servers16,best_s2+v_fifo,drops_policy,0,0,20
S5,servers16,best_s2+v_fifo,drops_stale,0,0,20
S5,servers16,best_s2+v_fifo,drops_colocated_switch,0,0,20
S5,servers16,best_s2+v_fifo,tokens_consumed,1.79942e+07,224119,20
S5,servers16,best_s2+v_fifo,tokens_dropped,0,0,20
S5,servers16,best_s2+v_fifo,waste_frac,0,0,20
S5,servers16,best_s2+v_fifo,length_bias,0,0,20
S5,servers16,best_s2+v_fifo,run_s,2357.19,27.4541,20
S5,servers16,best_s2+v_fifo,gpu_idle_frac,0.524539,0.00730554,20
S5,servers16,best_s2+v_fifo,verify_delay_mean_s,19.4829,0.397526,20
S5,servers16,best_s2+v_fifo,verify_delay_p95_s,39.4733,0.936354,20
S5,servers16,best_s2+v_fifo,instants,29283.1,25.2179,20
S5,servers16,best_s2+v_fifo,policy_calls,29283.1,25.2179,20
S5,servers16,best_s2+v_fifo,violations,0,0,20
S5,servers16,best_s2+v_fifo,J,1.25044,0.0213776,20
S5,servers16,best_s2+v_fifo,window_s,2046.04,27.2584,20
S5,servers16,best_s2+v_fifo,step_time_mean_s,97.4303,1.29802,20
S5,servers16,best_s2+v_fifo,step_time_p95_s,119.624,3.52657,20
S5,servers16,best_s2+v_fifo,samples_per_s,5.25913,0.0709526,20
S5,servers16,best_s2+v_fifo,completed_tokens_per_s,7596.24,144.23,20
S5,servers16,best_s2+v_fifo,rollout_idle_frac,0.25505,0.0116384,20
S5,servers16,best_s2+v_fifo,gpu_gen_frac,0.362906,0.00571726,20
S5,servers16,best_s2+v_fifo,gpu_overhead_frac,0.0147047,0.00018086,20
S5,servers16,best_s2+v_fifo,gpu_train_frac,0.0978506,0.00153968,20
S5,servers16,best_s2+v_fifo,trainer_wait_frac,0.794027,0.00319203,20
S5,servers16,best_s2+v_fifo,trainer_wait_mean_s,77.3771,1.29823,20
S5,servers16,best_s2+v_fifo,straggler_mean_s,18.5097,1.33915,20
S5,servers16,best_s2+v_fifo,straggler_p95_s,38.1496,3.81107,20
S5,servers16,best_s2+v_fifo,staleness_mean,0.999814,0.000317047,20
S5,servers16,best_s2+v_fifo,staleness_max,1,0,20
S5,servers16,best_s2+v_fifo,stale_token_frac,0.999823,0.000329236,20
S5,servers16,best_s2+v_fifo,batch_len_cv,0.107528,0.00940871,20
S5,servers16,best_s2+v_group_first,groups_consumed,1536,0,20
S5,servers16,best_s2+v_group_first,groups_dropped,0,0,20
S5,servers16,best_s2+v_group_first,groups_unfinished,64,0,20
S5,servers16,best_s2+v_group_first,drops_policy,0,0,20
S5,servers16,best_s2+v_group_first,drops_stale,0,0,20
S5,servers16,best_s2+v_group_first,drops_colocated_switch,0,0,20
S5,servers16,best_s2+v_group_first,tokens_consumed,1.79942e+07,224119,20
S5,servers16,best_s2+v_group_first,tokens_dropped,0,0,20
S5,servers16,best_s2+v_group_first,waste_frac,0,0,20
S5,servers16,best_s2+v_group_first,length_bias,0,0,20
S5,servers16,best_s2+v_group_first,run_s,2355.48,30.8727,20
S5,servers16,best_s2+v_group_first,gpu_idle_frac,0.523667,0.0078483,20
S5,servers16,best_s2+v_group_first,verify_delay_mean_s,19.3118,0.39484,20
S5,servers16,best_s2+v_group_first,verify_delay_p95_s,47.5838,0.990303,20
S5,servers16,best_s2+v_group_first,instants,29276.7,23.6214,20
S5,servers16,best_s2+v_group_first,policy_calls,29276.7,23.6214,20
S5,servers16,best_s2+v_group_first,violations,0,0,20
S5,servers16,best_s2+v_group_first,J,1.25504,0.0238703,20
S5,servers16,best_s2+v_group_first,window_s,2042.72,32.0294,20
S5,servers16,best_s2+v_group_first,step_time_mean_s,97.2722,1.52521,20
S5,servers16,best_s2+v_group_first,step_time_p95_s,120.106,3.63355,20
S5,servers16,best_s2+v_group_first,samples_per_s,5.26922,0.0830313,20
S5,servers16,best_s2+v_group_first,completed_tokens_per_s,7609.61,143.155,20
S5,servers16,best_s2+v_group_first,rollout_idle_frac,0.25368,0.0125972,20
S5,servers16,best_s2+v_group_first,gpu_gen_frac,0.363561,0.00617841,20
S5,servers16,best_s2+v_group_first,gpu_overhead_frac,0.0147453,0.000214155,20
S5,servers16,best_s2+v_group_first,gpu_train_frac,0.0980267,0.00158081,20
S5,servers16,best_s2+v_group_first,trainer_wait_frac,0.793655,0.00329751,20
S5,servers16,best_s2+v_group_first,trainer_wait_mean_s,77.219,1.49095,20
S5,servers16,best_s2+v_group_first,straggler_mean_s,19.3824,1.34382,20
S5,servers16,best_s2+v_group_first,straggler_p95_s,40.9653,3.5759,20
S5,servers16,best_s2+v_group_first,staleness_mean,0.999814,0.000317047,20
S5,servers16,best_s2+v_group_first,staleness_max,1,0,20
S5,servers16,best_s2+v_group_first,stale_token_frac,0.999823,0.000329236,20
S5,servers16,best_s2+v_group_first,batch_len_cv,0.107528,0.00940871,20
S5,servers16,best_s2+v_shortest_first,groups_consumed,1536,0,20
S5,servers16,best_s2+v_shortest_first,groups_dropped,0,0,20
S5,servers16,best_s2+v_shortest_first,groups_unfinished,64,0,20
S5,servers16,best_s2+v_shortest_first,drops_policy,0,0,20
S5,servers16,best_s2+v_shortest_first,drops_stale,0,0,20
S5,servers16,best_s2+v_shortest_first,drops_colocated_switch,0,0,20
S5,servers16,best_s2+v_shortest_first,tokens_consumed,1.79942e+07,224119,20
S5,servers16,best_s2+v_shortest_first,tokens_dropped,0,0,20
S5,servers16,best_s2+v_shortest_first,waste_frac,0,0,20
S5,servers16,best_s2+v_shortest_first,length_bias,0,0,20
S5,servers16,best_s2+v_shortest_first,run_s,2358.35,27.4551,20
S5,servers16,best_s2+v_shortest_first,gpu_idle_frac,0.524767,0.00729674,20
S5,servers16,best_s2+v_shortest_first,verify_delay_mean_s,15.0858,0.39012,20
S5,servers16,best_s2+v_shortest_first,verify_delay_p95_s,39.1927,0.894742,20
S5,servers16,best_s2+v_shortest_first,instants,29290.3,27.9839,20
S5,servers16,best_s2+v_shortest_first,policy_calls,29290.3,27.9839,20
S5,servers16,best_s2+v_shortest_first,violations,0,0,20
S5,servers16,best_s2+v_shortest_first,J,1.25103,0.0215051,20
S5,servers16,best_s2+v_shortest_first,window_s,2047.02,27.2863,20
S5,servers16,best_s2+v_shortest_first,step_time_mean_s,97.4771,1.29935,20
S5,servers16,best_s2+v_shortest_first,step_time_p95_s,119.688,3.5223,20
S5,servers16,best_s2+v_shortest_first,samples_per_s,5.25661,0.070956,20
S5,servers16,best_s2+v_shortest_first,completed_tokens_per_s,7592.58,143.905,20
S5,servers16,best_s2+v_shortest_first,rollout_idle_frac,0.255409,0.0116283,20
S5,servers16,best_s2+v_shortest_first,gpu_gen_frac,0.362732,0.00571222,20
S5,servers16,best_s2+v_shortest_first,gpu_overhead_frac,0.0146973,0.00018078,20
S5,servers16,best_s2+v_shortest_first,gpu_train_frac,0.0978035,0.00153601,20
S5,servers16,best_s2+v_shortest_first,trainer_wait_frac,0.794126,0.00318462,20
S5,servers16,best_s2+v_shortest_first,trainer_wait_mean_s,77.4239,1.2988,20
S5,servers16,best_s2+v_shortest_first,straggler_mean_s,18.5437,1.34105,20
S5,servers16,best_s2+v_shortest_first,straggler_p95_s,38.1696,3.85168,20
S5,servers16,best_s2+v_shortest_first,staleness_mean,0.999814,0.000317047,20
S5,servers16,best_s2+v_shortest_first,staleness_max,1,0,20
S5,servers16,best_s2+v_shortest_first,stale_token_frac,0.999823,0.000329236,20
S5,servers16,best_s2+v_shortest_first,batch_len_cv,0.107528,0.00940871,20
S5,servers16,reference,groups_consumed,1536,0,20
S5,servers16,reference,groups_dropped,0,0,20
S5,servers16,reference,groups_unfinished,64,0,20
S5,servers16,reference,drops_policy,0,0,20
S5,servers16,reference,drops_stale,0,0,20
S5,servers16,reference,drops_colocated_switch,0,0,20
S5,servers16,reference,tokens_consumed,1.76762e+07,227485,20
S5,servers16,reference,tokens_dropped,0,0,20
S5,servers16,reference,waste_frac,0,0,20
S5,servers16,reference,length_bias,0,0,20
S5,servers16,reference,run_s,2642.82,53.4162,20
S5,servers16,reference,gpu_idle_frac,0.596702,0.00783502,20
S5,servers16,reference,verify_delay_mean_s,18.8745,0.376092,20
S5,servers16,reference,verify_delay_p95_s,38.6309,1.01808,20
S5,servers16,reference,instants,25999.9,28.1153,20
S5,servers16,reference,policy_calls,25999.9,28.1153,20
S5,servers16,reference,violations,0,0,20
S5,servers16,reference,J,1.45905,0.0339849,20
S5,servers16,reference,window_s,2310.16,44.9733,20
S5,servers16,reference,step_time_mean_s,110.007,2.14159,20
S5,servers16,reference,step_time_p95_s,146.544,4.67833,20
S5,servers16,reference,samples_per_s,4.66217,0.0941538,20
S5,servers16,reference,completed_tokens_per_s,6714.65,143.202,20
S5,servers16,reference,rollout_idle_frac,0.375421,0.0122114,20
S5,servers16,reference,gpu_gen_frac,0.309067,0.00605416,20
S5,servers16,reference,gpu_overhead_frac,0.00777574,0.000156203,20
S5,servers16,reference,gpu_train_frac,0.0864556,0.00175334,20
S5,servers16,reference,trainer_wait_frac,0.817983,0.00367258,20
S5,servers16,reference,trainer_wait_mean_s,90.0151,2.11273,20
S5,servers16,reference,straggler_mean_s,30.0721,2.12199,20
S5,servers16,reference,straggler_p95_s,62.5473,5.93292,20
S5,servers16,reference,staleness_mean,0.993043,0.00118642,20
S5,servers16,reference,staleness_max,1,0,20
S5,servers16,reference,stale_token_frac,0.987875,0.00174304,20
S5,servers16,reference,batch_len_cv,0.105309,0.00643815,20
S5,servers32,best_s2+v_fifo,groups_consumed,1536,0,20
S5,servers32,best_s2+v_fifo,groups_dropped,0,0,20
S5,servers32,best_s2+v_fifo,groups_unfinished,64,0,20
S5,servers32,best_s2+v_fifo,drops_policy,0,0,20
S5,servers32,best_s2+v_fifo,drops_stale,0,0,20
S5,servers32,best_s2+v_fifo,drops_colocated_switch,0,0,20
S5,servers32,best_s2+v_fifo,tokens_consumed,1.79942e+07,224119,20
S5,servers32,best_s2+v_fifo,tokens_dropped,0,0,20
S5,servers32,best_s2+v_fifo,waste_frac,0,0,20
S5,servers32,best_s2+v_fifo,length_bias,0,0,20
S5,servers32,best_s2+v_fifo,run_s,2177.23,27.3938,20
S5,servers32,best_s2+v_fifo,gpu_idle_frac,0.483676,0.00709119,20
S5,servers32,best_s2+v_fifo,verify_delay_mean_s,4.45981,0.157795,20
S5,servers32,best_s2+v_fifo,verify_delay_p95_s,12.0743,0.359412,20
S5,servers32,best_s2+v_fifo,instants,29277.3,30.6522,20
S5,servers32,best_s2+v_fifo,policy_calls,29277.3,30.6522,20
S5,servers32,best_s2+v_fifo,violations,0,0,20
S5,servers32,best_s2+v_fifo,J,1.17731,0.0227077,20
S5,servers32,best_s2+v_fifo,window_s,1883.68,25.7386,20
S5,servers32,best_s2+v_fifo,step_time_mean_s,89.6991,1.22565,20
S5,servers32,best_s2+v_fifo,step_time_p95_s,105.968,3.9685,20
S5,servers32,best_s2+v_fifo,samples_per_s,5.71249,0.0763276,20
S5,servers32,best_s2+v_fifo,completed_tokens_per_s,8249.24,133.086,20
S5,servers32,best_s2+v_fifo,rollout_idle_frac,0.191056,0.011375,20
S5,servers32,best_s2+v_fifo,gpu_gen_frac,0.39415,0.00557226,20
S5,servers32,best_s2+v_fifo,gpu_overhead_frac,0.0159007,0.00020823,20
S5,servers32,best_s2+v_fifo,gpu_train_frac,0.106273,0.0014737,20
S5,servers32,best_s2+v_fifo,trainer_wait_frac,0.776297,0.00306369,20
S5,servers32,best_s2+v_fifo,trainer_wait_mean_s,69.6459,1.18361,20
S5,servers32,best_s2+v_fifo,straggler_mean_s,18.1108,1.21419,20
S5,servers32,best_s2+v_fifo,straggler_p95_s,33.4522,4.06964,20
S5,servers32,best_s2+v_fifo,staleness_mean,0.999814,0.000317047,20
S5,servers32,best_s2+v_fifo,staleness_max,1,0,20
S5,servers32,best_s2+v_fifo,stale_token_frac,0.999832,0.000309367,20
S5,servers32,best_s2+v_fifo,batch_len_cv,0.107528,0.00940871,20
S5,servers32,best_s2+v_group_first,groups_consumed,1536,0,20
S5,servers32,best_s2+v_group_first,groups_dropped,0,0,20
S5,servers32,best_s2+v_group_first,groups_unfinished,64,0,20
S5,servers32,best_s2+v_group_first,drops_policy,0,0,20
S5,servers32,best_s2+v_group_first,drops_stale,0,0,20
S5,servers32,best_s2+v_group_first,drops_colocated_switch,0,0,20
S5,servers32,best_s2+v_group_first,tokens_consumed,1.79942e+07,224119,20
S5,servers32,best_s2+v_group_first,tokens_dropped,0,0,20
S5,servers32,best_s2+v_group_first,waste_frac,0,0,20
S5,servers32,best_s2+v_group_first,length_bias,0,0,20
S5,servers32,best_s2+v_group_first,run_s,2178.06,28.0092,20
S5,servers32,best_s2+v_group_first,gpu_idle_frac,0.483925,0.0072735,20
S5,servers32,best_s2+v_group_first,verify_delay_mean_s,4.39234,0.158764,20
S5,servers32,best_s2+v_group_first,verify_delay_p95_s,14.4125,0.460342,20
S5,servers32,best_s2+v_group_first,instants,29270.4,29.7422,20
S5,servers32,best_s2+v_group_first,policy_calls,29270.4,29.7422,20
S5,servers32,best_s2+v_group_first,violations,0,0,20
S5,servers32,best_s2+v_group_first,J,1.17779,0.0230088,20
S5,servers32,best_s2+v_group_first,window_s,1884.67,26.3879,20
S5,servers32,best_s2+v_group_first,step_time_mean_s,89.7461,1.25657,20
S5,servers32,best_s2+v_group_first,step_time_p95_s,105.968,3.9685,20
S5,servers32,best_s2+v_group_first,samples_per_s,5.70972,0.0780747,20
S5,servers32,best_s2+v_group_first,completed_tokens_per_s,8245.27,135.527,20
S5,servers32,best_s2+v_group_first,rollout_idle_frac,0.191445,0.0116646,20
S5,servers32,best_s2+v_group_first,gpu_gen_frac,0.393961,0.00571366,20
S5,servers32,best_s2+v_group_first,gpu_overhead_frac,0.015893,0.000212847,20
S5,servers32,best_s2+v_group_first,gpu_train_frac,0.106221,0.00150548,20
S5,servers32,best_s2+v_group_first,trainer_wait_frac,0.776405,0.00313144,20
S5,servers32,best_s2+v_group_first,trainer_wait_mean_s,69.6929,1.21559,20
S5,servers32,best_s2+v_group_first,straggler_mean_s,18.1279,1.22579,20
S5,servers32,best_s2+v_group_first,straggler_p95_s,33.414,4.05765,20
S5,servers32,best_s2+v_group_first,staleness_mean,0.999814,0.000317047,20
S5,servers32,best_s2+v_group_first,staleness_max,1,0,20
S5,servers32,best_s2+v_group_first,stale_token_frac,0.999832,0.000309367,20
S5,servers32,best_s2+v_group_first,batch_len_cv,0.107528,0.00940871,20
S5,servers32,best_s2+v_shortest_first,groups_consumed,1536,0,20
S5,servers32,best_s2+v_shortest_first,groups_dropped,0,0,20
S5,servers32,best_s2+v_shortest_first,groups_unfinished,64,0,20
S5,servers32,best_s2+v_shortest_first,drops_policy,0,0,20
S5,servers32,best_s2+v_shortest_first,drops_stale,0,0,20
S5,servers32,best_s2+v_shortest_first,drops_colocated_switch,0,0,20
S5,servers32,best_s2+v_shortest_first,tokens_consumed,1.79942e+07,224119,20
S5,servers32,best_s2+v_shortest_first,tokens_dropped,0,0,20
S5,servers32,best_s2+v_shortest_first,waste_frac,0,0,20
S5,servers32,best_s2+v_shortest_first,length_bias,0,0,20
S5,servers32,best_s2+v_shortest_first,run_s,2177.26,27.4121,20
S5,servers32,best_s2+v_shortest_first,gpu_idle_frac,0.483685,0.00709533,20
S5,servers32,best_s2+v_shortest_first,verify_delay_mean_s,3.93486,0.131685,20
S5,servers32,best_s2+v_shortest_first,verify_delay_p95_s,12.1483,0.351501,20
S5,servers32,best_s2+v_shortest_first,instants,29273.9,29.4549,20
S5,servers32,best_s2+v_shortest_first,policy_calls,29273.9,29.4549,20
S5,servers32,best_s2+v_shortest_first,violations,0,0,20
S5,servers32,best_s2+v_shortest_first,J,1.1773,0.0227249,20
S5,servers32,best_s2+v_shortest_first,window_s,1883.71,25.7548,20
S5,servers32,best_s2+v_shortest_first,step_time_mean_s,89.7007,1.22642,20
S5,servers32,best_s2+v_shortest_first,step_time_p95_s,105.968,3.9685,20
S5,servers32,best_s2+v_shortest_first,samples_per_s,5.7124,0.0763703,20
S5,servers32,best_s2+v_shortest_first,completed_tokens_per_s,8249.11,133.136,20
S5,servers32,best_s2+v_shortest_first,rollout_idle_frac,0.191069,0.0113816,20
S5,servers32,best_s2+v_shortest_first,gpu_gen_frac,0.394144,0.00557548,20
S5,servers32,best_s2+v_shortest_first,gpu_overhead_frac,0.0159004,0.000208355,20
S5,servers32,best_s2+v_shortest_first,gpu_train_frac,0.106271,0.0014744,20
S5,servers32,best_s2+v_shortest_first,trainer_wait_frac,0.7763,0.00306518,20
S5,servers32,best_s2+v_shortest_first,trainer_wait_mean_s,69.6475,1.18442,20
S5,servers32,best_s2+v_shortest_first,straggler_mean_s,18.109,1.21495,20
S5,servers32,best_s2+v_shortest_first,straggler_p95_s,33.4422,4.07193,20
S5,servers32,best_s2+v_shortest_first,staleness_mean,0.999814,0.000317047,20
S5,servers32,best_s2+v_shortest_first,staleness_max,1,0,20
S5,servers32,best_s2+v_shortest_first,stale_token_frac,0.999832,0.000309367,20
S5,servers32,best_s2+v_shortest_first,batch_len_cv,0.107528,0.00940871,20
S5,servers32,reference,groups_consumed,1536,0,20
S5,servers32,reference,groups_dropped,0,0,20
S5,servers32,reference,groups_unfinished,64,0,20
S5,servers32,reference,drops_policy,0,0,20
S5,servers32,reference,drops_stale,0,0,20
S5,servers32,reference,drops_colocated_switch,0,0,20
S5,servers32,reference,tokens_consumed,1.76762e+07,227485,20
S5,servers32,reference,tokens_dropped,0,0,20
S5,servers32,reference,waste_frac,0,0,20
S5,servers32,reference,length_bias,0,0,20
S5,servers32,reference,run_s,2552.43,55.0151,20
S5,servers32,reference,gpu_idle_frac,0.582599,0.0072479,20
S5,servers32,reference,verify_delay_mean_s,4.38337,0.123565,20
S5,servers32,reference,verify_delay_p95_s,12.0381,0.364338,20
S5,servers32,reference,instants,26023,32.5384,20
S5,servers32,reference,policy_calls,26023,32.5384,20
S5,servers32,reference,violations,0,0,20
S5,servers32,reference,J,1.45941,0.0343847,20
S5,servers32,reference,window_s,2231.73,43.5967,20
S5,servers32,reference,step_time_mean_s,106.273,2.07603,20
S5,servers32,reference,step_time_p95_s,146.544,4.67833,20
S5,servers32,reference,samples_per_s,4.82589,0.0958366,20
S5,servers32,reference,completed_tokens_per_s,6949.3,133.476,20
S5,servers32,reference,rollout_idle_frac,0.353584,0.0112755,20
S5,servers32,reference,gpu_gen_frac,0.319872,0.00558693,20
S5,servers32,reference,gpu_overhead_frac,0.00804877,0.000158699,20
S5,servers32,reference,gpu_train_frac,0.08948,0.00164942,20
S5,servers32,reference,trainer_wait_frac,0.811614,0.00346627,20
S5,servers32,reference,trainer_wait_mean_s,86.2807,2.01628,20
S5,servers32,reference,straggler_mean_s,32.3976,2.07932,20
S5,servers32,reference,straggler_p95_s,64.7048,5.87348,20
S5,servers32,reference,staleness_mean,0.993043,0.00118642,20
S5,servers32,reference,staleness_max,1,0,20
S5,servers32,reference,stale_token_frac,0.987875,0.00174304,20
S5,servers32,reference,batch_len_cv,0.105309,0.00643815,20
S5,servers4,best_s2+v_fifo,groups_consumed,1536,0,20
S5,servers4,best_s2+v_fifo,groups_dropped,0,0,20
S5,servers4,best_s2+v_fifo,groups_unfinished,64,0,20
S5,servers4,best_s2+v_fifo,drops_policy,0,0,20
S5,servers4,best_s2+v_fifo,drops_stale,0,0,20
S5,servers4,best_s2+v_fifo,drops_colocated_switch,0,0,20
S5,servers4,best_s2+v_fifo,tokens_consumed,1.79942e+07,224119,20
S5,servers4,best_s2+v_fifo,tokens_dropped,0,0,20
S5,servers4,best_s2+v_fifo,waste_frac,0,0,20
S5,servers4,best_s2+v_fifo,length_bias,0,0,20
S5,servers4,best_s2+v_fifo,run_s,7499.19,85.3332,20
S5,servers4,best_s2+v_fifo,gpu_idle_frac,0.851423,0.00210578,20
S5,servers4,best_s2+v_fifo,verify_delay_mean_s,129.347,1.72696,20
S5,servers4,best_s2+v_fifo,verify_delay_p95_s,248.585,3.98925,20
S5,servers4,best_s2+v_fifo,instants,29296,19.9127,20
S5,servers4,best_s2+v_fifo,policy_calls,29296,19.9127,20
S5,servers4,best_s2+v_fifo,violations,0,0,20
S5,servers4,best_s2+v_fifo,J,1.4732,0.0145488,20
S5,servers4,best_s2+v_fifo,window_s,6547.29,81.833,20
S5,servers4,best_s2+v_fifo,step_time_mean_s,311.776,3.89681,20
S5,servers4,best_s2+v_fifo,step_time_p95_s,355.742,5.5999,20
S5,servers4,best_s2+v_fifo,samples_per_s,1.6433,0.0202001,20
S5,servers4,best_s2+v_fifo,completed_tokens_per_s,2373.33,40.0107,20
S5,servers4,best_s2+v_fifo,rollout_idle_frac,0.767199,0.00345908,20
S5,servers4,best_s2+v_fifo,gpu_gen_frac,0.1134,0.00170066,20
S5,servers4,best_s2+v_fifo,gpu_overhead_frac,0.00460486,5.2638e-05,20
S5,servers4,best_s2+v_fifo,gpu_train_frac,0.0305718,0.00039722,20
S5,servers4,best_s2+v_fifo,trainer_wait_frac,0.935647,0.00082346,20
S5,servers4,best_s2+v_fifo,trainer_wait_mean_s,291.722,3.85033,20
S5,servers4,best_s2+v_fifo,straggler_mean_s,14.7202,1.36901,20
S5,servers4,best_s2+v_fifo,straggler_p95_s,31.0444,4.36841,20
S5,servers4,best_s2+v_fifo,staleness_mean,0.999814,0.000317047,20
S5,servers4,best_s2+v_fifo,staleness_max,1,0,20
S5,servers4,best_s2+v_fifo,stale_token_frac,0.999823,0.000329236,20
S5,servers4,best_s2+v_fifo,batch_len_cv,0.107528,0.00940871,20
S5,servers4,best_s2+v_group_first,groups_consumed,1536,0,20
S5,servers4,best_s2+v_group_first,groups_dropped,0,0,20
S5,servers4,best_s2+v_group_first,groups_unfinished,64,0,20
S5,servers4,best_s2+v_group_first,drops_policy,0,0,20
S5,servers4,best_s2+v_group_first,drops_stale,0,0,20
S5,servers4,best_s2+v_group_first,drops_colocated_switch,0,0,20
S5,servers4,best_s2+v_group_first,tokens_consumed,1.79942e+07,224119,20
S5,servers4,best_s2+v_group_first,tokens_dropped,0,0,20
S5,servers4,best_s2+v_group_first,waste_frac,0,0,20
S5,servers4,best_s2+v_group_first,length_bias,0,0,20
S5,servers4,best_s2+v_group_first,run_s,7484.29,79.0079,20
S5,servers4,best_s2+v_group_first,gpu_idle_frac,0.851075,0.0019653,20
S5,servers4,best_s2+v_group_first,verify_delay_mean_s,129.452,1.67886,20
S5,servers4,best_s2+v_group_first,verify_delay_p95_s,259.741,4.01289,20
S5,servers4,best_s2+v_group_first,instants,29297.5,19.7989,20
S5,servers4,best_s2+v_group_first,policy_calls,29297.5,19.7989,20
S5,servers4,best_s2+v_group_first,violations,0,0,20
S5,servers4,best_s2+v_group_first,J,1.48974,0.0127627,20
S5,servers4,best_s2+v_group_first,window_s,6531.26,74.9815,20
S5,servers4,best_s2+v_group_first,step_time_mean_s,311.013,3.57055,20
S5,servers4,best_s2+v_group_first,step_time_p95_s,354.758,5.98001,20
S5,servers4,best_s2+v_group_first,samples_per_s,1.64716,0.0185713,20
S5,servers4,best_s2+v_group_first,completed_tokens_per_s,2378.89,38.3492,20
S5,servers4,best_s2+v_group_first,rollout_idle_frac,0.766655,0.00324332,20
S5,servers4,best_s2+v_group_first,gpu_gen_frac,0.113666,0.00159623,20
S5,servers4,best_s2+v_group_first,gpu_overhead_frac,0.00461568,4.77591e-05,20
S5,servers4,best_s2+v_group_first,gpu_train_frac,0.0306435,0.00036941,20
S5,servers4,best_s2+v_group_first,trainer_wait_frac,0.935496,0.000763777,20
S5,servers4,best_s2+v_group_first,trainer_wait_mean_s,290.959,3.5198,20
S5,servers4,best_s2+v_group_first,straggler_mean_s,34.7425,1.01772,20
S5,servers4,best_s2+v_group_first,straggler_p95_s,54.4933,3.77267,20
S5,servers4,best_s2+v_group_first,staleness_mean,0.999814,0.000317047,20
S5,servers4,best_s2+v_group_first,staleness_max,1,0,20
S5,servers4,best_s2+v_group_first,stale_token_frac,0.999823,0.000329236,20
S5,servers4,best_s2+v_group_first,batch_len_cv,0.107528,0.00940871,20
S5,servers4,best_s2+v_shortest_first,groups_consumed,1536,0,20
S5,servers4,best_s2+v_shortest_first,groups_dropped,0,0,20
S5,servers4,best_s2+v_shortest_first,groups_unfinished,64,0,20
S5,servers4,best_s2+v_shortest_first,drops_policy,0,0,20
S5,servers4,best_s2+v_shortest_first,drops_stale,0,0,20
S5,servers4,best_s2+v_shortest_first,drops_colocated_switch,0,0,20
S5,servers4,best_s2+v_shortest_first,tokens_consumed,1.79942e+07,224119,20
S5,servers4,best_s2+v_shortest_first,tokens_dropped,0,0,20
S5,servers4,best_s2+v_shortest_first,waste_frac,0,0,20
S5,servers4,best_s2+v_shortest_first,length_bias,0,0,20
S5,servers4,best_s2+v_shortest_first,run_s,7500.42,85.1734,20
S5,servers4,best_s2+v_shortest_first,gpu_idle_frac,0.85145,0.00210122,20
S5,servers4,best_s2+v_shortest_first,verify_delay_mean_s,97.1097,2.05726,20
S5,servers4,best_s2+v_shortest_first,verify_delay_p95_s,244.479,4.09005,20
S5,servers4,best_s2+v_shortest_first,instants,29315.3,25.0727,20
S5,servers4,best_s2+v_shortest_first,policy_calls,29315.3,25.0727,20
S5,servers4,best_s2+v_shortest_first,violations,0,0,20
S5,servers4,best_s2+v_shortest_first,J,1.47566,0.0146064,20
S5,servers4,best_s2+v_shortest_first,window_s,6548.44,81.6204,20
S5,servers4,best_s2+v_shortest_first,step_time_mean_s,311.831,3.88668,20
S5,servers4,best_s2+v_shortest_first,step_time_p95_s,355.849,5.56072,20
S5,servers4,best_s2+v_shortest_first,samples_per_s,1.64301,0.0201424,20
S5,servers4,best_s2+v_shortest_first,completed_tokens_per_s,2372.9,39.9452,20
S5,servers4,best_s2+v_shortest_first,rollout_idle_frac,0.767241,0.00345207,20
S5,servers4,best_s2+v_shortest_first,gpu_gen_frac,0.11338,0.00169726,20
S5,servers4,best_s2+v_shortest_first,gpu_overhead_frac,0.00460403,5.24913e-05,20
S5,servers4,best_s2+v_shortest_first,gpu_train_frac,0.0305663,0.000396278,20
S5,servers4,best_s2+v_shortest_first,trainer_wait_frac,0.935658,0.000821443,20
S5,servers4,best_s2+v_shortest_first,trainer_wait_mean_s,291.777,3.84011,20
S5,servers4,best_s2+v_shortest_first,straggler_mean_s,16.6551,1.33969,20
S5,servers4,best_s2+v_shortest_first,straggler_p95_s,33.8132,4.13917,20
S5,servers4,best_s2+v_shortest_first,staleness_mean,0.999814,0.000317047,20
S5,servers4,best_s2+v_shortest_first,staleness_max,1,0,20
S5,servers4,best_s2+v_shortest_first,stale_token_frac,0.999823,0.000329236,20
S5,servers4,best_s2+v_shortest_first,batch_len_cv,0.107528,0.00940871,20
S5,servers4,reference,groups_consumed,1536,0,20
S5,servers4,reference,groups_dropped,0,0,20
S5,servers4,reference,groups_unfinished,64,0,20
S5,servers4,reference,drops_policy,0,0,20
S5,servers4,reference,drops_stale,0,0,20
S5,servers4,reference,drops_colocated_switch,0,0,20
S5,servers4,reference,tokens_consumed,1.76762e+07,227485,20
S5,servers4,reference,tokens_dropped,0,0,20
S5,servers4,reference,waste_frac,0,0,20
S5,servers4,reference,length_bias,0,0,20
S5,servers4,reference,run_s,7439.55,80.4384,20
S5,servers4,reference,gpu_idle_frac,0.856974,0.0018443,20
S5,servers4,reference,verify_delay_mean_s,128.101,1.71698,20
S5,servers4,reference,verify_delay_p95_s,244.649,3.97823,20
S5,servers4,reference,instants,25996.2,22.746,20
S5,servers4,reference,policy_calls,25996.2,22.746,20
S5,servers4,reference,violations,0,0,20
S5,servers4,reference,J,1.47453,0.0126529,20
S5,servers4,reference,window_s,6507.49,73.6114,20
S5,servers4,reference,step_time_mean_s,309.88,3.5053,20
S5,servers4,reference,step_time_p95_s,358.317,5.61317,20
S5,servers4,reference,samples_per_s,1.65316,0.0184564,20
S5,servers4,reference,completed_tokens_per_s,2381.18,35.4261,20
S5,servers4,reference,rollout_idle_frac,0.778488,0.00308371,20
S5,servers4,reference,gpu_gen_frac,0.109614,0.0015356,20
S5,servers4,reference,gpu_overhead_frac,0.00275684,3.00178e-05,20
S5,servers4,reference,gpu_train_frac,0.0306555,0.000337393,20
S5,servers4,reference,trainer_wait_frac,0.93546,0.000698696,20
S5,servers4,reference,trainer_wait_mean_s,289.888,3.43643,20
S5,servers4,reference,straggler_mean_s,17.3228,1.1187,20
S5,servers4,reference,straggler_p95_s,36.8676,4.07207,20
S5,servers4,reference,staleness_mean,0.993043,0.00118642,20
S5,servers4,reference,staleness_max,1,0,20
S5,servers4,reference,stale_token_frac,0.987875,0.00174304,20
S5,servers4,reference,batch_len_cv,0.105309,0.00643815,20
S5,servers8,best_s2+v_fifo,groups_consumed,1536,0,20
S5,servers8,best_s2+v_fifo,groups_dropped,0,0,20
S5,servers8,best_s2+v_fifo,groups_unfinished,64,0,20
S5,servers8,best_s2+v_fifo,drops_policy,0,0,20
S5,servers8,best_s2+v_fifo,drops_stale,0,0,20
S5,servers8,best_s2+v_fifo,drops_colocated_switch,0,0,20
S5,servers8,best_s2+v_fifo,tokens_consumed,1.79942e+07,224119,20
S5,servers8,best_s2+v_fifo,tokens_dropped,0,0,20
S5,servers8,best_s2+v_fifo,waste_frac,0,0,20
S5,servers8,best_s2+v_fifo,length_bias,0,0,20
S5,servers8,best_s2+v_fifo,run_s,3970.12,46.3623,20
S5,servers8,best_s2+v_fifo,gpu_idle_frac,0.718628,0.0042295,20
S5,servers8,best_s2+v_fifo,verify_delay_mean_s,55.7303,0.830837,20
S5,servers8,best_s2+v_fifo,verify_delay_p95_s,105.923,1.93502,20
S5,servers8,best_s2+v_fifo,instants,29285.5,20.3042,20
S5,servers8,best_s2+v_fifo,policy_calls,29285.5,20.3042,20
S5,servers8,best_s2+v_fifo,violations,0,0,20
S5,servers8,best_s2+v_fifo,J,0.413751,0.0077295,20
S5,servers8,best_s2+v_fifo,window_s,3457.52,44.4515,20
S5,servers8,best_s2+v_fifo,step_time_mean_s,164.644,2.11674,20
S5,servers8,best_s2+v_fifo,step_time_p95_s,192.319,4.137,20
S5,servers8,best_s2+v_fifo,samples_per_s,3.11196,0.0396616,20
S5,servers8,best_s2+v_fifo,completed_tokens_per_s,4494.78,81.8064,20
S5,servers8,best_s2+v_fifo,rollout_idle_frac,0.559131,0.00685228,20
S5,servers8,best_s2+v_fifo,gpu_gen_frac,0.214753,0.00336737,20
S5,servers8,best_s2+v_fifo,gpu_overhead_frac,0.00872036,0.000104613,20
S5,servers8,best_s2+v_fifo,gpu_train_frac,0.0578983,0.000841095,20
S5,servers8,best_s2+v_fifo,trainer_wait_frac,0.878125,0.00174259,20
S5,servers8,best_s2+v_fifo,trainer_wait_mean_s,144.59,2.09785,20
S5,servers8,best_s2+v_fifo,straggler_mean_s,15.7121,1.38091,20
S5,servers8,best_s2+v_fifo,straggler_p95_s,35.0777,4.35061,20
S5,servers8,best_s2+v_fifo,staleness_mean,0.999814,0.000317047,20
S5,servers8,best_s2+v_fifo,staleness_max,1,0,20
S5,servers8,best_s2+v_fifo,stale_token_frac,0.999823,0.000329236,20
S5,servers8,best_s2+v_fifo,batch_len_cv,0.107528,0.00940871,20
S5,servers8,best_s2+v_group_first,groups_consumed,1536,0,20
S5,servers8,best_s2+v_group_first,groups_dropped,0,0,20
S5,servers8,best_s2+v_group_first,groups_unfinished,64,0,20
S5,servers8,best_s2+v_group_first,drops_policy,0,0,20
S5,servers8,best_s2+v_group_first,drops_stale,0,0,20
S5,servers8,best_s2+v_group_first,drops_colocated_switch,0,0,20
S5,servers8,best_s2+v_group_first,tokens_consumed,1.79942e+07,224119,20
S5,servers8,best_s2+v_group_first,tokens_dropped,0,0,20
S5,servers8,best_s2+v_group_first,waste_frac,0,0,20
S5,servers8,best_s2+v_group_first,length_bias,0,0,20
S5,servers8,best_s2+v_group_first,run_s,3963.91,40.77,20
S5,servers8,best_s2+v_group_first,gpu_idle_frac,0.718074,0.00364662,20
S5,servers8,best_s2+v_group_first,verify_delay_mean_s,55.5711,0.820587,20
S5,servers8,best_s2+v_group_first,verify_delay_p95_s,116.876,1.94509,20
S5,servers8,best_s2+v_group_first,instants,29284.2,20.6154,20
S5,servers8,best_s2+v_group_first,policy_calls,29284.2,20.6154,20
S5,servers8,best_s2+v_group_first,violations,0,0,20
S5,servers8,best_s2+v_group_first,J,0.427365,0.00656569,20
S5,servers8,best_s2+v_group_first,window_s,3450.05,40.0838,20
S5,servers8,best_s2+v_group_first,step_time_mean_s,164.288,1.90875,20
S5,servers8,best_s2+v_group_first,step_time_p95_s,191.724,3.80573,20
S5,servers8,best_s2+v_group_first,samples_per_s,3.11827,0.0356603,20
S5,servers8,best_s2+v_group_first,completed_tokens_per_s,4503.44,71.882,20
S5,servers8,best_s2+v_group_first,rollout_idle_frac,0.558262,0.00599412,20
S5,servers8,best_s2+v_group_first,gpu_gen_frac,0.215176,0.00295053,20
S5,servers8,best_s2+v_group_first,gpu_overhead_frac,0.00873792,8.9617e-05,20
S5,servers8,best_s2+v_group_first,gpu_train_frac,0.0580115,0.00070169,20
S5,servers8,best_s2+v_group_first,trainer_wait_frac,0.877887,0.0014519,20
S5,servers8,best_s2+v_group_first,trainer_wait_mean_s,144.235,1.85821,20
S5,servers8,best_s2+v_group_first,straggler_mean_s,23.5181,1.25007,20
S5,servers8,best_s2+v_group_first,straggler_p95_s,44.0289,4.13666,20
S5,servers8,best_s2+v_group_first,staleness_mean,0.999814,0.000317047,20
S5,servers8,best_s2+v_group_first,staleness_max,1,0,20
S5,servers8,best_s2+v_group_first,stale_token_frac,0.999823,0.000329236,20
S5,servers8,best_s2+v_group_first,batch_len_cv,0.107528,0.00940871,20
S5,servers8,best_s2+v_shortest_first,groups_consumed,1536,0,20
S5,servers8,best_s2+v_shortest_first,groups_dropped,0,0,20
S5,servers8,best_s2+v_shortest_first,groups_unfinished,64,0,20
S5,servers8,best_s2+v_shortest_first,drops_policy,0,0,20
S5,servers8,best_s2+v_shortest_first,drops_stale,0,0,20
S5,servers8,best_s2+v_shortest_first,drops_colocated_switch,0,0,20
S5,servers8,best_s2+v_shortest_first,tokens_consumed,1.79942e+07,224119,20
S5,servers8,best_s2+v_shortest_first,tokens_dropped,0,0,20
S5,servers8,best_s2+v_shortest_first,waste_frac,0,0,20
S5,servers8,best_s2+v_shortest_first,length_bias,0,0,20
S5,servers8,best_s2+v_shortest_first,run_s,3972.14,46.2939,20
S5,servers8,best_s2+v_shortest_first,gpu_idle_frac,0.718763,0.00421854,20
S5,servers8,best_s2+v_shortest_first,verify_delay_mean_s,42.15,0.937529,20
S5,servers8,best_s2+v_shortest_first,verify_delay_p95_s,104.523,1.96525,20
S5,servers8,best_s2+v_shortest_first,instants,29301.7,22.7969,20
S5,servers8,best_s2+v_shortest_first,policy_calls,29301.7,22.7969,20
S5,servers8,best_s2+v_shortest_first,violations,0,0,20
S5,servers8,best_s2+v_shortest_first,J,0.414941,0.00771328,20
S5,servers8,best_s2+v_shortest_first,window_s,3459.17,44.4174,20
S5,servers8,best_s2+v_shortest_first,step_time_mean_s,164.722,2.11511,20
S5,servers8,best_s2+v_shortest_first,step_time_p95_s,192.456,4.12632,20
S5,servers8,best_s2+v_shortest_first,samples_per_s,3.11047,0.0396077,20
S5,servers8,best_s2+v_shortest_first,completed_tokens_per_s,4492.62,81.6184,20
S5,servers8,best_s2+v_shortest_first,rollout_idle_frac,0.559343,0.00683425,20
S5,servers8,best_s2+v_shortest_first,gpu_gen_frac,0.21465,0.00335847,20
S5,servers8,best_s2+v_shortest_first,gpu_overhead_frac,0.00871619,0.000104497,20
S5,servers8,best_s2+v_shortest_first,gpu_train_frac,0.0578705,0.000839368,20
S5,servers8,best_s2+v_shortest_first,trainer_wait_frac,0.878184,0.001739,20
S5,servers8,best_s2+v_shortest_first,trainer_wait_mean_s,144.669,2.0959,20
S5,servers8,best_s2+v_shortest_first,straggler_mean_s,16.2424,1.40168,20
S5,servers8,best_s2+v_shortest_first,straggler_p95_s,35.801,4.34285,20
S5,servers8,best_s2+v_shortest_first,staleness_mean,0.999814,0.000317047,20
S5,servers8,best_s2+v_shortest_first,staleness_max,1,0,20
S5,servers8,best_s2+v_shortest_first,stale_token_frac,0.999823,0.000329236,20
S5,servers8,best_s2+v_shortest_first,batch_len_cv,0.107528,0.00940871,20
S5,servers8,reference,groups_consumed,1536,0,20
S5,servers8,reference,groups_dropped,0,0,20
S5,servers8,reference,groups_unfinished,64,0,20
S5,servers8,reference,drops_policy,0,0,20
S5,servers8,reference,drops_stale,0,0,20
S5,servers8,reference,drops_colocated_switch,0,0,20
S5,servers8,reference,tokens_consumed,1.76762e+07,227485,20
S5,servers8,reference,tokens_dropped,0,0,20
S5,servers8,reference,waste_frac,0,0,20
S5,servers8,reference,length_bias,0,0,20
S5,servers8,reference,run_s,3937.17,42.9018,20
S5,servers8,reference,gpu_idle_frac,0.729202,0.00361357,20
S5,servers8,reference,verify_delay_mean_s,54.7153,0.818221,20
S5,servers8,reference,verify_delay_p95_s,103.916,1.93617,20
S5,servers8,reference,instants,25998.2,23.9617,20
S5,servers8,reference,policy_calls,25998.2,23.9617,20
S5,servers8,reference,violations,0,0,20
S5,servers8,reference,J,0.422136,0.00712846,20
S5,servers8,reference,window_s,3437.15,39.7365,20
S5,servers8,reference,step_time_mean_s,163.674,1.89222,20
S5,servers8,reference,step_time_p95_s,193.729,3.92053,20
S5,servers8,reference,samples_per_s,3.12999,0.0363724,20
S5,servers8,reference,completed_tokens_per_s,4508.44,69.3048,20
S5,servers8,reference,rollout_idle_frac,0.580601,0.00600149,20
S5,servers8,reference,gpu_gen_frac,0.207537,0.00298752,20
S5,servers8,reference,gpu_overhead_frac,0.00521966,5.93537e-05,20
S5,servers8,reference,gpu_train_frac,0.058042,0.000677052,20
S5,servers8,reference,trainer_wait_frac,0.877803,0.0014035,20
S5,servers8,reference,trainer_wait_mean_s,143.682,1.83208,20
S5,servers8,reference,straggler_mean_s,17.1496,1.16113,20
S5,servers8,reference,straggler_p95_s,37.0742,3.9142,20
S5,servers8,reference,staleness_mean,0.993043,0.00118642,20
S5,servers8,reference,staleness_max,1,0,20
S5,servers8,reference,stale_token_frac,0.987875,0.00174304,20
S5,servers8,reference,batch_len_cv,0.105309,0.00643815,20
S6,colocated,best_s2+wait,groups_consumed,1536,0,20
S6,colocated,best_s2+wait,groups_dropped,0,0,20
S6,colocated,best_s2+wait,groups_unfinished,0,0,20
S6,colocated,best_s2+wait,drops_policy,0,0,20
S6,colocated,best_s2+wait,drops_stale,0,0,20
S6,colocated,best_s2+wait,drops_colocated_switch,0,0,20
S6,colocated,best_s2+wait,tokens_consumed,1.68219e+07,206274,20
S6,colocated,best_s2+wait,tokens_dropped,0,0,20
S6,colocated,best_s2+wait,waste_frac,0,0,20
S6,colocated,best_s2+wait,length_bias,0,0,20
S6,colocated,best_s2+wait,run_s,2209.82,26.581,20
S6,colocated,best_s2+wait,gpu_idle_frac,0.23337,0.00788478,20
S6,colocated,best_s2+wait,verify_delay_mean_s,2.19746,0.0965324,20
S6,colocated,best_s2+wait,verify_delay_p95_s,7.5391,0.223987,20
S6,colocated,best_s2+wait,instants,24041.2,18.0046,20
S6,colocated,best_s2+wait,policy_calls,24041.2,18.0046,20
S6,colocated,best_s2+wait,violations,0,0,20
S6,colocated,best_s2+wait,J,1.17515,0.0229732,20
S6,colocated,best_s2+wait,window_s,1934.02,24.5765,20
S6,colocated,best_s2+wait,step_time_mean_s,92.0961,1.17031,20
S6,colocated,best_s2+wait,step_time_p95_s,106.564,4.07406,20
S6,colocated,best_s2+wait,samples_per_s,5.56319,0.0686776,20
S6,colocated,best_s2+wait,completed_tokens_per_s,7507.88,90.3772,20
S6,colocated,best_s2+wait,rollout_idle_frac,0.23337,0.00788478,20
S6,colocated,best_s2+wait,gpu_gen_frac,0.588401,0.00618422,20
S6,colocated,best_s2+wait,gpu_overhead_frac,0.0728692,0.000891637,20
S6,colocated,best_s2+wait,gpu_train_frac,0.10536,0.0011697,20
S6,colocated,best_s2+wait,trainer_wait_frac,0.829446,0.00184283,20
S6,colocated,best_s2+wait,trainer_wait_mean_s,76.3972,1.12858,20
S6,colocated,best_s2+wait,straggler_mean_s,16.5366,1.01774,20
S6,colocated,best_s2+wait,straggler_p95_s,33.2745,3.31561,20
S6,colocated,best_s2+wait,staleness_mean,0,0,20
S6,colocated,best_s2+wait,staleness_max,0,0,20
S6,colocated,best_s2+wait,stale_token_frac,0,0,20
S6,colocated,best_s2+wait,batch_len_cv,0.108732,0.00986634,20
S6,colocated,reference,groups_consumed,1536,0,20
S6,colocated,reference,groups_dropped,0,0,20
S6,colocated,reference,groups_unfinished,64,0,20
S6,colocated,reference,drops_policy,0,0,20
S6,colocated,reference,drops_stale,0,0,20
S6,colocated,reference,drops_colocated_switch,0,0,20
S6,colocated,reference,tokens_consumed,1.65257e+07,210510,20
S6,colocated,reference,tokens_dropped,0,0,20
S6,colocated,reference,waste_frac,0,0,20
S6,colocated,reference,length_bias,0,0,20
S6,colocated,reference,run_s,2267.61,21.4317,20
S6,colocated,reference,gpu_idle_frac,0.354215,0.00806401,20
S6,colocated,reference,verify_delay_mean_s,2.15234,0.106751,20
S6,colocated,reference,verify_delay_p95_s,7.64055,0.307248,20
S6,colocated,reference,instants,24281.8,10.8844,20
S6,colocated,reference,policy_calls,24281.8,10.8844,20
S6,colocated,reference,violations,0,0,20
S6,colocated,reference,J,1.27167,0.0200548,20
S6,colocated,reference,window_s,1991.75,19.8258,20
S6,colocated,reference,step_time_mean_s,94.8452,0.944083,20
S6,colocated,reference,step_time_p95_s,110.216,3.93471,20
S6,colocated,reference,samples_per_s,5.40057,0.0532258,20
S6,colocated,reference,completed_tokens_per_s,7272.57,100.008,20
S6,colocated,reference,rollout_idle_frac,0.354215,0.00806401,20
S6,colocated,reference,gpu_gen_frac,0.479558,0.00681358,20
S6,colocated,reference,gpu_overhead_frac,0.0642237,0.000632275,20
S6,colocated,reference,gpu_train_frac,0.102004,0.00109089,20
S6,colocated,reference,trainer_wait_frac,0.834709,0.0015707,20
S6,colocated,reference,trainer_wait_mean_s,79.1735,0.917781,20
S6,colocated,reference,straggler_mean_s,19.0765,0.933273,20
S6,colocated,reference,straggler_p95_s,35.9774,3.67796,20
S6,colocated,reference,staleness_mean,0,0,20
S6,colocated,reference,staleness_max,0,0,20
S6,colocated,reference,stale_token_frac,0,0,20
S6,colocated,reference,batch_len_cv,0.105975,0.00664093,20
S6,rollout10,best_s2+wait,groups_consumed,1536,0,20
S6,rollout10,best_s2+wait,groups_dropped,0,0,20
S6,rollout10,best_s2+wait,groups_unfinished,64,0,20
S6,rollout10,best_s2+wait,drops_policy,0,0,20
S6,rollout10,best_s2+wait,drops_stale,0,0,20
S6,rollout10,best_s2+wait,drops_colocated_switch,0,0,20
S6,rollout10,best_s2+wait,tokens_consumed,1.68219e+07,206274,20
S6,rollout10,best_s2+wait,tokens_dropped,0,0,20
S6,rollout10,best_s2+wait,waste_frac,0,0,20
S6,rollout10,best_s2+wait,length_bias,0,0,20
S6,rollout10,best_s2+wait,run_s,1965.78,24.8195,20
S6,rollout10,best_s2+wait,gpu_idle_frac,0.394697,0.00749216,20
S6,rollout10,best_s2+wait,verify_delay_mean_s,1.74547,0.0624935,20
S6,rollout10,best_s2+wait,verify_delay_p95_s,6.82415,0.161525,20
S6,rollout10,best_s2+wait,instants,28662.3,30.8677,20
S6,rollout10,best_s2+wait,policy_calls,28662.3,30.8677,20
S6,rollout10,best_s2+wait,violations,0,0,20
S6,rollout10,best_s2+wait,J,1.15703,0.0159799,20
S6,rollout10,best_s2+wait,window_s,1698.31,23.1138,20
S6,rollout10,best_s2+wait,step_time_mean_s,80.8718,1.10066,20
S6,rollout10,best_s2+wait,step_time_p95_s,95.303,3.95311,20
S6,rollout10,best_s2+wait,samples_per_s,6.33597,0.0841238,20
S6,rollout10,best_s2+wait,completed_tokens_per_s,8551.11,116.678,20
S6,rollout10,best_s2+wait,rollout_idle_frac,0.206194,0.00998459,20
S6,rollout10,best_s2+wait,gpu_gen_frac,0.48545,0.00615216,20
S6,rollout10,best_s2+wait,gpu_overhead_frac,0.0153192,0.00019781,20
S6,rollout10,best_s2+wait,gpu_train_frac,0.104534,0.0013915,20
S6,rollout10,best_s2+wait,trainer_wait_frac,0.708869,0.0038311,20
S6,rollout10,best_s2+wait,trainer_wait_mean_s,57.3409,1.0291,20
S6,rollout10,best_s2+wait,straggler_mean_s,17.3091,1.0695,20
S6,rollout10,best_s2+wait,straggler_p95_s,33.1031,3.60401,20
S6,rollout10,best_s2+wait,staleness_mean,1,0,20
S6,rollout10,best_s2+wait,staleness_max,1,0,20
S6,rollout10,best_s2+wait,stale_token_frac,1,0,20
S6,rollout10,best_s2+wait,batch_len_cv,0.108732,0.00986634,20
S6,rollout10,reference,groups_consumed,1536,0,20
S6,rollout10,reference,groups_dropped,0,0,20
S6,rollout10,reference,groups_unfinished,64,0,20
S6,rollout10,reference,drops_policy,0,0,20
S6,rollout10,reference,drops_stale,0,0,20
S6,rollout10,reference,drops_colocated_switch,0,0,20
S6,rollout10,reference,tokens_consumed,1.65257e+07,210510,20
S6,rollout10,reference,tokens_dropped,0,0,20
S6,rollout10,reference,waste_frac,0,0,20
S6,rollout10,reference,length_bias,0,0,20
S6,rollout10,reference,run_s,2052.1,29.8391,20
S6,rollout10,reference,gpu_idle_frac,0.474497,0.00655243,20
S6,rollout10,reference,verify_delay_mean_s,1.72217,0.0697886,20
S6,rollout10,reference,verify_delay_p95_s,6.85365,0.20625,20
S6,rollout10,reference,instants,25983.5,29.508,20
S6,rollout10,reference,policy_calls,25983.5,29.508,20
S6,rollout10,reference,violations,0,0,20
S6,rollout10,reference,J,1.24087,0.015619,20
S6,rollout10,reference,window_s,1776.06,23.3705,20
S6,rollout10,reference,step_time_mean_s,84.5742,1.11288,20
S6,rollout10,reference,step_time_p95_s,100.262,3.74229,20
S6,rollout10,reference,samples_per_s,6.0584,0.0796451,20
S6,rollout10,reference,completed_tokens_per_s,8157.07,111.568,20
S6,rollout10,reference,rollout_idle_frac,0.325698,0.00878689,20
S6,rollout10,reference,gpu_gen_frac,0.416678,0.00545046,20
S6,rollout10,reference,gpu_overhead_frac,0.00919833,0.000120961,20
S6,rollout10,reference,gpu_train_frac,0.0996272,0.00122089,20
S6,rollout10,reference,trainer_wait_frac,0.722495,0.00336626,20
S6,rollout10,reference,trainer_wait_mean_s,61.1161,1.02695,20
S6,rollout10,reference,straggler_mean_s,20.6942,0.923487,20
S6,rollout10,reference,straggler_p95_s,38.5446,3.76651,20
S6,rollout10,reference,staleness_mean,0.999851,0.000142909,20
S6,rollout10,reference,staleness_max,1,0,20
S6,rollout10,reference,stale_token_frac,0.999782,0.000140123,20
S6,rollout10,reference,batch_len_cv,0.105975,0.00664093,20
S6,rollout12,best_s2+wait,groups_consumed,1536,0,20
S6,rollout12,best_s2+wait,groups_dropped,0,0,20
S6,rollout12,best_s2+wait,groups_unfinished,64,0,20
S6,rollout12,best_s2+wait,drops_policy,0,0,20
S6,rollout12,best_s2+wait,drops_stale,0,0,20
S6,rollout12,best_s2+wait,drops_colocated_switch,0,0,20
S6,rollout12,best_s2+wait,tokens_consumed,1.68219e+07,206274,20
S6,rollout12,best_s2+wait,tokens_dropped,0,0,20
S6,rollout12,best_s2+wait,waste_frac,0,0,20
S6,rollout12,best_s2+wait,length_bias,0,0,20
S6,rollout12,best_s2+wait,run_s,1924.55,26.7915,20
S6,rollout12,best_s2+wait,gpu_idle_frac,0.317745,0.00812629,20
S6,rollout12,best_s2+wait,verify_delay_mean_s,1.95668,0.0791485,20
S6,rollout12,best_s2+wait,verify_delay_p95_s,7.15875,0.204614,20
S6,rollout12,best_s2+wait,instants,27744.3,24.1958,20
S6,rollout12,best_s2+wait,policy_calls,27744.3,24.1958,20
S6,rollout12,best_s2+wait,violations,0,0,20
S6,rollout12,best_s2+wait,J,1.22085,0.0265601,20
S6,rollout12,best_s2+wait,window_s,1653.51,24.4148,20
S6,rollout12,best_s2+wait,step_time_mean_s,78.7384,1.16261,20
S6,rollout12,best_s2+wait,step_time_p95_s,93.362,4.00703,20
S6,rollout12,best_s2+wait,samples_per_s,6.50854,0.0936615,20
S6,rollout12,best_s2+wait,completed_tokens_per_s,8783.41,119.778,20
S6,rollout12,best_s2+wait,rollout_idle_frac,0.233493,0.00904674,20
S6,rollout12,best_s2+wait,gpu_gen_frac,0.562771,0.00664345,20
S6,rollout12,best_s2+wait,gpu_overhead_frac,0.0152872,0.000218241,20
S6,rollout12,best_s2+wait,gpu_train_frac,0.104197,0.0014368,20
S6,rollout12,best_s2+wait,trainer_wait_frac,0.5705,0.00588359,20
S6,rollout12,best_s2+wait,trainer_wait_mean_s,44.9422,1.05478,20
S6,rollout12,best_s2+wait,straggler_mean_s,16.862,1.02375,20
S6,rollout12,best_s2+wait,straggler_p95_s,33.0387,3.37279,20
S6,rollout12,best_s2+wait,staleness_mean,1,0,20
S6,rollout12,best_s2+wait,staleness_max,1,0,20
S6,rollout12,best_s2+wait,stale_token_frac,1,0,20
S6,rollout12,best_s2+wait,batch_len_cv,0.108732,0.00986634,20
S6,rollout12,reference,groups_consumed,1536,0,20
S6,rollout12,reference,groups_dropped,0,0,20
S6,rollout12,reference,groups_unfinished,64,0,20
S6,rollout12,reference,drops_policy,0,0,20
S6,rollout12,reference,drops_stale,0,0,20
S6,rollout12,reference,drops_colocated_switch,0,0,20
S6,rollout12,reference,tokens_consumed,1.65257e+07,210510,20
S6,rollout12,reference,tokens_dropped,0,0,20
S6,rollout12,reference,waste_frac,0,0,20
S6,rollout12,reference,length_bias,0,0,20
S6,rollout12,reference,run_s,1991.52,21.837,20
S6,rollout12,reference,gpu_idle_frac,0.418897,0.00748341,20
S6,rollout12,reference,verify_delay_mean_s,1.90316,0.0885129,20
S6,rollout12,reference,verify_delay_p95_s,7.16685,0.24573,20
S6,rollout12,reference,instants,25897,23.9252,20
S6,rollout12,reference,policy_calls,25897,23.9252,20
S6,rollout12,reference,violations,0,0,20
S6,rollout12,reference,J,1.31962,0.0218776,20
S6,rollout12,reference,window_s,1719.89,18.9479,20
S6,rollout12,reference,step_time_mean_s,81.8994,0.90228,20
S6,rollout12,reference,step_time_p95_s,96.5041,3.36784,20
S6,rollout12,reference,samples_per_s,6.25482,0.0678838,20
S6,rollout12,reference,completed_tokens_per_s,8422.95,122.866,20
S6,rollout12,reference,rollout_idle_frac,0.362353,0.00844759,20
S6,rollout12,reference,gpu_gen_frac,0.472563,0.00630567,20
S6,rollout12,reference,gpu_overhead_frac,0.00872616,9.55102e-05,20
S6,rollout12,reference,gpu_train_frac,0.099814,0.00123542,20
S6,rollout12,reference,trainer_wait_frac,0.588528,0.00502495,20
S6,rollout12,reference,trainer_wait_mean_s,48.2124,0.851949,20
S6,rollout12,reference,straggler_mean_s,19.7645,0.99451,20
S6,rollout12,reference,straggler_p95_s,36.1882,3.68016,20
S6,rollout12,reference,staleness_mean,1,0,20
S6,rollout12,reference,staleness_max,1,0,20
S6,rollout12,reference,stale_token_frac,1,0,20
S6,rollout12,reference,batch_len_cv,0.105975,0.00664093,20
S6,rollout4,best_s2+wait,groups_consumed,1536,0,20
S6,rollout4,best_s2+wait,groups_dropped,0,0,20
S6,rollout4,best_s2+wait,groups_unfinished,32.95,1.51445,20
S6,rollout4,best_s2+wait,drops_policy,0,0,20
S6,rollout4,best_s2+wait,drops_stale,0,0,20
S6,rollout4,best_s2+wait,drops_colocated_switch,0,0,20
S6,rollout4,best_s2+wait,tokens_consumed,1.68219e+07,206274,20
S6,rollout4,best_s2+wait,tokens_dropped,0,0,20
S6,rollout4,best_s2+wait,waste_frac,0,0,20
S6,rollout4,best_s2+wait,length_bias,0,0,20
S6,rollout4,best_s2+wait,run_s,3574.17,31.8713,20
S6,rollout4,best_s2+wait,gpu_idle_frac,0.711907,0.00179943,20
S6,rollout4,best_s2+wait,verify_delay_mean_s,1.44106,0.023762,20
S6,rollout4,best_s2+wait,verify_delay_p95_s,6.34205,0.0956978,20
S6,rollout4,best_s2+wait,instants,27425.3,39.6616,20
S6,rollout4,best_s2+wait,policy_calls,27425.3,39.6616,20
S6,rollout4,best_s2+wait,violations,0,0,20
S6,rollout4,best_s2+wait,J,1.31064,0.0102129,20
S6,rollout4,best_s2+wait,window_s,3137.93,32.1101,20
S6,rollout4,best_s2+wait,step_time_mean_s,149.425,1.52905,20
S6,rollout4,best_s2+wait,step_time_p95_s,166.351,3.12346,20
S6,rollout4,best_s2+wait,samples_per_s,3.42798,0.0341566,20
S6,rollout4,best_s2+wait,completed_tokens_per_s,4626.41,47.0179,20
S6,rollout4,best_s2+wait,rollout_idle_frac,0.11402,0.00579825,20
S6,rollout4,best_s2+wait,gpu_gen_frac,0.218888,0.00144431,20
S6,rollout4,best_s2+wait,gpu_overhead_frac,0.00762829,7.21736e-05,20
S6,rollout4,best_s2+wait,gpu_train_frac,0.0615769,0.000536972,20
S6,rollout4,best_s2+wait,trainer_wait_frac,0.911202,0.000753256,20
S6,rollout4,best_s2+wait,trainer_wait_mean_s,136.159,1.46287,20
S6,rollout4,best_s2+wait,straggler_mean_s,32.3343,1.28431,20
S6,rollout4,best_s2+wait,straggler_p95_s,45.4647,2.66406,20
S6,rollout4,best_s2+wait,staleness_mean,0.525372,0.00330915,20
S6,rollout4,best_s2+wait,staleness_max,1,0,20
S6,rollout4,best_s2+wait,stale_token_frac,0.522983,0.00425231,20
S6,rollout4,best_s2+wait,batch_len_cv,0.108732,0.00986634,20
S6,rollout4,reference,groups_consumed,1536,0,20
S6,rollout4,reference,groups_dropped,0,0,20
S6,rollout4,reference,groups_unfinished,64,0,20
S6,rollout4,reference,drops_policy,0,0,20
S6,rollout4,reference,drops_stale,0,0,20
S6,rollout4,reference,drops_colocated_switch,0,0,20
S6,rollout4,reference,tokens_consumed,1.65257e+07,210510,20
S6,rollout4,reference,tokens_dropped,0,0,20
S6,rollout4,reference,waste_frac,0,0,20
S6,rollout4,reference,length_bias,0,0,20
S6,rollout4,reference,run_s,3666.03,37.9762,20
S6,rollout4,reference,gpu_idle_frac,0.729656,0.00211203,20
S6,rollout4,reference,verify_delay_mean_s,1.43637,0.0244865,20
S6,rollout4,reference,verify_delay_p95_s,6.32995,0.104705,20
S6,rollout4,reference,instants,25675.8,25.8876,20
S6,rollout4,reference,policy_calls,25675.8,25.8876,20
S6,rollout4,reference,violations,0,0,20
S6,rollout4,reference,J,1.35052,0.0103428,20
S6,rollout4,reference,window_s,3239.83,32.2318,20
S6,rollout4,reference,step_time_mean_s,154.278,1.53485,20
S6,rollout4,reference,step_time_p95_s,173.978,4.03539,20
S6,rollout4,reference,samples_per_s,3.32015,0.0337777,20
S6,rollout4,reference,completed_tokens_per_s,4470.32,49.3162,20
S6,rollout4,reference,rollout_idle_frac,0.175939,0.00650109,20
S6,rollout4,reference,gpu_gen_frac,0.204589,0.001619,20
S6,rollout4,reference,gpu_overhead_frac,0.00628938,6.40088e-05,20
S6,rollout4,reference,gpu_train_frac,0.0594656,0.000585711,20
S6,rollout4,reference,trainer_wait_frac,0.914228,0.000821284,20
S6,rollout4,reference,trainer_wait_mean_s,141.048,1.48293,20
S6,rollout4,reference,straggler_mean_s,37.6778,0.996491,20
S6,rollout4,reference,straggler_p95_s,53.539,2.17967,20
S6,rollout4,reference,staleness_mean,0.561384,0.00419318,20
S6,rollout4,reference,staleness_max,1,0,20
S6,rollout4,reference,stale_token_frac,0.531252,0.0045073,20
S6,rollout4,reference,batch_len_cv,0.105975,0.00664093,20
S6,rollout6,best_s2+wait,groups_consumed,1536,0,20
S6,rollout6,best_s2+wait,groups_dropped,0,0,20
S6,rollout6,best_s2+wait,groups_unfinished,52.6,2.12256,20
S6,rollout6,best_s2+wait,drops_policy,0,0,20
S6,rollout6,best_s2+wait,drops_stale,0,0,20
S6,rollout6,best_s2+wait,drops_colocated_switch,0,0,20
S6,rollout6,best_s2+wait,tokens_consumed,1.68219e+07,206274,20
S6,rollout6,best_s2+wait,tokens_dropped,0,0,20
S6,rollout6,best_s2+wait,waste_frac,0,0,20
S6,rollout6,best_s2+wait,length_bias,0,0,20
S6,rollout6,best_s2+wait,run_s,3000.98,34.8073,20
S6,rollout6,best_s2+wait,gpu_idle_frac,0.655165,0.00370067,20
S6,rollout6,best_s2+wait,verify_delay_mean_s,1.44947,0.0255321,20
S6,rollout6,best_s2+wait,verify_delay_p95_s,6.35765,0.102113,20
S6,rollout6,best_s2+wait,instants,28493,44.6975,20
S6,rollout6,best_s2+wait,policy_calls,28493,44.6975,20
S6,rollout6,best_s2+wait,violations,0,0,20
S6,rollout6,best_s2+wait,J,1.34738,0.0172347,20
S6,rollout6,best_s2+wait,window_s,2640.66,38.502,20
S6,rollout6,best_s2+wait,step_time_mean_s,125.746,1.83343,20
S6,rollout6,best_s2+wait,step_time_p95_s,149.705,2.90099,20
S6,rollout6,best_s2+wait,samples_per_s,4.07547,0.0594363,20
S6,rollout6,best_s2+wait,completed_tokens_per_s,5499.42,66.2667,20
S6,rollout6,best_s2+wait,rollout_idle_frac,0.283598,0.00773026,20
S6,rollout6,best_s2+wait,gpu_gen_frac,0.26411,0.00286452,20
S6,rollout6,best_s2+wait,gpu_overhead_frac,0.00951599,0.000140194,20
S6,rollout6,best_s2+wait,gpu_train_frac,0.0712095,0.000891702,20
S6,rollout6,best_s2+wait,trainer_wait_frac,0.878105,0.00151792,20
S6,rollout6,best_s2+wait,trainer_wait_mean_s,110.427,1.76319,20
S6,rollout6,best_s2+wait,straggler_mean_s,40.5696,1.41097,20
S6,rollout6,best_s2+wait,straggler_p95_s,60.1186,2.64884,20
S6,rollout6,best_s2+wait,staleness_mean,0.838244,0.00464782,20
S6,rollout6,best_s2+wait,staleness_max,1,0,20
S6,rollout6,best_s2+wait,stale_token_frac,0.838622,0.00444672,20
S6,rollout6,best_s2+wait,batch_len_cv,0.108732,0.00986634,20
S6,rollout6,reference,groups_consumed,1536,0,20
S6,rollout6,reference,groups_dropped,0,0,20
S6,rollout6,reference,groups_unfinished,64,0,20
S6,rollout6,reference,drops_policy,0,0,20
S6,rollout6,reference,drops_stale,0,0,20
S6,rollout6,reference,drops_colocated_switch,0,0,20
S6,rollout6,reference,tokens_consumed,1.65257e+07,210510,20
S6,rollout6,reference,tokens_dropped,0,0,20
S6,rollout6,reference,waste_frac,0,0,20
S6,rollout6,reference,length_bias,0,0,20
S6,rollout6,reference,run_s,3264.58,36.3001,20
S6,rollout6,reference,gpu_idle_frac,0.673533,0.00395491,20
S6,rollout6,reference,verify_delay_mean_s,1.45401,0.0283822,20
S6,rollout6,reference,verify_delay_p95_s,6.3497,0.110042,20
S6,rollout6,reference,instants,25893.7,38.8685,20
S6,rollout6,reference,policy_calls,25893.7,38.8685,20
S6,rollout6,reference,violations,0,0,20
S6,rollout6,reference,J,1.45854,0.0206096,20
S6,rollout6,reference,window_s,2885.3,35.0594,20
S6,rollout6,reference,step_time_mean_s,137.395,1.66949,20
S6,rollout6,reference,step_time_p95_s,158.502,2.81327,20
S6,rollout6,reference,samples_per_s,3.72885,0.0449536,20
S6,rollout6,reference,completed_tokens_per_s,5021.25,75.995,20
S6,rollout6,reference,rollout_idle_frac,0.314806,0.00848059,20
S6,rollout6,reference,gpu_gen_frac,0.254884,0.00316812,20
S6,rollout6,reference,gpu_overhead_frac,0.00661577,8.07667e-05,20
S6,rollout6,reference,gpu_train_frac,0.064967,0.000867778,20
S6,rollout6,reference,trainer_wait_frac,0.88877,0.00145343,20
S6,rollout6,reference,trainer_wait_mean_s,122.121,1.64082,20
S6,rollout6,reference,straggler_mean_s,46.8977,1.9695,20
S6,rollout6,reference,straggler_p95_s,69.8291,5.10516,20
S6,rollout6,reference,staleness_mean,0.874256,0.00320948,20
S6,rollout6,reference,staleness_max,1,0,20
S6,rollout6,reference,stale_token_frac,0.842785,0.00368629,20
S6,rollout6,reference,batch_len_cv,0.105975,0.00664093,20
S6,rollout8,best_s2+wait,groups_consumed,1536,0,20
S6,rollout8,best_s2+wait,groups_dropped,0,0,20
S6,rollout8,best_s2+wait,groups_unfinished,64,0,20
S6,rollout8,best_s2+wait,drops_policy,0,0,20
S6,rollout8,best_s2+wait,drops_stale,0,0,20
S6,rollout8,best_s2+wait,drops_colocated_switch,0,0,20
S6,rollout8,best_s2+wait,tokens_consumed,1.68219e+07,206274,20
S6,rollout8,best_s2+wait,tokens_dropped,0,0,20
S6,rollout8,best_s2+wait,waste_frac,0,0,20
S6,rollout8,best_s2+wait,length_bias,0,0,20
S6,rollout8,best_s2+wait,run_s,2058.44,27.6816,20
S6,rollout8,best_s2+wait,gpu_idle_frac,0.479261,0.0065633,20
S6,rollout8,best_s2+wait,verify_delay_mean_s,1.54639,0.0420889,20
S6,rollout8,best_s2+wait,verify_delay_p95_s,6.4915,0.127901,20
S6,rollout8,best_s2+wait,instants,29234.2,36.7159,20
S6,rollout8,best_s2+wait,policy_calls,29234.2,36.7159,20
S6,rollout8,best_s2+wait,violations,0,0,20
S6,rollout8,best_s2+wait,J,1.17286,0.0249768,20
S6,rollout8,best_s2+wait,window_s,1782.08,26.7217,20
S6,rollout8,best_s2+wait,step_time_mean_s,84.861,1.27246,20
S6,rollout8,best_s2+wait,step_time_p95_s,100.926,5.02189,20
S6,rollout8,best_s2+wait,samples_per_s,6.03908,0.0875127,20
S6,rollout8,best_s2+wait,completed_tokens_per_s,8149.17,99.6299,20
S6,rollout8,best_s2+wait,rollout_idle_frac,0.175466,0.0106612,20
S6,rollout8,best_s2+wait,gpu_gen_frac,0.402622,0.00521891,20
S6,rollout8,best_s2+wait,gpu_overhead_frac,0.0155429,0.000227123,20
S6,rollout8,best_s2+wait,gpu_train_frac,0.102574,0.0013006,20
S6,rollout8,best_s2+wait,trainer_wait_frac,0.783057,0.00273331,20
S6,rollout8,best_s2+wait,trainer_wait_mean_s,66.4627,1.18894,20
S6,rollout8,best_s2+wait,straggler_mean_s,18.379,1.096,20
S6,rollout8,best_s2+wait,straggler_p95_s,34.4815,4.1583,20
S6,rollout8,best_s2+wait,staleness_mean,0.999814,0.000273843,20
S6,rollout8,best_s2+wait,staleness_max,1,0,20
S6,rollout8,best_s2+wait,stale_token_frac,0.999784,0.000312828,20
S6,rollout8,best_s2+wait,batch_len_cv,0.108732,0.00986634,20
S6,rollout8,reference,groups_consumed,1536,0,20
S6,rollout8,reference,groups_dropped,0,0,20
S6,rollout8,reference,groups_unfinished,64,0,20
S6,rollout8,reference,drops_policy,0,0,20
S6,rollout8,reference,drops_stale,0,0,20
S6,rollout8,reference,drops_colocated_switch,0,0,20
S6,rollout8,reference,tokens_consumed,1.65257e+07,210510,20
S6,rollout8,reference,tokens_dropped,0,0,20
S6,rollout8,reference,waste_frac,0,0,20
S6,rollout8,reference,length_bias,0,0,20
S6,rollout8,reference,run_s,2429.84,57.8648,20
S6,rollout8,reference,gpu_idle_frac,0.584504,0.00856847,20
S6,rollout8,reference,verify_delay_mean_s,1.55231,0.0449441,20
S6,rollout8,reference,verify_delay_p95_s,6.5242,0.138527,20
S6,rollout8,reference,instants,25998,40.9571,20
S6,rollout8,reference,policy_calls,25998,40.9571,20
S6,rollout8,reference,violations,0,0,20
S6,rollout8,reference,J,1.46627,0.0395808,20
S6,rollout8,reference,window_s,2125.05,49.7237,20
S6,rollout8,reference,step_time_mean_s,101.193,2.36779,20
S6,rollout8,reference,step_time_p95_s,143.172,4.70608,20
S6,rollout8,reference,samples_per_s,5.07148,0.116873,20
S6,rollout8,reference,completed_tokens_per_s,6827.54,150.714,20
S6,rollout8,reference,rollout_idle_frac,0.350653,0.0134049,20
S6,rollout8,reference,gpu_gen_frac,0.321293,0.00663826,20
S6,rollout8,reference,gpu_overhead_frac,0.0083332,0.000190504,20
S6,rollout8,reference,gpu_train_frac,0.0858698,0.00185982,20
S6,rollout8,reference,trainer_wait_frac,0.818355,0.00392846,20
S6,rollout8,reference,trainer_wait_mean_s,82.849,2.32315,20
S6,rollout8,reference,straggler_mean_s,31.7882,2.21304,20
S6,rollout8,reference,straggler_p95_s,65.6312,5.85624,20
S6,rollout8,reference,staleness_mean,0.99308,0.00133248,20
S6,rollout8,reference,staleness_max,1,0,20
S6,rollout8,reference,stale_token_frac,0.988175,0.00164191,20
S6,rollout8,reference,batch_len_cv,0.105975,0.00664093,20
S8,eta2/estimates_degrade,best_s2+abort(1.5),groups_consumed,1536,0,20
S8,eta2/estimates_degrade,best_s2+abort(1.5),groups_dropped,520.55,13.7664,20
S8,eta2/estimates_degrade,best_s2+abort(1.5),groups_unfinished,70,2.87302,20
S8,eta2/estimates_degrade,best_s2+abort(1.5),drops_policy,520.55,13.7664,20
S8,eta2/estimates_degrade,best_s2+abort(1.5),drops_stale,0,0,20
S8,eta2/estimates_degrade,best_s2+abort(1.5),drops_colocated_switch,0,0,20
S8,eta2/estimates_degrade,best_s2+abort(1.5),tokens_consumed,1.24817e+07,175509,20
S8,eta2/estimates_degrade,best_s2+abort(1.5),tokens_dropped,6.98116e+06,108250,20
S8,eta2/estimates_degrade,best_s2+abort(1.5),waste_frac,0.358719,0.00423094,20
S8,eta2/estimates_degrade,best_s2+abort(1.5),length_bias,-0.250922,0.00562459,20
S8,eta2/estimates_degrade,best_s2+abort(1.5),run_s,1506.93,17.6149,20
S8,eta2/estimates_degrade,best_s2+abort(1.5),gpu_idle_frac,0.376162,0.000985702,20
S8,eta2/estimates_degrade,best_s2+abort(1.5),verify_delay_mean_s,1.50198,0.0502679,20
S8,eta2/estimates_degrade,best_s2+abort(1.5),verify_delay_p95_s,6.25145,0.143914,20
S8,eta2/estimates_degrade,best_s2+abort(1.5),instants,35073.7,121.067,20
S8,eta2/estimates_degrade,best_s2+abort(1.5),policy_calls,35073.7,121.067,20
S8,eta2/estimates_degrade,best_s2+abort(1.5),violations,0,0,20
S8,eta2/estimates_degrade,best_s2+abort(1.5),J,1.46207,0.0108839,20
S8,eta2/estimates_degrade,best_s2+abort(1.5),window_s,1308.26,13.8919,20
S8,eta2/estimates_degrade,best_s2+abort(1.5),step_time_mean_s,62.2979,0.66152,20
S8,eta2/estimates_degrade,best_s2+abort(1.5),step_time_p95_s,78.9267,1.20481,20
S8,eta2/estimates_degrade,best_s2+abort(1.5),samples_per_s,8.22256,0.0866356,20
S8,eta2/estimates_degrade,best_s2+abort(1.5),completed_tokens_per_s,12767.9,88.5181,20
S8,eta2/estimates_degrade,best_s2+abort(1.5),rollout_idle_frac,0.000351743,0.000157889,20
S8,eta2/estimates_degrade,best_s2+abort(1.5),gpu_gen_frac,0.489424,0.000167696,20
S8,eta2/estimates_degrade,best_s2+abort(1.5),gpu_overhead_frac,0.0184303,0.000199124,20
S8,eta2/estimates_degrade,best_s2+abort(1.5),gpu_train_frac,0.115984,0.000952462,20
S8,eta2/estimates_degrade,best_s2+abort(1.5),trainer_wait_frac,0.751972,0.00199199,20
S8,eta2/estimates_degrade,best_s2+abort(1.5),trainer_wait_mean_s,46.8494,0.574592,20
S8,eta2/estimates_degrade,best_s2+abort(1.5),straggler_mean_s,9.46316,0.344704,20
S8,eta2/estimates_degrade,best_s2+abort(1.5),straggler_p95_s,16.9964,0.770844,20
S8,eta2/estimates_degrade,best_s2+abort(1.5),staleness_mean,0.97314,0.00292417,20
S8,eta2/estimates_degrade,best_s2+abort(1.5),staleness_max,1,0,20
S8,eta2/estimates_degrade,best_s2+abort(1.5),stale_token_frac,0.989055,0.00138466,20
S8,eta2/estimates_degrade,best_s2+abort(1.5),batch_len_cv,0.185195,0.0191856,20
S8,eta2/estimates_degrade,best_s2+wait,groups_consumed,1536,0,20
S8,eta2/estimates_degrade,best_s2+wait,groups_dropped,0,0,20
S8,eta2/estimates_degrade,best_s2+wait,groups_unfinished,64,0,20
S8,eta2/estimates_degrade,best_s2+wait,drops_policy,0,0,20
S8,eta2/estimates_degrade,best_s2+wait,drops_stale,0,0,20
S8,eta2/estimates_degrade,best_s2+wait,drops_colocated_switch,0,0,20
S8,eta2/estimates_degrade,best_s2+wait,tokens_consumed,1.67635e+07,207602,20
S8,eta2/estimates_degrade,best_s2+wait,tokens_dropped,0,0,20
S8,eta2/estimates_degrade,best_s2+wait,waste_frac,0,0,20
S8,eta2/estimates_degrade,best_s2+wait,length_bias,0,0,20
S8,eta2/estimates_degrade,best_s2+wait,run_s,2057.91,27.224,20
S8,eta2/estimates_degrade,best_s2+wait,gpu_idle_frac,0.481382,0.0063953,20
S8,eta2/estimates_degrade,best_s2+wait,verify_delay_mean_s,1.53905,0.0462502,20
S8,eta2/estimates_degrade,best_s2+wait,verify_delay_p95_s,6.46415,0.13457,20
S8,eta2/estimates_degrade,best_s2+wait,instants,29230.3,42.7514,20
S8,eta2/estimates_degrade,best_s2+wait,policy_calls,29230.3,42.7514,20
S8,eta2/estimates_degrade,best_s2+wait,violations,0,0,20
S8,eta2/estimates_degrade,best_s2+wait,J,1.17381,0.0251488,20
S8,eta2/estimates_degrade,best_s2+wait,window_s,1781.5,26.6307,20
S8,eta2/estimates_degrade,best_s2+wait,step_time_mean_s,84.8333,1.26813,20
S8,eta2/estimates_degrade,best_s2+wait,step_time_p95_s,100.793,5.01328,20
S8,eta2/estimates_degrade,best_s2+wait,samples_per_s,6.04101,0.0870883,20
S8,eta2/estimates_degrade,best_s2+wait,completed_tokens_per_s,8118.87,98.5782,20
S8,eta2/estimates_degrade,best_s2+wait,rollout_idle_frac,0.179162,0.0103425,20
S8,eta2/estimates_degrade,best_s2+wait,gpu_gen_frac,0.400795,0.00505356,20
S8,eta2/estimates_degrade,best_s2+wait,gpu_overhead_frac,0.0155236,0.000234942,20
S8,eta2/estimates_degrade,best_s2+wait,gpu_train_frac,0.1023,0.00128862,20
S8,eta2/estimates_degrade,best_s2+wait,trainer_wait_frac,0.783601,0.00270726,20
S8,eta2/estimates_degrade,best_s2+wait,trainer_wait_mean_s,66.4869,1.18397,20
S8,eta2/estimates_degrade,best_s2+wait,straggler_mean_s,18.5695,1.08272,20
S8,eta2/estimates_degrade,best_s2+wait,straggler_p95_s,34.549,4.23053,20
S8,eta2/estimates_degrade,best_s2+wait,staleness_mean,0.999777,0.000321544,20
S8,eta2/estimates_degrade,best_s2+wait,staleness_max,1,0,20
S8,eta2/estimates_degrade,best_s2+wait,stale_token_frac,0.999756,0.000358471,20
S8,eta2/estimates_degrade,best_s2+wait,batch_len_cv,0.110797,0.0106099,20
S8,eta2/estimates_degrade,online_adaptive+abort(1.5),groups_consumed,1536,0,20
S8,eta2/estimates_degrade,online_adaptive+abort(1.5),groups_dropped,516.65,13.4073,20
S8,eta2/estimates_degrade,online_adaptive+abort(1.5),groups_unfinished,66.65,2.07241,20
S8,eta2/estimates_degrade,online_adaptive+abort(1.5),drops_policy,516.65,13.4073,20
S8,eta2/estimates_degrade,online_adaptive+abort(1.5),drops_stale,0,0,20
S8,eta2/estimates_degrade,online_adaptive+abort(1.5),drops_colocated_switch,0,0,20
S8,eta2/estimates_degrade,online_adaptive+abort(1.5),tokens_consumed,1.23969e+07,146199,20
S8,eta2/estimates_degrade,online_adaptive+abort(1.5),tokens_dropped,7.06699e+06,141774,20
S8,eta2/estimates_degrade,online_adaptive+abort(1.5),waste_frac,0.362995,0.00422647,20
S8,eta2/estimates_degrade,online_adaptive+abort(1.5),length_bias,-0.255467,0.00447926,20
S8,eta2/estimates_degrade,online_adaptive+abort(1.5),run_s,1501.41,16.8686,20
S8,eta2/estimates_degrade,online_adaptive+abort(1.5),gpu_idle_frac,0.375967,0.000784551,20
S8,eta2/estimates_degrade,online_adaptive+abort(1.5),verify_delay_mean_s,1.51568,0.0578172,20
S8,eta2/estimates_degrade,online_adaptive+abort(1.5),verify_delay_p95_s,6.25405,0.165159,20
S8,eta2/estimates_degrade,online_adaptive+abort(1.5),instants,35014.2,164.825,20
S8,eta2/estimates_degrade,online_adaptive+abort(1.5),policy_calls,35014.2,164.825,20
S8,eta2/estimates_degrade,online_adaptive+abort(1.5),violations,0,0,20
S8,eta2/estimates_degrade,online_adaptive+abort(1.5),J,1.4694,0.00932396,20
S8,eta2/estimates_degrade,online_adaptive+abort(1.5),window_s,1305.68,14.2516,20
S8,eta2/estimates_degrade,online_adaptive+abort(1.5),step_time_mean_s,62.1751,0.678646,20
S8,eta2/estimates_degrade,online_adaptive+abort(1.5),step_time_p95_s,78.0123,1.35619,20
S8,eta2/estimates_degrade,online_adaptive+abort(1.5),samples_per_s,8.23916,0.0920074,20
S8,eta2/estimates_degrade,online_adaptive+abort(1.5),completed_tokens_per_s,12785.9,112.805,20
S8,eta2/estimates_degrade,online_adaptive+abort(1.5),rollout_idle_frac,0.000296922,0.000135454,20
S8,eta2/estimates_degrade,online_adaptive+abort(1.5),gpu_gen_frac,0.489495,0.000174045,20
S8,eta2/estimates_degrade,online_adaptive+abort(1.5),gpu_overhead_frac,0.0184023,0.0002267,20
S8,eta2/estimates_degrade,online_adaptive+abort(1.5),gpu_train_frac,0.116136,0.00072593,20
S8,eta2/estimates_degrade,online_adaptive+abort(1.5),trainer_wait_frac,0.751636,0.00156883,20
S8,eta2/estimates_degrade,online_adaptive+abort(1.5),trainer_wait_mean_s,46.7362,0.579607,20
S8,eta2/estimates_degrade,online_adaptive+abort(1.5),straggler_mean_s,9.66668,0.278481,20
S8,eta2/estimates_degrade,online_adaptive+abort(1.5),straggler_p95_s,16.9298,0.985519,20
S8,eta2/estimates_degrade,online_adaptive+abort(1.5),staleness_mean,0.972321,0.00304331,20
S8,eta2/estimates_degrade,online_adaptive+abort(1.5),staleness_max,1,0,20
S8,eta2/estimates_degrade,online_adaptive+abort(1.5),stale_token_frac,0.988544,0.00180212,20
S8,eta2/estimates_degrade,online_adaptive+abort(1.5),batch_len_cv,0.175195,0.0171533,20
S8,eta2/estimates_degrade,online_adaptive+wait,groups_consumed,1536,0,20
S8,eta2/estimates_degrade,online_adaptive+wait,groups_dropped,0,0,20
S8,eta2/estimates_degrade,online_adaptive+wait,groups_unfinished,64,0,20
S8,eta2/estimates_degrade,online_adaptive+wait,drops_policy,0,0,20
S8,eta2/estimates_degrade,online_adaptive+wait,drops_stale,0,0,20
S8,eta2/estimates_degrade,online_adaptive+wait,drops_colocated_switch,0,0,20
S8,eta2/estimates_degrade,online_adaptive+wait,tokens_consumed,1.67635e+07,207602,20
S8,eta2/estimates_degrade,online_adaptive+wait,tokens_dropped,0,0,20
S8,eta2/estimates_degrade,online_adaptive+wait,waste_frac,0,0,20
S8,eta2/estimates_degrade,online_adaptive+wait,length_bias,0,0,20
S8,eta2/estimates_degrade,online_adaptive+wait,run_s,2058.66,27.4618,20
S8,eta2/estimates_degrade,online_adaptive+wait,gpu_idle_frac,0.481025,0.00636627,20
S8,eta2/estimates_degrade,online_adaptive+wait,verify_delay_mean_s,1.53934,0.0463135,20
S8,eta2/estimates_degrade,online_adaptive+wait,verify_delay_p95_s,6.46655,0.13593,20
S8,eta2/estimates_degrade,online_adaptive+wait,instants,29229,34.1578,20
S8,eta2/estimates_degrade,online_adaptive+wait,policy_calls,29229,34.1578,20
S8,eta2/estimates_degrade,online_adaptive+wait,violations,0,0,20
S8,eta2/estimates_degrade,online_adaptive+wait,J,1.17194,0.0252916,20
S8,eta2/estimates_degrade,online_adaptive+wait,window_s,1781.88,26.8159,20
S8,eta2/estimates_degrade,online_adaptive+wait,step_time_mean_s,84.8513,1.27695,20
S8,eta2/estimates_degrade,online_adaptive+wait,step_time_p95_s,100.959,4.98964,20
S8,eta2/estimates_degrade,online_adaptive+wait,samples_per_s,6.03981,0.0878027,20
S8,eta2/estimates_degrade,online_adaptive+wait,completed_tokens_per_s,8117.24,99.1875,20
S8,eta2/estimates_degrade,online_adaptive+wait,rollout_idle_frac,0.178406,0.0102234,20
S8,eta2/estimates_degrade,online_adaptive+wait,gpu_gen_frac,0.401082,0.00498864,20
S8,eta2/estimates_degrade,online_adaptive+wait,gpu_overhead_frac,0.015613,0.000233707,20
S8,eta2/estimates_degrade,online_adaptive+wait,gpu_train_frac,0.10228,0.00130493,20
S8,eta2/estimates_degrade,online_adaptive+wait,trainer_wait_frac,0.783644,0.00274183,20
S8,eta2/estimates_degrade,online_adaptive+wait,trainer_wait_mean_s,66.5049,1.19343,20
S8,eta2/estimates_degrade,online_adaptive+wait,straggler_mean_s,18.5251,1.06789,20
S8,eta2/estimates_degrade,online_adaptive+wait,straggler_p95_s,33.7958,4.203,20
S8,eta2/estimates_degrade,online_adaptive+wait,staleness_mean,0.999777,0.000321544,20
S8,eta2/estimates_degrade,online_adaptive+wait,staleness_max,1,0,20
S8,eta2/estimates_degrade,online_adaptive+wait,stale_token_frac,0.999737,0.000380955,20
S8,eta2/estimates_degrade,online_adaptive+wait,batch_len_cv,0.110797,0.0106099,20
S8,eta2/estimates_degrade,online_eb+abort_pred(1.5),groups_consumed,1536,0,20
S8,eta2/estimates_degrade,online_eb+abort_pred(1.5),groups_dropped,3.85,0.821572,20
S8,eta2/estimates_degrade,online_eb+abort_pred(1.5),groups_unfinished,49.6,12.507,20
S8,eta2/estimates_degrade,online_eb+abort_pred(1.5),drops_policy,1.6,0.440086,20
S8,eta2/estimates_degrade,online_eb+abort_pred(1.5),drops_stale,2.25,0.741941,20
S8,eta2/estimates_degrade,online_eb+abort_pred(1.5),drops_colocated_switch,0,0,20
S8,eta2/estimates_degrade,online_eb+abort_pred(1.5),tokens_consumed,1.63371e+07,196930,20
S8,eta2/estimates_degrade,online_eb+abort_pred(1.5),tokens_dropped,99642.1,27364.7,20
S8,eta2/estimates_degrade,online_eb+abort_pred(1.5),waste_frac,0.00607094,0.00164957,20
S8,eta2/estimates_degrade,online_eb+abort_pred(1.5),length_bias,-0.00638151,0.00148903,20
S8,eta2/estimates_degrade,online_eb+abort_pred(1.5),run_s,1255.16,11.5799,20
S8,eta2/estimates_degrade,online_eb+abort_pred(1.5),gpu_idle_frac,0.322508,0.0015337,20
S8,eta2/estimates_degrade,online_eb+abort_pred(1.5),verify_delay_mean_s,1.49108,0.0442065,20
S8,eta2/estimates_degrade,online_eb+abort_pred(1.5),verify_delay_p95_s,6.3935,0.141336,20
S8,eta2/estimates_degrade,online_eb+abort_pred(1.5),instants,29214.8,94.358,20
S8,eta2/estimates_degrade,online_eb+abort_pred(1.5),policy_calls,29214.8,94.358,20
S8,eta2/estimates_degrade,online_eb+abort_pred(1.5),violations,0,0,20
S8,eta2/estimates_degrade,online_eb+abort_pred(1.5),J,0.703027,0.00655109,20
S8,eta2/estimates_degrade,online_eb+abort_pred(1.5),window_s,1074.39,11.1128,20
S8,eta2/estimates_degrade,online_eb+abort_pred(1.5),step_time_mean_s,51.1616,0.52918,20
S8,eta2/estimates_degrade,online_eb+abort_pred(1.5),step_time_p95_s,67.5114,1.55295,20
S8,eta2/estimates_degrade,online_eb+abort_pred(1.5),samples_per_s,10.0121,0.10261,20
S8,eta2/estimates_degrade,online_eb+abort_pred(1.5),completed_tokens_per_s,13388.6,84.1391,20
S8,eta2/estimates_degrade,online_eb+abort_pred(1.5),rollout_idle_frac,0.00230883,0.000651798,20
S8,eta2/estimates_degrade,online_eb+abort_pred(1.5),gpu_gen_frac,0.490739,0.000375205,20
S8,eta2/estimates_degrade,online_eb+abort_pred(1.5),gpu_overhead_frac,0.0178837,0.000199766,20
S8,eta2/estimates_degrade,online_eb+abort_pred(1.5),gpu_train_frac,0.168869,0.00134906,20
S8,eta2/estimates_degrade,online_eb+abort_pred(1.5),trainer_wait_frac,0.642708,0.00278044,20
S8,eta2/estimates_degrade,online_eb+abort_pred(1.5),trainer_wait_mean_s,32.8848,0.422128,20
S8,eta2/estimates_degrade,online_eb+abort_pred(1.5),straggler_mean_s,4.49171,0.222097,20
S8,eta2/estimates_degrade,online_eb+abort_pred(1.5),straggler_p95_s,7.4406,0.542743,20
S8,eta2/estimates_degrade,online_eb+abort_pred(1.5),staleness_mean,0.993787,0.00706754,20
S8,eta2/estimates_degrade,online_eb+abort_pred(1.5),staleness_max,2,0,20
S8,eta2/estimates_degrade,online_eb+abort_pred(1.5),stale_token_frac,0.905247,0.00385552,20
S8,eta2/estimates_degrade,online_eb+abort_pred(1.5),batch_len_cv,0.230343,0.016755,20
S8,eta2/estimates_degrade,online_eb+wait,groups_consumed,1536,0,20
S8,eta2/estimates_degrade,online_eb+wait,groups_dropped,0,0,20
S8,eta2/estimates_degrade,online_eb+wait,groups_unfinished,64,0,20
S8,eta2/estimates_degrade,online_eb+wait,drops_policy,0,0,20
S8,eta2/estimates_degrade,online_eb+wait,drops_stale,0,0,20
S8,eta2/estimates_degrade,online_eb+wait,drops_colocated_switch,0,0,20
S8,eta2/estimates_degrade,online_eb+wait,tokens_consumed,1.67635e+07,207602,20
S8,eta2/estimates_degrade,online_eb+wait,tokens_dropped,0,0,20
S8,eta2/estimates_degrade,online_eb+wait,waste_frac,0,0,20
S8,eta2/estimates_degrade,online_eb+wait,length_bias,0,0,20
S8,eta2/estimates_degrade,online_eb+wait,run_s,2058.42,26.6469,20
S8,eta2/estimates_degrade,online_eb+wait,gpu_idle_frac,0.480908,0.00585119,20
S8,eta2/estimates_degrade,online_eb+wait,verify_delay_mean_s,1.53915,0.046256,20
S8,eta2/estimates_degrade,online_eb+wait,verify_delay_p95_s,6.4648,0.134459,20
S8,eta2/estimates_degrade,online_eb+wait,instants,29231.5,40.2832,20
S8,eta2/estimates_degrade,online_eb+wait,policy_calls,29231.5,40.2832,20
S8,eta2/estimates_degrade,online_eb+wait,violations,0,0,20
S8,eta2/estimates_degrade,online_eb+wait,J,1.17308,0.0246895,20
S8,eta2/estimates_degrade,online_eb+wait,window_s,1781.95,25.8369,20
S8,eta2/estimates_degrade,online_eb+wait,step_time_mean_s,84.8548,1.23033,20
S8,eta2/estimates_degrade,online_eb+wait,step_time_p95_s,101.151,5.00689,20
S8,eta2/estimates_degrade,online_eb+wait,samples_per_s,6.03913,0.0843019,20
S8,eta2/estimates_degrade,online_eb+wait,completed_tokens_per_s,8116.4,95.1293,20
S8,eta2/estimates_degrade,online_eb+wait,rollout_idle_frac,0.178148,0.00934084,20
S8,eta2/estimates_degrade,online_eb+wait,gpu_gen_frac,0.401204,0.0045636,20
S8,eta2/estimates_degrade,online_eb+wait,gpu_overhead_frac,0.0156196,0.000219442,20
S8,eta2/estimates_degrade,online_eb+wait,gpu_train_frac,0.102269,0.00124059,20
S8,eta2/estimates_degrade,online_eb+wait,trainer_wait_frac,0.783668,0.00260423,20
S8,eta2/estimates_degrade,online_eb+wait,trainer_wait_mean_s,66.5085,1.14421,20
S8,eta2/estimates_degrade,online_eb+wait,straggler_mean_s,18.5279,1.02308,20
S8,eta2/estimates_degrade,online_eb+wait,straggler_p95_s,34.2636,4.34602,20
S8,eta2/estimates_degrade,online_eb+wait,staleness_mean,0.999777,0.000321544,20
S8,eta2/estimates_degrade,online_eb+wait,staleness_max,1,0,20
S8,eta2/estimates_degrade,online_eb+wait,stale_token_frac,0.999756,0.000358471,20
S8,eta2/estimates_degrade,online_eb+wait,batch_len_cv,0.110797,0.0106099,20
S8,eta2/estimates_degrade,reference,groups_consumed,1536,0,20
S8,eta2/estimates_degrade,reference,groups_dropped,0,0,20
S8,eta2/estimates_degrade,reference,groups_unfinished,64,0,20
S8,eta2/estimates_degrade,reference,drops_policy,0,0,20
S8,eta2/estimates_degrade,reference,drops_stale,0,0,20
S8,eta2/estimates_degrade,reference,drops_colocated_switch,0,0,20
S8,eta2/estimates_degrade,reference,tokens_consumed,1.65257e+07,210510,20
S8,eta2/estimates_degrade,reference,tokens_dropped,0,0,20
S8,eta2/estimates_degrade,reference,waste_frac,0,0,20
S8,eta2/estimates_degrade,reference,length_bias,0,0,20
S8,eta2/estimates_degrade,reference,run_s,2429.84,57.8648,20
S8,eta2/estimates_degrade,reference,gpu_idle_frac,0.584504,0.00856847,20
S8,eta2/estimates_degrade,reference,verify_delay_mean_s,1.55231,0.0449441,20
S8,eta2/estimates_degrade,reference,verify_delay_p95_s,6.5242,0.138527,20
S8,eta2/estimates_degrade,reference,instants,25998,40.9571,20
S8,eta2/estimates_degrade,reference,policy_calls,25998,40.9571,20
S8,eta2/estimates_degrade,reference,violations,0,0,20
S8,eta2/estimates_degrade,reference,J,1.46627,0.0395808,20
S8,eta2/estimates_degrade,reference,window_s,2125.05,49.7237,20
S8,eta2/estimates_degrade,reference,step_time_mean_s,101.193,2.36779,20
S8,eta2/estimates_degrade,reference,step_time_p95_s,143.172,4.70608,20
S8,eta2/estimates_degrade,reference,samples_per_s,5.07148,0.116873,20
S8,eta2/estimates_degrade,reference,completed_tokens_per_s,6827.54,150.714,20
S8,eta2/estimates_degrade,reference,rollout_idle_frac,0.350653,0.0134049,20
S8,eta2/estimates_degrade,reference,gpu_gen_frac,0.321293,0.00663826,20
S8,eta2/estimates_degrade,reference,gpu_overhead_frac,0.0083332,0.000190504,20
S8,eta2/estimates_degrade,reference,gpu_train_frac,0.0858698,0.00185982,20
S8,eta2/estimates_degrade,reference,trainer_wait_frac,0.818355,0.00392846,20
S8,eta2/estimates_degrade,reference,trainer_wait_mean_s,82.849,2.32315,20
S8,eta2/estimates_degrade,reference,straggler_mean_s,31.7882,2.21304,20
S8,eta2/estimates_degrade,reference,straggler_p95_s,65.6312,5.85624,20
S8,eta2/estimates_degrade,reference,staleness_mean,0.99308,0.00133248,20
S8,eta2/estimates_degrade,reference,staleness_max,1,0,20
S8,eta2/estimates_degrade,reference,stale_token_frac,0.988175,0.00164191,20
S8,eta2/estimates_degrade,reference,batch_len_cv,0.105975,0.00664093,20
S8,eta2/none,best_s2+abort(1.5),groups_consumed,1536,0,20
S8,eta2/none,best_s2+abort(1.5),groups_dropped,527.8,10.2521,20
S8,eta2/none,best_s2+abort(1.5),groups_unfinished,67.7,2.08253,20
S8,eta2/none,best_s2+abort(1.5),drops_policy,527.8,10.2521,20
S8,eta2/none,best_s2+abort(1.5),drops_stale,0,0,20
S8,eta2/none,best_s2+abort(1.5),drops_colocated_switch,0,0,20
S8,eta2/none,best_s2+abort(1.5),tokens_consumed,1.25078e+07,172045,20
S8,eta2/none,best_s2+abort(1.5),tokens_dropped,6.99921e+06,105838,20
S8,eta2/none,best_s2+abort(1.5),waste_frac,0.358826,0.00399436,20
S8,eta2/none,best_s2+abort(1.5),length_bias,-0.251026,0.00542182,20
S8,eta2/none,best_s2+abort(1.5),run_s,1503.69,18.7307,20
S8,eta2/none,best_s2+abort(1.5),gpu_idle_frac,0.375465,0.000923509,20
S8,eta2/none,best_s2+abort(1.5),verify_delay_mean_s,1.50643,0.0571806,20
S8,eta2/none,best_s2+abort(1.5),verify_delay_p95_s,6.278,0.183288,20
S8,eta2/none,best_s2+abort(1.5),instants,35089.3,90.718,20
S8,eta2/none,best_s2+abort(1.5),policy_calls,35089.3,90.718,20
S8,eta2/none,best_s2+abort(1.5),violations,0,0,20
S8,eta2/none,best_s2+abort(1.5),J,1.46084,0.0099825,20
S8,eta2/none,best_s2+abort(1.5),window_s,1305.62,15.3972,20
S8,eta2/none,best_s2+abort(1.5),step_time_mean_s,62.1722,0.7332,20
S8,eta2/none,best_s2+abort(1.5),step_time_p95_s,78.4869,1.79299,20
S8,eta2/none,best_s2+abort(1.5),samples_per_s,8.24012,0.0964072,20
S8,eta2/none,best_s2+abort(1.5),completed_tokens_per_s,12827,77.9115,20
S8,eta2/none,best_s2+abort(1.5),rollout_idle_frac,0.000303232,0.00017024,20
S8,eta2/none,best_s2+abort(1.5),gpu_gen_frac,0.489417,0.000210839,20
S8,eta2/none,best_s2+abort(1.5),gpu_overhead_frac,0.0184783,0.000246764,20
S8,eta2/none,best_s2+abort(1.5),gpu_train_frac,0.116639,0.000899442,20
S8,eta2/none,best_s2+abort(1.5),trainer_wait_frac,0.750627,0.00190349,20
S8,eta2/none,best_s2+abort(1.5),trainer_wait_mean_s,46.6717,0.628109,20
S8,eta2/none,best_s2+abort(1.5),straggler_mean_s,9.29765,0.341514,20
S8,eta2/none,best_s2+abort(1.5),straggler_p95_s,17.0643,0.862094,20
S8,eta2/none,best_s2+abort(1.5),staleness_mean,0.971726,0.00286486,20
S8,eta2/none,best_s2+abort(1.5),staleness_max,1,0,20
S8,eta2/none,best_s2+abort(1.5),stale_token_frac,0.988004,0.00170684,20
S8,eta2/none,best_s2+abort(1.5),batch_len_cv,0.174909,0.0201357,20
S8,eta2/none,best_s2+wait,groups_consumed,1536,0,20
S8,eta2/none,best_s2+wait,groups_dropped,0,0,20
S8,eta2/none,best_s2+wait,groups_unfinished,64,0,20
S8,eta2/none,best_s2+wait,drops_policy,0,0,20
S8,eta2/none,best_s2+wait,drops_stale,0,0,20
S8,eta2/none,best_s2+wait,drops_colocated_switch,0,0,20
S8,eta2/none,best_s2+wait,tokens_consumed,1.68219e+07,206274,20
S8,eta2/none,best_s2+wait,tokens_dropped,0,0,20
S8,eta2/none,best_s2+wait,waste_frac,0,0,20
S8,eta2/none,best_s2+wait,length_bias,0,0,20
S8,eta2/none,best_s2+wait,run_s,2058.44,27.6816,20
S8,eta2/none,best_s2+wait,gpu_idle_frac,0.479261,0.0065633,20
S8,eta2/none,best_s2+wait,verify_delay_mean_s,1.54639,0.0420889,20
S8,eta2/none,best_s2+wait,verify_delay_p95_s,6.4915,0.127901,20
S8,eta2/none,best_s2+wait,instants,29234.2,36.7159,20
S8,eta2/none,best_s2+wait,policy_calls,29234.2,36.7159,20
S8,eta2/none,best_s2+wait,violations,0,0,20
S8,eta2/none,best_s2+wait,J,1.17286,0.0249768,20
S8,eta2/none,best_s2+wait,window_s,1782.08,26.7217,20
S8,eta2/none,best_s2+wait,step_time_mean_s,84.861,1.27246,20
S8,eta2/none,best_s2+wait,step_time_p95_s,100.926,5.02189,20
S8,eta2/none,best_s2+wait,samples_per_s,6.03908,0.0875127,20
S8,eta2/none,best_s2+wait,completed_tokens_per_s,8149.17,99.6299,20
S8,eta2/none,best_s2+wait,rollout_idle_frac,0.175466,0.0106612,20
S8,eta2/none,best_s2+wait,gpu_gen_frac,0.402622,0.00521891,20
S8,eta2/none,best_s2+wait,gpu_overhead_frac,0.0155429,0.000227123,20
S8,eta2/none,best_s2+wait,gpu_train_frac,0.102574,0.0013006,20
S8,eta2/none,best_s2+wait,trainer_wait_frac,0.783057,0.00273331,20
S8,eta2/none,best_s2+wait,trainer_wait_mean_s,66.4627,1.18894,20
S8,eta2/none,best_s2+wait,straggler_mean_s,18.379,1.096,20
S8,eta2/none,best_s2+wait,straggler_p95_s,34.4815,4.1583,20
S8,eta2/none,best_s2+wait,staleness_mean,0.999814,0.000273843,20
S8,eta2/none,best_s2+wait,staleness_max,1,0,20
S8,eta2/none,best_s2+wait,stale_token_frac,0.999784,0.000312828,20
S8,eta2/none,best_s2+wait,batch_len_cv,0.108732,0.00986634,20
S8,eta2/none,online_adaptive+abort(1.5),groups_consumed,1536,0,20
S8,eta2/none,online_adaptive+abort(1.5),groups_dropped,524.5,12.974,20
S8,eta2/none,online_adaptive+abort(1.5),groups_unfinished,67.3,2.13717,20
S8,eta2/none,online_adaptive+abort(1.5),drops_policy,524.5,12.974,20
S8,eta2/none,online_adaptive+abort(1.5),drops_stale,0,0,20
S8,eta2/none,online_adaptive+abort(1.5),drops_colocated_switch,0,0,20
S8,eta2/none,online_adaptive+abort(1.5),tokens_consumed,1.24869e+07,137976,20
S8,eta2/none,online_adaptive+abort(1.5),tokens_dropped,7.00236e+06,128320,20
S8,eta2/none,online_adaptive+abort(1.5),waste_frac,0.359227,0.00387201,20
S8,eta2/none,online_adaptive+abort(1.5),length_bias,-0.251944,0.00433414,20
S8,eta2/none,online_adaptive+abort(1.5),run_s,1501.89,16.5652,20
S8,eta2/none,online_adaptive+abort(1.5),gpu_idle_frac,0.375452,0.00101488,20
S8,eta2/none,online_adaptive+abort(1.5),verify_delay_mean_s,1.51168,0.0542318,20
S8,eta2/none,online_adaptive+abort(1.5),verify_delay_p95_s,6.25485,0.169428,20
S8,eta2/none,online_adaptive+abort(1.5),instants,35066.2,127.652,20
S8,eta2/none,online_adaptive+abort(1.5),policy_calls,35066.2,127.652,20
S8,eta2/none,online_adaptive+abort(1.5),violations,0,0,20
S8,eta2/none,online_adaptive+abort(1.5),J,1.46217,0.0115021,20
S8,eta2/none,online_adaptive+abort(1.5),window_s,1306.14,14.4512,20
S8,eta2/none,online_adaptive+abort(1.5),step_time_mean_s,62.1974,0.688152,20
S8,eta2/none,online_adaptive+abort(1.5),step_time_p95_s,78.7484,1.44391,20
S8,eta2/none,online_adaptive+abort(1.5),samples_per_s,8.2362,0.0904874,20
S8,eta2/none,online_adaptive+abort(1.5),completed_tokens_per_s,12798.9,90.335,20
S8,eta2/none,online_adaptive+abort(1.5),rollout_idle_frac,0.000288817,0.000134682,20
S8,eta2/none,online_adaptive+abort(1.5),gpu_gen_frac,0.489468,0.000161382,20
S8,eta2/none,online_adaptive+abort(1.5),gpu_overhead_frac,0.0184305,0.000215264,20
S8,eta2/none,online_adaptive+abort(1.5),gpu_train_frac,0.116649,0.00095519,20
S8,eta2/none,online_adaptive+abort(1.5),trainer_wait_frac,0.750615,0.00202787,20
S8,eta2/none,online_adaptive+abort(1.5),trainer_wait_mean_s,46.6904,0.611194,20
S8,eta2/none,online_adaptive+abort(1.5),straggler_mean_s,9.55126,0.386354,20
S8,eta2/none,online_adaptive+abort(1.5),straggler_p95_s,16.9687,0.934396,20
S8,eta2/none,online_adaptive+abort(1.5),staleness_mean,0.973363,0.002207,20
S8,eta2/none,online_adaptive+abort(1.5),staleness_max,1,0,20
S8,eta2/none,online_adaptive+abort(1.5),stale_token_frac,0.989109,0.00112528,20
S8,eta2/none,online_adaptive+abort(1.5),batch_len_cv,0.171562,0.0184988,20
S8,eta2/none,online_adaptive+wait,groups_consumed,1536,0,20
S8,eta2/none,online_adaptive+wait,groups_dropped,0,0,20
S8,eta2/none,online_adaptive+wait,groups_unfinished,64,0,20
S8,eta2/none,online_adaptive+wait,drops_policy,0,0,20
S8,eta2/none,online_adaptive+wait,drops_stale,0,0,20
S8,eta2/none,online_adaptive+wait,drops_colocated_switch,0,0,20
S8,eta2/none,online_adaptive+wait,tokens_consumed,1.68219e+07,206274,20
S8,eta2/none,online_adaptive+wait,tokens_dropped,0,0,20
S8,eta2/none,online_adaptive+wait,waste_frac,0,0,20
S8,eta2/none,online_adaptive+wait,length_bias,0,0,20
S8,eta2/none,online_adaptive+wait,run_s,2059.85,28.2221,20
S8,eta2/none,online_adaptive+wait,gpu_idle_frac,0.479763,0.00662796,20
S8,eta2/none,online_adaptive+wait,verify_delay_mean_s,1.54608,0.041968,20
S8,eta2/none,online_adaptive+wait,verify_delay_p95_s,6.49115,0.128552,20
S8,eta2/none,online_adaptive+wait,instants,29235.8,32.1482,20
S8,eta2/none,online_adaptive+wait,policy_calls,29235.8,32.1482,20
S8,eta2/none,online_adaptive+wait,violations,0,0,20
S8,eta2/none,online_adaptive+wait,J,1.17228,0.02552,20
S8,eta2/none,online_adaptive+wait,window_s,1783.12,27.3658,20
S8,eta2/none,online_adaptive+wait,step_time_mean_s,84.9105,1.30313,20
S8,eta2/none,online_adaptive+wait,step_time_p95_s,100.978,5.15861,20
S8,eta2/none,online_adaptive+wait,samples_per_s,6.03583,0.0894688,20
S8,eta2/none,online_adaptive+wait,completed_tokens_per_s,8144.62,100.099,20
S8,eta2/none,online_adaptive+wait,rollout_idle_frac,0.17635,0.0107305,20
S8,eta2/none,online_adaptive+wait,gpu_gen_frac,0.402118,0.00524455,20
S8,eta2/none,online_adaptive+wait,gpu_overhead_frac,0.0156009,0.000235198,20
S8,eta2/none,online_adaptive+wait,gpu_train_frac,0.102518,0.00132088,20
S8,eta2/none,online_adaptive+wait,trainer_wait_frac,0.783176,0.00277865,20
S8,eta2/none,online_adaptive+wait,trainer_wait_mean_s,66.5122,1.21839,20
S8,eta2/none,online_adaptive+wait,straggler_mean_s,18.4009,1.10017,20
S8,eta2/none,online_adaptive+wait,straggler_p95_s,33.9476,4.16281,20
S8,eta2/none,online_adaptive+wait,staleness_mean,0.999814,0.000273843,20
S8,eta2/none,online_adaptive+wait,staleness_max,1,0,20
S8,eta2/none,online_adaptive+wait,stale_token_frac,0.999765,0.000338716,20
S8,eta2/none,online_adaptive+wait,batch_len_cv,0.108732,0.00986634,20
S8,eta2/none,online_eb+abort_pred(1.5),groups_consumed,1536,0,20
S8,eta2/none,online_eb+abort_pred(1.5),groups_dropped,2.9,0.947048,20
S8,eta2/none,online_eb+abort_pred(1.5),groups_unfinished,46.9,11.1478,20
S8,eta2/none,online_eb+abort_pred(1.5),drops_policy,1.15,0.612573,20
S8,eta2/none,online_eb+abort_pred(1.5),drops_stale,1.75,0.693762,20
S8,eta2/none,online_eb+abort_pred(1.5),drops_colocated_switch,0,0,20
S8,eta2/none,online_eb+abort_pred(1.5),tokens_consumed,1.64132e+07,200551,20
S8,eta2/none,online_eb+abort_pred(1.5),tokens_dropped,75074.6,28140.9,20
S8,eta2/none,online_eb+abort_pred(1.5),waste_frac,0.00455791,0.00168755,20
S8,eta2/none,online_eb+abort_pred(1.5),length_bias,-0.00502762,0.00189066,20
S8,eta2/none,online_eb+abort_pred(1.5),run_s,1257.98,11.7732,20
S8,eta2/none,online_eb+abort_pred(1.5),gpu_idle_frac,0.322144,0.00110433,20
S8,eta2/none,online_eb+abort_pred(1.5),verify_delay_mean_s,1.49809,0.0442575,20
S8,eta2/none,online_eb+abort_pred(1.5),verify_delay_p95_s,6.4255,0.13828,20
S8,eta2/none,online_eb+abort_pred(1.5),instants,29121.2,98.5007,20
S8,eta2/none,online_eb+abort_pred(1.5),policy_calls,29121.2,98.5007,20
S8,eta2/none,online_eb+abort_pred(1.5),violations,0,0,20
S8,eta2/none,online_eb+abort_pred(1.5),J,0.701416,0.00635655,20
S8,eta2/none,online_eb+abort_pred(1.5),window_s,1077.42,11.0392,20
S8,eta2/none,online_eb+abort_pred(1.5),step_time_mean_s,51.3056,0.525677,20
S8,eta2/none,online_eb+abort_pred(1.5),step_time_p95_s,67.766,1.88855,20
S8,eta2/none,online_eb+abort_pred(1.5),samples_per_s,9.98392,0.101369,20
S8,eta2/none,online_eb+abort_pred(1.5),completed_tokens_per_s,13398.7,74.2276,20
S8,eta2/none,online_eb+abort_pred(1.5),rollout_idle_frac,0.00200045,0.000551235,20
S8,eta2/none,online_eb+abort_pred(1.5),gpu_gen_frac,0.490945,0.000329157,20
S8,eta2/none,online_eb+abort_pred(1.5),gpu_overhead_frac,0.0178046,0.000180317,20
S8,eta2/none,online_eb+abort_pred(1.5),gpu_train_frac,0.169106,0.00101086,20
S8,eta2/none,online_eb+abort_pred(1.5),trainer_wait_frac,0.642288,0.00208938,20
S8,eta2/none,online_eb+abort_pred(1.5),trainer_wait_mean_s,32.9548,0.39087,20
S8,eta2/none,online_eb+abort_pred(1.5),straggler_mean_s,4.49227,0.196418,20
S8,eta2/none,online_eb+abort_pred(1.5),straggler_p95_s,7.4409,0.465025,20
S8,eta2/none,online_eb+abort_pred(1.5),staleness_mean,0.99535,0.00695888,20
S8,eta2/none,online_eb+abort_pred(1.5),staleness_max,2,0,20
S8,eta2/none,online_eb+abort_pred(1.5),stale_token_frac,0.905075,0.00389697,20
S8,eta2/none,online_eb+abort_pred(1.5),batch_len_cv,0.227003,0.0152352,20
S8,eta2/none,online_eb+wait,groups_consumed,1536,0,20
S8,eta2/none,online_eb+wait,groups_dropped,0,0,20
S8,eta2/none,online_eb+wait,groups_unfinished,64,0,20
S8,eta2/none,online_eb+wait,drops_policy,0,0,20
S8,eta2/none,online_eb+wait,drops_stale,0,0,20
S8,eta2/none,online_eb+wait,drops_colocated_switch,0,0,20
S8,eta2/none,online_eb+wait,tokens_consumed,1.68219e+07,206274,20
S8,eta2/none,online_eb+wait,tokens_dropped,0,0,20
S8,eta2/none,online_eb+wait,waste_frac,0,0,20
S8,eta2/none,online_eb+wait,length_bias,0,0,20
S8,eta2/none,online_eb+wait,run_s,2059.49,27.646,20
S8,eta2/none,online_eb+wait,gpu_idle_frac,0.480147,0.00679162,20
S8,eta2/none,online_eb+wait,verify_delay_mean_s,1.54607,0.0420207,20
S8,eta2/none,online_eb+wait,verify_delay_p95_s,6.49095,0.128459,20
S8,eta2/none,online_eb+wait,instants,29238.1,35.5068,20
S8,eta2/none,online_eb+wait,policy_calls,29238.1,35.5068,20
S8,eta2/none,online_eb+wait,violations,0,0,20
S8,eta2/none,online_eb+wait,J,1.17255,0.0251642,20
S8,eta2/none,online_eb+wait,window_s,1783.07,26.7479,20
S8,eta2/none,online_eb+wait,step_time_mean_s,84.9081,1.27371,20
S8,eta2/none,online_eb+wait,step_time_p95_s,101.271,5.11456,20
S8,eta2/none,online_eb+wait,samples_per_s,6.03573,0.087305,20
S8,eta2/none,online_eb+wait,completed_tokens_per_s,8144.56,97.9372,20
S8,eta2/none,online_eb+wait,rollout_idle_frac,0.177115,0.0111064,20
S8,eta2/none,online_eb+wait,gpu_gen_frac,0.40174,0.00543226,20
S8,eta2/none,online_eb+wait,gpu_overhead_frac,0.0155964,0.000230264,20
S8,eta2/none,online_eb+wait,gpu_train_frac,0.102517,0.00128905,20
S8,eta2/none,online_eb+wait,trainer_wait_frac,0.783178,0.00270972,20
S8,eta2/none,online_eb+wait,trainer_wait_mean_s,66.5097,1.18848,20
S8,eta2/none,online_eb+wait,straggler_mean_s,18.3739,1.03316,20
S8,eta2/none,online_eb+wait,straggler_p95_s,33.9916,4.19378,20
S8,eta2/none,online_eb+wait,staleness_mean,0.999814,0.000273843,20
S8,eta2/none,online_eb+wait,staleness_max,1,0,20
S8,eta2/none,online_eb+wait,stale_token_frac,0.999784,0.000312828,20
S8,eta2/none,online_eb+wait,batch_len_cv,0.108732,0.00986634,20
S8,eta2/none,reference,groups_consumed,1536,0,20
S8,eta2/none,reference,groups_dropped,0,0,20
S8,eta2/none,reference,groups_unfinished,64,0,20
S8,eta2/none,reference,drops_policy,0,0,20
S8,eta2/none,reference,drops_stale,0,0,20
S8,eta2/none,reference,drops_colocated_switch,0,0,20
S8,eta2/none,reference,tokens_consumed,1.65257e+07,210510,20
S8,eta2/none,reference,tokens_dropped,0,0,20
S8,eta2/none,reference,waste_frac,0,0,20
S8,eta2/none,reference,length_bias,0,0,20
S8,eta2/none,reference,run_s,2429.84,57.8648,20
S8,eta2/none,reference,gpu_idle_frac,0.584504,0.00856847,20
S8,eta2/none,reference,verify_delay_mean_s,1.55231,0.0449441,20
S8,eta2/none,reference,verify_delay_p95_s,6.5242,0.138527,20
S8,eta2/none,reference,instants,25998,40.9571,20
S8,eta2/none,reference,policy_calls,25998,40.9571,20
S8,eta2/none,reference,violations,0,0,20
S8,eta2/none,reference,J,1.46627,0.0395808,20
S8,eta2/none,reference,window_s,2125.05,49.7237,20
S8,eta2/none,reference,step_time_mean_s,101.193,2.36779,20
S8,eta2/none,reference,step_time_p95_s,143.172,4.70608,20
S8,eta2/none,reference,samples_per_s,5.07148,0.116873,20
S8,eta2/none,reference,completed_tokens_per_s,6827.54,150.714,20
S8,eta2/none,reference,rollout_idle_frac,0.350653,0.0134049,20
S8,eta2/none,reference,gpu_gen_frac,0.321293,0.00663826,20
S8,eta2/none,reference,gpu_overhead_frac,0.0083332,0.000190504,20
S8,eta2/none,reference,gpu_train_frac,0.0858698,0.00185982,20
S8,eta2/none,reference,trainer_wait_frac,0.818355,0.00392846,20
S8,eta2/none,reference,trainer_wait_mean_s,82.849,2.32315,20
S8,eta2/none,reference,straggler_mean_s,31.7882,2.21304,20
S8,eta2/none,reference,straggler_p95_s,65.6312,5.85624,20
S8,eta2/none,reference,staleness_mean,0.99308,0.00133248,20
S8,eta2/none,reference,staleness_max,1,0,20
S8,eta2/none,reference,stale_token_frac,0.988175,0.00164191,20
S8,eta2/none,reference,batch_len_cv,0.105975,0.00664093,20
S8,eta2/tail_heavier,best_s2+abort(1.5),groups_consumed,1536,0,20
S8,eta2/tail_heavier,best_s2+abort(1.5),groups_dropped,548,10.0653,20
S8,eta2/tail_heavier,best_s2+abort(1.5),groups_unfinished,70.95,3.26897,20
S8,eta2/tail_heavier,best_s2+abort(1.5),drops_policy,548,10.0653,20
S8,eta2/tail_heavier,best_s2+abort(1.5),drops_stale,0,0,20
S8,eta2/tail_heavier,best_s2+abort(1.5),drops_colocated_switch,0,0,20
S8,eta2/tail_heavier,best_s2+abort(1.5),tokens_consumed,1.4221e+07,235972,20
S8,eta2/tail_heavier,best_s2+abort(1.5),tokens_dropped,8.53963e+06,146467,20
S8,eta2/tail_heavier,best_s2+abort(1.5),waste_frac,0.375244,0.00508234,20
S8,eta2/tail_heavier,best_s2+abort(1.5),length_bias,-0.262558,0.00658077,20
S8,eta2/tail_heavier,best_s2+abort(1.5),run_s,1737.34,15.5919,20
S8,eta2/tail_heavier,best_s2+abort(1.5),gpu_idle_frac,0.385827,0.000907677,20
S8,eta2/tail_heavier,best_s2+abort(1.5),verify_delay_mean_s,1.46729,0.054238,20
S8,eta2/tail_heavier,best_s2+abort(1.5),verify_delay_p95_s,6.1913,0.163888,20
S8,eta2/tail_heavier,best_s2+abort(1.5),instants,35527.7,127.68,20
S8,eta2/tail_heavier,best_s2+abort(1.5),policy_calls,35527.7,127.68,20
S8,eta2/tail_heavier,best_s2+abort(1.5),violations,0,0,20
S8,eta2/tail_heavier,best_s2+abort(1.5),J,1.5348,0.0107104,20
S8,eta2/tail_heavier,best_s2+abort(1.5),window_s,1537.31,11.5077,20
S8,eta2/tail_heavier,best_s2+abort(1.5),step_time_mean_s,73.2052,0.547987,20
S8,eta2/tail_heavier,best_s2+abort(1.5),step_time_p95_s,87.2859,1.19772,20
S8,eta2/tail_heavier,best_s2+abort(1.5),samples_per_s,6.99574,0.0522337,20
S8,eta2/tail_heavier,best_s2+abort(1.5),completed_tokens_per_s,12979.7,97.9523,20
S8,eta2/tail_heavier,best_s2+abort(1.5),rollout_idle_frac,0.000387097,0.000191412,20
S8,eta2/tail_heavier,best_s2+abort(1.5),gpu_gen_frac,0.490722,0.000159647,20
S8,eta2/tail_heavier,best_s2+abort(1.5),gpu_overhead_frac,0.0159162,0.000147668,20
S8,eta2/tail_heavier,best_s2+abort(1.5),gpu_train_frac,0.107534,0.000947205,20
S8,eta2/tail_heavier,best_s2+abort(1.5),trainer_wait_frac,0.771268,0.00187014,20
S8,eta2/tail_heavier,best_s2+abort(1.5),trainer_wait_mean_s,56.4598,0.413396,20
S8,eta2/tail_heavier,best_s2+abort(1.5),straggler_mean_s,8.35825,0.307332,20
S8,eta2/tail_heavier,best_s2+abort(1.5),straggler_p95_s,16.4888,0.753679,20
S8,eta2/tail_heavier,best_s2+abort(1.5),staleness_mean,0.981287,0.00228284,20
S8,eta2/tail_heavier,best_s2+abort(1.5),staleness_max,1,0,20
S8,eta2/tail_heavier,best_s2+abort(1.5),stale_token_frac,0.994054,0.000979857,20
S8,eta2/tail_heavier,best_s2+abort(1.5),batch_len_cv,0.24384,0.0187247,20
S8,eta2/tail_heavier,best_s2+wait,groups_consumed,1536,0,20
S8,eta2/tail_heavier,best_s2+wait,groups_dropped,0,0,20
S8,eta2/tail_heavier,best_s2+wait,groups_unfinished,64,0,20
S8,eta2/tail_heavier,best_s2+wait,drops_policy,0,0,20
S8,eta2/tail_heavier,best_s2+wait,drops_stale,0,0,20
S8,eta2/tail_heavier,best_s2+wait,drops_colocated_switch,0,0,20
S8,eta2/tail_heavier,best_s2+wait,tokens_consumed,1.89213e+07,249976,20
S8,eta2/tail_heavier,best_s2+wait,tokens_dropped,0,0,20
S8,eta2/tail_heavier,best_s2+wait,waste_frac,0,0,20
S8,eta2/tail_heavier,best_s2+wait,length_bias,0,0,20
S8,eta2/tail_heavier,best_s2+wait,run_s,2161.9,27.0062,20
S8,eta2/tail_heavier,best_s2+wait,gpu_idle_frac,0.467739,0.00642948,20
S8,eta2/tail_heavier,best_s2+wait,verify_delay_mean_s,1.522,0.0393896,20
S8,eta2/tail_heavier,best_s2+wait,verify_delay_p95_s,6.46145,0.123412,20
S8,eta2/tail_heavier,best_s2+wait,instants,29224.8,36.0301,20
S8,eta2/tail_heavier,best_s2+wait,policy_calls,29224.8,36.0301,20
S8,eta2/tail_heavier,best_s2+wait,violations,0,0,20
S8,eta2/tail_heavier,best_s2+wait,J,1.12668,0.0229007,20
S8,eta2/tail_heavier,best_s2+wait,window_s,1882.71,25.6704,20
S8,eta2/tail_heavier,best_s2+wait,step_time_mean_s,89.6529,1.2224,20
S8,eta2/tail_heavier,best_s2+wait,step_time_p95_s,108.192,6.07857,20
S8,eta2/tail_heavier,best_s2+wait,samples_per_s,5.71543,0.0764521,20
S8,eta2/tail_heavier,best_s2+wait,completed_tokens_per_s,8828.94,125.089,20
S8,eta2/tail_heavier,best_s2+wait,rollout_idle_frac,0.157686,0.0100958,20
S8,eta2/tail_heavier,best_s2+wait,gpu_gen_frac,0.411939,0.00494507,20
S8,eta2/tail_heavier,best_s2+wait,gpu_overhead_frac,0.0148001,0.000189359,20
S8,eta2/tail_heavier,best_s2+wait,gpu_train_frac,0.105522,0.00144926,20
S8,eta2/tail_heavier,best_s2+wait,trainer_wait_frac,0.777793,0.00300506,20
S8,eta2/tail_heavier,best_s2+wait,trainer_wait_mean_s,69.7428,1.15973,20
S8,eta2/tail_heavier,best_s2+wait,straggler_mean_s,15.4289,1.11226,20
S8,eta2/tail_heavier,best_s2+wait,straggler_p95_s,33.6065,4.35226,20
S8,eta2/tail_heavier,best_s2+wait,staleness_mean,0.999888,0.000233596,20
S8,eta2/tail_heavier,best_s2+wait,staleness_max,1,0,20
S8,eta2/tail_heavier,best_s2+wait,stale_token_frac,0.999872,0.000212746,20
S8,eta2/tail_heavier,best_s2+wait,batch_len_cv,0.152784,0.0106449,20
S8,eta2/tail_heavier,online_adaptive+abort(1.5),groups_consumed,1536,0,20
S8,eta2/tail_heavier,online_adaptive+abort(1.5),groups_dropped,558.85,12.4524,20
S8,eta2/tail_heavier,online_adaptive+abort(1.5),groups_unfinished,73.2,2.46062,20
S8,eta2/tail_heavier,online_adaptive+abort(1.5),drops_policy,558.85,12.4524,20
S8,eta2/tail_heavier,online_adaptive+abort(1.5),drops_stale,0,0,20
S8,eta2/tail_heavier,online_adaptive+abort(1.5),drops_colocated_switch,0,0,20
S8,eta2/tail_heavier,online_adaptive+abort(1.5),tokens_consumed,1.42338e+07,229703,20
S8,eta2/tail_heavier,online_adaptive+abort(1.5),tokens_dropped,8.53546e+06,130227,20
S8,eta2/tail_heavier,online_adaptive+abort(1.5),waste_frac,0.374929,0.00457117,20
S8,eta2/tail_heavier,online_adaptive+abort(1.5),length_bias,-0.262483,0.00466731,20
S8,eta2/tail_heavier,online_adaptive+abort(1.5),run_s,1732.84,17.7789,20
S8,eta2/tail_heavier,online_adaptive+abort(1.5),gpu_idle_frac,0.385636,0.000873593,20
S8,eta2/tail_heavier,online_adaptive+abort(1.5),verify_delay_mean_s,1.47994,0.0558747,20
S8,eta2/tail_heavier,online_adaptive+abort(1.5),verify_delay_p95_s,6.16725,0.157827,20
S8,eta2/tail_heavier,online_adaptive+abort(1.5),instants,35663.6,141.1,20
S8,eta2/tail_heavier,online_adaptive+abort(1.5),policy_calls,35663.6,141.1,20
S8,eta2/tail_heavier,online_adaptive+abort(1.5),violations,0,0,20
S8,eta2/tail_heavier,online_adaptive+abort(1.5),J,1.53242,0.00923824,20
S8,eta2/tail_heavier,online_adaptive+abort(1.5),window_s,1534.36,14.9929,20
S8,eta2/tail_heavier,online_adaptive+abort(1.5),step_time_mean_s,73.0648,0.713946,20
S8,eta2/tail_heavier,online_adaptive+abort(1.5),step_time_p95_s,87.0924,0.916504,20
S8,eta2/tail_heavier,online_adaptive+abort(1.5),samples_per_s,7.01038,0.068539,20
S8,eta2/tail_heavier,online_adaptive+abort(1.5),completed_tokens_per_s,13010.3,105.955,20
S8,eta2/tail_heavier,online_adaptive+abort(1.5),rollout_idle_frac,0.000447166,0.000161004,20
S8,eta2/tail_heavier,online_adaptive+abort(1.5),gpu_gen_frac,0.490686,0.000172311,20
S8,eta2/tail_heavier,online_adaptive+abort(1.5),gpu_overhead_frac,0.0159364,0.00017778,20
S8,eta2/tail_heavier,online_adaptive+abort(1.5),gpu_train_frac,0.107742,0.000853891,20
S8,eta2/tail_heavier,online_adaptive+abort(1.5),trainer_wait_frac,0.770824,0.00174312,20
S8,eta2/tail_heavier,online_adaptive+abort(1.5),trainer_wait_mean_s,56.3217,0.597672,20
S8,eta2/tail_heavier,online_adaptive+abort(1.5),straggler_mean_s,8.47659,0.440831,20
S8,eta2/tail_heavier,online_adaptive+abort(1.5),straggler_p95_s,16.217,1.02415,20
S8,eta2/tail_heavier,online_adaptive+abort(1.5),staleness_mean,0.982031,0.0022462,20
S8,eta2/tail_heavier,online_adaptive+abort(1.5),staleness_max,1,0,20
S8,eta2/tail_heavier,online_adaptive+abort(1.5),stale_token_frac,0.994566,0.000895116,20
S8,eta2/tail_heavier,online_adaptive+abort(1.5),batch_len_cv,0.245682,0.0191756,20
S8,eta2/tail_heavier,online_adaptive+wait,groups_consumed,1536,0,20
S8,eta2/tail_heavier,online_adaptive+wait,groups_dropped,0,0,20
S8,eta2/tail_heavier,online_adaptive+wait,groups_unfinished,64,0,20
S8,eta2/tail_heavier,online_adaptive+wait,drops_policy,0,0,20
S8,eta2/tail_heavier,online_adaptive+wait,drops_stale,0,0,20
S8,eta2/tail_heavier,online_adaptive+wait,drops_colocated_switch,0,0,20
S8,eta2/tail_heavier,online_adaptive+wait,tokens_consumed,1.89213e+07,249976,20
S8,eta2/tail_heavier,online_adaptive+wait,tokens_dropped,0,0,20
S8,eta2/tail_heavier,online_adaptive+wait,waste_frac,0,0,20
S8,eta2/tail_heavier,online_adaptive+wait,length_bias,0,0,20
S8,eta2/tail_heavier,online_adaptive+wait,run_s,2164.36,27.0894,20
S8,eta2/tail_heavier,online_adaptive+wait,gpu_idle_frac,0.468134,0.00644232,20
S8,eta2/tail_heavier,online_adaptive+wait,verify_delay_mean_s,1.52194,0.0393013,20
S8,eta2/tail_heavier,online_adaptive+wait,verify_delay_p95_s,6.4618,0.123819,20
S8,eta2/tail_heavier,online_adaptive+wait,instants,29224.5,31.5022,20
S8,eta2/tail_heavier,online_adaptive+wait,policy_calls,29224.5,31.5022,20
S8,eta2/tail_heavier,online_adaptive+wait,violations,0,0,20
S8,eta2/tail_heavier,online_adaptive+wait,J,1.12709,0.0230208,20
S8,eta2/tail_heavier,online_adaptive+wait,window_s,1884.81,25.6446,20
S8,eta2/tail_heavier,online_adaptive+wait,step_time_mean_s,89.7527,1.22117,20
S8,eta2/tail_heavier,online_adaptive+wait,step_time_p95_s,108.189,6.02002,20
S8,eta2/tail_heavier,online_adaptive+wait,samples_per_s,5.70907,0.076293,20
S8,eta2/tail_heavier,online_adaptive+wait,completed_tokens_per_s,8819.23,126.813,20
S8,eta2/tail_heavier,online_adaptive+wait,rollout_idle_frac,0.158231,0.010056,20
S8,eta2/tail_heavier,online_adaptive+wait,gpu_gen_frac,0.411627,0.00493403,20
S8,eta2/tail_heavier,online_adaptive+wait,gpu_overhead_frac,0.0148331,0.000187993,20
S8,eta2/tail_heavier,online_adaptive+wait,gpu_train_frac,0.105406,0.00147359,20
S8,eta2/tail_heavier,online_adaptive+wait,trainer_wait_frac,0.778037,0.00305427,20
S8,eta2/tail_heavier,online_adaptive+wait,trainer_wait_mean_s,69.8426,1.16378,20
S8,eta2/tail_heavier,online_adaptive+wait,straggler_mean_s,15.4794,1.1411,20
S8,eta2/tail_heavier,online_adaptive+wait,straggler_p95_s,33.3032,4.37837,20
S8,eta2/tail_heavier,online_adaptive+wait,staleness_mean,0.999888,0.000233596,20
S8,eta2/tail_heavier,online_adaptive+wait,staleness_max,1,0,20
S8,eta2/tail_heavier,online_adaptive+wait,stale_token_frac,0.999853,0.000250786,20
S8,eta2/tail_heavier,online_adaptive+wait,batch_len_cv,0.152784,0.0106449,20
S8,eta2/tail_heavier,online_eb+abort_pred(1.5),groups_consumed,1536,0,20
S8,eta2/tail_heavier,online_eb+abort_pred(1.5),groups_dropped,2.65,0.666645,20
S8,eta2/tail_heavier,online_eb+abort_pred(1.5),groups_unfinished,48.35,10.2675,20
S8,eta2/tail_heavier,online_eb+abort_pred(1.5),drops_policy,0.55,0.415148,20
S8,eta2/tail_heavier,online_eb+abort_pred(1.5),drops_stale,2.1,0.566115,20
S8,eta2/tail_heavier,online_eb+abort_pred(1.5),drops_colocated_switch,0,0,20
S8,eta2/tail_heavier,online_eb+abort_pred(1.5),tokens_consumed,1.84766e+07,259553,20
S8,eta2/tail_heavier,online_eb+abort_pred(1.5),tokens_dropped,71929.3,21265.7,20
S8,eta2/tail_heavier,online_eb+abort_pred(1.5),waste_frac,0.00386106,0.00111863,20
S8,eta2/tail_heavier,online_eb+abort_pred(1.5),length_bias,-0.00338152,0.00107387,20
S8,eta2/tail_heavier,online_eb+abort_pred(1.5),run_s,1408.6,14.3989,20
S8,eta2/tail_heavier,online_eb+abort_pred(1.5),gpu_idle_frac,0.330774,0.00135181,20
S8,eta2/tail_heavier,online_eb+abort_pred(1.5),verify_delay_mean_s,1.48288,0.0380859,20
S8,eta2/tail_heavier,online_eb+abort_pred(1.5),verify_delay_p95_s,6.4113,0.127821,20
S8,eta2/tail_heavier,online_eb+abort_pred(1.5),instants,29052.3,105.645,20
S8,eta2/tail_heavier,online_eb+abort_pred(1.5),policy_calls,29052.3,105.645,20
S8,eta2/tail_heavier,online_eb+abort_pred(1.5),violations,0,0,20
S8,eta2/tail_heavier,online_eb+abort_pred(1.5),J,0.724118,0.00805902,20
S8,eta2/tail_heavier,online_eb+abort_pred(1.5),window_s,1224.43,13.0606,20
S8,eta2/tail_heavier,online_eb+abort_pred(1.5),step_time_mean_s,58.306,0.621933,20
S8,eta2/tail_heavier,online_eb+abort_pred(1.5),step_time_p95_s,75.1177,2.03841,20
S8,eta2/tail_heavier,online_eb+abort_pred(1.5),samples_per_s,8.78559,0.0935616,20
S8,eta2/tail_heavier,online_eb+abort_pred(1.5),completed_tokens_per_s,13502.3,120.979,20
S8,eta2/tail_heavier,online_eb+abort_pred(1.5),rollout_idle_frac,0.00121741,0.000480805,20
S8,eta2/tail_heavier,online_eb+abort_pred(1.5),gpu_gen_frac,0.492317,0.000276738,20
S8,eta2/tail_heavier,online_eb+abort_pred(1.5),gpu_overhead_frac,0.0156544,0.00016874,20
S8,eta2/tail_heavier,online_eb+abort_pred(1.5),gpu_train_frac,0.161255,0.00127813,20
S8,eta2/tail_heavier,online_eb+abort_pred(1.5),trainer_wait_frac,0.66033,0.00262795,20
S8,eta2/tail_heavier,online_eb+abort_pred(1.5),trainer_wait_mean_s,38.5041,0.493065,20
S8,eta2/tail_heavier,online_eb+abort_pred(1.5),straggler_mean_s,5.3633,0.296403,20
S8,eta2/tail_heavier,online_eb+abort_pred(1.5),straggler_p95_s,9.0492,0.992303,20
S8,eta2/tail_heavier,online_eb+abort_pred(1.5),staleness_mean,0.979278,0.00737337,20
S8,eta2/tail_heavier,online_eb+abort_pred(1.5),staleness_max,2,0,20
S8,eta2/tail_heavier,online_eb+abort_pred(1.5),stale_token_frac,0.907823,0.00312868,20
S8,eta2/tail_heavier,online_eb+abort_pred(1.5),batch_len_cv,0.218043,0.0144903,20
S8,eta2/tail_heavier,online_eb+wait,groups_consumed,1536,0,20
S8,eta2/tail_heavier,online_eb+wait,groups_dropped,0,0,20
S8,eta2/tail_heavier,online_eb+wait,groups_unfinished,64,0,20
S8,eta2/tail_heavier,online_eb+wait,drops_policy,0,0,20
S8,eta2/tail_heavier,online_eb+wait,drops_stale,0,0,20
S8,eta2/tail_heavier,online_eb+wait,drops_colocated_switch,0,0,20
S8,eta2/tail_heavier,online_eb+wait,tokens_consumed,1.89213e+07,249976,20
S8,eta2/tail_heavier,online_eb+wait,tokens_dropped,0,0,20
S8,eta2/tail_heavier,online_eb+wait,waste_frac,0,0,20
S8,eta2/tail_heavier,online_eb+wait,length_bias,0,0,20
S8,eta2/tail_heavier,online_eb+wait,run_s,2163.65,27.1189,20
S8,eta2/tail_heavier,online_eb+wait,gpu_idle_frac,0.468058,0.0066212,20
S8,eta2/tail_heavier,online_eb+wait,verify_delay_mean_s,1.52179,0.0393158,20
S8,eta2/tail_heavier,online_eb+wait,verify_delay_p95_s,6.46205,0.123281,20
S8,eta2/tail_heavier,online_eb+wait,instants,29225.2,34.872,20
S8,eta2/tail_heavier,online_eb+wait,policy_calls,29225.2,34.872,20
S8,eta2/tail_heavier,online_eb+wait,violations,0,0,20
S8,eta2/tail_heavier,online_eb+wait,J,1.12702,0.0230459,20
S8,eta2/tail_heavier,online_eb+wait,window_s,1884.41,25.9088,20
S8,eta2/tail_heavier,online_eb+wait,step_time_mean_s,89.734,1.23375,20
S8,eta2/tail_heavier,online_eb+wait,step_time_p95_s,108.278,6.14064,20
S8,eta2/tail_heavier,online_eb+wait,samples_per_s,5.71035,0.0771751,20
S8,eta2/tail_heavier,online_eb+wait,completed_tokens_per_s,8821.24,128.347,20
S8,eta2/tail_heavier,online_eb+wait,rollout_idle_frac,0.158129,0.0103809,20
S8,eta2/tail_heavier,online_eb+wait,gpu_gen_frac,0.411668,0.00508807,20
S8,eta2/tail_heavier,online_eb+wait,gpu_overhead_frac,0.0148436,0.000196556,20
S8,eta2/tail_heavier,online_eb+wait,gpu_train_frac,0.10543,0.00148899,20
S8,eta2/tail_heavier,online_eb+wait,trainer_wait_frac,0.777987,0.00308728,20
S8,eta2/tail_heavier,online_eb+wait,trainer_wait_mean_s,69.824,1.17708,20
S8,eta2/tail_heavier,online_eb+wait,straggler_mean_s,15.4415,1.1144,20
S8,eta2/tail_heavier,online_eb+wait,straggler_p95_s,33.3616,4.32734,20
S8,eta2/tail_heavier,online_eb+wait,staleness_mean,0.999888,0.000233596,20
S8,eta2/tail_heavier,online_eb+wait,staleness_max,1,0,20
S8,eta2/tail_heavier,online_eb+wait,stale_token_frac,0.999872,0.000212746,20
S8,eta2/tail_heavier,online_eb+wait,batch_len_cv,0.152784,0.0106449,20
S8,eta2/tail_heavier,reference,groups_consumed,1536,0,20
S8,eta2/tail_heavier,reference,groups_dropped,0,0,20
S8,eta2/tail_heavier,reference,groups_unfinished,64,0,20
S8,eta2/tail_heavier,reference,drops_policy,0,0,20
S8,eta2/tail_heavier,reference,drops_stale,0,0,20
S8,eta2/tail_heavier,reference,drops_colocated_switch,0,0,20
S8,eta2/tail_heavier,reference,tokens_consumed,1.85314e+07,255763,20
S8,eta2/tail_heavier,reference,tokens_dropped,0,0,20
S8,eta2/tail_heavier,reference,waste_frac,0,0,20
S8,eta2/tail_heavier,reference,length_bias,0,0,20
S8,eta2/tail_heavier,reference,run_s,2607.42,69.7329,20
S8,eta2/tail_heavier,reference,gpu_idle_frac,0.575989,0.0092296,20
S8,eta2/tail_heavier,reference,verify_delay_mean_s,1.52934,0.0427406,20
S8,eta2/tail_heavier,reference,verify_delay_p95_s,6.4887,0.133793,20
S8,eta2/tail_heavier,reference,instants,25966.8,36.8969,20
S8,eta2/tail_heavier,reference,policy_calls,25966.8,36.8969,20
S8,eta2/tail_heavier,reference,violations,0,0,20
S8,eta2/tail_heavier,reference,J,1.44442,0.0387424,20
S8,eta2/tail_heavier,reference,window_s,2299.72,62.2718,20
S8,eta2/tail_heavier,reference,step_time_mean_s,109.51,2.96533,20
S8,eta2/tail_heavier,reference,step_time_p95_s,157.68,3.29043,20
S8,eta2/tail_heavier,reference,samples_per_s,4.68972,0.122714,20
S8,eta2/tail_heavier,reference,completed_tokens_per_s,7186.7,174.489,20
S8,eta2/tail_heavier,reference,rollout_idle_frac,0.333057,0.0141906,20
S8,eta2/tail_heavier,reference,gpu_gen_frac,0.330343,0.00702168,20
S8,eta2/tail_heavier,reference,gpu_overhead_frac,0.00770828,0.000200319,20
S8,eta2/tail_heavier,reference,gpu_train_frac,0.0859601,0.0020774,20
S8,eta2/tail_heavier,reference,trainer_wait_frac,0.81892,0.00437581,20
S8,eta2/tail_heavier,reference,trainer_wait_mean_s,89.7327,2.90389,20
S8,eta2/tail_heavier,reference,straggler_mean_s,32.5151,2.74437,20
S8,eta2/tail_heavier,reference,straggler_p95_s,69.9838,4.18789,20
S8,eta2/tail_heavier,reference,staleness_mean,0.993006,0.00132432,20
S8,eta2/tail_heavier,reference,staleness_max,1,0,20
S8,eta2/tail_heavier,reference,stale_token_frac,0.988253,0.0016931,20
S8,eta2/tail_heavier,reference,batch_len_cv,0.151885,0.0106984,20
SENS,S3eta1/est_high,best_s2+carry,groups_consumed,1536,0,10
SENS,S3eta1/est_high,best_s2+carry,groups_dropped,280.7,14.4851,10
SENS,S3eta1/est_high,best_s2+carry,groups_unfinished,71.1,4.98417,10
SENS,S3eta1/est_high,best_s2+carry,drops_policy,0,0,10
SENS,S3eta1/est_high,best_s2+carry,drops_stale,280.7,14.4851,10
SENS,S3eta1/est_high,best_s2+carry,drops_colocated_switch,0,0,10
SENS,S3eta1/est_high,best_s2+carry,tokens_consumed,1.26276e+07,230822,10
SENS,S3eta1/est_high,best_s2+carry,tokens_dropped,6.13772e+06,194724,10
SENS,S3eta1/est_high,best_s2+carry,waste_frac,0.327056,0.00863411,10
SENS,S3eta1/est_high,best_s2+carry,length_bias,-0.24204,0.00912434,10
SENS,S3eta1/est_high,best_s2+carry,run_s,1411.26,29.6842,10
SENS,S3eta1/est_high,best_s2+carry,gpu_idle_frac,0.370143,0.00215811,10
SENS,S3eta1/est_high,best_s2+carry,verify_delay_mean_s,1.43138,0.0700433,10
SENS,S3eta1/est_high,best_s2+carry,verify_delay_p95_s,6.1649,0.341494,10
SENS,S3eta1/est_high,best_s2+carry,instants,33743.3,160.879,10
SENS,S3eta1/est_high,best_s2+carry,policy_calls,33743.3,160.879,10
SENS,S3eta1/est_high,best_s2+carry,violations,0,0,10
SENS,S3eta1/est_high,best_s2+carry,J,1.3893,0.0286042,10
SENS,S3eta1/est_high,best_s2+carry,window_s,1248.49,27.9898,10
SENS,S3eta1/est_high,best_s2+carry,step_time_mean_s,59.452,1.33285,10
SENS,S3eta1/est_high,best_s2+carry,step_time_p95_s,77.2063,1.85859,10
SENS,S3eta1/est_high,best_s2+carry,samples_per_s,8.61951,0.190766,10
SENS,S3eta1/est_high,best_s2+carry,completed_tokens_per_s,13061.9,97.8053,10
SENS,S3eta1/est_high,best_s2+carry,rollout_idle_frac,0.000225976,0.000219577,10
SENS,S3eta1/est_high,best_s2+carry,gpu_gen_frac,0.489311,0.000249888,10
SENS,S3eta1/est_high,best_s2+carry,gpu_overhead_frac,0.018994,0.000423116,10
SENS,S3eta1/est_high,best_s2+carry,gpu_train_frac,0.121552,0.00196007,10
SENS,S3eta1/est_high,best_s2+carry,trainer_wait_frac,0.74006,0.00424709,10
SENS,S3eta1/est_high,best_s2+carry,trainer_wait_mean_s,44.0069,1.21948,10
SENS,S3eta1/est_high,best_s2+carry,straggler_mean_s,8.88002,0.74451,10
SENS,S3eta1/est_high,best_s2+carry,straggler_p95_s,16.6758,2.01229,10
SENS,S3eta1/est_high,best_s2+carry,staleness_mean,0.978869,0.00260994,10
SENS,S3eta1/est_high,best_s2+carry,staleness_max,1,0,10
SENS,S3eta1/est_high,best_s2+carry,stale_token_frac,0.991449,0.00164522,10
SENS,S3eta1/est_high,best_s2+carry,batch_len_cv,0.177988,0.0259802,10
SENS,S3eta1/est_high,best_s2+wait,groups_consumed,1536,0,10
SENS,S3eta1/est_high,best_s2+wait,groups_dropped,0,0,10
SENS,S3eta1/est_high,best_s2+wait,groups_unfinished,64,0,10
SENS,S3eta1/est_high,best_s2+wait,drops_policy,0,0,10
SENS,S3eta1/est_high,best_s2+wait,drops_stale,0,0,10
SENS,S3eta1/est_high,best_s2+wait,drops_colocated_switch,0,0,10
SENS,S3eta1/est_high,best_s2+wait,tokens_consumed,1.67483e+07,276205,10
SENS,S3eta1/est_high,best_s2+wait,tokens_dropped,0,0,10
SENS,S3eta1/est_high,best_s2+wait,waste_frac,0,0,10
SENS,S3eta1/est_high,best_s2+wait,length_bias,0,0,10
SENS,S3eta1/est_high,best_s2+wait,run_s,2057.74,46.0545,10
SENS,S3eta1/est_high,best_s2+wait,gpu_idle_frac,0.482347,0.00805887,10
SENS,S3eta1/est_high,best_s2+wait,verify_delay_mean_s,1.52853,0.0499472,10
SENS,S3eta1/est_high,best_s2+wait,verify_delay_p95_s,6.4727,0.161036,10
SENS,S3eta1/est_high,best_s2+wait,instants,29239.1,50.1515,10
SENS,S3eta1/est_high,best_s2+wait,policy_calls,29239.1,50.1515,10
SENS,S3eta1/est_high,best_s2+wait,violations,0,0,10
SENS,S3eta1/est_high,best_s2+wait,J,1.1847,0.042436,10
SENS,S3eta1/est_high,best_s2+wait,window_s,1788.08,41.2563,10
SENS,S3eta1/est_high,best_s2+wait,step_time_mean_s,85.1468,1.96458,10
SENS,S3eta1/est_high,best_s2+wait,step_time_p95_s,104.331,9.12112,10
SENS,S3eta1/est_high,best_s2+wait,samples_per_s,6.01857,0.133736,10
SENS,S3eta1/est_high,best_s2+wait,completed_tokens_per_s,8123.74,129.036,10
SENS,S3eta1/est_high,best_s2+wait,rollout_idle_frac,0.180576,0.0126883,10
SENS,S3eta1/est_high,best_s2+wait,gpu_gen_frac,0.400132,0.00612319,10
SENS,S3eta1/est_high,best_s2+wait,gpu_overhead_frac,0.0154574,0.000367509,10
SENS,S3eta1/est_high,best_s2+wait,gpu_train_frac,0.102064,0.00187702,10
SENS,S3eta1/est_high,best_s2+wait,trainer_wait_frac,0.784118,0.00397676,10
SENS,S3eta1/est_high,best_s2+wait,trainer_wait_mean_s,66.7769,1.84644,10
SENS,S3eta1/est_high,best_s2+wait,straggler_mean_s,18.6856,1.51248,10
SENS,S3eta1/est_high,best_s2+wait,straggler_p95_s,37.4626,8.45891,10
SENS,S3eta1/est_high,best_s2+wait,staleness_mean,0.999851,0.000336631,10
SENS,S3eta1/est_high,best_s2+wait,staleness_max,1,0,10
SENS,S3eta1/est_high,best_s2+wait,stale_token_frac,0.999864,0.000308602,10
SENS,S3eta1/est_high,best_s2+wait,batch_len_cv,0.105367,0.0141381,10
SENS,S3eta1/est_high,reference,groups_consumed,1536,0,10
SENS,S3eta1/est_high,reference,groups_dropped,0,0,10
SENS,S3eta1/est_high,reference,groups_unfinished,64,0,10
SENS,S3eta1/est_high,reference,drops_policy,0,0,10
SENS,S3eta1/est_high,reference,drops_stale,0,0,10
SENS,S3eta1/est_high,reference,drops_colocated_switch,0,0,10
SENS,S3eta1/est_high,reference,tokens_consumed,1.64737e+07,287062,10
SENS,S3eta1/est_high,reference,tokens_dropped,0,0,10
SENS,S3eta1/est_high,reference,waste_frac,0,0,10
SENS,S3eta1/est_high,reference,length_bias,0,0,10
SENS,S3eta1/est_high,reference,run_s,2435.95,110.926,10
SENS,S3eta1/est_high,reference,gpu_idle_frac,0.589605,0.0165929,10
SENS,S3eta1/est_high,reference,verify_delay_mean_s,1.52361,0.0624389,10
SENS,S3eta1/est_high,reference,verify_delay_p95_s,6.4691,0.21638,10
SENS,S3eta1/est_high,reference,instants,25980.5,63.6406,10
SENS,S3eta1/est_high,reference,policy_calls,25980.5,63.6406,10
SENS,S3eta1/est_high,reference,violations,0,0,10
SENS,S3eta1/est_high,reference,J,1.47411,0.0708751,10
SENS,S3eta1/est_high,reference,window_s,2139,91.7638,10
SENS,S3eta1/est_high,reference,step_time_mean_s,101.857,4.36971,10
SENS,S3eta1/est_high,reference,step_time_p95_s,144.03,6.73717,10
SENS,S3eta1/est_high,reference,samples_per_s,5.04277,0.214574,10
SENS,S3eta1/est_high,reference,completed_tokens_per_s,6760.33,305.08,10
SENS,S3eta1/est_high,reference,rollout_idle_frac,0.359213,0.0255272,10
SENS,S3eta1/est_high,reference,gpu_gen_frac,0.317035,0.0126338,10
SENS,S3eta1/est_high,reference,gpu_overhead_frac,0.00828344,0.000350778,10
SENS,S3eta1/est_high,reference,gpu_train_frac,0.0850771,0.00372045,10
SENS,S3eta1/est_high,reference,trainer_wait_frac,0.819997,0.00784352,10
SENS,S3eta1/est_high,reference,trainer_wait_mean_s,83.5811,4.37974,10
SENS,S3eta1/est_high,reference,straggler_mean_s,32.141,4.40038,10
SENS,S3eta1/est_high,reference,straggler_p95_s,65.0918,9.42002,10
SENS,S3eta1/est_high,reference,staleness_mean,0.993452,0.00246862,10
SENS,S3eta1/est_high,reference,staleness_max,1,0,10
SENS,S3eta1/est_high,reference,stale_token_frac,0.988427,0.00329444,10
SENS,S3eta1/est_high,reference,batch_len_cv,0.105742,0.0115088,10
SENS,S3eta1/est_none,best_s2+carry,groups_consumed,1536,0,10
SENS,S3eta1/est_none,best_s2+carry,groups_dropped,281.2,13.0728,10
SENS,S3eta1/est_none,best_s2+carry,groups_unfinished,74.5,6.37386,10
SENS,S3eta1/est_none,best_s2+carry,drops_policy,0,0,10
SENS,S3eta1/est_none,best_s2+carry,drops_stale,281.2,13.0728,10
SENS,S3eta1/est_none,best_s2+carry,drops_colocated_switch,0,0,10
SENS,S3eta1/est_none,best_s2+carry,tokens_consumed,1.23687e+07,246874,10
SENS,S3eta1/est_none,best_s2+carry,tokens_dropped,6.27985e+06,182472,10
SENS,S3eta1/est_none,best_s2+carry,waste_frac,0.336752,0.00860712,10
SENS,S3eta1/est_none,best_s2+carry,length_bias,-0.25072,0.00782367,10
SENS,S3eta1/est_none,best_s2+carry,run_s,1413.33,29.4016,10
SENS,S3eta1/est_none,best_s2+carry,gpu_idle_frac,0.371927,0.00208173,10
SENS,S3eta1/est_none,best_s2+carry,verify_delay_mean_s,1.4273,0.0683787,10
SENS,S3eta1/est_none,best_s2+carry,verify_delay_p95_s,6.1355,0.264268,10
SENS,S3eta1/est_none,best_s2+carry,instants,33788.6,189.322,10
SENS,S3eta1/est_none,best_s2+carry,policy_calls,33788.6,189.322,10
SENS,S3eta1/est_none,best_s2+carry,violations,0,0,10
SENS,S3eta1/est_none,best_s2+carry,J,1.41276,0.0182163,10
SENS,S3eta1/est_none,best_s2+carry,window_s,1256.12,30.8975,10
SENS,S3eta1/est_none,best_s2+carry,step_time_mean_s,59.8152,1.47131,10
SENS,S3eta1/est_none,best_s2+carry,step_time_p95_s,76.723,2.12213,10
SENS,S3eta1/est_none,best_s2+carry,samples_per_s,8.56848,0.203101,10
SENS,S3eta1/est_none,best_s2+carry,completed_tokens_per_s,13043.8,200.235,10
SENS,S3eta1/est_none,best_s2+carry,rollout_idle_frac,0.000113015,0.00010645,10
SENS,S3eta1/est_none,best_s2+carry,gpu_gen_frac,0.489344,0.000359534,10
SENS,S3eta1/est_none,best_s2+carry,gpu_overhead_frac,0.0189673,0.000521217,10
SENS,S3eta1/est_none,best_s2+carry,gpu_train_frac,0.119762,0.00193004,10
SENS,S3eta1/est_none,best_s2+carry,trainer_wait_frac,0.743741,0.00421933,10
SENS,S3eta1/est_none,best_s2+carry,trainer_wait_mean_s,44.4969,1.33418,10
SENS,S3eta1/est_none,best_s2+carry,straggler_mean_s,9.59511,0.698167,10
SENS,S3eta1/est_none,best_s2+carry,straggler_p95_s,16.9014,1.76809,10
SENS,S3eta1/est_none,best_s2+carry,staleness_mean,0.978125,0.00411675,10
SENS,S3eta1/est_none,best_s2+carry,staleness_max,1,0,10
SENS,S3eta1/est_none,best_s2+carry,stale_token_frac,0.990773,0.00160667,10
SENS,S3eta1/est_none,best_s2+carry,batch_len_cv,0.168132,0.0296536,10
SENS,S3eta1/est_none,best_s2+wait,groups_consumed,1536,0,10
SENS,S3eta1/est_none,best_s2+wait,groups_dropped,0,0,10
SENS,S3eta1/est_none,best_s2+wait,groups_unfinished,64,0,10
SENS,S3eta1/est_none,best_s2+wait,drops_policy,0,0,10
SENS,S3eta1/est_none,best_s2+wait,drops_stale,0,0,10
SENS,S3eta1/est_none,best_s2+wait,drops_colocated_switch,0,0,10
SENS,S3eta1/est_none,best_s2+wait,tokens_consumed,1.6522e+07,282381,10
SENS,S3eta1/est_none,best_s2+wait,tokens_dropped,0,0,10
SENS,S3eta1/est_none,best_s2+wait,waste_frac,0,0,10
SENS,S3eta1/est_none,best_s2+wait,length_bias,0,0,10
SENS,S3eta1/est_none,best_s2+wait,run_s,2049.22,34.6812,10
SENS,S3eta1/est_none,best_s2+wait,gpu_idle_frac,0.482111,0.00725655,10
SENS,S3eta1/est_none,best_s2+wait,verify_delay_mean_s,1.51606,0.0554234,10
SENS,S3eta1/est_none,best_s2+wait,verify_delay_p95_s,6.4397,0.179956,10
SENS,S3eta1/est_none,best_s2+wait,instants,29206.3,47.7322,10
SENS,S3eta1/est_none,best_s2+wait,policy_calls,29206.3,47.7322,10
SENS,S3eta1/est_none,best_s2+wait,violations,0,0,10
SENS,S3eta1/est_none,best_s2+wait,J,1.17903,0.0314546,10
SENS,S3eta1/est_none,best_s2+wait,window_s,1784.71,30.3535,10
SENS,S3eta1/est_none,best_s2+wait,step_time_mean_s,84.9862,1.4454,10
SENS,S3eta1/est_none,best_s2+wait,step_time_p95_s,101.675,6.09935,10
SENS,S3eta1/est_none,best_s2+wait,samples_per_s,6.02753,0.100896,10
SENS,S3eta1/est_none,best_s2+wait,completed_tokens_per_s,8107.44,131.617,10
SENS,S3eta1/est_none,best_s2+wait,rollout_idle_frac,0.17954,0.0116489,10
SENS,S3eta1/est_none,best_s2+wait,gpu_gen_frac,0.400526,0.00568248,10
SENS,S3eta1/est_none,best_s2+wait,gpu_overhead_frac,0.0155903,0.000290982,10
SENS,S3eta1/est_none,best_s2+wait,gpu_train_frac,0.101772,0.00156134,10
SENS,S3eta1/est_none,best_s2+wait,trainer_wait_frac,0.784683,0.00327867,10
SENS,S3eta1/est_none,best_s2+wait,trainer_wait_mean_s,66.6938,1.36713,10
SENS,S3eta1/est_none,best_s2+wait,straggler_mean_s,19.062,1.35792,10
SENS,S3eta1/est_none,best_s2+wait,straggler_p95_s,35.8807,6.74244,10
SENS,S3eta1/est_none,best_s2+wait,staleness_mean,0.999926,0.000168315,10
SENS,S3eta1/est_none,best_s2+wait,staleness_max,1,0,10
SENS,S3eta1/est_none,best_s2+wait,stale_token_frac,0.999928,0.000162801,10
SENS,S3eta1/est_none,best_s2+wait,batch_len_cv,0.100669,0.0106437,10
SENS,S3eta1/est_none,reference,groups_consumed,1536,0,10
SENS,S3eta1/est_none,reference,groups_dropped,0,0,10
SENS,S3eta1/est_none,reference,groups_unfinished,64,0,10
SENS,S3eta1/est_none,reference,drops_policy,0,0,10
SENS,S3eta1/est_none,reference,drops_stale,0,0,10
SENS,S3eta1/est_none,reference,drops_colocated_switch,0,0,10
SENS,S3eta1/est_none,reference,tokens_consumed,1.64737e+07,287062,10
SENS,S3eta1/est_none,reference,tokens_dropped,0,0,10
SENS,S3eta1/est_none,reference,waste_frac,0,0,10
SENS,S3eta1/est_none,reference,length_bias,0,0,10
SENS,S3eta1/est_none,reference,run_s,2435.95,110.926,10
SENS,S3eta1/est_none,reference,gpu_idle_frac,0.589605,0.0165929,10
SENS,S3eta1/est_none,reference,verify_delay_mean_s,1.52361,0.0624389,10
SENS,S3eta1/est_none,reference,verify_delay_p95_s,6.4691,0.21638,10
SENS,S3eta1/est_none,reference,instants,25980.5,63.6406,10
SENS,S3eta1/est_none,reference,policy_calls,25980.5,63.6406,10
SENS,S3eta1/est_none,reference,violations,0,0,10
SENS,S3eta1/est_none,reference,J,1.47411,0.0708751,10
SENS,S3eta1/est_none,reference,window_s,2139,91.7638,10
SENS,S3eta1/est_none,reference,step_time_mean_s,101.857,4.36971,10
SENS,S3eta1/est_none,reference,step_time_p95_s,144.03,6.73717,10
SENS,S3eta1/est_none,reference,samples_per_s,5.04277,0.214574,10
SENS,S3eta1/est_none,reference,completed_tokens_per_s,6760.33,305.08,10
SENS,S3eta1/est_none,reference,rollout_idle_frac,0.359213,0.0255272,10
SENS,S3eta1/est_none,reference,gpu_gen_frac,0.317035,0.0126338,10
SENS,S3eta1/est_none,reference,gpu_overhead_frac,0.00828344,0.000350778,10
SENS,S3eta1/est_none,reference,gpu_train_frac,0.0850771,0.00372045,10
SENS,S3eta1/est_none,reference,trainer_wait_frac,0.819997,0.00784352,10
SENS,S3eta1/est_none,reference,trainer_wait_mean_s,83.5811,4.37974,10
SENS,S3eta1/est_none,reference,straggler_mean_s,32.141,4.40038,10
SENS,S3eta1/est_none,reference,straggler_p95_s,65.0918,9.42002,10
SENS,S3eta1/est_none,reference,staleness_mean,0.993452,0.00246862,10
SENS,S3eta1/est_none,reference,staleness_max,1,0,10
SENS,S3eta1/est_none,reference,stale_token_frac,0.988427,0.00329444,10
SENS,S3eta1/est_none,reference,batch_len_cv,0.105742,0.0115088,10
SENS,S3eta1/mfu0.2,best_s2+carry,groups_consumed,1536,0,10
SENS,S3eta1/mfu0.2,best_s2+carry,groups_dropped,554,7.38817,10
SENS,S3eta1/mfu0.2,best_s2+carry,groups_unfinished,84.6,4.48899,10
SENS,S3eta1/mfu0.2,best_s2+carry,drops_policy,0,0,10
SENS,S3eta1/mfu0.2,best_s2+carry,drops_stale,554,7.38817,10
SENS,S3eta1/mfu0.2,best_s2+carry,drops_colocated_switch,0,0,10
SENS,S3eta1/mfu0.2,best_s2+carry,tokens_consumed,1.07135e+07,186591,10
SENS,S3eta1/mfu0.2,best_s2+carry,tokens_dropped,9.62053e+06,168986,10
SENS,S3eta1/mfu0.2,best_s2+carry,waste_frac,0.47313,0.00556092,10
SENS,S3eta1/mfu0.2,best_s2+carry,length_bias,-0.356904,0.00834758,10
SENS,S3eta1/mfu0.2,best_s2+carry,run_s,1188.53,22.3139,10
SENS,S3eta1/mfu0.2,best_s2+carry,gpu_idle_frac,0.274173,0.00393852,10
SENS,S3eta1/mfu0.2,best_s2+carry,verify_delay_mean_s,1.45244,0.119677,10
SENS,S3eta1/mfu0.2,best_s2+carry,verify_delay_p95_s,6.1084,0.463632,10
SENS,S3eta1/mfu0.2,best_s2+carry,instants,38691.4,152.194,10
SENS,S3eta1/mfu0.2,best_s2+carry,policy_calls,38691.4,152.194,10
SENS,S3eta1/mfu0.2,best_s2+carry,violations,0,0,10
SENS,S3eta1/mfu0.2,best_s2+carry,J,1.55345,0.0233724,10
SENS,S3eta1/mfu0.2,best_s2+carry,window_s,1030.96,22.9765,10
SENS,S3eta1/mfu0.2,best_s2+carry,step_time_mean_s,49.0934,1.09412,10
SENS,S3eta1/mfu0.2,best_s2+carry,step_time_p95_s,64.2326,4.29709,10
SENS,S3eta1/mfu0.2,best_s2+carry,samples_per_s,10.4379,0.22331,10
SENS,S3eta1/mfu0.2,best_s2+carry,completed_tokens_per_s,17139.9,202.746,10
SENS,S3eta1/mfu0.2,best_s2+carry,rollout_idle_frac,0,0,10
SENS,S3eta1/mfu0.2,best_s2+carry,gpu_gen_frac,0.484975,0.00037382,10
SENS,S3eta1/mfu0.2,best_s2+carry,gpu_overhead_frac,0.0252177,0.000587415,10
SENS,S3eta1/mfu0.2,best_s2+carry,gpu_train_frac,0.215634,0.00374484,10
SENS,S3eta1/mfu0.2,best_s2+carry,trainer_wait_frac,0.548345,0.00787704,10
SENS,S3eta1/mfu0.2,best_s2+carry,trainer_wait_mean_s,26.9336,0.973846,10
SENS,S3eta1/mfu0.2,best_s2+carry,straggler_mean_s,6.17092,0.604952,10
SENS,S3eta1/mfu0.2,best_s2+carry,straggler_p95_s,12.5416,2.24467,10
SENS,S3eta1/mfu0.2,best_s2+carry,staleness_mean,0.999256,0.000709679,10
SENS,S3eta1/mfu0.2,best_s2+carry,staleness_max,1,0,10
SENS,S3eta1/mfu0.2,best_s2+carry,stale_token_frac,0.999738,0.000235236,10
SENS,S3eta1/mfu0.2,best_s2+carry,batch_len_cv,0.166478,0.022446,10
SENS,S3eta1/mfu0.2,best_s2+wait,groups_consumed,1536,0,10
SENS,S3eta1/mfu0.2,best_s2+wait,groups_dropped,0,0,10
SENS,S3eta1/mfu0.2,best_s2+wait,groups_unfinished,64,0,10
SENS,S3eta1/mfu0.2,best_s2+wait,drops_policy,0,0,10
SENS,S3eta1/mfu0.2,best_s2+wait,drops_stale,0,0,10
SENS,S3eta1/mfu0.2,best_s2+wait,drops_colocated_switch,0,0,10
SENS,S3eta1/mfu0.2,best_s2+wait,tokens_consumed,1.67853e+07,277312,10
SENS,S3eta1/mfu0.2,best_s2+wait,tokens_dropped,0,0,10
SENS,S3eta1/mfu0.2,best_s2+wait,waste_frac,0,0,10
SENS,S3eta1/mfu0.2,best_s2+wait,length_bias,0,0,10
SENS,S3eta1/mfu0.2,best_s2+wait,run_s,2064.46,38.1457,10
SENS,S3eta1/mfu0.2,best_s2+wait,gpu_idle_frac,0.411452,0.0092958,10
SENS,S3eta1/mfu0.2,best_s2+wait,verify_delay_mean_s,1.53841,0.0566957,10
SENS,S3eta1/mfu0.2,best_s2+wait,verify_delay_p95_s,6.4912,0.201141,10
SENS,S3eta1/mfu0.2,best_s2+wait,instants,29429.6,38.3518,10
SENS,S3eta1/mfu0.2,best_s2+wait,policy_calls,29429.6,38.3518,10
SENS,S3eta1/mfu0.2,best_s2+wait,violations,0,0,10
SENS,S3eta1/mfu0.2,best_s2+wait,J,1.2598,0.0369541,10
SENS,S3eta1/mfu0.2,best_s2+wait,window_s,1781.43,34.2436,10
SENS,S3eta1/mfu0.2,best_s2+wait,step_time_mean_s,84.8301,1.63065,10
SENS,S3eta1/mfu0.2,best_s2+wait,step_time_p95_s,102.409,6.34083,10
SENS,S3eta1/mfu0.2,best_s2+wait,samples_per_s,6.03944,0.1138,10
SENS,S3eta1/mfu0.2,best_s2+wait,completed_tokens_per_s,8143.53,132.678,10
SENS,S3eta1/mfu0.2,best_s2+wait,rollout_idle_frac,0.175306,0.0133924,10
SENS,S3eta1/mfu0.2,best_s2+wait,gpu_gen_frac,0.402692,0.00652936,10
SENS,S3eta1/mfu0.2,best_s2+wait,gpu_overhead_frac,0.0155528,0.000298112,10
SENS,S3eta1/mfu0.2,best_s2+wait,gpu_train_frac,0.170303,0.00285561,10
SENS,S3eta1/mfu0.2,best_s2+wait,trainer_wait_frac,0.647599,0.00587762,10
SENS,S3eta1/mfu0.2,best_s2+wait,trainer_wait_mean_s,54.9485,1.46943,10
SENS,S3eta1/mfu0.2,best_s2+wait,straggler_mean_s,18.5439,1.25514,10
SENS,S3eta1/mfu0.2,best_s2+wait,straggler_p95_s,36.259,6.10073,10
SENS,S3eta1/mfu0.2,best_s2+wait,staleness_mean,1,0,10
SENS,S3eta1/mfu0.2,best_s2+wait,staleness_max,1,0,10
SENS,S3eta1/mfu0.2,best_s2+wait,stale_token_frac,1,0,10
SENS,S3eta1/mfu0.2,best_s2+wait,batch_len_cv,0.106339,0.0150864,10
SENS,S3eta1/mfu0.2,reference,groups_consumed,1536,0,10
SENS,S3eta1/mfu0.2,reference,groups_dropped,0,0,10
SENS,S3eta1/mfu0.2,reference,groups_unfinished,64,0,10
SENS,S3eta1/mfu0.2,reference,drops_policy,0,0,10
SENS,S3eta1/mfu0.2,reference,drops_stale,0,0,10
SENS,S3eta1/mfu0.2,reference,drops_colocated_switch,0,0,10
SENS,S3eta1/mfu0.2,reference,tokens_consumed,1.64737e+07,287062,10
SENS,S3eta1/mfu0.2,reference,tokens_dropped,0,0,10
SENS,S3eta1/mfu0.2,reference,waste_frac,0,0,10
SENS,S3eta1/mfu0.2,reference,length_bias,0,0,10
SENS,S3eta1/mfu0.2,reference,run_s,2169.6,55.1447,10
SENS,S3eta1/mfu0.2,reference,gpu_idle_frac,0.483721,0.010885,10
SENS,S3eta1/mfu0.2,reference,verify_delay_mean_s,1.52392,0.0625995,10
SENS,S3eta1/mfu0.2,reference,verify_delay_p95_s,6.4723,0.21956,10
SENS,S3eta1/mfu0.2,reference,instants,26176.5,40.7736,10
SENS,S3eta1/mfu0.2,reference,policy_calls,26176.5,40.7736,10
SENS,S3eta1/mfu0.2,reference,violations,0,0,10
SENS,S3eta1/mfu0.2,reference,J,1.36733,0.0419101,10
SENS,S3eta1/mfu0.2,reference,window_s,1882.3,45.7969,10
SENS,S3eta1/mfu0.2,reference,step_time_mean_s,89.6336,2.18081,10
SENS,S3eta1/mfu0.2,reference,step_time_p95_s,108.158,6.07779,10
SENS,S3eta1/mfu0.2,reference,samples_per_s,5.71819,0.141253,10
SENS,S3eta1/mfu0.2,reference,completed_tokens_per_s,7662.72,154.319,10
SENS,S3eta1/mfu0.2,reference,rollout_idle_frac,0.299402,0.0156629,10
SENS,S3eta1/mfu0.2,reference,gpu_gen_frac,0.346506,0.00776843,10
SENS,S3eta1/mfu0.2,reference,gpu_overhead_frac,0.00937749,0.000227067,10
SENS,S3eta1/mfu0.2,reference,gpu_train_frac,0.160396,0.00323437,10
SENS,S3eta1/mfu0.2,reference,trainer_wait_frac,0.66804,0.00670475,10
SENS,S3eta1/mfu0.2,reference,trainer_wait_mean_s,59.9008,1.98407,10
SENS,S3eta1/mfu0.2,reference,straggler_mean_s,23.2116,1.53835,10
SENS,S3eta1/mfu0.2,reference,straggler_p95_s,42.4846,6.09628,10
SENS,S3eta1/mfu0.2,reference,staleness_mean,0.999926,0.000168315,10
SENS,S3eta1/mfu0.2,reference,staleness_max,1,0,10
SENS,S3eta1/mfu0.2,reference,stale_token_frac,0.999497,0.000583735,10
SENS,S3eta1/mfu0.2,reference,batch_len_cv,0.105742,0.0115088,10
SENS,S3eta1/mfu0.5,best_s2+carry,groups_consumed,1536,0,10
SENS,S3eta1/mfu0.5,best_s2+carry,groups_dropped,190.5,7.70647,10
SENS,S3eta1/mfu0.5,best_s2+carry,groups_unfinished,67.7,7.66801,10
SENS,S3eta1/mfu0.5,best_s2+carry,drops_policy,0,0,10
SENS,S3eta1/mfu0.5,best_s2+carry,drops_stale,190.5,7.70647,10
SENS,S3eta1/mfu0.5,best_s2+carry,drops_colocated_switch,0,0,10
SENS,S3eta1/mfu0.5,best_s2+carry,tokens_consumed,1.36302e+07,247943,10
SENS,S3eta1/mfu0.5,best_s2+carry,tokens_dropped,4.63123e+06,150208,10
SENS,S3eta1/mfu0.5,best_s2+carry,waste_frac,0.253633,0.00798374,10
SENS,S3eta1/mfu0.5,best_s2+carry,length_bias,-0.184325,0.00729128,10
SENS,S3eta1/mfu0.5,best_s2+carry,run_s,1502.03,21.0951,10
SENS,S3eta1/mfu0.5,best_s2+carry,gpu_idle_frac,0.404446,0.00130587,10
SENS,S3eta1/mfu0.5,best_s2+carry,verify_delay_mean_s,1.44331,0.0720624,10
SENS,S3eta1/mfu0.5,best_s2+carry,verify_delay_p95_s,6.2039,0.269149,10
SENS,S3eta1/mfu0.5,best_s2+carry,instants,31921.8,159.558,10
SENS,S3eta1/mfu0.5,best_s2+carry,policy_calls,31921.8,159.558,10
SENS,S3eta1/mfu0.5,best_s2+carry,violations,0,0,10
SENS,S3eta1/mfu0.5,best_s2+carry,J,1.218,0.0154888,10
SENS,S3eta1/mfu0.5,best_s2+carry,window_s,1327.92,23.1865,10
SENS,S3eta1/mfu0.5,best_s2+carry,step_time_mean_s,63.2341,1.10412,10
SENS,S3eta1/mfu0.5,best_s2+carry,step_time_p95_s,81.0009,2.02775,10
SENS,S3eta1/mfu0.5,best_s2+carry,samples_per_s,8.10123,0.141339,10
SENS,S3eta1/mfu0.5,best_s2+carry,completed_tokens_per_s,11939.4,123.298,10
SENS,S3eta1/mfu0.5,best_s2+carry,rollout_idle_frac,0.0010847,0.000489125,10
SENS,S3eta1/mfu0.5,best_s2+carry,gpu_gen_frac,0.490306,0.000308978,10
SENS,S3eta1/mfu0.5,best_s2+carry,gpu_overhead_frac,0.0170632,0.000274805,10
SENS,S3eta1/mfu0.5,best_s2+carry,gpu_train_frac,0.0881851,0.00109992,10
SENS,S3eta1/mfu0.5,best_s2+carry,trainer_wait_frac,0.807807,0.00241548,10
SENS,S3eta1/mfu0.5,best_s2+carry,trainer_wait_mean_s,51.0847,1.01779,10
SENS,S3eta1/mfu0.5,best_s2+carry,straggler_mean_s,8.6862,0.508357,10
SENS,S3eta1/mfu0.5,best_s2+carry,straggler_p95_s,14.4818,0.884766,10
SENS,S3eta1/mfu0.5,best_s2+carry,staleness_mean,0.953646,0.00383038,10
SENS,S3eta1/mfu0.5,best_s2+carry,staleness_max,1,0,10
SENS,S3eta1/mfu0.5,best_s2+carry,stale_token_frac,0.979193,0.00293196,10
SENS,S3eta1/mfu0.5,best_s2+carry,batch_len_cv,0.170987,0.0215531,10
SENS,S3eta1/mfu0.5,best_s2+wait,groups_consumed,1536,0,10
SENS,S3eta1/mfu0.5,best_s2+wait,groups_dropped,0,0,10
SENS,S3eta1/mfu0.5,best_s2+wait,groups_unfinished,62.2,1.3822,10
SENS,S3eta1/mfu0.5,best_s2+wait,drops_policy,0,0,10
SENS,S3eta1/mfu0.5,best_s2+wait,drops_stale,0,0,10
SENS,S3eta1/mfu0.5,best_s2+wait,drops_colocated_switch,0,0,10
SENS,S3eta1/mfu0.5,best_s2+wait,tokens_consumed,1.67853e+07,277312,10
SENS,S3eta1/mfu0.5,best_s2+wait,tokens_dropped,0,0,10
SENS,S3eta1/mfu0.5,best_s2+wait,waste_frac,0,0,10
SENS,S3eta1/mfu0.5,best_s2+wait,length_bias,0,0,10
SENS,S3eta1/mfu0.5,best_s2+wait,run_s,2145.37,60.8702,10
SENS,S3eta1/mfu0.5,best_s2+wait,gpu_idle_frac,0.523487,0.0107736,10
SENS,S3eta1/mfu0.5,best_s2+wait,verify_delay_mean_s,1.53514,0.0566197,10
SENS,S3eta1/mfu0.5,best_s2+wait,verify_delay_p95_s,6.4857,0.19899,10
SENS,S3eta1/mfu0.5,best_s2+wait,instants,28946,44.1362,10
SENS,S3eta1/mfu0.5,best_s2+wait,policy_calls,28946,44.1362,10
SENS,S3eta1/mfu0.5,best_s2+wait,violations,0,0,10
SENS,S3eta1/mfu0.5,best_s2+wait,J,1.1326,0.0383468,10
SENS,S3eta1/mfu0.5,best_s2+wait,window_s,1871.07,56.7804,10
SENS,S3eta1/mfu0.5,best_s2+wait,step_time_mean_s,89.0984,2.70383,10
SENS,S3eta1/mfu0.5,best_s2+wait,step_time_p95_s,116.551,8.15653,10
SENS,S3eta1/mfu0.5,best_s2+wait,samples_per_s,5.75532,0.166248,10
SENS,S3eta1/mfu0.5,best_s2+wait,completed_tokens_per_s,7758.26,164.902,10
SENS,S3eta1/mfu0.5,best_s2+wait,rollout_idle_frac,0.201522,0.0179672,10
SENS,S3eta1/mfu0.5,best_s2+wait,gpu_gen_frac,0.390034,0.00868877,10
SENS,S3eta1/mfu0.5,best_s2+wait,gpu_overhead_frac,0.0148251,0.000465891,10
SENS,S3eta1/mfu0.5,best_s2+wait,gpu_train_frac,0.0716537,0.00177893,10
SENS,S3eta1/mfu0.5,best_s2+wait,trainer_wait_frac,0.845452,0.00385802,10
SENS,S3eta1/mfu0.5,best_s2+wait,trainer_wait_mean_s,75.3453,2.61969,10
SENS,S3eta1/mfu0.5,best_s2+wait,straggler_mean_s,22.112,1.97237,10
SENS,S3eta1/mfu0.5,best_s2+wait,straggler_p95_s,46.6442,5.9119,10
SENS,S3eta1/mfu0.5,best_s2+wait,staleness_mean,0.989807,0.00295871,10
SENS,S3eta1/mfu0.5,best_s2+wait,staleness_max,1,0,10
SENS,S3eta1/mfu0.5,best_s2+wait,stale_token_frac,0.988968,0.00222884,10
SENS,S3eta1/mfu0.5,best_s2+wait,batch_len_cv,0.106339,0.0150864,10
SENS,S3eta1/mfu0.5,reference,groups_consumed,1536,0,10
SENS,S3eta1/mfu0.5,reference,groups_dropped,0,0,10
SENS,S3eta1/mfu0.5,reference,groups_unfinished,64,0,10
SENS,S3eta1/mfu0.5,reference,drops_policy,0,0,10
SENS,S3eta1/mfu0.5,reference,drops_stale,0,0,10
SENS,S3eta1/mfu0.5,reference,drops_colocated_switch,0,0,10
SENS,S3eta1/mfu0.5,reference,tokens_consumed,1.64737e+07,287062,10
SENS,S3eta1/mfu0.5,reference,tokens_dropped,0,0,10
SENS,S3eta1/mfu0.5,reference,waste_frac,0,0,10
SENS,S3eta1/mfu0.5,reference,length_bias,0,0,10
SENS,S3eta1/mfu0.5,reference,run_s,2727.19,96.1981,10
SENS,S3eta1/mfu0.5,reference,gpu_idle_frac,0.63594,0.0107973,10
SENS,S3eta1/mfu0.5,reference,verify_delay_mean_s,1.52023,0.0609432,10
SENS,S3eta1/mfu0.5,reference,verify_delay_p95_s,6.4668,0.21496,10
SENS,S3eta1/mfu0.5,reference,instants,25841.7,73.1144,10
SENS,S3eta1/mfu0.5,reference,policy_calls,25841.7,73.1144,10
SENS,S3eta1/mfu0.5,reference,violations,0,0,10
SENS,S3eta1/mfu0.5,reference,J,1.45903,0.0519119,10
SENS,S3eta1/mfu0.5,reference,window_s,2401.87,89.3887,10
SENS,S3eta1/mfu0.5,reference,step_time_mean_s,114.375,4.25661,10
SENS,S3eta1/mfu0.5,reference,step_time_p95_s,147.735,5.74709,10
SENS,S3eta1/mfu0.5,reference,samples_per_s,4.48763,0.170223,10
SENS,S3eta1/mfu0.5,reference,completed_tokens_per_s,6014.11,214.792,10
SENS,S3eta1/mfu0.5,reference,rollout_idle_frac,0.391884,0.0173989,10
SENS,S3eta1/mfu0.5,reference,gpu_gen_frac,0.301053,0.00860136,10
SENS,S3eta1/mfu0.5,reference,gpu_overhead_frac,0.00738768,0.000279208,10
SENS,S3eta1/mfu0.5,reference,gpu_train_frac,0.0556193,0.00204143,10
SENS,S3eta1/mfu0.5,reference,trainer_wait_frac,0.879997,0.00440032,10
SENS,S3eta1/mfu0.5,reference,trainer_wait_mean_s,100.681,4.23016,10
SENS,S3eta1/mfu0.5,reference,straggler_mean_s,40.9537,3.92282,10
SENS,S3eta1/mfu0.5,reference,straggler_p95_s,70.5918,6.59947,10
SENS,S3eta1/mfu0.5,reference,staleness_mean,0.97686,0.00449156,10
SENS,S3eta1/mfu0.5,reference,staleness_max,1,0,10
SENS,S3eta1/mfu0.5,reference,stale_token_frac,0.960957,0.00517624,10
SENS,S3eta1/mfu0.5,reference,batch_len_cv,0.105742,0.0115088,10
SENS,S3eta1/tail0.75,best_s2+carry,groups_consumed,1536,0,10
SENS,S3eta1/tail0.75,best_s2+carry,groups_dropped,264.8,11.3499,10
SENS,S3eta1/tail0.75,best_s2+carry,groups_unfinished,69.8,4.95384,10
SENS,S3eta1/tail0.75,best_s2+carry,drops_policy,0,0,10
SENS,S3eta1/tail0.75,best_s2+carry,drops_stale,264.8,11.3499,10
SENS,S3eta1/tail0.75,best_s2+carry,drops_colocated_switch,0,0,10
SENS,S3eta1/tail0.75,best_s2+carry,tokens_consumed,1.11542e+07,115404,10
SENS,S3eta1/tail0.75,best_s2+carry,tokens_dropped,4.08311e+06,127410,10
SENS,S3eta1/tail0.75,best_s2+carry,waste_frac,0.267902,0.00652127,10
SENS,S3eta1/tail0.75,best_s2+carry,length_bias,-0.175114,0.00647911,10
SENS,S3eta1/tail0.75,best_s2+carry,run_s,1022.38,16.3267,10
SENS,S3eta1/tail0.75,best_s2+carry,gpu_idle_frac,0.330598,0.00216967,10
SENS,S3eta1/tail0.75,best_s2+carry,verify_delay_mean_s,1.57444,0.104213,10
SENS,S3eta1/tail0.75,best_s2+carry,verify_delay_p95_s,6.2963,0.321197,10
SENS,S3eta1/tail0.75,best_s2+carry,instants,33485,176.72,10
SENS,S3eta1/tail0.75,best_s2+carry,policy_calls,33485,176.72,10
SENS,S3eta1/tail0.75,best_s2+carry,violations,0,0,10
SENS,S3eta1/tail0.75,best_s2+carry,J,1.16812,0.0188639,10
SENS,S3eta1/tail0.75,best_s2+carry,window_s,894.81,15.4881,10
SENS,S3eta1/tail0.75,best_s2+carry,step_time_mean_s,42.61,0.737526,10
SENS,S3eta1/tail0.75,best_s2+carry,step_time_p95_s,55.5311,3.42908,10
SENS,S3eta1/tail0.75,best_s2+carry,samples_per_s,12.022,0.19943,10
SENS,S3eta1/tail0.75,best_s2+carry,completed_tokens_per_s,14731.7,152.448,10
SENS,S3eta1/tail0.75,best_s2+carry,rollout_idle_frac,4.99405e-05,7.03227e-05,10
SENS,S3eta1/tail0.75,best_s2+carry,gpu_gen_frac,0.485342,0.000291379,10
SENS,S3eta1/tail0.75,best_s2+carry,gpu_overhead_frac,0.0263732,0.00049211,10
SENS,S3eta1/tail0.75,best_s2+carry,gpu_train_frac,0.157686,0.00199229,10
SENS,S3eta1/tail0.75,best_s2+carry,trainer_wait_frac,0.661147,0.00431197,10
SENS,S3eta1/tail0.75,best_s2+carry,trainer_wait_mean_s,28.1762,0.658534,10
SENS,S3eta1/tail0.75,best_s2+carry,straggler_mean_s,6.08379,0.659399,10
SENS,S3eta1/tail0.75,best_s2+carry,straggler_p95_s,10.6646,1.51285,10
SENS,S3eta1/tail0.75,best_s2+carry,staleness_mean,0.980208,0.00266956,10
SENS,S3eta1/tail0.75,best_s2+carry,staleness_max,1,0,10
SENS,S3eta1/tail0.75,best_s2+carry,stale_token_frac,0.989965,0.00162599,10
SENS,S3eta1/tail0.75,best_s2+carry,batch_len_cv,0.108212,0.0125228,10
SENS,S3eta1/tail0.75,best_s2+wait,groups_consumed,1536,0,10
SENS,S3eta1/tail0.75,best_s2+wait,groups_dropped,0,0,10
SENS,S3eta1/tail0.75,best_s2+wait,groups_unfinished,64,0,10
SENS,S3eta1/tail0.75,best_s2+wait,drops_policy,0,0,10
SENS,S3eta1/tail0.75,best_s2+wait,drops_stale,0,0,10
SENS,S3eta1/tail0.75,best_s2+wait,drops_colocated_switch,0,0,10
SENS,S3eta1/tail0.75,best_s2+wait,tokens_consumed,1.3581e+07,185721,10
SENS,S3eta1/tail0.75,best_s2+wait,tokens_dropped,0,0,10
SENS,S3eta1/tail0.75,best_s2+wait,waste_frac,0,0,10
SENS,S3eta1/tail0.75,best_s2+wait,length_bias,0,0,10
SENS,S3eta1/tail0.75,best_s2+wait,run_s,1793.25,35.2817,10
SENS,S3eta1/tail0.75,best_s2+wait,gpu_idle_frac,0.541311,0.00667555,10
SENS,S3eta1/tail0.75,best_s2+wait,verify_delay_mean_s,1.68093,0.0774347,10
SENS,S3eta1/tail0.75,best_s2+wait,verify_delay_p95_s,6.7663,0.215874,10
SENS,S3eta1/tail0.75,best_s2+wait,instants,29096.5,57.9191,10
SENS,S3eta1/tail0.75,best_s2+wait,policy_calls,29096.5,57.9191,10
SENS,S3eta1/tail0.75,best_s2+wait,violations,0,0,10
SENS,S3eta1/tail0.75,best_s2+wait,J,1.32545,0.0307656,10
SENS,S3eta1/tail0.75,best_s2+wait,window_s,1562.42,29.9838,10
SENS,S3eta1/tail0.75,best_s2+wait,step_time_mean_s,74.4008,1.4278,10
SENS,S3eta1/tail0.75,best_s2+wait,step_time_p95_s,88.0864,5.08436,10
SENS,S3eta1/tail0.75,best_s2+wait,samples_per_s,6.88607,0.131093,10
SENS,S3eta1/tail0.75,best_s2+wait,completed_tokens_per_s,7529.94,129.756,10
SENS,S3eta1/tail0.75,best_s2+wait,rollout_idle_frac,0.30058,0.0106252,10
SENS,S3eta1/tail0.75,best_s2+wait,gpu_gen_frac,0.338694,0.00523145,10
SENS,S3eta1/tail0.75,best_s2+wait,gpu_overhead_frac,0.0177406,0.000342743,10
SENS,S3eta1/tail0.75,best_s2+wait,gpu_train_frac,0.102254,0.00184231,10
SENS,S3eta1/tail0.75,best_s2+wait,trainer_wait_frac,0.782042,0.00390561,10
SENS,S3eta1/tail0.75,best_s2+wait,trainer_wait_mean_s,58.193,1.37419,10
SENS,S3eta1/tail0.75,best_s2+wait,straggler_mean_s,29.0875,1.45138,10
SENS,S3eta1/tail0.75,best_s2+wait,straggler_p95_s,43.6391,4.48206,10
SENS,S3eta1/tail0.75,best_s2+wait,staleness_mean,0.999702,0.000673261,10
SENS,S3eta1/tail0.75,best_s2+wait,staleness_max,1,0,10
SENS,S3eta1/tail0.75,best_s2+wait,stale_token_frac,0.999514,0.00102126,10
SENS,S3eta1/tail0.75,best_s2+wait,batch_len_cv,0.0872668,0.0121313,10
SENS,S3eta1/tail0.75,reference,groups_consumed,1536,0,10
SENS,S3eta1/tail0.75,reference,groups_dropped,0,0,10
SENS,S3eta1/tail0.75,reference,groups_unfinished,64,0,10
SENS,S3eta1/tail0.75,reference,drops_policy,0,0,10
SENS,S3eta1/tail0.75,reference,drops_stale,0,0,10
SENS,S3eta1/tail0.75,reference,drops_colocated_switch,0,0,10
SENS,S3eta1/tail0.75,reference,tokens_consumed,1.33564e+07,193581,10
SENS,S3eta1/tail0.75,reference,tokens_dropped,0,0,10
SENS,S3eta1/tail0.75,reference,waste_frac,0,0,10
SENS,S3eta1/tail0.75,reference,length_bias,0,0,10
SENS,S3eta1/tail0.75,reference,run_s,1979.98,73.845,10
SENS,S3eta1/tail0.75,reference,gpu_idle_frac,0.614382,0.0148203,10
SENS,S3eta1/tail0.75,reference,verify_delay_mean_s,1.65356,0.0909214,10
SENS,S3eta1/tail0.75,reference,verify_delay_p95_s,6.697,0.267074,10
SENS,S3eta1/tail0.75,reference,instants,25899.5,53.8979,10
SENS,S3eta1/tail0.75,reference,policy_calls,25899.5,53.8979,10
SENS,S3eta1/tail0.75,reference,violations,0,0,10
SENS,S3eta1/tail0.75,reference,J,1.51336,0.0736781,10
SENS,S3eta1/tail0.75,reference,window_s,1739.17,65.0681,10
SENS,S3eta1/tail0.75,reference,step_time_mean_s,82.8175,3.09848,10
SENS,S3eta1/tail0.75,reference,step_time_p95_s,110.143,11.9344,10
SENS,S3eta1/tail0.75,reference,samples_per_s,6.19807,0.240565,10
SENS,S3eta1/tail0.75,reference,completed_tokens_per_s,6736.96,266.724,10
SENS,S3eta1/tail0.75,reference,rollout_idle_frac,0.424103,0.022412,10
SENS,S3eta1/tail0.75,reference,gpu_gen_frac,0.283822,0.0110738,10
SENS,S3eta1/tail0.75,reference,gpu_overhead_frac,0.0101791,0.000390036,10
SENS,S3eta1/tail0.75,reference,gpu_train_frac,0.0916165,0.00358227,10
SENS,S3eta1/tail0.75,reference,trainer_wait_frac,0.804661,0.00761918,10
SENS,S3eta1/tail0.75,reference,trainer_wait_mean_s,66.6804,3.09211,10
SENS,S3eta1/tail0.75,reference,straggler_mean_s,34.766,3.0704,10
SENS,S3eta1/tail0.75,reference,straggler_p95_s,58.9431,11.7435,10
SENS,S3eta1/tail0.75,reference,staleness_mean,0.993527,0.00211495,10
SENS,S3eta1/tail0.75,reference,staleness_max,1,0,10
SENS,S3eta1/tail0.75,reference,stale_token_frac,0.987759,0.00273305,10
SENS,S3eta1/tail0.75,reference,batch_len_cv,0.0855038,0.0109566,10
SENS,S3eta1/tail1.25,best_s2+carry,groups_consumed,1536,0,10
SENS,S3eta1/tail1.25,best_s2+carry,groups_dropped,326,11.8796,10
SENS,S3eta1/tail1.25,best_s2+carry,groups_unfinished,69.5,6.70428,10
SENS,S3eta1/tail1.25,best_s2+carry,drops_policy,0,0,10
SENS,S3eta1/tail1.25,best_s2+carry,drops_stale,326,11.8796,10
SENS,S3eta1/tail1.25,best_s2+carry,drops_colocated_switch,0,0,10
SENS,S3eta1/tail1.25,best_s2+carry,tokens_consumed,1.48864e+07,346716,10
SENS,S3eta1/tail1.25,best_s2+carry,tokens_dropped,8.31977e+06,145203,10
SENS,S3eta1/tail1.25,best_s2+carry,waste_frac,0.358623,0.00746618,10
SENS,S3eta1/tail1.25,best_s2+carry,length_bias,-0.258649,0.00832378,10
SENS,S3eta1/tail1.25,best_s2+carry,run_s,1724.84,27.6271,10
SENS,S3eta1/tail1.25,best_s2+carry,gpu_idle_frac,0.383907,0.00153066,10
SENS,S3eta1/tail1.25,best_s2+carry,verify_delay_mean_s,1.39824,0.0691307,10
SENS,S3eta1/tail1.25,best_s2+carry,verify_delay_p95_s,6.0208,0.228742,10
SENS,S3eta1/tail1.25,best_s2+carry,instants,34405.9,221.644,10
SENS,S3eta1/tail1.25,best_s2+carry,policy_calls,34405.9,221.644,10
SENS,S3eta1/tail1.25,best_s2+carry,violations,0,0,10
SENS,S3eta1/tail1.25,best_s2+carry,J,1.47945,0.0193173,10
SENS,S3eta1/tail1.25,best_s2+carry,window_s,1523.42,25.8318,10
SENS,S3eta1/tail1.25,best_s2+carry,step_time_mean_s,72.544,1.23009,10
SENS,S3eta1/tail1.25,best_s2+carry,step_time_p95_s,86.8175,1.7192,10
SENS,S3eta1/tail1.25,best_s2+carry,samples_per_s,7.06135,0.119381,10
SENS,S3eta1/tail1.25,best_s2+carry,completed_tokens_per_s,13225.5,145.746,10
SENS,S3eta1/tail1.25,best_s2+carry,rollout_idle_frac,0.000303405,0.0002149,10
SENS,S3eta1/tail1.25,best_s2+carry,gpu_gen_frac,0.49099,0.000233814,10
SENS,S3eta1/tail1.25,best_s2+carry,gpu_overhead_frac,0.0157539,0.000300936,10
SENS,S3eta1/tail1.25,best_s2+carry,gpu_train_frac,0.109348,0.00150978,10
SENS,S3eta1/tail1.25,best_s2+carry,trainer_wait_frac,0.767511,0.00312618,10
SENS,S3eta1/tail1.25,best_s2+carry,trainer_wait_mean_s,55.6816,1.0715,10
SENS,S3eta1/tail1.25,best_s2+carry,straggler_mean_s,8.04344,0.423841,10
SENS,S3eta1/tail1.25,best_s2+carry,straggler_p95_s,14.6944,1.83931,10
SENS,S3eta1/tail1.25,best_s2+carry,staleness_mean,0.984747,0.00389718,10
SENS,S3eta1/tail1.25,best_s2+carry,staleness_max,1,0,10
SENS,S3eta1/tail1.25,best_s2+carry,stale_token_frac,0.99656,0.000968532,10
SENS,S3eta1/tail1.25,best_s2+carry,batch_len_cv,0.251273,0.0239474,10
SENS,S3eta1/tail1.25,best_s2+wait,groups_consumed,1536,0,10
SENS,S3eta1/tail1.25,best_s2+wait,groups_dropped,0,0,10
SENS,S3eta1/tail1.25,best_s2+wait,groups_unfinished,64,0,10
SENS,S3eta1/tail1.25,best_s2+wait,drops_policy,0,0,10
SENS,S3eta1/tail1.25,best_s2+wait,drops_stale,0,0,10
SENS,S3eta1/tail1.25,best_s2+wait,drops_colocated_switch,0,0,10
SENS,S3eta1/tail1.25,best_s2+wait,tokens_consumed,2.02118e+07,348624,10
SENS,S3eta1/tail1.25,best_s2+wait,tokens_dropped,0,0,10
SENS,S3eta1/tail1.25,best_s2+wait,waste_frac,0,0,10
SENS,S3eta1/tail1.25,best_s2+wait,length_bias,0,0,10
SENS,S3eta1/tail1.25,best_s2+wait,run_s,2244.1,49.4078,10
SENS,S3eta1/tail1.25,best_s2+wait,gpu_idle_frac,0.465438,0.00896022,10
SENS,S3eta1/tail1.25,best_s2+wait,verify_delay_mean_s,1.4938,0.0467328,10
SENS,S3eta1/tail1.25,best_s2+wait,verify_delay_p95_s,6.4193,0.176974,10
SENS,S3eta1/tail1.25,best_s2+wait,instants,29190.2,50.6214,10
SENS,S3eta1/tail1.25,best_s2+wait,policy_calls,29190.2,50.6214,10
SENS,S3eta1/tail1.25,best_s2+wait,violations,0,0,10
SENS,S3eta1/tail1.25,best_s2+wait,J,1.12131,0.0405141,10
SENS,S3eta1/tail1.25,best_s2+wait,window_s,1943.5,43.3396,10
SENS,S3eta1/tail1.25,best_s2+wait,step_time_mean_s,92.5476,2.06379,10
SENS,S3eta1/tail1.25,best_s2+wait,step_time_p95_s,113.639,9.27523,10
SENS,S3eta1/tail1.25,best_s2+wait,samples_per_s,5.537,0.120225,10
SENS,S3eta1/tail1.25,best_s2+wait,completed_tokens_per_s,8976.53,169.121,10
SENS,S3eta1/tail1.25,best_s2+wait,rollout_idle_frac,0.154281,0.0137151,10
SENS,S3eta1/tail1.25,best_s2+wait,gpu_gen_frac,0.413871,0.0066952,10
SENS,S3eta1/tail1.25,best_s2+wait,gpu_overhead_frac,0.0143959,0.000289975,10
SENS,S3eta1/tail1.25,best_s2+wait,gpu_train_frac,0.106295,0.00210966,10
SENS,S3eta1/tail1.25,best_s2+wait,trainer_wait_frac,0.776595,0.004409,10
SENS,S3eta1/tail1.25,best_s2+wait,trainer_wait_mean_s,71.8849,1.94904,10
SENS,S3eta1/tail1.25,best_s2+wait,straggler_mean_s,14.0579,1.84443,10
SENS,S3eta1/tail1.25,best_s2+wait,straggler_p95_s,34.0048,8.86298,10
SENS,S3eta1/tail1.25,best_s2+wait,staleness_mean,1,0,10
SENS,S3eta1/tail1.25,best_s2+wait,staleness_max,1,0,10
SENS,S3eta1/tail1.25,best_s2+wait,stale_token_frac,0.999927,0.000165103,10
SENS,S3eta1/tail1.25,best_s2+wait,batch_len_cv,0.112657,0.0160413,10
SENS,S3eta1/tail1.25,reference,groups_consumed,1536,0,10
SENS,S3eta1/tail1.25,reference,groups_dropped,0,0,10
SENS,S3eta1/tail1.25,reference,groups_unfinished,64,0,10
SENS,S3eta1/tail1.25,reference,drops_policy,0,0,10
SENS,S3eta1/tail1.25,reference,drops_stale,0,0,10
SENS,S3eta1/tail1.25,reference,drops_colocated_switch,0,0,10
SENS,S3eta1/tail1.25,reference,tokens_consumed,1.98164e+07,359558,10
SENS,S3eta1/tail1.25,reference,tokens_dropped,0,0,10
SENS,S3eta1/tail1.25,reference,waste_frac,0,0,10
SENS,S3eta1/tail1.25,reference,length_bias,0,0,10
SENS,S3eta1/tail1.25,reference,run_s,2735.58,132.855,10
SENS,S3eta1/tail1.25,reference,gpu_idle_frac,0.575135,0.0187725,10
SENS,S3eta1/tail1.25,reference,verify_delay_mean_s,1.48748,0.0526837,10
SENS,S3eta1/tail1.25,reference,verify_delay_p95_s,6.4077,0.190674,10
SENS,S3eta1/tail1.25,reference,instants,25930.6,45.0179,10
SENS,S3eta1/tail1.25,reference,policy_calls,25930.6,45.0179,10
SENS,S3eta1/tail1.25,reference,violations,0,0,10
SENS,S3eta1/tail1.25,reference,J,1.4483,0.0768231,10
SENS,S3eta1/tail1.25,reference,window_s,2406.71,116.06,10
SENS,S3eta1/tail1.25,reference,step_time_mean_s,114.605,5.52668,10
SENS,S3eta1/tail1.25,reference,step_time_p95_s,161.118,3.84482,10
SENS,S3eta1/tail1.25,reference,samples_per_s,4.4859,0.217676,10
SENS,S3eta1/tail1.25,reference,completed_tokens_per_s,7234.3,372.392,10
SENS,S3eta1/tail1.25,reference,rollout_idle_frac,0.330494,0.0285548,10
SENS,S3eta1/tail1.25,reference,gpu_gen_frac,0.331761,0.0141377,10
SENS,S3eta1/tail1.25,reference,gpu_overhead_frac,0.00737283,0.000356625,10
SENS,S3eta1/tail1.25,reference,gpu_train_frac,0.0857309,0.00433736,10
SENS,S3eta1/tail1.25,reference,trainer_wait_frac,0.819777,0.00908532,10
SENS,S3eta1/tail1.25,reference,trainer_wait_mean_s,94.0366,5.55909,10
SENS,S3eta1/tail1.25,reference,straggler_mean_s,32.9777,5.63275,10
SENS,S3eta1/tail1.25,reference,straggler_p95_s,69.5651,9.25157,10
SENS,S3eta1/tail1.25,reference,staleness_mean,0.99375,0.00207209,10
SENS,S3eta1/tail1.25,reference,staleness_max,1,0,10
SENS,S3eta1/tail1.25,reference,stale_token_frac,0.988948,0.0034376,10
SENS,S3eta1/tail1.25,reference,batch_len_cv,0.112409,0.011905,10
SENS,S4eta2/est_high,best_s2+abort(1.5),groups_consumed,1536,0,10
SENS,S4eta2/est_high,best_s2+abort(1.5),groups_dropped,503.4,9.13742,10
SENS,S4eta2/est_high,best_s2+abort(1.5),groups_unfinished,68.4,3.14902,10
SENS,S4eta2/est_high,best_s2+abort(1.5),drops_policy,503.4,9.13742,10
SENS,S4eta2/est_high,best_s2+abort(1.5),drops_stale,0,0,10
SENS,S4eta2/est_high,best_s2+abort(1.5),drops_colocated_switch,0,0,10
SENS,S4eta2/est_high,best_s2+abort(1.5),tokens_consumed,1.25003e+07,185519,10
SENS,S4eta2/est_high,best_s2+abort(1.5),tokens_dropped,6.80108e+06,117625,10
SENS,S4eta2/est_high,best_s2+abort(1.5),waste_frac,0.352375,0.00492741,10
SENS,S4eta2/est_high,best_s2+abort(1.5),length_bias,-0.248467,0.00737152,10
SENS,S4eta2/est_high,best_s2+abort(1.5),run_s,1511.16,23.8065,10
SENS,S4eta2/est_high,best_s2+abort(1.5),gpu_idle_frac,0.376842,0.00101257,10
SENS,S4eta2/est_high,best_s2+abort(1.5),verify_delay_mean_s,1.48171,0.077001,10
SENS,S4eta2/est_high,best_s2+abort(1.5),verify_delay_p95_s,6.2002,0.239956,10
SENS,S4eta2/est_high,best_s2+abort(1.5),instants,34719.5,138.686,10
SENS,S4eta2/est_high,best_s2+abort(1.5),policy_calls,34719.5,138.686,10
SENS,S4eta2/est_high,best_s2+abort(1.5),violations,0,0,10
SENS,S4eta2/est_high,best_s2+abort(1.5),J,1.4599,0.0158399,10
SENS,S4eta2/est_high,best_s2+abort(1.5),window_s,1318.19,21.5448,10
SENS,S4eta2/est_high,best_s2+abort(1.5),step_time_mean_s,62.7708,1.02594,10
SENS,S4eta2/est_high,best_s2+abort(1.5),step_time_p95_s,77.8144,1.03998,10
SENS,S4eta2/est_high,best_s2+abort(1.5),samples_per_s,8.16044,0.131397,10
SENS,S4eta2/est_high,best_s2+abort(1.5),completed_tokens_per_s,12622.4,81.4788,10
SENS,S4eta2/est_high,best_s2+abort(1.5),rollout_idle_frac,0.000229381,0.000142755,10
SENS,S4eta2/est_high,best_s2+abort(1.5),gpu_gen_frac,0.489652,0.0001988,10
SENS,S4eta2/est_high,best_s2+abort(1.5),gpu_overhead_frac,0.018203,0.000330693,10
SENS,S4eta2/est_high,best_s2+abort(1.5),gpu_train_frac,0.115303,0.000863736,10
SENS,S4eta2/est_high,best_s2+abort(1.5),trainer_wait_frac,0.753455,0.00191255,10
SENS,S4eta2/est_high,best_s2+abort(1.5),trainer_wait_mean_s,47.2976,0.871172,10
SENS,S4eta2/est_high,best_s2+abort(1.5),straggler_mean_s,10.1991,0.730047,10
SENS,S4eta2/est_high,best_s2+abort(1.5),straggler_p95_s,17.6251,1.65535,10
SENS,S4eta2/est_high,best_s2+abort(1.5),staleness_mean,0.976265,0.00269596,10
SENS,S4eta2/est_high,best_s2+abort(1.5),staleness_max,1,0,10
SENS,S4eta2/est_high,best_s2+abort(1.5),stale_token_frac,0.990093,0.00128404,10
SENS,S4eta2/est_high,best_s2+abort(1.5),batch_len_cv,0.154793,0.0152773,10
SENS,S4eta2/est_high,best_s2+carry(1.5),groups_consumed,1536,0,10
SENS,S4eta2/est_high,best_s2+carry(1.5),groups_dropped,2.4,1.12856,10
SENS,S4eta2/est_high,best_s2+carry(1.5),groups_unfinished,40.5,13.9173,10
SENS,S4eta2/est_high,best_s2+carry(1.5),drops_policy,0,0,10
SENS,S4eta2/est_high,best_s2+carry(1.5),drops_stale,2.4,1.12856,10
SENS,S4eta2/est_high,best_s2+carry(1.5),drops_colocated_switch,0,0,10
SENS,S4eta2/est_high,best_s2+carry(1.5),tokens_consumed,1.63572e+07,248672,10
SENS,S4eta2/est_high,best_s2+carry(1.5),tokens_dropped,80238.6,36826.4,10
SENS,S4eta2/est_high,best_s2+carry(1.5),waste_frac,0.00486726,0.00220555,10
SENS,S4eta2/est_high,best_s2+carry(1.5),length_bias,-0.00338537,0.00155763,10
SENS,S4eta2/est_high,best_s2+carry(1.5),run_s,1254.48,17.4798,10
SENS,S4eta2/est_high,best_s2+carry(1.5),gpu_idle_frac,0.322554,0.00160123,10
SENS,S4eta2/est_high,best_s2+carry(1.5),verify_delay_mean_s,1.5026,0.0795312,10
SENS,S4eta2/est_high,best_s2+carry(1.5),verify_delay_p95_s,6.429,0.265835,10
SENS,S4eta2/est_high,best_s2+carry(1.5),instants,29139.6,174.42,10
SENS,S4eta2/est_high,best_s2+carry(1.5),policy_calls,29139.6,174.42,10
SENS,S4eta2/est_high,best_s2+carry(1.5),violations,0,0,10
SENS,S4eta2/est_high,best_s2+carry(1.5),J,0.700339,0.0107555,10
SENS,S4eta2/est_high,best_s2+carry(1.5),window_s,1079.42,17.3216,10
SENS,S4eta2/est_high,best_s2+carry(1.5),step_time_mean_s,51.401,0.824837,10
SENS,S4eta2/est_high,best_s2+carry(1.5),step_time_p95_s,68.6352,2.39696,10
SENS,S4eta2/est_high,best_s2+carry(1.5),samples_per_s,9.96533,0.156758,10
SENS,S4eta2/est_high,best_s2+carry(1.5),completed_tokens_per_s,13427.3,62.0535,10
SENS,S4eta2/est_high,best_s2+carry(1.5),rollout_idle_frac,0.00189602,0.00067325,10
SENS,S4eta2/est_high,best_s2+carry(1.5),gpu_gen_frac,0.49094,0.000450487,10
SENS,S4eta2/est_high,best_s2+carry(1.5),gpu_overhead_frac,0.0178437,0.000313692,10
SENS,S4eta2/est_high,best_s2+carry(1.5),gpu_train_frac,0.168662,0.00151917,10
SENS,S4eta2/est_high,best_s2+carry(1.5),trainer_wait_frac,0.643212,0.00325728,10
SENS,S4eta2/est_high,best_s2+carry(1.5),trainer_wait_mean_s,33.0652,0.666266,10
SENS,S4eta2/est_high,best_s2+carry(1.5),straggler_mean_s,4.2513,0.365811,10
SENS,S4eta2/est_high,best_s2+carry(1.5),straggler_p95_s,7.0798,0.97753,10
SENS,S4eta2/est_high,best_s2+carry(1.5),staleness_mean,0.981622,0.0102752,10
SENS,S4eta2/est_high,best_s2+carry(1.5),staleness_max,2,0,10
SENS,S4eta2/est_high,best_s2+carry(1.5),stale_token_frac,0.900641,0.00430911,10
SENS,S4eta2/est_high,best_s2+carry(1.5),batch_len_cv,0.228846,0.0278512,10
SENS,S4eta2/est_high,best_s2+wait,groups_consumed,1536,0,10
SENS,S4eta2/est_high,best_s2+wait,groups_dropped,0,0,10
SENS,S4eta2/est_high,best_s2+wait,groups_unfinished,64,0,10
SENS,S4eta2/est_high,best_s2+wait,drops_policy,0,0,10
SENS,S4eta2/est_high,best_s2+wait,drops_stale,0,0,10
SENS,S4eta2/est_high,best_s2+wait,drops_colocated_switch,0,0,10
SENS,S4eta2/est_high,best_s2+wait,tokens_consumed,1.67483e+07,276205,10
SENS,S4eta2/est_high,best_s2+wait,tokens_dropped,0,0,10
SENS,S4eta2/est_high,best_s2+wait,waste_frac,0,0,10
SENS,S4eta2/est_high,best_s2+wait,length_bias,0,0,10
SENS,S4eta2/est_high,best_s2+wait,run_s,2057.74,46.0545,10
SENS,S4eta2/est_high,best_s2+wait,gpu_idle_frac,0.482347,0.00805887,10
SENS,S4eta2/est_high,best_s2+wait,verify_delay_mean_s,1.52853,0.0499472,10
SENS,S4eta2/est_high,best_s2+wait,verify_delay_p95_s,6.4727,0.161036,10
SENS,S4eta2/est_high,best_s2+wait,instants,29239.1,50.1515,10
SENS,S4eta2/est_high,best_s2+wait,policy_calls,29239.1,50.1515,10
SENS,S4eta2/est_high,best_s2+wait,violations,0,0,10
SENS,S4eta2/est_high,best_s2+wait,J,1.1847,0.042436,10
SENS,S4eta2/est_high,best_s2+wait,window_s,1788.08,41.2563,10
SENS,S4eta2/est_high,best_s2+wait,step_time_mean_s,85.1468,1.96458,10
SENS,S4eta2/est_high,best_s2+wait,step_time_p95_s,104.331,9.12112,10
SENS,S4eta2/est_high,best_s2+wait,samples_per_s,6.01857,0.133736,10
SENS,S4eta2/est_high,best_s2+wait,completed_tokens_per_s,8123.74,129.036,10
SENS,S4eta2/est_high,best_s2+wait,rollout_idle_frac,0.180576,0.0126883,10
SENS,S4eta2/est_high,best_s2+wait,gpu_gen_frac,0.400132,0.00612319,10
SENS,S4eta2/est_high,best_s2+wait,gpu_overhead_frac,0.0154574,0.000367509,10
SENS,S4eta2/est_high,best_s2+wait,gpu_train_frac,0.102064,0.00187702,10
SENS,S4eta2/est_high,best_s2+wait,trainer_wait_frac,0.784118,0.00397676,10
SENS,S4eta2/est_high,best_s2+wait,trainer_wait_mean_s,66.7769,1.84644,10
SENS,S4eta2/est_high,best_s2+wait,straggler_mean_s,18.6856,1.51248,10
SENS,S4eta2/est_high,best_s2+wait,straggler_p95_s,37.4626,8.45891,10
SENS,S4eta2/est_high,best_s2+wait,staleness_mean,0.999851,0.000336631,10
SENS,S4eta2/est_high,best_s2+wait,staleness_max,1,0,10
SENS,S4eta2/est_high,best_s2+wait,stale_token_frac,0.999864,0.000308602,10
SENS,S4eta2/est_high,best_s2+wait,batch_len_cv,0.105367,0.0141381,10
SENS,S4eta2/est_high,reference,groups_consumed,1536,0,10
SENS,S4eta2/est_high,reference,groups_dropped,0,0,10
SENS,S4eta2/est_high,reference,groups_unfinished,64,0,10
SENS,S4eta2/est_high,reference,drops_policy,0,0,10
SENS,S4eta2/est_high,reference,drops_stale,0,0,10
SENS,S4eta2/est_high,reference,drops_colocated_switch,0,0,10
SENS,S4eta2/est_high,reference,tokens_consumed,1.64737e+07,287062,10
SENS,S4eta2/est_high,reference,tokens_dropped,0,0,10
SENS,S4eta2/est_high,reference,waste_frac,0,0,10
SENS,S4eta2/est_high,reference,length_bias,0,0,10
SENS,S4eta2/est_high,reference,run_s,2435.95,110.926,10
SENS,S4eta2/est_high,reference,gpu_idle_frac,0.589605,0.0165929,10
SENS,S4eta2/est_high,reference,verify_delay_mean_s,1.52361,0.0624389,10
SENS,S4eta2/est_high,reference,verify_delay_p95_s,6.4691,0.21638,10
SENS,S4eta2/est_high,reference,instants,25980.5,63.6406,10
SENS,S4eta2/est_high,reference,policy_calls,25980.5,63.6406,10
SENS,S4eta2/est_high,reference,violations,0,0,10
SENS,S4eta2/est_high,reference,J,1.47411,0.0708751,10
SENS,S4eta2/est_high,reference,window_s,2139,91.7638,10
SENS,S4eta2/est_high,reference,step_time_mean_s,101.857,4.36971,10
SENS,S4eta2/est_high,reference,step_time_p95_s,144.03,6.73717,10
SENS,S4eta2/est_high,reference,samples_per_s,5.04277,0.214574,10
SENS,S4eta2/est_high,reference,completed_tokens_per_s,6760.33,305.08,10
SENS,S4eta2/est_high,reference,rollout_idle_frac,0.359213,0.0255272,10
SENS,S4eta2/est_high,reference,gpu_gen_frac,0.317035,0.0126338,10
SENS,S4eta2/est_high,reference,gpu_overhead_frac,0.00828344,0.000350778,10
SENS,S4eta2/est_high,reference,gpu_train_frac,0.0850771,0.00372045,10
SENS,S4eta2/est_high,reference,trainer_wait_frac,0.819997,0.00784352,10
SENS,S4eta2/est_high,reference,trainer_wait_mean_s,83.5811,4.37974,10
SENS,S4eta2/est_high,reference,straggler_mean_s,32.141,4.40038,10
SENS,S4eta2/est_high,reference,straggler_p95_s,65.0918,9.42002,10
SENS,S4eta2/est_high,reference,staleness_mean,0.993452,0.00246862,10
SENS,S4eta2/est_high,reference,staleness_max,1,0,10
SENS,S4eta2/est_high,reference,stale_token_frac,0.988427,0.00329444,10
SENS,S4eta2/est_high,reference,batch_len_cv,0.105742,0.0115088,10
SENS,S4eta2/est_none,best_s2+abort(1.5),groups_consumed,1536,0,10
SENS,S4eta2/est_none,best_s2+abort(1.5),groups_dropped,524.1,12.0481,10
SENS,S4eta2/est_none,best_s2+abort(1.5),groups_unfinished,69,5.21333,10
SENS,S4eta2/est_none,best_s2+abort(1.5),drops_policy,524.1,12.0481,10
SENS,S4eta2/est_none,best_s2+abort(1.5),drops_stale,0,0,10
SENS,S4eta2/est_none,best_s2+abort(1.5),drops_colocated_switch,0,0,10
SENS,S4eta2/est_none,best_s2+abort(1.5),tokens_consumed,1.23182e+07,255706,10
SENS,S4eta2/est_none,best_s2+abort(1.5),tokens_dropped,6.93227e+06,122458,10
SENS,S4eta2/est_none,best_s2+abort(1.5),waste_frac,0.360184,0.00693448,10
SENS,S4eta2/est_none,best_s2+abort(1.5),length_bias,-0.252483,0.0112681,10
SENS,S4eta2/est_none,best_s2+abort(1.5),run_s,1498.26,25.5488,10
SENS,S4eta2/est_none,best_s2+abort(1.5),gpu_idle_frac,0.376191,0.00170895,10
SENS,S4eta2/est_none,best_s2+abort(1.5),verify_delay_mean_s,1.47784,0.0820637,10
SENS,S4eta2/est_none,best_s2+abort(1.5),verify_delay_p95_s,6.2003,0.263374,10
SENS,S4eta2/est_none,best_s2+abort(1.5),instants,34949.9,197.442,10
SENS,S4eta2/est_none,best_s2+abort(1.5),policy_calls,34949.9,197.442,10
SENS,S4eta2/est_none,best_s2+abort(1.5),violations,0,0,10
SENS,S4eta2/est_none,best_s2+abort(1.5),J,1.46418,0.0186494,10
SENS,S4eta2/est_none,best_s2+abort(1.5),window_s,1307.29,27.4097,10
SENS,S4eta2/est_none,best_s2+abort(1.5),step_time_mean_s,62.252,1.30522,10
SENS,S4eta2/est_none,best_s2+abort(1.5),step_time_p95_s,78.695,2.26016,10
SENS,S4eta2/est_none,best_s2+abort(1.5),samples_per_s,8.23095,0.171119,10
SENS,S4eta2/est_none,best_s2+abort(1.5),completed_tokens_per_s,12813.8,141.679,10
SENS,S4eta2/est_none,best_s2+abort(1.5),rollout_idle_frac,0.000275892,0.000164613,10
SENS,S4eta2/est_none,best_s2+abort(1.5),gpu_gen_frac,0.489445,0.000284456,10
SENS,S4eta2/est_none,best_s2+abort(1.5),gpu_overhead_frac,0.018455,0.000399081,10
SENS,S4eta2/est_none,best_s2+abort(1.5),gpu_train_frac,0.115908,0.00158046,10
SENS,S4eta2/est_none,best_s2+abort(1.5),trainer_wait_frac,0.752107,0.00342485,10
SENS,S4eta2/est_none,best_s2+abort(1.5),trainer_wait_mean_s,46.8265,1.16042,10
SENS,S4eta2/est_none,best_s2+abort(1.5),straggler_mean_s,9.42649,0.420131,10
SENS,S4eta2/est_none,best_s2+abort(1.5),straggler_p95_s,16.8093,2.04868,10
SENS,S4eta2/est_none,best_s2+abort(1.5),staleness_mean,0.972768,0.00352347,10
SENS,S4eta2/est_none,best_s2+abort(1.5),staleness_max,1,0,10
SENS,S4eta2/est_none,best_s2+abort(1.5),stale_token_frac,0.989401,0.00174413,10
SENS,S4eta2/est_none,best_s2+abort(1.5),batch_len_cv,0.171066,0.0183514,10
SENS,S4eta2/est_none,best_s2+carry(1.5),groups_consumed,1536,0,10
SENS,S4eta2/est_none,best_s2+carry(1.5),groups_dropped,1.9,1.14109,10
SENS,S4eta2/est_none,best_s2+carry(1.5),groups_unfinished,41.3,14.1515,10
SENS,S4eta2/est_none,best_s2+carry(1.5),drops_policy,0,0,10
SENS,S4eta2/est_none,best_s2+carry(1.5),drops_stale,1.9,1.14109,10
SENS,S4eta2/est_none,best_s2+carry(1.5),drops_colocated_switch,0,0,10
SENS,S4eta2/est_none,best_s2+carry(1.5),tokens_consumed,1.61437e+07,301423,10
SENS,S4eta2/est_none,best_s2+carry(1.5),tokens_dropped,63504.2,44593.5,10
SENS,S4eta2/est_none,best_s2+carry(1.5),waste_frac,0.00388106,0.00269448,10
SENS,S4eta2/est_none,best_s2+carry(1.5),length_bias,-0.00270665,0.00202928,10
SENS,S4eta2/est_none,best_s2+carry(1.5),run_s,1245.65,23.2644,10
SENS,S4eta2/est_none,best_s2+carry(1.5),gpu_idle_frac,0.322582,0.00226181,10
SENS,S4eta2/est_none,best_s2+carry(1.5),verify_delay_mean_s,1.47436,0.0698802,10
SENS,S4eta2/est_none,best_s2+carry(1.5),verify_delay_p95_s,6.3751,0.229156,10
SENS,S4eta2/est_none,best_s2+carry(1.5),instants,29089.8,185.243,10
SENS,S4eta2/est_none,best_s2+carry(1.5),policy_calls,29089.8,185.243,10
SENS,S4eta2/est_none,best_s2+carry(1.5),violations,0,0,10
SENS,S4eta2/est_none,best_s2+carry(1.5),J,0.697742,0.0139848,10
SENS,S4eta2/est_none,best_s2+carry(1.5),window_s,1076.73,22.4294,10
SENS,S4eta2/est_none,best_s2+carry(1.5),step_time_mean_s,51.2729,1.06806,10
SENS,S4eta2/est_none,best_s2+carry(1.5),step_time_p95_s,69.2651,2.36626,10
SENS,S4eta2/est_none,best_s2+carry(1.5),samples_per_s,9.99315,0.201272,10
SENS,S4eta2/est_none,best_s2+carry(1.5),completed_tokens_per_s,13406.1,109.765,10
SENS,S4eta2/est_none,best_s2+carry(1.5),rollout_idle_frac,0.00150404,0.000683074,10
SENS,S4eta2/est_none,best_s2+carry(1.5),gpu_gen_frac,0.491147,0.000459429,10
SENS,S4eta2/est_none,best_s2+carry(1.5),gpu_overhead_frac,0.0178597,0.000370613,10
SENS,S4eta2/est_none,best_s2+carry(1.5),gpu_train_frac,0.168411,0.00230063,10
SENS,S4eta2/est_none,best_s2+carry(1.5),trainer_wait_frac,0.64366,0.00492844,10
SENS,S4eta2/est_none,best_s2+carry(1.5),trainer_wait_mean_s,33.0102,0.920814,10
SENS,S4eta2/est_none,best_s2+carry(1.5),straggler_mean_s,4.50242,0.232443,10
SENS,S4eta2/est_none,best_s2+carry(1.5),straggler_p95_s,7.2128,0.506676,10
SENS,S4eta2/est_none,best_s2+carry(1.5),staleness_mean,0.994122,0.013046,10
SENS,S4eta2/est_none,best_s2+carry(1.5),staleness_max,2,0,10
SENS,S4eta2/est_none,best_s2+carry(1.5),stale_token_frac,0.907704,0.00497084,10
SENS,S4eta2/est_none,best_s2+carry(1.5),batch_len_cv,0.230534,0.0269064,10
SENS,S4eta2/est_none,best_s2+wait,groups_consumed,1536,0,10
SENS,S4eta2/est_none,best_s2+wait,groups_dropped,0,0,10
SENS,S4eta2/est_none,best_s2+wait,groups_unfinished,64,0,10
SENS,S4eta2/est_none,best_s2+wait,drops_policy,0,0,10
SENS,S4eta2/est_none,best_s2+wait,drops_stale,0,0,10
SENS,S4eta2/est_none,best_s2+wait,drops_colocated_switch,0,0,10
SENS,S4eta2/est_none,best_s2+wait,tokens_consumed,1.6522e+07,282381,10
SENS,S4eta2/est_none,best_s2+wait,tokens_dropped,0,0,10
SENS,S4eta2/est_none,best_s2+wait,waste_frac,0,0,10
SENS,S4eta2/est_none,best_s2+wait,length_bias,0,0,10
SENS,S4eta2/est_none,best_s2+wait,run_s,2049.22,34.6812,10
SENS,S4eta2/est_none,best_s2+wait,gpu_idle_frac,0.482111,0.00725655,10
SENS,S4eta2/est_none,best_s2+wait,verify_delay_mean_s,1.51606,0.0554234,10
SENS,S4eta2/est_none,best_s2+wait,verify_delay_p95_s,6.4397,0.179956,10
SENS,S4eta2/est_none,best_s2+wait,instants,29206.3,47.7322,10
SENS,S4eta2/est_none,best_s2+wait,policy_calls,29206.3,47.7322,10
SENS,S4eta2/est_none,best_s2+wait,violations,0,0,10
SENS,S4eta2/est_none,best_s2+wait,J,1.17903,0.0314546,10
SENS,S4eta2/est_none,best_s2+wait,window_s,1784.71,30.3535,10
SENS,S4eta2/est_none,best_s2+wait,step_time_mean_s,84.9862,1.4454,10
SENS,S4eta2/est_none,best_s2+wait,step_time_p95_s,101.675,6.09935,10
SENS,S4eta2/est_none,best_s2+wait,samples_per_s,6.02753,0.100896,10
SENS,S4eta2/est_none,best_s2+wait,completed_tokens_per_s,8107.44,131.617,10
SENS,S4eta2/est_none,best_s2+wait,rollout_idle_frac,0.17954,0.0116489,10
SENS,S4eta2/est_none,best_s2+wait,gpu_gen_frac,0.400526,0.00568248,10
SENS,S4eta2/est_none,best_s2+wait,gpu_overhead_frac,0.0155903,0.000290982,10
SENS,S4eta2/est_none,best_s2+wait,gpu_train_frac,0.101772,0.00156134,10
SENS,S4eta2/est_none,best_s2+wait,trainer_wait_frac,0.784683,0.00327867,10
SENS,S4eta2/est_none,best_s2+wait,trainer_wait_mean_s,66.6938,1.36713,10
SENS,S4eta2/est_none,best_s2+wait,straggler_mean_s,19.062,1.35792,10
SENS,S4eta2/est_none,best_s2+wait,straggler_p95_s,35.8807,6.74244,10
SENS,S4eta2/est_none,best_s2+wait,staleness_mean,0.999926,0.000168315,10
SENS,S4eta2/est_none,best_s2+wait,staleness_max,1,0,10
SENS,S4eta2/est_none,best_s2+wait,stale_token_frac,0.999928,0.000162801,10
SENS,S4eta2/est_none,best_s2+wait,batch_len_cv,0.100669,0.0106437,10
SENS,S4eta2/est_none,reference,groups_consumed,1536,0,10
SENS,S4eta2/est_none,reference,groups_dropped,0,0,10
SENS,S4eta2/est_none,reference,groups_unfinished,64,0,10
SENS,S4eta2/est_none,reference,drops_policy,0,0,10
SENS,S4eta2/est_none,reference,drops_stale,0,0,10
SENS,S4eta2/est_none,reference,drops_colocated_switch,0,0,10
SENS,S4eta2/est_none,reference,tokens_consumed,1.64737e+07,287062,10
SENS,S4eta2/est_none,reference,tokens_dropped,0,0,10
SENS,S4eta2/est_none,reference,waste_frac,0,0,10
SENS,S4eta2/est_none,reference,length_bias,0,0,10
SENS,S4eta2/est_none,reference,run_s,2435.95,110.926,10
SENS,S4eta2/est_none,reference,gpu_idle_frac,0.589605,0.0165929,10
SENS,S4eta2/est_none,reference,verify_delay_mean_s,1.52361,0.0624389,10
SENS,S4eta2/est_none,reference,verify_delay_p95_s,6.4691,0.21638,10
SENS,S4eta2/est_none,reference,instants,25980.5,63.6406,10
SENS,S4eta2/est_none,reference,policy_calls,25980.5,63.6406,10
SENS,S4eta2/est_none,reference,violations,0,0,10
SENS,S4eta2/est_none,reference,J,1.47411,0.0708751,10
SENS,S4eta2/est_none,reference,window_s,2139,91.7638,10
SENS,S4eta2/est_none,reference,step_time_mean_s,101.857,4.36971,10
SENS,S4eta2/est_none,reference,step_time_p95_s,144.03,6.73717,10
SENS,S4eta2/est_none,reference,samples_per_s,5.04277,0.214574,10
SENS,S4eta2/est_none,reference,completed_tokens_per_s,6760.33,305.08,10
SENS,S4eta2/est_none,reference,rollout_idle_frac,0.359213,0.0255272,10
SENS,S4eta2/est_none,reference,gpu_gen_frac,0.317035,0.0126338,10
SENS,S4eta2/est_none,reference,gpu_overhead_frac,0.00828344,0.000350778,10
SENS,S4eta2/est_none,reference,gpu_train_frac,0.0850771,0.00372045,10
SENS,S4eta2/est_none,reference,trainer_wait_frac,0.819997,0.00784352,10
SENS,S4eta2/est_none,reference,trainer_wait_mean_s,83.5811,4.37974,10
SENS,S4eta2/est_none,reference,straggler_mean_s,32.141,4.40038,10
SENS,S4eta2/est_none,reference,straggler_p95_s,65.0918,9.42002,10
SENS,S4eta2/est_none,reference,staleness_mean,0.993452,0.00246862,10
SENS,S4eta2/est_none,reference,staleness_max,1,0,10
SENS,S4eta2/est_none,reference,stale_token_frac,0.988427,0.00329444,10
SENS,S4eta2/est_none,reference,batch_len_cv,0.105742,0.0115088,10
SENS,S4eta2/mfu0.2,best_s2+abort(1.5),groups_consumed,1536,0,10
SENS,S4eta2/mfu0.2,best_s2+abort(1.5),groups_dropped,586.5,8.02455,10
SENS,S4eta2/mfu0.2,best_s2+abort(1.5),groups_unfinished,85.1,5.16347,10
SENS,S4eta2/mfu0.2,best_s2+abort(1.5),drops_policy,586.5,8.02455,10
SENS,S4eta2/mfu0.2,best_s2+abort(1.5),drops_stale,0,0,10
SENS,S4eta2/mfu0.2,best_s2+abort(1.5),drops_colocated_switch,0,0,10
SENS,S4eta2/mfu0.2,best_s2+abort(1.5),tokens_consumed,1.04574e+07,189471,10
SENS,S4eta2/mfu0.2,best_s2+abort(1.5),tokens_dropped,9.97358e+06,117885,10
SENS,S4eta2/mfu0.2,best_s2+abort(1.5),waste_frac,0.4882,0.0037762,10
SENS,S4eta2/mfu0.2,best_s2+abort(1.5),length_bias,-0.371869,0.00430816,10
SENS,S4eta2/mfu0.2,best_s2+abort(1.5),run_s,1200.24,27.0272,10
SENS,S4eta2/mfu0.2,best_s2+abort(1.5),gpu_idle_frac,0.273343,0.00419671,10
SENS,S4eta2/mfu0.2,best_s2+abort(1.5),verify_delay_mean_s,1.46658,0.0829714,10
SENS,S4eta2/mfu0.2,best_s2+abort(1.5),verify_delay_p95_s,6.0297,0.265075,10
SENS,S4eta2/mfu0.2,best_s2+abort(1.5),instants,39007.3,170.699,10
SENS,S4eta2/mfu0.2,best_s2+abort(1.5),policy_calls,39007.3,170.699,10
SENS,S4eta2/mfu0.2,best_s2+abort(1.5),violations,0,0,10
SENS,S4eta2/mfu0.2,best_s2+abort(1.5),J,1.5788,0.0179037,10
SENS,S4eta2/mfu0.2,best_s2+abort(1.5),window_s,1028.79,28.1042,10
SENS,S4eta2/mfu0.2,best_s2+abort(1.5),step_time_mean_s,48.9901,1.33829,10
SENS,S4eta2/mfu0.2,best_s2+abort(1.5),step_time_p95_s,65.3442,4.17895,10
SENS,S4eta2/mfu0.2,best_s2+abort(1.5),samples_per_s,10.464,0.269038,10
SENS,S4eta2/mfu0.2,best_s2+abort(1.5),completed_tokens_per_s,17100.2,206.539,10
SENS,S4eta2/mfu0.2,best_s2+abort(1.5),rollout_idle_frac,1.92473e-05,1.89214e-05,10
SENS,S4eta2/mfu0.2,best_s2+abort(1.5),gpu_gen_frac,0.484814,0.00043238,10
SENS,S4eta2/mfu0.2,best_s2+abort(1.5),gpu_overhead_frac,0.0253949,0.000686812,10
SENS,S4eta2/mfu0.2,best_s2+abort(1.5),gpu_train_frac,0.216448,0.00395088,10
SENS,S4eta2/mfu0.2,best_s2+abort(1.5),trainer_wait_frac,0.546666,0.00839953,10
SENS,S4eta2/mfu0.2,best_s2+abort(1.5),trainer_wait_mean_s,26.8001,1.15799,10
SENS,S4eta2/mfu0.2,best_s2+abort(1.5),straggler_mean_s,6.05752,0.525547,10
SENS,S4eta2/mfu0.2,best_s2+abort(1.5),straggler_p95_s,11.4357,1.93075,10
SENS,S4eta2/mfu0.2,best_s2+abort(1.5),staleness_mean,0.999479,0.000563849,10
SENS,S4eta2/mfu0.2,best_s2+abort(1.5),staleness_max,1,0,10
SENS,S4eta2/mfu0.2,best_s2+abort(1.5),stale_token_frac,0.999841,0.000171411,10
SENS,S4eta2/mfu0.2,best_s2+abort(1.5),batch_len_cv,0.188516,0.0221682,10
SENS,S4eta2/mfu0.2,best_s2+carry(1.5),groups_consumed,1536,0,10
SENS,S4eta2/mfu0.2,best_s2+carry(1.5),groups_dropped,2.6,0.904863,10
SENS,S4eta2/mfu0.2,best_s2+carry(1.5),groups_unfinished,45.6,7.38201,10
SENS,S4eta2/mfu0.2,best_s2+carry(1.5),drops_policy,0,0,10
SENS,S4eta2/mfu0.2,best_s2+carry(1.5),drops_stale,2.6,0.904863,10
SENS,S4eta2/mfu0.2,best_s2+carry(1.5),drops_colocated_switch,0,0,10
SENS,S4eta2/mfu0.2,best_s2+carry(1.5),tokens_consumed,1.6367e+07,274908,10
SENS,S4eta2/mfu0.2,best_s2+carry(1.5),tokens_dropped,88428.5,36720.3,10
SENS,S4eta2/mfu0.2,best_s2+carry(1.5),waste_frac,0.00539854,0.00228424,10
SENS,S4eta2/mfu0.2,best_s2+carry(1.5),length_bias,-0.00379167,0.00183741,10
SENS,S4eta2/mfu0.2,best_s2+carry(1.5),run_s,1278.5,22.286,10
SENS,S4eta2/mfu0.2,best_s2+carry(1.5),gpu_idle_frac,0.214388,0.00355808,10
SENS,S4eta2/mfu0.2,best_s2+carry(1.5),verify_delay_mean_s,1.48551,0.0567081,10
SENS,S4eta2/mfu0.2,best_s2+carry(1.5),verify_delay_p95_s,6.4213,0.208122,10
SENS,S4eta2/mfu0.2,best_s2+carry(1.5),instants,29223.5,90.7105,10
SENS,S4eta2/mfu0.2,best_s2+carry(1.5),policy_calls,29223.5,90.7105,10
SENS,S4eta2/mfu0.2,best_s2+carry(1.5),violations,0,0,10
SENS,S4eta2/mfu0.2,best_s2+carry(1.5),J,0.719432,0.0146948,10
SENS,S4eta2/mfu0.2,best_s2+carry(1.5),window_s,1093.76,22.0745,10
SENS,S4eta2/mfu0.2,best_s2+carry(1.5),step_time_mean_s,52.0837,1.05117,10
SENS,S4eta2/mfu0.2,best_s2+carry(1.5),step_time_p95_s,70.5224,2.04735,10
SENS,S4eta2/mfu0.2,best_s2+carry(1.5),samples_per_s,9.83734,0.197673,10
SENS,S4eta2/mfu0.2,best_s2+carry(1.5),completed_tokens_per_s,13231.8,137.333,10
SENS,S4eta2/mfu0.2,best_s2+carry(1.5),rollout_idle_frac,0.00457927,0.00096382,10
SENS,S4eta2/mfu0.2,best_s2+carry(1.5),gpu_gen_frac,0.48948,0.000561981,10
SENS,S4eta2/mfu0.2,best_s2+carry(1.5),gpu_overhead_frac,0.0178368,0.000328623,10
SENS,S4eta2/mfu0.2,best_s2+carry(1.5),gpu_train_frac,0.278295,0.0036795,10
SENS,S4eta2/mfu0.2,best_s2+carry(1.5),trainer_wait_frac,0.424197,0.00765836,10
SENS,S4eta2/mfu0.2,best_s2+carry(1.5),trainer_wait_mean_s,22.1048,0.797507,10
SENS,S4eta2/mfu0.2,best_s2+carry(1.5),straggler_mean_s,4.03031,0.257714,10
SENS,S4eta2/mfu0.2,best_s2+carry(1.5),straggler_p95_s,6.5386,0.553823,10
SENS,S4eta2/mfu0.2,best_s2+carry(1.5),staleness_mean,1.08631,0.014359,10
SENS,S4eta2/mfu0.2,best_s2+carry(1.5),staleness_max,2,0,10
SENS,S4eta2/mfu0.2,best_s2+carry(1.5),stale_token_frac,0.93355,0.00435654,10
SENS,S4eta2/mfu0.2,best_s2+carry(1.5),batch_len_cv,0.258835,0.0129172,10
SENS,S4eta2/mfu0.2,best_s2+wait,groups_consumed,1536,0,10
SENS,S4eta2/mfu0.2,best_s2+wait,groups_dropped,0,0,10
SENS,S4eta2/mfu0.2,best_s2+wait,groups_unfinished,64,0,10
SENS,S4eta2/mfu0.2,best_s2+wait,drops_policy,0,0,10
SENS,S4eta2/mfu0.2,best_s2+wait,drops_stale,0,0,10
SENS,S4eta2/mfu0.2,best_s2+wait,drops_colocated_switch,0,0,10
SENS,S4eta2/mfu0.2,best_s2+wait,tokens_consumed,1.67853e+07,277312,10
SENS,S4eta2/mfu0.2,best_s2+wait,tokens_dropped,0,0,10
SENS,S4eta2/mfu0.2,best_s2+wait,waste_frac,0,0,10
SENS,S4eta2/mfu0.2,best_s2+wait,length_bias,0,0,10
SENS,S4eta2/mfu0.2,best_s2+wait,run_s,2064.46,38.1457,10
SENS,S4eta2/mfu0.2,best_s2+wait,gpu_idle_frac,0.411452,0.0092958,10
SENS,S4eta2/mfu0.2,best_s2+wait,verify_delay_mean_s,1.53841,0.0566957,10
SENS,S4eta2/mfu0.2,best_s2+wait,verify_delay_p95_s,6.4912,0.201141,10
SENS,S4eta2/mfu0.2,best_s2+wait,instants,29429.6,38.3518,10
SENS,S4eta2/mfu0.2,best_s2+wait,policy_calls,29429.6,38.3518,10
SENS,S4eta2/mfu0.2,best_s2+wait,violations,0,0,10
SENS,S4eta2/mfu0.2,best_s2+wait,J,1.2598,0.0369541,10
SENS,S4eta2/mfu0.2,best_s2+wait,window_s,1781.43,34.2436,10
SENS,S4eta2/mfu0.2,best_s2+wait,step_time_mean_s,84.8301,1.63065,10
SENS,S4eta2/mfu0.2,best_s2+wait,step_time_p95_s,102.409,6.34083,10
SENS,S4eta2/mfu0.2,best_s2+wait,samples_per_s,6.03944,0.1138,10
SENS,S4eta2/mfu0.2,best_s2+wait,completed_tokens_per_s,8143.53,132.678,10
SENS,S4eta2/mfu0.2,best_s2+wait,rollout_idle_frac,0.175306,0.0133924,10
SENS,S4eta2/mfu0.2,best_s2+wait,gpu_gen_frac,0.402692,0.00652936,10
SENS,S4eta2/mfu0.2,best_s2+wait,gpu_overhead_frac,0.0155528,0.000298112,10
SENS,S4eta2/mfu0.2,best_s2+wait,gpu_train_frac,0.170303,0.00285561,10
SENS,S4eta2/mfu0.2,best_s2+wait,trainer_wait_frac,0.647599,0.00587762,10
SENS,S4eta2/mfu0.2,best_s2+wait,trainer_wait_mean_s,54.9485,1.46943,10
SENS,S4eta2/mfu0.2,best_s2+wait,straggler_mean_s,18.5439,1.25514,10
SENS,S4eta2/mfu0.2,best_s2+wait,straggler_p95_s,36.259,6.10073,10
SENS,S4eta2/mfu0.2,best_s2+wait,staleness_mean,1,0,10
SENS,S4eta2/mfu0.2,best_s2+wait,staleness_max,1,0,10
SENS,S4eta2/mfu0.2,best_s2+wait,stale_token_frac,1,0,10
SENS,S4eta2/mfu0.2,best_s2+wait,batch_len_cv,0.106339,0.0150864,10
SENS,S4eta2/mfu0.2,reference,groups_consumed,1536,0,10
SENS,S4eta2/mfu0.2,reference,groups_dropped,0,0,10
SENS,S4eta2/mfu0.2,reference,groups_unfinished,64,0,10
SENS,S4eta2/mfu0.2,reference,drops_policy,0,0,10
SENS,S4eta2/mfu0.2,reference,drops_stale,0,0,10
SENS,S4eta2/mfu0.2,reference,drops_colocated_switch,0,0,10
SENS,S4eta2/mfu0.2,reference,tokens_consumed,1.64737e+07,287062,10
SENS,S4eta2/mfu0.2,reference,tokens_dropped,0,0,10
SENS,S4eta2/mfu0.2,reference,waste_frac,0,0,10
SENS,S4eta2/mfu0.2,reference,length_bias,0,0,10
SENS,S4eta2/mfu0.2,reference,run_s,2169.6,55.1447,10
SENS,S4eta2/mfu0.2,reference,gpu_idle_frac,0.483721,0.010885,10
SENS,S4eta2/mfu0.2,reference,verify_delay_mean_s,1.52392,0.0625995,10
SENS,S4eta2/mfu0.2,reference,verify_delay_p95_s,6.4723,0.21956,10
SENS,S4eta2/mfu0.2,reference,instants,26176.5,40.7736,10
SENS,S4eta2/mfu0.2,reference,policy_calls,26176.5,40.7736,10
SENS,S4eta2/mfu0.2,reference,violations,0,0,10
SENS,S4eta2/mfu0.2,reference,J,1.36733,0.0419101,10
SENS,S4eta2/mfu0.2,reference,window_s,1882.3,45.7969,10
SENS,S4eta2/mfu0.2,reference,step_time_mean_s,89.6336,2.18081,10
SENS,S4eta2/mfu0.2,reference,step_time_p95_s,108.158,6.07779,10
SENS,S4eta2/mfu0.2,reference,samples_per_s,5.71819,0.141253,10
SENS,S4eta2/mfu0.2,reference,completed_tokens_per_s,7662.72,154.319,10
SENS,S4eta2/mfu0.2,reference,rollout_idle_frac,0.299402,0.0156629,10
SENS,S4eta2/mfu0.2,reference,gpu_gen_frac,0.346506,0.00776843,10
SENS,S4eta2/mfu0.2,reference,gpu_overhead_frac,0.00937749,0.000227067,10
SENS,S4eta2/mfu0.2,reference,gpu_train_frac,0.160396,0.00323437,10
SENS,S4eta2/mfu0.2,reference,trainer_wait_frac,0.66804,0.00670475,10
SENS,S4eta2/mfu0.2,reference,trainer_wait_mean_s,59.9008,1.98407,10
SENS,S4eta2/mfu0.2,reference,straggler_mean_s,23.2116,1.53835,10
SENS,S4eta2/mfu0.2,reference,straggler_p95_s,42.4846,6.09628,10
SENS,S4eta2/mfu0.2,reference,staleness_mean,0.999926,0.000168315,10
SENS,S4eta2/mfu0.2,reference,staleness_max,1,0,10
SENS,S4eta2/mfu0.2,reference,stale_token_frac,0.999497,0.000583735,10
SENS,S4eta2/mfu0.2,reference,batch_len_cv,0.105742,0.0115088,10
SENS,S4eta2/mfu0.5,best_s2+abort(1.5),groups_consumed,1536,0,10
SENS,S4eta2/mfu0.5,best_s2+abort(1.5),groups_dropped,676.3,16.3997,10
SENS,S4eta2/mfu0.5,best_s2+abort(1.5),groups_unfinished,60.6,2.52804,10
SENS,S4eta2/mfu0.5,best_s2+abort(1.5),drops_policy,676.3,16.3997,10
SENS,S4eta2/mfu0.5,best_s2+abort(1.5),drops_stale,0,0,10
SENS,S4eta2/mfu0.5,best_s2+abort(1.5),drops_colocated_switch,0,0,10
SENS,S4eta2/mfu0.5,best_s2+abort(1.5),tokens_consumed,1.3285e+07,264795,10
SENS,S4eta2/mfu0.5,best_s2+abort(1.5),tokens_dropped,6.52999e+06,98654,10
SENS,S4eta2/mfu0.5,best_s2+abort(1.5),waste_frac,0.329632,0.00619172,10
SENS,S4eta2/mfu0.5,best_s2+abort(1.5),length_bias,-0.202043,0.00986232,10
SENS,S4eta2/mfu0.5,best_s2+abort(1.5),run_s,1661.81,19.704,10
SENS,S4eta2/mfu0.5,best_s2+abort(1.5),gpu_idle_frac,0.413402,0.000611429,10
SENS,S4eta2/mfu0.5,best_s2+abort(1.5),verify_delay_mean_s,1.47949,0.0783348,10
SENS,S4eta2/mfu0.5,best_s2+abort(1.5),verify_delay_p95_s,6.1855,0.201367,10
SENS,S4eta2/mfu0.5,best_s2+abort(1.5),instants,35163,196.086,10
SENS,S4eta2/mfu0.5,best_s2+abort(1.5),policy_calls,35163,196.086,10
SENS,S4eta2/mfu0.5,best_s2+abort(1.5),violations,0,0,10
SENS,S4eta2/mfu0.5,best_s2+abort(1.5),J,1.37149,0.011922,10
SENS,S4eta2/mfu0.5,best_s2+abort(1.5),window_s,1457.86,19.9029,10
SENS,S4eta2/mfu0.5,best_s2+abort(1.5),step_time_mean_s,69.4221,0.947759,10
SENS,S4eta2/mfu0.5,best_s2+abort(1.5),step_time_p95_s,81.8496,1.22602,10
SENS,S4eta2/mfu0.5,best_s2+abort(1.5),samples_per_s,7.37759,0.100813,10
SENS,S4eta2/mfu0.5,best_s2+abort(1.5),completed_tokens_per_s,11697.2,114.42,10
SENS,S4eta2/mfu0.5,best_s2+abort(1.5),rollout_idle_frac,0.00114827,0.000504634,10
SENS,S4eta2/mfu0.5,best_s2+abort(1.5),gpu_gen_frac,0.490439,0.000285698,10
SENS,S4eta2/mfu0.5,best_s2+abort(1.5),gpu_overhead_frac,0.0161911,0.000216962,10
SENS,S4eta2/mfu0.5,best_s2+abort(1.5),gpu_train_frac,0.0799677,0.000587516,10
SENS,S4eta2/mfu0.5,best_s2+abort(1.5),trainer_wait_frac,0.825655,0.00127804,10
SENS,S4eta2/mfu0.5,best_s2+abort(1.5),trainer_wait_mean_s,57.32,0.836231,10
SENS,S4eta2/mfu0.5,best_s2+abort(1.5),straggler_mean_s,8.15583,0.569321,10
SENS,S4eta2/mfu0.5,best_s2+abort(1.5),straggler_p95_s,15.3218,1.51614,10
SENS,S4eta2/mfu0.5,best_s2+abort(1.5),staleness_mean,0.915327,0.00447998,10
SENS,S4eta2/mfu0.5,best_s2+abort(1.5),staleness_max,1,0,10
SENS,S4eta2/mfu0.5,best_s2+abort(1.5),stale_token_frac,0.962205,0.00142999,10
SENS,S4eta2/mfu0.5,best_s2+abort(1.5),batch_len_cv,0.165611,0.0200487,10
SENS,S4eta2/mfu0.5,best_s2+carry(1.5),groups_consumed,1536,0,10
SENS,S4eta2/mfu0.5,best_s2+carry(1.5),groups_dropped,1,0.584086,10
SENS,S4eta2/mfu0.5,best_s2+carry(1.5),groups_unfinished,47.1,9.96063,10
SENS,S4eta2/mfu0.5,best_s2+carry(1.5),drops_policy,0,0,10
SENS,S4eta2/mfu0.5,best_s2+carry(1.5),drops_stale,1,0.584086,10
SENS,S4eta2/mfu0.5,best_s2+carry(1.5),drops_colocated_switch,0,0,10
SENS,S4eta2/mfu0.5,best_s2+carry(1.5),tokens_consumed,1.64929e+07,269428,10
SENS,S4eta2/mfu0.5,best_s2+carry(1.5),tokens_dropped,34444.5,20166.3,10
SENS,S4eta2/mfu0.5,best_s2+carry(1.5),waste_frac,0.00209399,0.00122399,10
SENS,S4eta2/mfu0.5,best_s2+carry(1.5),length_bias,-0.0014747,0.000885692,10
SENS,S4eta2/mfu0.5,best_s2+carry(1.5),run_s,1279.51,18.3987,10
SENS,S4eta2/mfu0.5,best_s2+carry(1.5),gpu_idle_frac,0.37035,0.00169946,10
SENS,S4eta2/mfu0.5,best_s2+carry(1.5),verify_delay_mean_s,1.45727,0.0552651,10
SENS,S4eta2/mfu0.5,best_s2+carry(1.5),verify_delay_p95_s,6.3473,0.183546,10
SENS,S4eta2/mfu0.5,best_s2+carry(1.5),instants,28691.5,151.709,10
SENS,S4eta2/mfu0.5,best_s2+carry(1.5),policy_calls,28691.5,151.709,10
SENS,S4eta2/mfu0.5,best_s2+carry(1.5),violations,0,0,10
SENS,S4eta2/mfu0.5,best_s2+carry(1.5),J,0.661044,0.00859647,10
SENS,S4eta2/mfu0.5,best_s2+carry(1.5),window_s,1101.21,18.0093,10
SENS,S4eta2/mfu0.5,best_s2+carry(1.5),step_time_mean_s,52.4386,0.857587,10
SENS,S4eta2/mfu0.5,best_s2+carry(1.5),step_time_p95_s,65.1613,2.39949,10
SENS,S4eta2/mfu0.5,best_s2+carry(1.5),samples_per_s,9.76829,0.156268,10
SENS,S4eta2/mfu0.5,best_s2+carry(1.5),completed_tokens_per_s,13125.6,141.62,10
SENS,S4eta2/mfu0.5,best_s2+carry(1.5),rollout_idle_frac,0.00194576,0.000991471,10
SENS,S4eta2/mfu0.5,best_s2+carry(1.5),gpu_gen_frac,0.491358,0.00061428,10
SENS,S4eta2/mfu0.5,best_s2+carry(1.5),gpu_overhead_frac,0.0172088,0.000295881,10
SENS,S4eta2/mfu0.5,best_s2+carry(1.5),gpu_train_frac,0.121084,0.00132812,10
SENS,S4eta2/mfu0.5,best_s2+carry(1.5),trainer_wait_frac,0.738754,0.00289983,10
SENS,S4eta2/mfu0.5,best_s2+carry(1.5),trainer_wait_mean_s,38.7428,0.765138,10
SENS,S4eta2/mfu0.5,best_s2+carry(1.5),straggler_mean_s,5.10975,0.23271,10
SENS,S4eta2/mfu0.5,best_s2+carry(1.5),straggler_p95_s,8.8295,0.810045,10
SENS,S4eta2/mfu0.5,best_s2+carry(1.5),staleness_mean,0.884821,0.017203,10
SENS,S4eta2/mfu0.5,best_s2+carry(1.5),staleness_max,2,0,10
SENS,S4eta2/mfu0.5,best_s2+carry(1.5),stale_token_frac,0.877116,0.00824018,10
SENS,S4eta2/mfu0.5,best_s2+carry(1.5),batch_len_cv,0.138823,0.0102247,10
SENS,S4eta2/mfu0.5,best_s2+wait,groups_consumed,1536,0,10
SENS,S4eta2/mfu0.5,best_s2+wait,groups_dropped,0,0,10
SENS,S4eta2/mfu0.5,best_s2+wait,groups_unfinished,62.2,1.3822,10
SENS,S4eta2/mfu0.5,best_s2+wait,drops_policy,0,0,10
SENS,S4eta2/mfu0.5,best_s2+wait,drops_stale,0,0,10
SENS,S4eta2/mfu0.5,best_s2+wait,drops_colocated_switch,0,0,10
SENS,S4eta2/mfu0.5,best_s2+wait,tokens_consumed,1.67853e+07,277312,10
SENS,S4eta2/mfu0.5,best_s2+wait,tokens_dropped,0,0,10
SENS,S4eta2/mfu0.5,best_s2+wait,waste_frac,0,0,10
SENS,S4eta2/mfu0.5,best_s2+wait,length_bias,0,0,10
SENS,S4eta2/mfu0.5,best_s2+wait,run_s,2145.37,60.8702,10
SENS,S4eta2/mfu0.5,best_s2+wait,gpu_idle_frac,0.523487,0.0107736,10
SENS,S4eta2/mfu0.5,best_s2+wait,verify_delay_mean_s,1.53514,0.0566197,10
SENS,S4eta2/mfu0.5,best_s2+wait,verify_delay_p95_s,6.4857,0.19899,10
SENS,S4eta2/mfu0.5,best_s2+wait,instants,28946,44.1362,10
SENS,S4eta2/mfu0.5,best_s2+wait,policy_calls,28946,44.1362,10
SENS,S4eta2/mfu0.5,best_s2+wait,violations,0,0,10
SENS,S4eta2/mfu0.5,best_s2+wait,J,1.1326,0.0383468,10
SENS,S4eta2/mfu0.5,best_s2+wait,window_s,1871.07,56.7804,10
SENS,S4eta2/mfu0.5,best_s2+wait,step_time_mean_s,89.0984,2.70383,10
SENS,S4eta2/mfu0.5,best_s2+wait,step_time_p95_s,116.551,8.15653,10
SENS,S4eta2/mfu0.5,best_s2+wait,samples_per_s,5.75532,0.166248,10
SENS,S4eta2/mfu0.5,best_s2+wait,completed_tokens_per_s,7758.26,164.902,10
SENS,S4eta2/mfu0.5,best_s2+wait,rollout_idle_frac,0.201522,0.0179672,10
SENS,S4eta2/mfu0.5,best_s2+wait,gpu_gen_frac,0.390034,0.00868877,10
SENS,S4eta2/mfu0.5,best_s2+wait,gpu_overhead_frac,0.0148251,0.000465891,10
SENS,S4eta2/mfu0.5,best_s2+wait,gpu_train_frac,0.0716537,0.00177893,10
SENS,S4eta2/mfu0.5,best_s2+wait,trainer_wait_frac,0.845452,0.00385802,10
SENS,S4eta2/mfu0.5,best_s2+wait,trainer_wait_mean_s,75.3453,2.61969,10
SENS,S4eta2/mfu0.5,best_s2+wait,straggler_mean_s,22.112,1.97237,10
SENS,S4eta2/mfu0.5,best_s2+wait,straggler_p95_s,46.6442,5.9119,10
SENS,S4eta2/mfu0.5,best_s2+wait,staleness_mean,0.989807,0.00295871,10
SENS,S4eta2/mfu0.5,best_s2+wait,staleness_max,1,0,10
SENS,S4eta2/mfu0.5,best_s2+wait,stale_token_frac,0.988968,0.00222884,10
SENS,S4eta2/mfu0.5,best_s2+wait,batch_len_cv,0.106339,0.0150864,10
SENS,S4eta2/mfu0.5,reference,groups_consumed,1536,0,10
SENS,S4eta2/mfu0.5,reference,groups_dropped,0,0,10
SENS,S4eta2/mfu0.5,reference,groups_unfinished,64,0,10
SENS,S4eta2/mfu0.5,reference,drops_policy,0,0,10
SENS,S4eta2/mfu0.5,reference,drops_stale,0,0,10
SENS,S4eta2/mfu0.5,reference,drops_colocated_switch,0,0,10
SENS,S4eta2/mfu0.5,reference,tokens_consumed,1.64737e+07,287062,10
SENS,S4eta2/mfu0.5,reference,tokens_dropped,0,0,10
SENS,S4eta2/mfu0.5,reference,waste_frac,0,0,10
SENS,S4eta2/mfu0.5,reference,length_bias,0,0,10
SENS,S4eta2/mfu0.5,reference,run_s,2727.19,96.1981,10
SENS,S4eta2/mfu0.5,reference,gpu_idle_frac,0.63594,0.0107973,10
SENS,S4eta2/mfu0.5,reference,verify_delay_mean_s,1.52023,0.0609432,10
SENS,S4eta2/mfu0.5,reference,verify_delay_p95_s,6.4668,0.21496,10
SENS,S4eta2/mfu0.5,reference,instants,25841.7,73.1144,10
SENS,S4eta2/mfu0.5,reference,policy_calls,25841.7,73.1144,10
SENS,S4eta2/mfu0.5,reference,violations,0,0,10
SENS,S4eta2/mfu0.5,reference,J,1.45903,0.0519119,10
SENS,S4eta2/mfu0.5,reference,window_s,2401.87,89.3887,10
SENS,S4eta2/mfu0.5,reference,step_time_mean_s,114.375,4.25661,10
SENS,S4eta2/mfu0.5,reference,step_time_p95_s,147.735,5.74709,10
SENS,S4eta2/mfu0.5,reference,samples_per_s,4.48763,0.170223,10
SENS,S4eta2/mfu0.5,reference,completed_tokens_per_s,6014.11,214.792,10
SENS,S4eta2/mfu0.5,reference,rollout_idle_frac,0.391884,0.0173989,10
SENS,S4eta2/mfu0.5,reference,gpu_gen_frac,0.301053,0.00860136,10
SENS,S4eta2/mfu0.5,reference,gpu_overhead_frac,0.00738768,0.000279208,10
SENS,S4eta2/mfu0.5,reference,gpu_train_frac,0.0556193,0.00204143,10
SENS,S4eta2/mfu0.5,reference,trainer_wait_frac,0.879997,0.00440032,10
SENS,S4eta2/mfu0.5,reference,trainer_wait_mean_s,100.681,4.23016,10
SENS,S4eta2/mfu0.5,reference,straggler_mean_s,40.9537,3.92282,10
SENS,S4eta2/mfu0.5,reference,straggler_p95_s,70.5918,6.59947,10
SENS,S4eta2/mfu0.5,reference,staleness_mean,0.97686,0.00449156,10
SENS,S4eta2/mfu0.5,reference,staleness_max,1,0,10
SENS,S4eta2/mfu0.5,reference,stale_token_frac,0.960957,0.00517624,10
SENS,S4eta2/mfu0.5,reference,batch_len_cv,0.105742,0.0115088,10
SENS,S4eta2/tail0.75,best_s2+abort(1.5),groups_consumed,1536,0,10
SENS,S4eta2/tail0.75,best_s2+abort(1.5),groups_dropped,554.2,17.2538,10
SENS,S4eta2/tail0.75,best_s2+abort(1.5),groups_unfinished,66.1,2.14475,10
SENS,S4eta2/tail0.75,best_s2+abort(1.5),drops_policy,554.2,17.2538,10
SENS,S4eta2/tail0.75,best_s2+abort(1.5),drops_stale,0,0,10
SENS,S4eta2/tail0.75,best_s2+abort(1.5),drops_colocated_switch,0,0,10
SENS,S4eta2/tail0.75,best_s2+abort(1.5),tokens_consumed,1.11941e+07,117336,10
SENS,S4eta2/tail0.75,best_s2+abort(1.5),tokens_dropped,4.76886e+06,103511,10
SENS,S4eta2/tail0.75,best_s2+abort(1.5),waste_frac,0.298719,0.00484558,10
SENS,S4eta2/tail0.75,best_s2+abort(1.5),length_bias,-0.17025,0.0074001,10
SENS,S4eta2/tail0.75,best_s2+abort(1.5),run_s,1114.66,15.2704,10
SENS,S4eta2/tail0.75,best_s2+abort(1.5),gpu_idle_frac,0.342312,0.00210639,10
SENS,S4eta2/tail0.75,best_s2+abort(1.5),verify_delay_mean_s,1.59892,0.108734,10
SENS,S4eta2/tail0.75,best_s2+abort(1.5),verify_delay_p95_s,6.3625,0.319427,10
SENS,S4eta2/tail0.75,best_s2+abort(1.5),instants,34507.1,121.167,10
SENS,S4eta2/tail0.75,best_s2+abort(1.5),policy_calls,34507.1,121.167,10
SENS,S4eta2/tail0.75,best_s2+abort(1.5),violations,0,0,10
SENS,S4eta2/tail0.75,best_s2+abort(1.5),J,1.2492,0.018232,10
SENS,S4eta2/tail0.75,best_s2+abort(1.5),window_s,966.709,16.847,10
SENS,S4eta2/tail0.75,best_s2+abort(1.5),step_time_mean_s,46.0338,0.802237,10
SENS,S4eta2/tail0.75,best_s2+abort(1.5),step_time_p95_s,55.9567,2.24811,10
SENS,S4eta2/tail0.75,best_s2+abort(1.5),samples_per_s,11.1282,0.192697,10
SENS,S4eta2/tail0.75,best_s2+abort(1.5),completed_tokens_per_s,14204.4,143.596,10
SENS,S4eta2/tail0.75,best_s2+abort(1.5),rollout_idle_frac,0.000293557,0.000120255,10
SENS,S4eta2/tail0.75,best_s2+abort(1.5),gpu_gen_frac,0.486036,0.000209028,10
SENS,S4eta2/tail0.75,best_s2+abort(1.5),gpu_overhead_frac,0.0246842,0.000378581,10
SENS,S4eta2/tail0.75,best_s2+abort(1.5),gpu_train_frac,0.146967,0.00192713,10
SENS,S4eta2/tail0.75,best_s2+abort(1.5),trainer_wait_frac,0.68433,0.00420363,10
SENS,S4eta2/tail0.75,best_s2+abort(1.5),trainer_wait_mean_s,31.5079,0.736067,10
SENS,S4eta2/tail0.75,best_s2+abort(1.5),straggler_mean_s,7.11152,0.536029,10
SENS,S4eta2/tail0.75,best_s2+abort(1.5),straggler_p95_s,12.9082,1.94114,10
SENS,S4eta2/tail0.75,best_s2+abort(1.5),staleness_mean,0.975298,0.00346582,10
SENS,S4eta2/tail0.75,best_s2+abort(1.5),staleness_max,1,0,10
SENS,S4eta2/tail0.75,best_s2+abort(1.5),stale_token_frac,0.986846,0.00211826,10
SENS,S4eta2/tail0.75,best_s2+abort(1.5),batch_len_cv,0.0953476,0.0127636,10
SENS,S4eta2/tail0.75,best_s2+carry(1.5),groups_consumed,1536,0,10
SENS,S4eta2/tail0.75,best_s2+carry(1.5),groups_dropped,5.6,1.94306,10
SENS,S4eta2/tail0.75,best_s2+carry(1.5),groups_unfinished,46.6,13.5024,10
SENS,S4eta2/tail0.75,best_s2+carry(1.5),drops_policy,0,0,10
SENS,S4eta2/tail0.75,best_s2+carry(1.5),drops_stale,5.6,1.94306,10
SENS,S4eta2/tail0.75,best_s2+carry(1.5),drops_colocated_switch,0,0,10
SENS,S4eta2/tail0.75,best_s2+carry(1.5),tokens_consumed,1.32832e+07,173621,10
SENS,S4eta2/tail0.75,best_s2+carry(1.5),tokens_dropped,156815,64636.1,10
SENS,S4eta2/tail0.75,best_s2+carry(1.5),waste_frac,0.0116557,0.00477156,10
SENS,S4eta2/tail0.75,best_s2+carry(1.5),length_bias,-0.00815878,0.00364073,10
SENS,S4eta2/tail0.75,best_s2+carry(1.5),run_s,985.191,21.0578,10
SENS,S4eta2/tail0.75,best_s2+carry(1.5),gpu_idle_frac,0.300969,0.00429119,10
SENS,S4eta2/tail0.75,best_s2+carry(1.5),verify_delay_mean_s,1.67089,0.0791986,10
SENS,S4eta2/tail0.75,best_s2+carry(1.5),verify_delay_p95_s,6.8486,0.357823,10
SENS,S4eta2/tail0.75,best_s2+carry(1.5),instants,29179.6,132.221,10
SENS,S4eta2/tail0.75,best_s2+carry(1.5),policy_calls,29179.6,132.221,10
SENS,S4eta2/tail0.75,best_s2+carry(1.5),violations,0,0,10
SENS,S4eta2/tail0.75,best_s2+carry(1.5),J,0.683723,0.0173875,10
SENS,S4eta2/tail0.75,best_s2+carry(1.5),window_s,846.264,21.5176,10
SENS,S4eta2/tail0.75,best_s2+carry(1.5),step_time_mean_s,40.2983,1.02465,10
SENS,S4eta2/tail0.75,best_s2+carry(1.5),step_time_p95_s,56.9844,1.72067,10
SENS,S4eta2/tail0.75,best_s2+carry(1.5),samples_per_s,12.7198,0.325373,10
SENS,S4eta2/tail0.75,best_s2+carry(1.5),completed_tokens_per_s,13928.1,229.66,10
SENS,S4eta2/tail0.75,best_s2+carry(1.5),rollout_idle_frac,0.00305949,0.00105755,10
SENS,S4eta2/tail0.75,best_s2+carry(1.5),gpu_gen_frac,0.487614,0.000612977,10
SENS,S4eta2/tail0.75,best_s2+carry(1.5),gpu_overhead_frac,0.0232777,0.000565381,10
SENS,S4eta2/tail0.75,best_s2+carry(1.5),gpu_train_frac,0.188139,0.00397071,10
SENS,S4eta2/tail0.75,best_s2+carry(1.5),trainer_wait_frac,0.598879,0.00853878,10
SENS,S4eta2/tail0.75,best_s2+carry(1.5),trainer_wait_mean_s,24.1483,0.9434,10
SENS,S4eta2/tail0.75,best_s2+carry(1.5),straggler_mean_s,2.92092,0.165142,10
SENS,S4eta2/tail0.75,best_s2+carry(1.5),straggler_p95_s,4.9069,0.64724,10
SENS,S4eta2/tail0.75,best_s2+carry(1.5),staleness_mean,1.03244,0.0139795,10
SENS,S4eta2/tail0.75,best_s2+carry(1.5),staleness_max,2,0,10
SENS,S4eta2/tail0.75,best_s2+carry(1.5),stale_token_frac,0.892733,0.00998193,10
SENS,S4eta2/tail0.75,best_s2+carry(1.5),batch_len_cv,0.172067,0.0137943,10
SENS,S4eta2/tail0.75,best_s2+wait,groups_consumed,1536,0,10
SENS,S4eta2/tail0.75,best_s2+wait,groups_dropped,0,0,10
SENS,S4eta2/tail0.75,best_s2+wait,groups_unfinished,64,0,10
SENS,S4eta2/tail0.75,best_s2+wait,drops_policy,0,0,10
SENS,S4eta2/tail0.75,best_s2+wait,drops_stale,0,0,10
SENS,S4eta2/tail0.75,best_s2+wait,drops_colocated_switch,0,0,10
SENS,S4eta2/tail0.75,best_s2+wait,tokens_consumed,1.3581e+07,185721,10
SENS,S4eta2/tail0.75,best_s2+wait,tokens_dropped,0,0,10
SENS,S4eta2/tail0.75,best_s2+wait,waste_frac,0,0,10
SENS,S4eta2/tail0.75,best_s2+wait,length_bias,0,0,10
SENS,S4eta2/tail0.75,best_s2+wait,run_s,1793.25,35.2817,10
SENS,S4eta2/tail0.75,best_s2+wait,gpu_idle_frac,0.541311,0.00667555,10
SENS,S4eta2/tail0.75,best_s2+wait,verify_delay_mean_s,1.68093,0.0774347,10
SENS,S4eta2/tail0.75,best_s2+wait,verify_delay_p95_s,6.7663,0.215874,10
SENS,S4eta2/tail0.75,best_s2+wait,instants,29096.5,57.9191,10
SENS,S4eta2/tail0.75,best_s2+wait,policy_calls,29096.5,57.9191,10
SENS,S4eta2/tail0.75,best_s2+wait,violations,0,0,10
SENS,S4eta2/tail0.75,best_s2+wait,J,1.32545,0.0307656,10
SENS,S4eta2/tail0.75,best_s2+wait,window_s,1562.42,29.9838,10
SENS,S4eta2/tail0.75,best_s2+wait,step_time_mean_s,74.4008,1.4278,10
SENS,S4eta2/tail0.75,best_s2+wait,step_time_p95_s,88.0864,5.08436,10
SENS,S4eta2/tail0.75,best_s2+wait,samples_per_s,6.88607,0.131093,10
SENS,S4eta2/tail0.75,best_s2+wait,completed_tokens_per_s,7529.94,129.756,10
SENS,S4eta2/tail0.75,best_s2+wait,rollout_idle_frac,0.30058,0.0106252,10
SENS,S4eta2/tail0.75,best_s2+wait,gpu_gen_frac,0.338694,0.00523145,10
SENS,S4eta2/tail0.75,best_s2+wait,gpu_overhead_frac,0.0177406,0.000342743,10
SENS,S4eta2/tail0.75,best_s2+wait,gpu_train_frac,0.102254,0.00184231,10
SENS,S4eta2/tail0.75,best_s2+wait,trainer_wait_frac,0.782042,0.00390561,10
SENS,S4eta2/tail0.75,best_s2+wait,trainer_wait_mean_s,58.193,1.37419,10
SENS,S4eta2/tail0.75,best_s2+wait,straggler_mean_s,29.0875,1.45138,10
SENS,S4eta2/tail0.75,best_s2+wait,straggler_p95_s,43.6391,4.48206,10
SENS,S4eta2/tail0.75,best_s2+wait,staleness_mean,0.999702,0.000673261,10
SENS,S4eta2/tail0.75,best_s2+wait,staleness_max,1,0,10
SENS,S4eta2/tail0.75,best_s2+wait,stale_token_frac,0.999514,0.00102126,10
SENS,S4eta2/tail0.75,best_s2+wait,batch_len_cv,0.0872668,0.0121313,10
SENS,S4eta2/tail0.75,reference,groups_consumed,1536,0,10
SENS,S4eta2/tail0.75,reference,groups_dropped,0,0,10
SENS,S4eta2/tail0.75,reference,groups_unfinished,64,0,10
SENS,S4eta2/tail0.75,reference,drops_policy,0,0,10
SENS,S4eta2/tail0.75,reference,drops_stale,0,0,10
SENS,S4eta2/tail0.75,reference,drops_colocated_switch,0,0,10
SENS,S4eta2/tail0.75,reference,tokens_consumed,1.33564e+07,193581,10
SENS,S4eta2/tail0.75,reference,tokens_dropped,0,0,10
SENS,S4eta2/tail0.75,reference,waste_frac,0,0,10
SENS,S4eta2/tail0.75,reference,length_bias,0,0,10
SENS,S4eta2/tail0.75,reference,run_s,1979.98,73.845,10
SENS,S4eta2/tail0.75,reference,gpu_idle_frac,0.614382,0.0148203,10
SENS,S4eta2/tail0.75,reference,verify_delay_mean_s,1.65356,0.0909214,10
SENS,S4eta2/tail0.75,reference,verify_delay_p95_s,6.697,0.267074,10
SENS,S4eta2/tail0.75,reference,instants,25899.5,53.8979,10
SENS,S4eta2/tail0.75,reference,policy_calls,25899.5,53.8979,10
SENS,S4eta2/tail0.75,reference,violations,0,0,10
SENS,S4eta2/tail0.75,reference,J,1.51336,0.0736781,10
SENS,S4eta2/tail0.75,reference,window_s,1739.17,65.0681,10
SENS,S4eta2/tail0.75,reference,step_time_mean_s,82.8175,3.09848,10
SENS,S4eta2/tail0.75,reference,step_time_p95_s,110.143,11.9344,10
SENS,S4eta2/tail0.75,reference,samples_per_s,6.19807,0.240565,10
SENS,S4eta2/tail0.75,reference,completed_tokens_per_s,6736.96,266.724,10
SENS,S4eta2/tail0.75,reference,rollout_idle_frac,0.424103,0.022412,10
SENS,S4eta2/tail0.75,reference,gpu_gen_frac,0.283822,0.0110738,10
SENS,S4eta2/tail0.75,reference,gpu_overhead_frac,0.0101791,0.000390036,10
SENS,S4eta2/tail0.75,reference,gpu_train_frac,0.0916165,0.00358227,10
SENS,S4eta2/tail0.75,reference,trainer_wait_frac,0.804661,0.00761918,10
SENS,S4eta2/tail0.75,reference,trainer_wait_mean_s,66.6804,3.09211,10
SENS,S4eta2/tail0.75,reference,straggler_mean_s,34.766,3.0704,10
SENS,S4eta2/tail0.75,reference,straggler_p95_s,58.9431,11.7435,10
SENS,S4eta2/tail0.75,reference,staleness_mean,0.993527,0.00211495,10
SENS,S4eta2/tail0.75,reference,staleness_max,1,0,10
SENS,S4eta2/tail0.75,reference,stale_token_frac,0.987759,0.00273305,10
SENS,S4eta2/tail0.75,reference,batch_len_cv,0.0855038,0.0109566,10
SENS,S4eta2/tail1.25,best_s2+abort(1.5),groups_consumed,1536,0,10
SENS,S4eta2/tail1.25,best_s2+abort(1.5),groups_dropped,542.6,26.3513,10
SENS,S4eta2/tail1.25,best_s2+abort(1.5),groups_unfinished,72.7,4.6489,10
SENS,S4eta2/tail1.25,best_s2+abort(1.5),drops_policy,542.6,26.3513,10
SENS,S4eta2/tail1.25,best_s2+abort(1.5),drops_stale,0,0,10
SENS,S4eta2/tail1.25,best_s2+abort(1.5),drops_colocated_switch,0,0,10
SENS,S4eta2/tail1.25,best_s2+abort(1.5),tokens_consumed,1.4735e+07,359045,10
SENS,S4eta2/tail1.25,best_s2+abort(1.5),tokens_dropped,9.03482e+06,120710,10
SENS,S4eta2/tail1.25,best_s2+abort(1.5),waste_frac,0.380225,0.0068754,10
SENS,S4eta2/tail1.25,best_s2+abort(1.5),length_bias,-0.265234,0.00877835,10
SENS,S4eta2/tail1.25,best_s2+abort(1.5),run_s,1826.98,21.3461,10
SENS,S4eta2/tail1.25,best_s2+abort(1.5),gpu_idle_frac,0.387803,0.00171904,10
SENS,S4eta2/tail1.25,best_s2+abort(1.5),verify_delay_mean_s,1.4376,0.0828107,10
SENS,S4eta2/tail1.25,best_s2+abort(1.5),verify_delay_p95_s,6.1269,0.239276,10
SENS,S4eta2/tail1.25,best_s2+abort(1.5),instants,35597,263.235,10
SENS,S4eta2/tail1.25,best_s2+abort(1.5),policy_calls,35597,263.235,10
SENS,S4eta2/tail1.25,best_s2+abort(1.5),violations,0,0,10
SENS,S4eta2/tail1.25,best_s2+abort(1.5),J,1.54334,0.0162404,10
SENS,S4eta2/tail1.25,best_s2+abort(1.5),window_s,1586.15,18.874,10
SENS,S4eta2/tail1.25,best_s2+abort(1.5),step_time_mean_s,75.5311,0.89876,10
SENS,S4eta2/tail1.25,best_s2+abort(1.5),step_time_p95_s,87.5445,1.58554,10
SENS,S4eta2/tail1.25,best_s2+abort(1.5),samples_per_s,6.78035,0.0805766,10
SENS,S4eta2/tail1.25,best_s2+abort(1.5),completed_tokens_per_s,12848.6,186.246,10
SENS,S4eta2/tail1.25,best_s2+abort(1.5),rollout_idle_frac,0.000378131,0.000287636,10
SENS,S4eta2/tail1.25,best_s2+abort(1.5),gpu_gen_frac,0.491007,0.000243133,10
SENS,S4eta2/tail1.25,best_s2+abort(1.5),gpu_overhead_frac,0.0154256,0.000246318,10
SENS,S4eta2/tail1.25,best_s2+abort(1.5),gpu_train_frac,0.105765,0.00171389,10
SENS,S4eta2/tail1.25,best_s2+abort(1.5),trainer_wait_frac,0.775228,0.00349014,10
SENS,S4eta2/tail1.25,best_s2+abort(1.5),trainer_wait_mean_s,58.5562,0.843641,10
SENS,S4eta2/tail1.25,best_s2+abort(1.5),straggler_mean_s,9.00206,0.836596,10
SENS,S4eta2/tail1.25,best_s2+abort(1.5),straggler_p95_s,18.0961,1.75372,10
SENS,S4eta2/tail1.25,best_s2+abort(1.5),staleness_mean,0.986235,0.00449016,10
SENS,S4eta2/tail1.25,best_s2+abort(1.5),staleness_max,1,0,10
SENS,S4eta2/tail1.25,best_s2+abort(1.5),stale_token_frac,0.99695,0.00136716,10
SENS,S4eta2/tail1.25,best_s2+abort(1.5),batch_len_cv,0.244301,0.0269763,10
SENS,S4eta2/tail1.25,best_s2+carry(1.5),groups_consumed,1536,0,10
SENS,S4eta2/tail1.25,best_s2+carry(1.5),groups_dropped,1.2,0.738817,10
SENS,S4eta2/tail1.25,best_s2+carry(1.5),groups_unfinished,41.5,16.5075,10
SENS,S4eta2/tail1.25,best_s2+carry(1.5),drops_policy,0,0,10
SENS,S4eta2/tail1.25,best_s2+carry(1.5),drops_stale,1.2,0.738817,10
SENS,S4eta2/tail1.25,best_s2+carry(1.5),drops_colocated_switch,0,0,10
SENS,S4eta2/tail1.25,best_s2+carry(1.5),tokens_consumed,1.97989e+07,333776,10
SENS,S4eta2/tail1.25,best_s2+carry(1.5),tokens_dropped,42345,27560.9,10
SENS,S4eta2/tail1.25,best_s2+carry(1.5),waste_frac,0.00214196,0.00140891,10
SENS,S4eta2/tail1.25,best_s2+carry(1.5),length_bias,-0.00140586,0.00099732,10
SENS,S4eta2/tail1.25,best_s2+carry(1.5),run_s,1496.55,25.6227,10
SENS,S4eta2/tail1.25,best_s2+carry(1.5),gpu_idle_frac,0.331709,0.00171935,10
SENS,S4eta2/tail1.25,best_s2+carry(1.5),verify_delay_mean_s,1.44709,0.0478265,10
SENS,S4eta2/tail1.25,best_s2+carry(1.5),verify_delay_p95_s,6.3471,0.206995,10
SENS,S4eta2/tail1.25,best_s2+carry(1.5),instants,29050.2,205.936,10
SENS,S4eta2/tail1.25,best_s2+carry(1.5),policy_calls,29050.2,205.936,10
SENS,S4eta2/tail1.25,best_s2+carry(1.5),violations,0,0,10
SENS,S4eta2/tail1.25,best_s2+carry(1.5),J,0.728385,0.0135751,10
SENS,S4eta2/tail1.25,best_s2+carry(1.5),window_s,1281.77,25.5031,10
SENS,S4eta2/tail1.25,best_s2+carry(1.5),step_time_mean_s,61.0368,1.21443,10
SENS,S4eta2/tail1.25,best_s2+carry(1.5),step_time_p95_s,76.6411,2.43915,10
SENS,S4eta2/tail1.25,best_s2+carry(1.5),samples_per_s,8.39415,0.164992,10
SENS,S4eta2/tail1.25,best_s2+carry(1.5),completed_tokens_per_s,13612.3,151.109,10
SENS,S4eta2/tail1.25,best_s2+carry(1.5),rollout_idle_frac,0.00087614,0.000647314,10
SENS,S4eta2/tail1.25,best_s2+carry(1.5),gpu_gen_frac,0.492708,0.000431637,10
SENS,S4eta2/tail1.25,best_s2+carry(1.5),gpu_overhead_frac,0.0150516,0.000299754,10
SENS,S4eta2/tail1.25,best_s2+carry(1.5),gpu_train_frac,0.160531,0.00183649,10
SENS,S4eta2/tail1.25,best_s2+carry(1.5),trainer_wait_frac,0.662542,0.00393241,10
SENS,S4eta2/tail1.25,best_s2+carry(1.5),trainer_wait_mean_s,40.4463,1.01132,10
SENS,S4eta2/tail1.25,best_s2+carry(1.5),straggler_mean_s,6.00327,0.555837,10
SENS,S4eta2/tail1.25,best_s2+carry(1.5),straggler_p95_s,10.1199,1.26007,10
SENS,S4eta2/tail1.25,best_s2+carry(1.5),staleness_mean,0.977902,0.0168522,10
SENS,S4eta2/tail1.25,best_s2+carry(1.5),staleness_max,2,0,10
SENS,S4eta2/tail1.25,best_s2+carry(1.5),stale_token_frac,0.912514,0.00738404,10
SENS,S4eta2/tail1.25,best_s2+carry(1.5),batch_len_cv,0.196651,0.0309254,10
SENS,S4eta2/tail1.25,best_s2+wait,groups_consumed,1536,0,10
SENS,S4eta2/tail1.25,best_s2+wait,groups_dropped,0,0,10
SENS,S4eta2/tail1.25,best_s2+wait,groups_unfinished,64,0,10
SENS,S4eta2/tail1.25,best_s2+wait,drops_policy,0,0,10
SENS,S4eta2/tail1.25,best_s2+wait,drops_stale,0,0,10
SENS,S4eta2/tail1.25,best_s2+wait,drops_colocated_switch,0,0,10
SENS,S4eta2/tail1.25,best_s2+wait,tokens_consumed,2.02118e+07,348624,10
SENS,S4eta2/tail1.25,best_s2+wait,tokens_dropped,0,0,10
SENS,S4eta2/tail1.25,best_s2+wait,waste_frac,0,0,10
SENS,S4eta2/tail1.25,best_s2+wait,length_bias,0,0,10
SENS,S4eta2/tail1.25,best_s2+wait,run_s,2244.1,49.4078,10
SENS,S4eta2/tail1.25,best_s2+wait,gpu_idle_frac,0.465438,0.00896022,10
SENS,S4eta2/tail1.25,best_s2+wait,verify_delay_mean_s,1.4938,0.0467328,10
SENS,S4eta2/tail1.25,best_s2+wait,verify_delay_p95_s,6.4193,0.176974,10
SENS,S4eta2/tail1.25,best_s2+wait,instants,29190.2,50.6214,10
SENS,S4eta2/tail1.25,best_s2+wait,policy_calls,29190.2,50.6214,10
SENS,S4eta2/tail1.25,best_s2+wait,violations,0,0,10
SENS,S4eta2/tail1.25,best_s2+wait,J,1.12131,0.0405141,10
SENS,S4eta2/tail1.25,best_s2+wait,window_s,1943.5,43.3396,10
SENS,S4eta2/tail1.25,best_s2+wait,step_time_mean_s,92.5476,2.06379,10
SENS,S4eta2/tail1.25,best_s2+wait,step_time_p95_s,113.639,9.27523,10
SENS,S4eta2/tail1.25,best_s2+wait,samples_per_s,5.537,0.120225,10
SENS,S4eta2/tail1.25,best_s2+wait,completed_tokens_per_s,8976.53,169.121,10
SENS,S4eta2/tail1.25,best_s2+wait,rollout_idle_frac,0.154281,0.0137151,10
SENS,S4eta2/tail1.25,best_s2+wait,gpu_gen_frac,0.413871,0.0066952,10
SENS,S4eta2/tail1.25,best_s2+wait,gpu_overhead_frac,0.0143959,0.000289975,10
SENS,S4eta2/tail1.25,best_s2+wait,gpu_train_frac,0.106295,0.00210966,10
SENS,S4eta2/tail1.25,best_s2+wait,trainer_wait_frac,0.776595,0.004409,10
SENS,S4eta2/tail1.25,best_s2+wait,trainer_wait_mean_s,71.8849,1.94904,10
SENS,S4eta2/tail1.25,best_s2+wait,straggler_mean_s,14.0579,1.84443,10
SENS,S4eta2/tail1.25,best_s2+wait,straggler_p95_s,34.0048,8.86298,10
SENS,S4eta2/tail1.25,best_s2+wait,staleness_mean,1,0,10
SENS,S4eta2/tail1.25,best_s2+wait,staleness_max,1,0,10
SENS,S4eta2/tail1.25,best_s2+wait,stale_token_frac,0.999927,0.000165103,10
SENS,S4eta2/tail1.25,best_s2+wait,batch_len_cv,0.112657,0.0160413,10
SENS,S4eta2/tail1.25,reference,groups_consumed,1536,0,10
SENS,S4eta2/tail1.25,reference,groups_dropped,0,0,10
SENS,S4eta2/tail1.25,reference,groups_unfinished,64,0,10
SENS,S4eta2/tail1.25,reference,drops_policy,0,0,10
SENS,S4eta2/tail1.25,reference,drops_stale,0,0,10
SENS,S4eta2/tail1.25,reference,drops_colocated_switch,0,0,10
SENS,S4eta2/tail1.25,reference,tokens_consumed,1.98164e+07,359558,10
SENS,S4eta2/tail1.25,reference,tokens_dropped,0,0,10
SENS,S4eta2/tail1.25,reference,waste_frac,0,0,10
SENS,S4eta2/tail1.25,reference,length_bias,0,0,10
SENS,S4eta2/tail1.25,reference,run_s,2735.58,132.855,10
SENS,S4eta2/tail1.25,reference,gpu_idle_frac,0.575135,0.0187725,10
SENS,S4eta2/tail1.25,reference,verify_delay_mean_s,1.48748,0.0526837,10
SENS,S4eta2/tail1.25,reference,verify_delay_p95_s,6.4077,0.190674,10
SENS,S4eta2/tail1.25,reference,instants,25930.6,45.0179,10
SENS,S4eta2/tail1.25,reference,policy_calls,25930.6,45.0179,10
SENS,S4eta2/tail1.25,reference,violations,0,0,10
SENS,S4eta2/tail1.25,reference,J,1.4483,0.0768231,10
SENS,S4eta2/tail1.25,reference,window_s,2406.71,116.06,10
SENS,S4eta2/tail1.25,reference,step_time_mean_s,114.605,5.52668,10
SENS,S4eta2/tail1.25,reference,step_time_p95_s,161.118,3.84482,10
SENS,S4eta2/tail1.25,reference,samples_per_s,4.4859,0.217676,10
SENS,S4eta2/tail1.25,reference,completed_tokens_per_s,7234.3,372.392,10
SENS,S4eta2/tail1.25,reference,rollout_idle_frac,0.330494,0.0285548,10
SENS,S4eta2/tail1.25,reference,gpu_gen_frac,0.331761,0.0141377,10
SENS,S4eta2/tail1.25,reference,gpu_overhead_frac,0.00737283,0.000356625,10
SENS,S4eta2/tail1.25,reference,gpu_train_frac,0.0857309,0.00433736,10
SENS,S4eta2/tail1.25,reference,trainer_wait_frac,0.819777,0.00908532,10
SENS,S4eta2/tail1.25,reference,trainer_wait_mean_s,94.0366,5.55909,10
SENS,S4eta2/tail1.25,reference,straggler_mean_s,32.9777,5.63275,10
SENS,S4eta2/tail1.25,reference,straggler_p95_s,69.5651,9.25157,10
SENS,S4eta2/tail1.25,reference,staleness_mean,0.99375,0.00207209,10
SENS,S4eta2/tail1.25,reference,staleness_max,1,0,10
SENS,S4eta2/tail1.25,reference,stale_token_frac,0.988948,0.0034376,10
SENS,S4eta2/tail1.25,reference,batch_len_cv,0.112409,0.011905,10
