scenario,variant,policy,seed,wall_run_s,wall_run_cpu_s,wall_instants_per_s,wall_decision_mean_us,wall_decision_p95_us,wall_decision_max_us
S1,cap16/group_exact,dp,1,0.0028163,0,23079.9,27.5662,7.3,1397.6
S1,cap16/group_exact,dp,2,0.0019416,0,34507.6,20.3896,7.2,966.5
S1,cap16/group_exact,dp,3,0.0019948,0,34088.6,20.425,7.4,981.2
S1,cap16/group_exact,dp,4,0.0020863,0,30676.3,23.2031,9.7,1067.2
S1,cap16/group_exact,dp,5,0.0020653,0.015625,30988.2,22.1906,7.4,1031.7
S1,cap16/group_exact,dp,6,0.0019631,0,32601.5,21.8234,7.5,1009
S1,cap16/group_exact,dp,7,0.0021823,0,29785.1,25.2615,9.8,1242.1
S1,cap16/group_exact,dp,8,0.0027726,0,24525.7,31.2294,7.7,1700.3
S1,cap16/group_exact,dp,9,0.0022667,0,28676,22.88,7.3,1076.4
S1,cap16/group_exact,dp,10,0.0021301,0,31453.9,21.5925,9.5,1040.9
S1,cap16/group_exact,dp,11,0.0019809,0,33823,20.9612,7.9,993.6
S1,cap16/group_exact,dp,12,0.0039002,0,17435,34.9324,11.5,1716.3
S1,cap16/group_exact,dp,13,0.0021285,0,30068.1,23.8391,7.4,1131.4
S1,cap16/group_exact,dp,14,0.0020957,0.015625,31970.2,21.9254,7.2,1063.6
S1,cap16/group_exact,dp,15,0.0023564,0,28433.2,26.5821,7.4,1373
S1,cap16/group_exact,dp,16,0.0019666,0,34069,20.5657,7.2,983.3
S1,cap16/group_exact,dp,17,0.0019104,0,34024.3,21.1292,7.2,986.4
S1,cap16/group_exact,dp,18,0.0020377,0,32880.2,21.3716,7.6,1023.3
S1,cap16/group_exact,dp,19,0.0044121,0.015625,14732.2,55.1523,7.8,3189.3
S1,cap16/group_exact,dp,20,0.0021795,0,30282.2,24.5894,7.2,1228.8
S1,cap16/group_exact,fifo_chunk,1,0.0012105,0,57827.3,8.4,39.9,110.5
S1,cap16/group_exact,fifo_chunk,2,0.0012004,0,59980,7.33889,33.6,107.2
S1,cap16/group_exact,fifo_chunk,3,0.0016602,0,43368.3,7.93333,38.6,129.1
S1,cap16/group_exact,fifo_chunk,4,0.0016629,0,42095.1,7.95857,36.3,130.4
S1,cap16/group_exact,fifo_chunk,5,0.001341,0,52199.8,8.12714,40.5,110.9
S1,cap16/group_exact,fifo_chunk,6,0.0011302,0,61051.1,7.50725,31.6,109.5
S1,cap16/group_exact,fifo_chunk,7,0.0014067,0,50472.7,8.62958,33.1,104.7
S1,cap16/group_exact,fifo_chunk,8,0.0012275,0,58655.8,7.44722,32.7,109
S1,cap16/group_exact,fifo_chunk,9,0.0014578,0,48703.5,10.4239,39.8,191.1
S1,cap16/group_exact,fifo_chunk,10,0.0011878,0.015625,60616.3,7.58611,33,118.3
S1,cap16/group_exact,fifo_chunk,11,0.0012651,0,56122,7.72676,39.2,113.9
S1,cap16/group_exact,fifo_chunk,12,0.0015314,0,47015.8,8.61111,35.7,154.4
S1,cap16/group_exact,fifo_chunk,13,0.0013545,0,51679.6,8.68714,32.5,167.5
S1,cap16/group_exact,fifo_chunk,14,0.0012121,0,59401,7.89028,33.1,116
S1,cap16/group_exact,fifo_chunk,15,0.0011965,0,60175.5,7.78333,33.1,107.6
S1,cap16/group_exact,fifo_chunk,16,0.0012859,0,55214.2,8.84507,45.6,105.4
S1,cap16/group_exact,fifo_chunk,17,0.0012834,0,55321.8,7.74366,34.1,119
S1,cap16/group_exact,fifo_chunk,18,0.0036389,0,19786.2,18.6639,102.7,137
S1,cap16/group_exact,fifo_chunk,19,0.0011607,0.015625,61170,7.80704,31.3,106.6
S1,cap16/group_exact,fifo_chunk,20,0.0011749,0,59579.5,7.29286,33.4,105.9
S1,cap16/group_exact,oracle_dp,1,0.0018803,0,35632.6,20.194,7.8,949.3
S1,cap16/group_exact,oracle_dp,2,0.0019089,0,35098.7,20.4791,7.5,970.3
S1,cap16/group_exact,oracle_dp,3,0.0035806,0,18711.9,43.7403,7.2,2526.7
S1,cap16/group_exact,oracle_dp,4,0.0021427,0,31269,21.6731,9.5,1034.8
S1,cap16/group_exact,oracle_dp,5,0.0025485,0.015625,26290,24.5313,18.6,1141.5
S1,cap16/group_exact,oracle_dp,6,0.0019769,0,33891.4,20.294,7.6,989.2
S1,cap16/group_exact,oracle_dp,7,0.0020534,0,32628.8,22.1179,9.9,1022.6
S1,cap16/group_exact,oracle_dp,8,0.0021322,0,30953.9,22.4742,18,1000
S1,cap16/group_exact,oracle_dp,9,0.001973,0.015625,33958.4,21.4269,7.6,1029.4
S1,cap16/group_exact,oracle_dp,10,0.0021425,0,31271.9,21.903,7.7,1085.1
S1,cap16/group_exact,oracle_dp,11,0.0019972,0,34548.4,20.1449,7.6,1008.2
S1,cap16/group_exact,oracle_dp,12,0.0022767,0,29428.6,23.2358,8.3,1122
S1,cap16/group_exact,oracle_dp,13,0.0019531,0,33280.4,21.5015,7.4,1003.5
S1,cap16/group_exact,oracle_dp,14,0.0019597,0.015625,34188.9,20.8821,7.6,994.5
S1,cap16/group_exact,oracle_dp,15,0.0020056,0,32409.3,22.3554,7.2,1059
S1,cap16/group_exact,oracle_dp,16,0.0022753,0,28567.7,23.26,13.2,1024
S1,cap16/group_exact,oracle_dp,17,0.0019541,0,33775.1,21.0273,7.5,992.4
S1,cap16/group_exact,oracle_dp,18,0.0020775,0,32250.3,21.3806,7.4,1026
S1,cap16/group_exact,oracle_dp,19,0.0019953,0,33077.7,21.2076,7.7,986
S1,cap16/group_exact,oracle_dp,20,0.0044455,0,15296.4,57.1221,7.1,3472.8
S1,cap16/group_exact,reference,1,0.0010869,0,60723.2,8.04697,7.1,131.7
S1,cap16/group_exact,reference,2,0.0013165,0.015625,51652.1,9.03529,7.3,204.5
S1,cap16/group_exact,reference,3,0.0015357,0,43628.3,14.2448,23.7,384.4
S1,cap16/group_exact,reference,4,0.0013426,0,48413.5,9.82154,23.1,152.7
S1,cap16/group_exact,reference,5,0.0065893,0.015625,9864.48,8.42462,7.6,144.9
S1,cap16/group_exact,reference,6,0.0014689,0,44250.8,10.1846,31.1,140.6
S1,cap16/group_exact,reference,7,0.0010796,0,60207.5,7.93077,7.5,122.3
S1,cap16/group_exact,reference,8,0.001137,0,58047.5,8.17727,9.8,129.8
S1,cap16/group_exact,reference,9,0.0013401,0,49996.3,9.61493,16.5,124.1
S1,cap16/group_exact,reference,10,0.0010679,0.015625,59930.7,8.24531,7.2,136.1
S1,cap16/group_exact,reference,11,0.0012229,0,54787.8,8.00149,7.6,129.4
S1,cap16/group_exact,reference,12,0.0010925,0,62242.6,7.85441,7.2,126
S1,cap16/group_exact,reference,13,0.0010813,0,60112.8,8.21231,8.2,133.7
S1,cap16/group_exact,reference,14,0.0011723,0,57152.6,8.17313,7.4,137.6
S1,cap16/group_exact,reference,15,0.0011581,0.015625,56989.9,8.23939,7.5,138.4
S1,cap16/group_exact,reference,16,0.0011867,0,56459.1,7.9194,7.3,125.3
S1,cap16/group_exact,reference,17,0.0012294,0,52871.3,9.06769,12.1,129.2
S1,cap16/group_exact,reference,18,0.001057,0,63386.9,7.99104,7.1,139.1
S1,cap16/group_exact,reference,19,0.0010743,0,61435.4,7.93333,7.4,128.8
S1,cap16/group_exact,reference,20,0.0014801,0,44591.6,7.90606,7.2,121.6
S1,cap16/group_exact,sorted_chunk,1,0.0015752,0.015625,50787.2,9.92125,47,103.8
S1,cap16/group_exact,sorted_chunk,2,0.0016022,0,49931.3,10.1037,46.7,111.7
S1,cap16/group_exact,sorted_chunk,3,0.0015748,0,50800.1,10.0087,46.6,102.1
S1,cap16/group_exact,sorted_chunk,4,0.0018065,0,44284.5,10.8837,50,130.2
S1,cap16/group_exact,sorted_chunk,5,0.0018161,0.015625,43499.8,12.0899,55.1,135.8
S1,cap16/group_exact,sorted_chunk,6,0.0018896,0,42337,12.6875,56.2,133.3
S1,cap16/group_exact,sorted_chunk,7,0.0016605,0,48178.3,10.57,54.1,121.6
S1,cap16/group_exact,sorted_chunk,8,0.0017912,0,44662.8,10.67,46,115.5
S1,cap16/group_exact,sorted_chunk,9,0.0018867,0,42402.1,12.1525,56.7,120.2
S1,cap16/group_exact,sorted_chunk,10,0.0017084,0,46242.1,10.8152,50.8,135.2
S1,cap16/group_exact,sorted_chunk,11,0.0016707,0,47884.1,10.3625,48.1,119.2
S1,cap16/group_exact,sorted_chunk,12,0.0026265,0,30458.8,17.3012,85,182.6
S1,cap16/group_exact,sorted_chunk,13,0.0018746,0,41608.9,13.1,100.7,113.6
S1,cap16/group_exact,sorted_chunk,14,0.0016811,0,47587.9,10.8788,53.4,115.9
S1,cap16/group_exact,sorted_chunk,15,0.0016969,0,47144.8,11.0787,53.5,110.1
S1,cap16/group_exact,sorted_chunk,16,0.001621,0,49352.3,10.2088,47.8,114.2
S1,cap16/group_exact,sorted_chunk,17,0.0016021,0,49310.3,10.1886,51.6,114.1
S1,cap16/group_exact,sorted_chunk,18,0.0018784,0,42589.4,12.6288,51.3,236
S1,cap16/group_exact,sorted_chunk,19,0.0015999,0,50003.1,10.0838,47,112.8
S1,cap16/group_exact,sorted_chunk,20,0.0016978,0,45941.8,10.9154,55.8,113.2
S1,cap16/group_moderate,dp,1,0.0020244,0,32108.3,21.5092,7.4,975.5
S1,cap16/group_moderate,dp,2,0.0018988,0,34232.1,21.2185,7.2,994.6
S1,cap16/group_moderate,dp,3,0.0019933,0,34114.3,20.5206,7.7,981.6
S1,cap16/group_moderate,dp,4,0.0019345,0,34117.3,21.35,7.3,1007.9
S1,cap16/group_moderate,dp,5,0.0070873,0,9312.43,20.5742,7.2,962.7
S1,cap16/group_moderate,dp,6,0.0019299,0,33162.3,21.8547,7.5,997.7
S1,cap16/group_moderate,dp,7,0.0019112,0.015625,34010,21.4631,7,1005.2
S1,cap16/group_moderate,dp,8,0.0019508,0,34857.5,21.0441,7.5,1024.8
S1,cap16/group_moderate,dp,9,0.0019594,0,34194.1,20.5672,7.3,978.7
S1,cap16/group_moderate,dp,10,0.0020408,0,32830.3,21.6612,9.5,982.5
S1,cap16/group_moderate,dp,11,0.0019756,0,33913.7,21.2418,7.1,1024.8
S1,cap16/group_moderate,dp,12,0.0019687,0.015625,33524.7,20.9803,7.2,985.9
S1,cap16/group_moderate,dp,13,0.0018893,0,33875,21.4641,7.3,984.5
S1,cap16/group_moderate,dp,14,0.0019412,0,32969.3,21.8672,7.5,1004.6
S1,cap16/group_moderate,dp,15,0.0019009,0,35772.5,20.3059,7.2,974
S1,cap16/group_moderate,dp,16,0.0019344,0.015625,34119.1,21.3924,7.1,1019.4
S1,cap16/group_moderate,dp,17,0.0019203,0,33848.9,21.4123,7,1005.8
S1,cap16/group_moderate,dp,18,0.0018899,0,35451.6,20.7881,7.8,980.2
S1,cap16/group_moderate,dp,19,0.0026902,0,23790.1,31.9266,7.1,1661
S1,cap16/group_moderate,dp,20,0.0033057,0,19965.5,36.5924,12.2,1754.1
S1,cap16/group_moderate,fifo_chunk,1,0.0017055,0,41043.7,15.1971,38.1,530.5
S1,cap16/group_moderate,fifo_chunk,2,0.0012568,0,57288.4,7.55,32.2,119.4
S1,cap16/group_moderate,fifo_chunk,3,0.0012346,0,58318.5,7.67222,32.6,123.6
S1,cap16/group_moderate,fifo_chunk,4,0.0011207,0,62461,7.36143,32.4,104.8
S1,cap16/group_moderate,fifo_chunk,5,0.0011758,0,59533.9,7.27857,31.8,103.7
S1,cap16/group_moderate,fifo_chunk,6,0.0013876,0,49726.1,8.97681,42.8,117.4
S1,cap16/group_moderate,fifo_chunk,7,0.0011838,0,59976.3,8.16761,32.8,158
S1,cap16/group_moderate,fifo_chunk,8,0.0012623,0,57038.7,8.075,32.8,120
S1,cap16/group_moderate,fifo_chunk,9,0.0011244,0,63144.8,7.38028,36.7,102.2
S1,cap16/group_moderate,fifo_chunk,10,0.0012532,0,57452.9,8.44444,32.6,180
S1,cap16/group_moderate,fifo_chunk,11,0.0044658,0,15898.6,20.4803,96.8,123.5
S1,cap16/group_moderate,fifo_chunk,12,0.0017171,0.015625,41931.2,14.7125,41,515.8
S1,cap16/group_moderate,fifo_chunk,13,0.0023211,0,30158.1,15.12,50.6,475.6
S1,cap16/group_moderate,fifo_chunk,14,0.0016689,0,43142.2,8.625,35.1,143.2
S1,cap16/group_moderate,fifo_chunk,15,0.0013158,0,54719.6,8.11528,37.5,108.9
S1,cap16/group_moderate,fifo_chunk,16,0.0011828,0,60027.1,7.43944,33.4,108.3
S1,cap16/group_moderate,fifo_chunk,17,0.0011303,0,62815.2,7.39577,31.5,107
S1,cap16/group_moderate,fifo_chunk,18,0.0011817,0,60929.2,7.9625,31.5,159.3
S1,cap16/group_moderate,fifo_chunk,19,0.0018113,0,39198.4,11.5873,46.1,115
S1,cap16/group_moderate,fifo_chunk,20,0.0010963,0,63851.1,7.20857,31.5,101.7
S1,cap16/group_moderate,oracle_dp,1,0.0026023,0,25746.5,21.8015,9.1,1014
S1,cap16/group_moderate,oracle_dp,2,0.0066225,0.015625,10117,20.8373,7.5,980.5
S1,cap16/group_moderate,oracle_dp,3,0.0024781,0,27036.8,21.6507,7.5,1026.9
S1,cap16/group_moderate,oracle_dp,4,0.0019038,0,35192.8,20.109,7.5,988.7
S1,cap16/group_moderate,oracle_dp,5,0.0020236,0,33109.3,21.6254,7.4,1035.7
S1,cap16/group_moderate,oracle_dp,6,0.0019987,0,33521.8,21.0239,8.3,1026.7
S1,cap16/group_moderate,oracle_dp,7,0.0020781,0.015625,32241,22.4149,7.4,1035
S1,cap16/group_moderate,oracle_dp,8,0.0018904,0,34913.2,20.6561,7.4,967.3
S1,cap16/group_moderate,oracle_dp,9,0.0019385,0,34562.8,20.6493,7.4,975.6
S1,cap16/group_moderate,oracle_dp,10,0.0022717,0,29493.3,21.3821,30.4,978.2
S1,cap16/group_moderate,oracle_dp,11,0.0020448,0,33744.1,20.2,7.4,1012.3
S1,cap16/group_moderate,oracle_dp,12,0.0019144,0,34997.9,20.6343,7.2,986
S1,cap16/group_moderate,oracle_dp,13,0.0068049,0,9551.94,21.6277,8.2,973.8
S1,cap16/group_moderate,oracle_dp,14,0.0024926,0,26879.6,25.2791,27.7,1120.6
S1,cap16/group_moderate,oracle_dp,15,0.0020408,0,31850.3,21.2938,7.2,991.9
S1,cap16/group_moderate,oracle_dp,16,0.001947,0.015625,33384.7,21.4492,7.3,999.4
S1,cap16/group_moderate,oracle_dp,17,0.0019946,0,33089.3,20.6606,7.3,972.2
S1,cap16/group_moderate,oracle_dp,18,0.0019073,0,35128.2,20.503,7.3,970.1
S1,cap16/group_moderate,oracle_dp,19,0.0020184,0,32699.2,21.2848,7.6,997.1
S1,cap16/group_moderate,oracle_dp,20,0.0019953,0,34080.1,20.4765,7.5,971.4
S1,cap16/group_moderate,reference,1,0.0011365,0,58073,8.0697,7.3,132.7
S1,cap16/group_moderate,reference,2,0.0012435,0,54684.4,9.375,7.2,234.7
S1,cap16/group_moderate,reference,3,0.0010456,0,64078,7.80896,7.1,124.4
S1,cap16/group_moderate,reference,4,0.0010876,0,59764.6,7.80923,7.1,121.4
S1,cap16/group_moderate,reference,5,0.0011079,0,58669.6,7.93692,7.1,126
S1,cap16/group_moderate,reference,6,0.0012129,0,53590.6,8.92154,9.6,120.3
S1,cap16/group_moderate,reference,7,0.0010417,0,62398,7.98,7.2,131.7
S1,cap16/group_moderate,reference,8,0.001046,0.015625,63097.5,7.99242,7.4,123.4
S1,cap16/group_moderate,reference,9,0.0011459,0,58469.3,7.94179,7.4,131.3
S1,cap16/group_moderate,reference,10,0.0010737,0,59607,7.99219,7.6,121.6
S1,cap16/group_moderate,reference,11,0.0015095,0,44385.6,10.0567,22.1,142.6
S1,cap16/group_moderate,reference,12,0.0010783,0,63062.2,7.90735,7.4,127.2
S1,cap16/group_moderate,reference,13,0.0011144,0,58327.4,8.08769,7.2,139.6
S1,cap16/group_moderate,reference,14,0.0011279,0,59402.4,7.97164,7.4,124.1
S1,cap16/group_moderate,reference,15,0.0010959,0,60224.5,8.68182,7.3,124.2
S1,cap16/group_moderate,reference,16,0.0010622,0,63076.6,7.92985,7.2,134.1
S1,cap16/group_moderate,reference,17,0.0011312,0.015625,57461.1,7.96923,7.2,130.2
S1,cap16/group_moderate,reference,18,0.0010912,0,61400.3,7.80149,7.4,118.2
S1,cap16/group_moderate,reference,19,0.0010141,0,65082.3,7.74848,7,123.4
S1,cap16/group_moderate,reference,20,0.0011754,0,56151.1,8.33182,9.4,128.5
S1,cap16/group_moderate,sorted_chunk,1,0.0018401,0,43475.9,10.9462,47.8,120
S1,cap16/group_moderate,sorted_chunk,2,0.0017094,0,46800,11.0162,51.3,114.5
S1,cap16/group_moderate,sorted_chunk,3,0.0015724,0,50877.6,9.96125,47.1,105.7
S1,cap16/group_moderate,sorted_chunk,4,0.0015699,0,50958.7,9.98875,46.2,102
S1,cap16/group_moderate,sorted_chunk,5,0.0015729,0,50225.7,10.1152,51.8,102
S1,cap16/group_moderate,sorted_chunk,6,0.001802,0,44395.1,10.3688,47.8,121.3
S1,cap16/group_moderate,sorted_chunk,7,0.0018154,0.015625,43516.6,11.7975,62.7,108.4
S1,cap16/group_moderate,sorted_chunk,8,0.0016356,0,48911.7,10.71,45.2,158.1
S1,cap16/group_moderate,sorted_chunk,9,0.0016613,0,48155.1,10.2275,48.2,104.3
S1,cap16/group_moderate,sorted_chunk,10,0.0015747,0,50803.3,9.94125,46.6,103
S1,cap16/group_moderate,sorted_chunk,11,0.0016831,0,47531.3,11.0038,47.5,118.3
S1,cap16/group_moderate,sorted_chunk,12,0.0016716,0.015625,47858.3,10.4388,49.6,114.3
S1,cap16/group_moderate,sorted_chunk,13,0.0015592,0,50025.7,10.0962,53.1,103.7
S1,cap16/group_moderate,sorted_chunk,14,0.0016929,0,47256.2,10.9225,53.4,110
S1,cap16/group_moderate,sorted_chunk,15,0.0020132,0,39737.7,13.45,54.8,256.2
S1,cap16/group_moderate,sorted_chunk,16,0.0016699,0.015625,47907.1,10.9537,54.6,109.2
S1,cap16/group_moderate,sorted_chunk,17,0.001544,0,51165.8,9.90253,52.5,99.8
S1,cap16/group_moderate,sorted_chunk,18,0.0016535,0,48382.2,10.7212,50.5,116.2
S1,cap16/group_moderate,sorted_chunk,19,0.0016554,0,47722.6,10.162,50.3,106.3
S1,cap16/group_moderate,sorted_chunk,20,0.0026477,0,29459.5,17.291,86.8,181.8
S1,cap16/none,dp,1,0.0019119,0,34520.6,20.9955,7.3,990.1
S1,cap16/none,dp,2,0.0020092,0,33844.3,20.5912,7.9,989.8
S1,cap16/none,dp,3,0.0019756,0,33913.7,20.7343,7.3,984
S1,cap16/none,dp,4,0.0019153,0,33937.2,21.0723,7,988.3
S1,cap16/none,dp,5,0.0021624,0,30059.2,22.5969,27.2,990.9
S1,cap16/none,dp,6,0.00192,0,33854.2,21.3292,7.2,995.7
S1,cap16/none,dp,7,0.0021111,0,30789.6,22.8123,9.1,1062.8
S1,cap16/none,dp,8,0.0019909,0,33150.8,20.9015,7.4,989
S1,cap16/none,dp,9,0.0019676,0.015625,34051.6,20.5015,7.3,970.3
S1,cap16/none,dp,10,0.0019663,0,32548.4,21.6047,7.5,989.2
S1,cap16/none,dp,11,0.0022302,0,30042.1,23.494,7.2,1167.5
S1,cap16/none,dp,12,0.0021435,0,31723.8,21.1074,10.5,977.3
S1,cap16/none,dp,13,0.0019541,0,33263.4,21.6477,7.6,1005.7
S1,cap16/none,dp,14,0.0022247,0.015625,30116.4,22.3433,9.7,998.6
S1,cap16/none,dp,15,0.0020467,0,32247,21.5394,7.7,1009.9
S1,cap16/none,dp,16,0.0020341,0,32938.4,21.0731,9.4,979.6
S1,cap16/none,dp,17,0.0019544,0,33258.3,21.6,7.8,1003.6
S1,cap16/none,dp,18,0.0020158,0.015625,33237.4,21.2015,7.4,1018
S1,cap16/none,dp,19,0.002252,0,29307.3,21.6485,11.8,996.5
S1,cap16/none,dp,20,0.0018983,0,34767.9,20.6742,7.1,969.8
S1,cap16/none,fifo_chunk,1,0.0011461,0,61076.7,7.57571,32.1,105.8
S1,cap16/none,fifo_chunk,2,0.0012414,0,57999,7.44306,31.8,106.9
S1,cap16/none,fifo_chunk,3,0.0011589,0,62127.9,7.36944,33.1,111.2
S1,cap16/none,fifo_chunk,4,0.0012685,0,55183.3,7.71714,34.6,114
S1,cap16/none,fifo_chunk,5,0.0012235,0,57212.9,7.49286,32.9,112
S1,cap16/none,fifo_chunk,6,0.0013179,0,52356,9.02609,37,100.4
S1,cap16/none,fifo_chunk,7,0.0013305,0,53363.4,8.26901,31.8,108.3
S1,cap16/none,fifo_chunk,8,0.0011893,0,60539.8,7.76111,33.1,118.5
S1,cap16/none,fifo_chunk,9,0.0012492,0,56836.4,8.54085,39.8,115.4
S1,cap16/none,fifo_chunk,10,0.0011941,0,60296.5,7.27917,31.7,104.7
S1,cap16/none,fifo_chunk,11,0.0022138,0,32071.6,14.7352,66,128.8
S1,cap16/none,fifo_chunk,12,0.0028985,0,24840.4,15.3764,78.1,265.7
S1,cap16/none,fifo_chunk,13,0.0011869,0,58977.2,7.70857,32.9,115.1
S1,cap16/none,fifo_chunk,14,0.0012262,0.015625,58718,8.33889,38.7,111.2
S1,cap16/none,fifo_chunk,15,0.0019545,0,36838.1,13.1111,62.7,176.5
S1,cap16/none,fifo_chunk,16,0.0012773,0,55586,7.82676,32.2,115.8
S1,cap16/none,fifo_chunk,17,0.0011871,0,59809.6,7.34085,31.7,104.3
S1,cap16/none,fifo_chunk,18,0.0012152,0,59249.5,7.40417,32,104.8
S1,cap16/none,fifo_chunk,19,0.0011962,0,59354.6,7.95352,32.2,114.4
S1,cap16/none,fifo_chunk,20,0.0012413,0,56392.5,7.56857,31.9,120.4
S1,cap16/none,oracle_dp,1,0.0019456,0,34436.7,20.9299,8.1,982.3
S1,cap16/none,oracle_dp,2,0.0020351,0,32922.2,21.1328,7.3,1012.3
S1,cap16/none,oracle_dp,3,0.0019273,0,34763.7,20.6194,7.5,961.7
S1,cap16/none,oracle_dp,4,0.0020381,0,32873.8,20.1716,9.3,969.1
S1,cap16/none,oracle_dp,5,0.0019537,0,34293.9,20.6881,7.7,976.4
S1,cap16/none,oracle_dp,6,0.0019019,0,35227.9,19.9134,7.4,971
S1,cap16/none,oracle_dp,7,0.0022425,0,29877.4,23.306,7.3,1103.7
S1,cap16/none,oracle_dp,8,0.0022804,0.015625,28942.3,22.3424,7.4,1075
S1,cap16/none,oracle_dp,9,0.0018947,0.015625,35361.8,20.4015,7.2,962.5
S1,cap16/none,oracle_dp,10,0.0018686,0,35855.7,19.8045,7.2,960.9
S1,cap16/none,oracle_dp,11,0.0021329,0,32350.3,21.371,7.3,1094.8
S1,cap16/none,oracle_dp,12,0.002543,0,26346.8,24.7358,11.3,990.1
S1,cap16/none,oracle_dp,13,0.0034631,0.015625,18769.3,37.5354,12.2,1775.3
S1,cap16/none,oracle_dp,14,0.0020234,0,33112.6,21.3731,12.9,985
S1,cap16/none,oracle_dp,15,0.0026735,0,24312.7,30.52,7.5,1585.9
S1,cap16/none,oracle_dp,16,0.0020858,0,31163.1,21.2385,7.7,982.5
S1,cap16/none,oracle_dp,17,0.0020777,0,31765.9,21.4212,7.5,1002.5
S1,cap16/none,oracle_dp,18,0.0020076,0.015625,33373.2,21.6776,7.4,1041.8
S1,cap16/none,oracle_dp,19,0.0022349,0,29531.5,24.2545,7.2,1202.3
S1,cap16/none,oracle_dp,20,0.0019999,0,34001.7,20.675,8.5,962.5
S1,cap16/none,reference,1,0.0015262,0,43244.7,8.10909,7.4,135.7
S1,cap16/none,reference,2,0.0015861,0,42872.5,8.2,8.5,127.2
S1,cap16/none,reference,3,0.0010686,0,62698.9,8.02388,7.4,131.7
S1,cap16/none,reference,4,0.0011799,0,55089.4,8.48308,7.4,158.3
S1,cap16/none,reference,5,0.0019569,0,33215.8,18.8138,78.2,406
S1,cap16/none,reference,6,0.0013796,0,47115.1,9.91692,18.2,127.1
S1,cap16/none,reference,7,0.0010949,0,59366.2,7.89846,7.3,129.9
S1,cap16/none,reference,8,0.0013692,0,48203.3,10.0455,27.6,139
S1,cap16/none,reference,9,0.0011089,0,60420.2,8.1194,7.9,134
S1,cap16/none,reference,10,0.0010461,0,61179.6,8.21562,7.2,142.2
S1,cap16/none,reference,11,0.0011059,0,60584.1,7.93433,7.3,129.3
S1,cap16/none,reference,12,0.0011684,0,58199.2,8.2,7.6,130.3
S1,cap16/none,reference,13,0.0011521,0,56418.7,8.27077,7.6,133.4
S1,cap16/none,reference,14,0.0015775,0,42472.3,8.07313,7.4,135.1
S1,cap16/none,reference,15,0.0016782,0,39327.9,12.3742,12,206.3
S1,cap16/none,reference,16,0.0011988,0,55889.2,9.27761,11.2,169.5
S1,cap16/none,reference,17,0.0012098,0,53727.9,8.79538,16,123.3
S1,cap16/none,reference,18,0.0010693,0,62657.8,8.01045,7.3,135.7
S1,cap16/none,reference,19,0.0010931,0,60378.7,8.47576,7.7,128.1
S1,cap16/none,reference,20,0.0043629,0,15127.6,27.3712,104.7,324.1
S1,cap16/none,sorted_chunk,1,0.001137,0,61565.5,7.54143,34.2,107.6
S1,cap16/none,sorted_chunk,2,0.0012823,0,56149.1,7.90556,34.6,123.1
S1,cap16/none,sorted_chunk,3,0.0011395,0,63185.6,7.40833,32.5,112.2
S1,cap16/none,sorted_chunk,4,0.0017826,0.015625,39268.5,11.5057,41.8,180.4
S1,cap16/none,sorted_chunk,5,0.0011124,0,62927,7.40143,32.6,108.7
S1,cap16/none,sorted_chunk,6,0.0017623,0,39153.4,8.22319,36,121.8
S1,cap16/none,sorted_chunk,7,0.0014699,0,48302.6,10.693,72.9,128.9
S1,cap16/none,sorted_chunk,8,0.0011674,0,61675.5,7.49722,32.5,116.5
S1,cap16/none,sorted_chunk,9,0.0011355,0.015625,62527.5,7.44085,32.4,108.9
S1,cap16/none,sorted_chunk,10,0.0011555,0,62310.7,7.5875,32.6,118.9
S1,cap16/none,sorted_chunk,11,0.0016425,0,43226.8,9.85775,49.4,109.8
S1,cap16/none,sorted_chunk,12,0.0011842,0,60800.5,7.64167,33,115.9
S1,cap16/none,sorted_chunk,13,0.0020385,0,34339,12.7871,53.6,193.4
S1,cap16/none,sorted_chunk,14,0.0018896,0.015625,38103.3,12.2486,51.9,183
S1,cap16/none,sorted_chunk,15,0.0024971,0,28833.4,15.0486,76.9,122.8
S1,cap16/none,sorted_chunk,16,0.0011313,0,62759.7,7.47887,32.6,111.9
S1,cap16/none,sorted_chunk,17,0.0011249,0,63116.7,7.46479,32.8,109.1
S1,cap16/none,sorted_chunk,18,0.0013385,0.015625,53791.6,8.14583,36.9,119.5
S1,cap16/none,sorted_chunk,19,0.0011933,0,59498.9,8.05915,33,116.6
S1,cap16/none,sorted_chunk,20,0.0011584,0,60428.2,7.69571,32.8,126.8
S1,cap8/group_exact,dp,1,0.0023987,0,29182.5,23.4914,152.5,619.8
S1,cap8/group_exact,dp,2,0.0022187,0.015625,32451.4,22.0153,137.9,599.5
S1,cap8/group_exact,dp,3,0.0022478,0,32031.3,22.1556,148.7,593.7
S1,cap8/group_exact,dp,4,0.0022957,0,30491.8,23.4986,136.4,607.4
S1,cap8/group_exact,dp,5,0.0032468,0,21559.7,32.1214,216,626.1
S1,cap8/group_exact,dp,6,0.0037441,0.015625,18696.1,37.2614,235.7,984.8
S1,cap8/group_exact,dp,7,0.0039496,0,18229.7,39.9014,244,1031.6
S1,cap8/group_exact,dp,8,0.0028549,0,25219.8,25.6569,142.5,589.4
S1,cap8/group_exact,dp,9,0.0025474,0,27871.6,26.0324,137.3,700.2
S1,cap8/group_exact,dp,10,0.0021771,0,32612.2,22.0563,148.9,586.2
S1,cap8/group_exact,dp,11,0.0025744,0,27579.2,24.1268,187.1,590.3
S1,cap8/group_exact,dp,12,0.0021563,0,33390.5,21.5694,134.2,584.4
S1,cap8/group_exact,dp,13,0.0021945,0,31897.9,22.4343,137.9,578
S1,cap8/group_exact,dp,14,0.0022131,0.015625,32533.5,21.9653,151.2,592.6
S1,cap8/group_exact,dp,15,0.0022558,0,31917.7,21.5472,136.1,585.8
S1,cap8/group_exact,dp,16,0.0022232,0,31935.9,22.4268,138.7,592.8
S1,cap8/group_exact,dp,17,0.0024948,0,28058.4,25.5257,142.3,739.4
S1,cap8/group_exact,dp,18,0.0022027,0,32687.2,21.5819,138.6,582.8
S1,cap8/group_exact,dp,19,0.0022109,0.015625,32565.9,21.9458,135.4,623
S1,cap8/group_exact,dp,20,0.0022322,0,31359.2,23.17,154.4,581.4
S1,cap8/group_exact,fifo_chunk,1,0.0012027,0,58202.4,7.92143,32.4,118.4
S1,cap8/group_exact,fifo_chunk,2,0.0017296,0,41628.1,10.6694,49.2,168
S1,cap8/group_exact,fifo_chunk,3,0.0012715,0.015625,56626,7.81528,39.2,115.9
S1,cap8/group_exact,fifo_chunk,4,0.0012221,0,57278.5,7.99714,39.6,114.3
S1,cap8/group_exact,fifo_chunk,5,0.0014634,0,47833.8,9.71,32.3,188.8
S1,cap8/group_exact,fifo_chunk,6,0.0019519,0,35350.2,12.2435,52.2,189.7
S1,cap8/group_exact,fifo_chunk,7,0.0012852,0,55244.3,8.42113,35.3,115.3
S1,cap8/group_exact,fifo_chunk,8,0.0011932,0,60341.9,7.67639,36.6,116.4
S1,cap8/group_exact,fifo_chunk,9,0.0020073,0,35370.9,11.7451,52.4,181.9
S1,cap8/group_exact,fifo_chunk,10,0.0018508,0.015625,38902.1,11.8361,51.6,182.2
S1,cap8/group_exact,fifo_chunk,11,0.0012039,0,58975,7.64789,32.3,119
S1,cap8/group_exact,fifo_chunk,12,0.0011868,0,60667.3,7.55417,33.5,113.8
S1,cap8/group_exact,fifo_chunk,13,0.0012327,0,56785.9,8.10286,33.9,138.8
S1,cap8/group_exact,fifo_chunk,14,0.0011802,0,61006.6,7.52917,32.2,114.1
S1,cap8/group_exact,fifo_chunk,15,0.0011751,0,61271.4,7.53333,32.1,115
S1,cap8/group_exact,fifo_chunk,16,0.0012317,0,57643.9,7.59155,32.8,109.3
S1,cap8/group_exact,fifo_chunk,17,0.0013311,0,53339.3,8.37887,34.7,109.6
S1,cap8/group_exact,fifo_chunk,18,0.0012055,0,59726.3,7.63194,32,122
S1,cap8/group_exact,fifo_chunk,19,0.0012689,0,55954,7.98169,32.3,112.4
S1,cap8/group_exact,fifo_chunk,20,0.0011557,0,60569.4,7.50286,32.7,114.2
S1,cap8/group_exact,oracle_dp,1,0.0022957,0,31363,22.0847,132.8,579.5
S1,cap8/group_exact,oracle_dp,2,0.0036021,0.015625,19710.7,36.7634,220.2,952.9
S1,cap8/group_exact,oracle_dp,3,0.0023306,0,30464.3,23.2831,137.1,677.4
S1,cap8/group_exact,oracle_dp,4,0.0023263,0,30520.6,22.1479,134.8,573.8
S1,cap8/group_exact,oracle_dp,5,0.0036621,0,19114.7,38.2071,203.4,1082.2
S1,cap8/group_exact,oracle_dp,6,0.0031239,0.015625,22728,32.6437,172.4,972.7
S1,cap8/group_exact,oracle_dp,7,0.0037025,0,18636.1,38.5058,224.8,998.7
S1,cap8/group_exact,oracle_dp,8,0.0030608,0,23196.5,31.2704,138.8,1165
S1,cap8/group_exact,oracle_dp,9,0.0022745,0,31655.3,21.275,129.6,588.6
S1,cap8/group_exact,oracle_dp,10,0.0022139,0,32070.1,21.9056,132.1,582.2
S1,cap8/group_exact,oracle_dp,11,0.0022094,0,32588,21.4389,138.8,567
S1,cap8/group_exact,oracle_dp,12,0.0022667,0,31764.2,21.9278,130.6,594.1
S1,cap8/group_exact,oracle_dp,13,0.0022733,0,31232.1,21.7239,132.5,590.6
S1,cap8/group_exact,oracle_dp,14,0.0021393,0,33655.9,21.1583,126.6,595.8
S1,cap8/group_exact,oracle_dp,15,0.002223,0,31489,21.8343,140.8,569.3
S1,cap8/group_exact,oracle_dp,16,0.0021878,0,31081.5,22.7838,131.8,580.1
S1,cap8/group_exact,oracle_dp,17,0.0024296,0,29222.9,23.0042,129.7,642.2
S1,cap8/group_exact,oracle_dp,18,0.002262,0,31388.2,22.8127,135.4,586.2
S1,cap8/group_exact,oracle_dp,19,0.0021161,0,33079.7,21.3629,129.3,578.3
S1,cap8/group_exact,oracle_dp,20,0.0022525,0,31964.5,21.2833,134.9,579.6
S1,cap8/group_exact,reference,1,0.001335,0,52434.5,8.05714,33.6,124.6
S1,cap8/group_exact,reference,2,0.0015754,0,45702.7,9.97639,41.1,127.2
S1,cap8/group_exact,reference,3,0.0016793,0,42875,10.1694,43.4,153.7
S1,cap8/group_exact,reference,4,0.0014167,0,49410.6,8.73,45,118.2
S1,cap8/group_exact,reference,5,0.0012923,0,54167,7.83857,33.7,115.5
S1,cap8/group_exact,reference,6,0.0019115,0,36097.3,11.9826,49.7,182.4
S1,cap8/group_exact,reference,7,0.002052,0.015625,34600.4,12.9183,51.8,191.9
S1,cap8/group_exact,reference,8,0.001672,0,43062.2,10.0903,48,115.1
S1,cap8/group_exact,reference,9,0.0023784,0,29852,10.4225,33.4,260.9
S1,cap8/group_exact,reference,10,0.0012813,0,56192.9,7.72361,31.6,118.7
S1,cap8/group_exact,reference,11,0.0012734,0,55756.2,7.81549,33.1,119.5
S1,cap8/group_exact,reference,12,0.0012363,0,58238.3,7.63889,32.8,112.3
S1,cap8/group_exact,reference,13,0.0012327,0,56785.9,7.58429,32.5,111.4
S1,cap8/group_exact,reference,14,0.0016641,0,43266.6,7.62778,33.8,114.4
S1,cap8/group_exact,reference,15,0.0012325,0.015625,58417.8,7.52083,33.3,112.3
S1,cap8/group_exact,reference,16,0.0012153,0,58421.8,7.47042,31.7,108.6
S1,cap8/group_exact,reference,17,0.0011691,0,60730.5,7.66197,32.5,118.4
S1,cap8/group_exact,reference,18,0.0011855,0,60733.9,7.55278,34.1,118.1
S1,cap8/group_exact,reference,19,0.0013083,0,54268.9,8.23662,32.8,124.1
S1,cap8/group_exact,reference,20,0.0011512,0,60806.1,7.62,32.4,118.1
S1,cap8/group_exact,sorted_chunk,1,0.0017834,0,44858.1,11.895,56.6,128.9
S1,cap8/group_exact,sorted_chunk,2,0.0016371,0,48866.9,10.3238,47,117
S1,cap8/group_exact,sorted_chunk,3,0.0016947,0,47206,10.9825,53.7,111.4
S1,cap8/group_exact,sorted_chunk,4,0.0021098,0,37918.3,10.2413,46.6,119.6
S1,cap8/group_exact,sorted_chunk,5,0.0023788,0,33210,15.1633,69.8,130.5
S1,cap8/group_exact,sorted_chunk,6,0.0027082,0,29539.9,17.615,83.9,181.6
S1,cap8/group_exact,sorted_chunk,7,0.0017204,0,46500.8,11.315,53.2,118
S1,cap8/group_exact,sorted_chunk,8,0.0023937,0,33421.1,14.9637,69.7,171.5
S1,cap8/group_exact,sorted_chunk,9,0.0017833,0,44860.7,11.35,48.2,173.7
S1,cap8/group_exact,sorted_chunk,10,0.0017952,0,44006.2,11.957,56.2,191
S1,cap8/group_exact,sorted_chunk,11,0.0017047,0,46929.1,11.0687,54.8,116.5
S1,cap8/group_exact,sorted_chunk,12,0.0017085,0,46824.7,11.1375,55.4,115.2
S1,cap8/group_exact,sorted_chunk,13,0.0017359,0,44933.5,11.7436,56.7,131.9
S1,cap8/group_exact,sorted_chunk,14,0.0018833,0,42478.6,12.465,62.5,122.8
S1,cap8/group_exact,sorted_chunk,15,0.0015717,0,50900.3,9.98375,48.8,106
S1,cap8/group_exact,sorted_chunk,16,0.0016739,0,47792.6,10.81,48.4,131
S1,cap8/group_exact,sorted_chunk,17,0.0018041,0,43789.1,12.0456,64.1,146.4
S1,cap8/group_exact,sorted_chunk,18,0.0016014,0,49956.3,9.9175,44.8,112.2
S1,cap8/group_exact,sorted_chunk,19,0.0017334,0,46152.1,11.3912,57.3,115.7
S1,cap8/group_exact,sorted_chunk,20,0.0017103,0,45606,11.4359,59.2,115.2
S1,cap8/group_moderate,dp,1,0.0022691,0,30849.2,22.2457,137.7,593.1
S1,cap8/group_moderate,dp,2,0.0021882,0.015625,32903.8,21.5583,135.3,590.1
S1,cap8/group_moderate,dp,3,0.0023912,0,30110.4,22.4236,147.2,602.3
S1,cap8/group_moderate,dp,4,0.002661,0,26305.9,27.8643,135.3,799
S1,cap8/group_moderate,dp,5,0.0021476,0,32594.5,21.8529,133.1,580
S1,cap8/group_moderate,dp,6,0.0026257,0,26659.6,22.16,135.7,592.5
S1,cap8/group_moderate,dp,7,0.0022501,0,31554.2,21.7507,138.1,584.2
S1,cap8/group_moderate,dp,8,0.0022429,0,32101.3,21.6583,143.1,590.3
S1,cap8/group_moderate,dp,9,0.0025515,0,27826.8,24.9408,142.2,581.4
S1,cap8/group_moderate,dp,10,0.0022998,0,30872.2,23.1704,135.7,605.3
S1,cap8/group_moderate,dp,11,0.0022778,0,31170.4,23.0366,136.1,663.3
S1,cap8/group_moderate,dp,12,0.0022448,0,32074.1,22.1472,139.4,604.9
S1,cap8/group_moderate,dp,13,0.0024097,0,29049.3,25.1071,136.2,773.1
S1,cap8/group_moderate,dp,14,0.0024235,0,29709.1,24.6472,133.4,576.9
S1,cap8/group_moderate,dp,15,0.0042781,0.015625,16829.9,39.1903,249,1062.8
S1,cap8/group_moderate,dp,16,0.0022296,0,31844.3,22.1394,137.5,611.9
S1,cap8/group_moderate,dp,17,0.003538,0,20067.8,36.0761,177.9,1007.5
S1,cap8/group_moderate,dp,18,0.00413,0.015625,17433.4,40.9486,240.4,895.8
S1,cap8/group_moderate,dp,19,0.0032029,0,22479.6,31.0417,206.3,895.8
S1,cap8/group_moderate,dp,20,0.002379,0,29424.1,24.0586,181.5,604.2
S1,cap8/group_moderate,fifo_chunk,1,0.0011402,0,61392.7,7.55286,31.4,118.5
S1,cap8/group_moderate,fifo_chunk,2,0.001174,0,61328.8,7.5375,32.9,117.4
S1,cap8/group_moderate,fifo_chunk,3,0.0012339,0.015625,58351.6,7.4875,34.5,114
S1,cap8/group_moderate,fifo_chunk,4,0.0013145,0,53252.2,7.94143,39.6,116.3
S1,cap8/group_moderate,fifo_chunk,5,0.0012968,0,53979,8.15714,42,116.6
S1,cap8/group_moderate,fifo_chunk,6,0.0011358,0,60750.1,7.51449,32.1,109.3
S1,cap8/group_moderate,fifo_chunk,7,0.0012533,0,56650.4,8.51408,32.1,177.3
S1,cap8/group_moderate,fifo_chunk,8,0.0012235,0,58847.6,7.3125,31,109.1
S1,cap8/group_moderate,fifo_chunk,9,0.0011631,0,61043.8,7.51831,32,113.1
S1,cap8/group_moderate,fifo_chunk,10,0.0016472,0,43710.5,7.4875,34.2,113
S1,cap8/group_moderate,fifo_chunk,11,0.001252,0,56709.3,7.57606,33.1,112.7
S1,cap8/group_moderate,fifo_chunk,12,0.0013243,0,54368.3,8.24722,36.3,116
S1,cap8/group_moderate,fifo_chunk,13,0.0012737,0,54958,8.26714,31.8,162.2
S1,cap8/group_moderate,fifo_chunk,14,0.0013375,0,53831.8,7.76667,33.2,115.8
S1,cap8/group_moderate,fifo_chunk,15,0.0011668,0,61707.2,7.4875,32.2,113.7
S1,cap8/group_moderate,fifo_chunk,16,0.0019233,0,36915.7,11.5704,52.6,132.3
S1,cap8/group_moderate,fifo_chunk,17,0.0025651,0,27679.2,16.7352,72.1,247.4
S1,cap8/group_moderate,fifo_chunk,18,0.0026356,0,27318.3,14.7056,64.5,234.6
S1,cap8/group_moderate,fifo_chunk,19,0.0016162,0.015625,43930.2,10.3606,42.5,163.7
S1,cap8/group_moderate,fifo_chunk,20,0.0015354,0,45590.7,9.74286,39.4,166
S1,cap8/group_moderate,oracle_dp,1,0.002439,0,29520.3,22.3639,131.9,599.7
S1,cap8/group_moderate,oracle_dp,2,0.0022937,0.015625,30954.4,22.0014,131.2,582
S1,cap8/group_moderate,oracle_dp,3,0.0032837,0,21622,34.0437,136,1330.9
S1,cap8/group_moderate,oracle_dp,4,0.0027245,0,26059.8,28.4704,138.7,1062.7
S1,cap8/group_moderate,oracle_dp,5,0.0022989,0,30449.3,22.3614,136.3,588.2
S1,cap8/group_moderate,oracle_dp,6,0.0021875,0,32457.1,21.6169,131,577.1
S1,cap8/group_moderate,oracle_dp,7,0.002132,0.015625,32364,22.0681,132.7,567
S1,cap8/group_moderate,oracle_dp,8,0.0021333,0,33281.8,21.1676,133.4,575.6
S1,cap8/group_moderate,oracle_dp,9,0.0023326,0,30866.8,22.7069,129,565.7
S1,cap8/group_moderate,oracle_dp,10,0.0026655,0,26636.7,27.0113,135,951.2
S1,cap8/group_moderate,oracle_dp,11,0.0021878,0,32909.8,20.8667,136.1,572.3
S1,cap8/group_moderate,oracle_dp,12,0.0023698,0,30382.3,23.0278,144.3,608.7
S1,cap8/group_moderate,oracle_dp,13,0.0022236,0,31930.2,21.3549,131.8,582.1
S1,cap8/group_moderate,oracle_dp,14,0.0025837,0,27867,26.0944,147.9,873.1
S1,cap8/group_moderate,oracle_dp,15,0.0033694,0.015625,20775.2,34.1943,228.2,748.9
S1,cap8/group_moderate,oracle_dp,16,0.0033245,0,20454.2,34.9265,184.3,935.8
S1,cap8/group_moderate,oracle_dp,17,0.0034898,0,20345,33.1225,194.9,794.1
S1,cap8/group_moderate,oracle_dp,18,0.003183,0,22306,28.3535,240.8,632
S1,cap8/group_moderate,oracle_dp,19,0.0034021,0,20575.5,37.8957,151.2,1686.9
S1,cap8/group_moderate,oracle_dp,20,0.0022705,0,31711.1,22.2694,133.3,631.2
S1,cap8/group_moderate,reference,1,0.0011545,0,60632.3,7.54,32.4,112
S1,cap8/group_moderate,reference,2,0.0012179,0,59118.2,7.45694,32.6,111.4
S1,cap8/group_moderate,reference,3,0.0012631,0.015625,57002.6,7.64722,34.2,117.3
S1,cap8/group_moderate,reference,4,0.0011795,0,59347.2,7.68143,33.7,116.8
S1,cap8/group_moderate,reference,5,0.001295,0,54054.1,7.89714,31.9,127.9
S1,cap8/group_moderate,reference,6,0.0012314,0,56033.8,8.65217,32.7,178
S1,cap8/group_moderate,reference,7,0.0012267,0,57878.9,7.50704,31.8,109.5
S1,cap8/group_moderate,reference,8,0.0011689,0,61596.4,7.38611,31.8,116.1
S1,cap8/group_moderate,reference,9,0.0011494,0,61771.4,7.64085,40.1,109.2
S1,cap8/group_moderate,reference,10,0.001741,0,41355.5,10.55,34.7,176.5
S1,cap8/group_moderate,reference,11,0.0011658,0,60902.4,7.65211,32.5,114.9
S1,cap8/group_moderate,reference,12,0.0011639,0.015625,61861,7.45972,33.2,111.8
S1,cap8/group_moderate,reference,13,0.0012449,0,56229.4,7.67143,32.9,118.8
S1,cap8/group_moderate,reference,14,0.0011607,0,62031.5,7.44583,32.1,114.6
S1,cap8/group_moderate,reference,15,0.0011673,0,61680.8,7.44722,31.6,115.6
S1,cap8/group_moderate,reference,16,0.001752,0,40525.1,10.6394,51.9,188.4
S1,cap8/group_moderate,reference,17,0.0028931,0,24541.1,17.1,68.5,226.9
S1,cap8/group_moderate,reference,18,0.0019488,0,36945.8,12.0486,65.5,160.3
S1,cap8/group_moderate,reference,19,0.0023897,0,29710.8,15.1141,52.8,220.2
S1,cap8/group_moderate,reference,20,0.0017993,0,38904,10.8571,65.7,198.1
S1,cap8/group_moderate,sorted_chunk,1,0.0016458,0,48608.6,10.7387,47.2,112.7
S1,cap8/group_moderate,sorted_chunk,2,0.0016586,0,48233.4,10.645,50.1,113.8
S1,cap8/group_moderate,sorted_chunk,3,0.0016199,0,49385.8,10.1638,48.7,104.5
S1,cap8/group_moderate,sorted_chunk,4,0.0017107,0,46764.5,10.2662,46.4,103.3
S1,cap8/group_moderate,sorted_chunk,5,0.0016951,0,46604.9,10.2443,51.6,119.9
S1,cap8/group_moderate,sorted_chunk,6,0.0015939,0,50191.4,10.1562,47.6,106.3
S1,cap8/group_moderate,sorted_chunk,7,0.0015947,0,49539.1,10.2456,52.1,113.3
S1,cap8/group_moderate,sorted_chunk,8,0.001782,0,44893.4,11.6762,52.8,171
S1,cap8/group_moderate,sorted_chunk,9,0.0015877,0,50387.4,9.99125,46.9,108.4
S1,cap8/group_moderate,sorted_chunk,10,0.0017534,0,45625.6,11.2363,52.5,130.2
S1,cap8/group_moderate,sorted_chunk,11,0.0017278,0.015625,46301.7,10.5188,52.8,122
S1,cap8/group_moderate,sorted_chunk,12,0.0016606,0,48175.4,10.49,47.3,117.2
S1,cap8/group_moderate,sorted_chunk,13,0.0026553,0,29375.2,17.5782,85.8,178
S1,cap8/group_moderate,sorted_chunk,14,0.0022213,0,36014.9,10.6725,49.3,121.8
S1,cap8/group_moderate,sorted_chunk,15,0.0017125,0,46715.3,10.8775,47,111.9
S1,cap8/group_moderate,sorted_chunk,16,0.0023594,0.015625,33906.9,14.1862,77.2,158.8
S1,cap8/group_moderate,sorted_chunk,17,0.0022286,0,35448.3,15.4519,103.8,148.3
S1,cap8/group_moderate,sorted_chunk,18,0.0024815,0,32238.6,16.1638,76.2,202.7
S1,cap8/group_moderate,sorted_chunk,19,0.0028583,0,27638.8,18.2291,100.8,195.5
S1,cap8/group_moderate,sorted_chunk,20,0.0017682,0,44112.7,11.7179,55.6,118.5
S1,cap8/none,dp,1,0.0037571,0,18631.4,41.5057,138.9,1788.2
S1,cap8/none,dp,2,0.0022715,0.015625,31697.1,22.0083,138.7,619.4
S1,cap8/none,dp,3,0.002427,0,29666.3,24.0625,137.2,716.5
S1,cap8/none,dp,4,0.0021981,0,31845.7,21.6643,132.4,573.8
S1,cap8/none,dp,5,0.0021534,0.015625,32506.7,21.7671,136.8,579.9
S1,cap8/none,dp,6,0.0023608,0,29227.4,22.8014,135,575.2
S1,cap8/none,dp,7,0.0022148,0,32057.1,21.5535,135.6,579.4
S1,cap8/none,dp,8,0.0033108,0,21747,36.4417,161.8,1471.2
S1,cap8/none,dp,9,0.0024267,0.015625,29257.8,23.6577,137.1,629.6
S1,cap8/none,dp,10,0.0022169,0,32477.8,21.3264,138,572.1
S1,cap8/none,dp,11,0.0021835,0,32516.6,21.8676,136.8,596.8
S1,cap8/none,dp,12,0.0024043,0,29946.3,23.1306,142.2,665.8
S1,cap8/none,dp,13,0.003492,0.015625,20045.8,34.9914,239.6,805.7
S1,cap8/none,dp,14,0.0022957,0,31363,22.7569,137.2,577.5
S1,cap8/none,dp,15,0.0034381,0,20941.8,34.1569,217.9,851.5
S1,cap8/none,dp,16,0.0022894,0,31012.5,22.969,138.9,669.9
S1,cap8/none,dp,17,0.0022873,0,31041,22.0915,135.5,593.4
S1,cap8/none,dp,18,0.0022929,0.015625,31401.3,22.4056,139.5,617.7
S1,cap8/none,dp,19,0.002545,0,27897.8,24.9549,206.1,610.6
S1,cap8/none,dp,20,0.0027607,0,25355.9,25.7771,169.5,670.7
S1,cap8/none,fifo_chunk,1,0.0021757,0,32173.6,19.8129,34.2,959.2
S1,cap8/none,fifo_chunk,2,0.0029999,0,24000.8,21.0389,35.7,589
S1,cap8/none,fifo_chunk,3,0.0012144,0,59288.5,7.43333,31.8,113.6
S1,cap8/none,fifo_chunk,4,0.0014502,0,48269.2,9.16714,39.5,117.4
S1,cap8/none,fifo_chunk,5,0.001192,0,58724.8,7.81571,38.9,115.3
S1,cap8/none,fifo_chunk,6,0.0012486,0,55261.9,8.28116,32.3,153.8
S1,cap8/none,fifo_chunk,7,0.0012553,0,56560.2,8.48451,31.9,183.9
S1,cap8/none,fifo_chunk,8,0.0014609,0,49284.7,8.52222,36.8,169.7
S1,cap8/none,fifo_chunk,9,0.0012173,0,58325.8,7.50986,32.7,114
S1,cap8/none,fifo_chunk,10,0.0011598,0,62079.7,7.44861,31.6,116.8
S1,cap8/none,fifo_chunk,11,0.0013829,0,51341.4,8.99155,40.3,111.2
S1,cap8/none,fifo_chunk,12,0.001292,0,55727.6,8.01944,38.8,110.1
S1,cap8/none,fifo_chunk,13,0.0012051,0,58086.5,8.14429,32.4,119.5
S1,cap8/none,fifo_chunk,14,0.0012131,0,59352.1,7.67917,32.9,118.1
S1,cap8/none,fifo_chunk,15,0.0016598,0,43378.7,7.43333,32.9,109.9
S1,cap8/none,fifo_chunk,16,0.0018849,0,37667.8,11.5577,49.5,189.1
S1,cap8/none,fifo_chunk,17,0.0012069,0,58828.4,7.82394,32.9,115
S1,cap8/none,fifo_chunk,18,0.0011938,0,60311.6,7.70694,33.2,114.4
S1,cap8/none,fifo_chunk,19,0.0014312,0,49608.7,9.37042,33.8,118.9
S1,cap8/none,fifo_chunk,20,0.0012486,0,56062.8,7.72143,32.6,113.4
S1,cap8/none,oracle_dp,1,0.0026309,0,27367.1,26.2472,133.5,938
S1,cap8/none,oracle_dp,2,0.0021722,0.015625,32685.8,21.5225,131.3,590.7
S1,cap8/none,oracle_dp,3,0.0023665,0,30002.1,22.2606,133.6,581.3
S1,cap8/none,oracle_dp,4,0.0022862,0,31055.9,22.9606,134.8,641.3
S1,cap8/none,oracle_dp,5,0.0022312,0.015625,31373.3,22.5671,133.5,626
S1,cap8/none,oracle_dp,6,0.0022561,0,31470.2,22.593,133.5,580
S1,cap8/none,oracle_dp,7,0.0025707,0,26840.9,24.842,132,621
S1,cap8/none,oracle_dp,8,0.0022028,0,32231.7,21.6296,134,578.7
S1,cap8/none,oracle_dp,9,0.0022605,0.015625,31851.4,21.9222,134.5,631.3
S1,cap8/none,oracle_dp,10,0.0022231,0,31937.4,21.3761,133.2,583.7
S1,cap8/none,oracle_dp,11,0.002099,0,34302,20.6708,127,573.9
S1,cap8/none,oracle_dp,12,0.0025867,0,27834.7,23.65,151.3,591.8
S1,cap8/none,oracle_dp,13,0.0021734,0,32667.7,21.5268,134.2,599.3
S1,cap8/none,oracle_dp,14,0.0037866,0,19014.4,36.8903,220.1,1009.5
S1,cap8/none,oracle_dp,15,0.0036702,0,19072.5,37.6686,226.4,957.7
S1,cap8/none,oracle_dp,16,0.0023531,0,28898,23.7206,131.3,660.4
S1,cap8/none,oracle_dp,17,0.003454,0,20555.9,37.1127,129,1690.2
S1,cap8/none,oracle_dp,18,0.0022681,0.015625,31303.7,22.5972,133.4,571.7
S1,cap8/none,oracle_dp,19,0.0022232,0,31486.1,21.7929,131.6,582.6
S1,cap8/none,oracle_dp,20,0.0022629,0,31817.6,22.2069,132.3,629.3
S1,cap8/none,reference,1,0.002006,0,34895.3,17.17,33.9,765.2
S1,cap8/none,reference,2,0.0014987,0,48041.6,8.68611,32.9,129.6
S1,cap8/none,reference,3,0.001223,0,58871.6,7.55972,32,115.6
S1,cap8/none,reference,4,0.0012852,0,54466.2,7.91143,32,129.2
S1,cap8/none,reference,5,0.0012167,0,57532.7,8.01857,32.8,150.7
S1,cap8/none,reference,6,0.0011965,0,57668.2,8.44928,32.1,172.9
S1,cap8/none,reference,7,0.0012551,0,56569.2,8.42958,32,174.1
S1,cap8/none,reference,8,0.0012285,0,58608.1,7.84028,31.9,118
S1,cap8/none,reference,9,0.0011836,0,59986.5,7.6493,33.3,118.6
S1,cap8/none,reference,10,0.0011793,0,61053.2,7.56667,31.7,119
S1,cap8/none,reference,11,0.001213,0,58532.6,7.47887,32,117.9
S1,cap8/none,reference,12,0.0013365,0,53872.1,8.49028,34.6,115.2
S1,cap8/none,reference,13,0.0012658,0,55301,8.27429,34.2,128.5
S1,cap8/none,reference,14,0.0020236,0,35580.2,12.3028,50.7,182.1
S1,cap8/none,reference,15,0.0018677,0,38550.1,11.9236,49.8,175.8
S1,cap8/none,reference,16,0.0020979,0,33843.4,12.6014,52.9,193.1
S1,cap8/none,reference,17,0.001237,0,57396.9,7.71831,34,122.7
S1,cap8/none,reference,18,0.0012381,0,58153.6,7.4875,32.7,115
S1,cap8/none,reference,19,0.0012957,0,54796.6,9.0662,41.1,119.3
S1,cap8/none,reference,20,0.0013235,0,52890.1,8.16143,34.1,123
S1,cap8/none,sorted_chunk,1,0.0022155,0,31595.6,20.46,33.4,995.7
S1,cap8/none,sorted_chunk,2,0.0012927,0,55697.4,8.59444,33.8,162.6
S1,cap8/none,sorted_chunk,3,0.001146,0,62827.2,7.35833,32.4,109.6
S1,cap8/none,sorted_chunk,4,0.0012006,0,58304.2,7.70714,33.5,119.4
S1,cap8/none,sorted_chunk,5,0.0011803,0,59307,7.74286,33.6,124.9
S1,cap8/none,sorted_chunk,6,0.001364,0,50586.5,9.16957,40.3,123.1
S1,cap8/none,sorted_chunk,7,0.0011382,0,62379.2,7.56761,32.6,113.8
S1,cap8/none,sorted_chunk,8,0.0013127,0,54848.8,8.89028,35.3,132.6
S1,cap8/none,sorted_chunk,9,0.0018005,0.015625,39433.5,15.762,34.4,646.4
S1,cap8/none,sorted_chunk,10,0.0011808,0,60975.6,7.63889,32.7,119.5
S1,cap8/none,sorted_chunk,11,0.0011864,0,59844.9,7.92254,33.1,121.9
S1,cap8/none,sorted_chunk,12,0.0014414,0,49951.4,9.5625,48.6,122.3
S1,cap8/none,sorted_chunk,13,0.0014072,0,49744.2,10.1343,51.3,143.6
S1,cap8/none,sorted_chunk,14,0.0012268,0,58689.3,7.53611,33.9,115.7
S1,cap8/none,sorted_chunk,15,0.0017508,0,41124.1,9.96528,40.2,118.9
S1,cap8/none,sorted_chunk,16,0.0014181,0,50067,8.62113,42.5,139.9
S1,cap8/none,sorted_chunk,17,0.0013225,0,53686.2,8.97887,44.7,112.8
S1,cap8/none,sorted_chunk,18,0.0011789,0.015625,61073.9,7.60972,34.9,110.3
S1,cap8/none,sorted_chunk,19,0.0012143,0,58469.9,8.19577,33.1,119.4
S1,cap8/none,sorted_chunk,20,0.0016812,0,41636.9,7.91286,32.9,129.4
S10,eta1,best_s2+carry(1.25),1,1.31451,1.3125,25080.2,17.2946,40.8,66340.7
S10,eta1,best_s2+carry(1.25),2,1.23406,1.21875,26756.5,17.0006,41.1,60099.1
S10,eta1,best_s2+carry(1.25),3,1.28597,1.23438,25743.1,15.6899,42,13286.9
S10,eta1,best_s2+carry(1.25),4,1.26191,1.26562,26279.9,15.0172,38.6,8785.4
S10,eta1,best_s2+carry(1.25),5,1.39486,1.32812,23752.8,18.5791,44.1,64639.1
S10,eta1,best_s2+carry(1.25),6,1.34722,1.29688,24562.4,18.4,43.1,71970.7
S10,eta1,best_s2+carry(1.25),7,1.34051,1.28125,24576.5,15.7124,42.8,11055.4
S10,eta1,best_s2+carry(1.25),8,1.27691,1.23438,25790.3,15.7828,41.1,9462.5
S10,eta1,best_s2+carry(1.25),9,1.26587,1.23438,26125.8,15.1937,40.6,8720.2
S10,eta1,best_s2+carry(1.25),10,1.2722,1.21875,25900,15.1889,39.5,8925.2
S10,eta1,best_s2+carry(1.25),11,1.36086,1.32812,24362.6,18.301,43,69556.6
S10,eta1,best_s2+carry(1.25),12,1.25366,1.21875,26232.7,15.8121,41.5,11510.4
S10,eta1,best_s2+carry(1.25),13,1.35278,1.34375,24584.9,18.8745,43.9,81151.2
S10,eta1,best_s2+carry(1.25),14,1.30645,1.29688,25335.8,16.3438,42.9,14584.4
S10,eta1,best_s2+carry(1.25),15,1.56586,1.5625,20954.6,22.2344,47,91451.2
S10,eta1,best_s2+carry(1.25),16,1.69845,1.67188,19317.6,20.4561,48.4,14001.1
S10,eta1,best_s2+carry(1.25),17,1.6288,1.625,20205,19.2421,46.2,11464.8
S10,eta1,best_s2+carry(1.25),18,1.49683,1.5,21865.6,19.5755,46.2,13443.8
S10,eta1,best_s2+carry(1.25),19,1.62415,1.5625,20278.3,19.2471,46.5,11844.9
S10,eta1,best_s2+carry(1.25),20,1.63101,1.64062,20295.4,19.523,48.9,9963.1
S10,eta1,best_s2+carry(1.25)+deadline,1,1.32363,1.3125,23769.4,19.055,62.6,13480.2
S10,eta1,best_s2+carry(1.25)+deadline,2,1.28699,1.28125,24210.8,20.6733,63.4,62690.6
S10,eta1,best_s2+carry(1.25)+deadline,3,1.3029,1.3125,23965.1,21.1138,63.9,70692.7
S10,eta1,best_s2+carry(1.25)+deadline,4,1.32118,1.3125,23884,21.0982,60.7,59071.2
S10,eta1,best_s2+carry(1.25)+deadline,5,1.42966,1.375,21970.2,19.8831,66.3,9283.6
S10,eta1,best_s2+carry(1.25)+deadline,6,1.41861,1.34375,22202.1,21.6534,63,74423.9
S10,eta1,best_s2+carry(1.25)+deadline,7,1.42815,1.40625,22203.6,19.5583,62.8,8960.7
S10,eta1,best_s2+carry(1.25)+deadline,8,1.28319,1.28125,24649.4,20.4761,60.8,66257.6
S10,eta1,best_s2+carry(1.25)+deadline,9,1.39229,1.34375,22879.5,21.1486,64.3,68466.3
S10,eta1,best_s2+carry(1.25)+deadline,10,1.25037,1.23438,24992.5,18.7561,62.5,9813.7
S10,eta1,best_s2+carry(1.25)+deadline,11,1.36232,1.3125,23394.7,21.5968,63.5,70588.2
S10,eta1,best_s2+carry(1.25)+deadline,12,1.35738,1.32812,23182.1,20.8385,62.9,71509.6
S10,eta1,best_s2+carry(1.25)+deadline,13,1.44794,1.42188,21853.1,20.4777,66.5,9488.8
S10,eta1,best_s2+carry(1.25)+deadline,14,1.45714,1.45312,21586.2,22.7731,67.9,77434.5
S10,eta1,best_s2+carry(1.25)+deadline,15,1.67651,1.67188,18717.5,23.5989,82.6,9367.2
S10,eta1,best_s2+carry(1.25)+deadline,16,1.64754,1.625,18968.9,24.9894,88.4,12872.4
S10,eta1,best_s2+carry(1.25)+deadline,17,1.64977,1.60938,19068.7,25.2364,88.6,11860.8
S10,eta1,best_s2+carry(1.25)+deadline,18,1.68175,1.67188,18747.1,23.495,80.3,9622.1
S10,eta1,best_s2+carry(1.25)+deadline,19,1.67982,1.65625,18522.3,23.3834,81.3,8563.8
S10,eta1,best_s2+carry(1.25)+deadline,20,1.70578,1.65625,18528.8,23.476,84.3,12351.9
S10,eta1,best_s2+carry(1.5),1,1.25142,1.23438,26976.6,17.174,40.9,55912.6
S10,eta1,best_s2+carry(1.5),2,1.31502,1.3125,25722.8,17.254,42,55612
S10,eta1,best_s2+carry(1.5),3,1.30686,1.29688,25677.6,17.4399,42.4,62072.1
S10,eta1,best_s2+carry(1.5),4,1.43232,1.39062,23545,18.6051,46,62117.7
S10,eta1,best_s2+carry(1.5),5,1.39307,1.35938,24199.1,18.3237,44.6,67217.7
S10,eta1,best_s2+carry(1.5),6,1.37587,1.32812,24299.4,18.1795,42.9,69181.9
S10,eta1,best_s2+carry(1.5),7,1.43406,1.35938,23736.1,19.4822,45.3,106598
S10,eta1,best_s2+carry(1.5),8,1.42982,1.40625,23872.9,16.8926,45.7,9069.9
S10,eta1,best_s2+carry(1.5),9,1.31378,1.3125,25763,16.1736,44.7,9060.4
S10,eta1,best_s2+carry(1.5),10,1.35133,1.29688,25281.8,17.9674,44.2,66456.2
S10,eta1,best_s2+carry(1.5),11,1.45869,1.42188,23434.1,16.7166,45.8,11172.6
S10,eta1,best_s2+carry(1.5),12,1.37071,1.34375,24288.9,18.3987,43.6,69698.6
S10,eta1,best_s2+carry(1.5),13,1.43451,1.40625,23447.7,19.6961,46.3,72770.2
S10,eta1,best_s2+carry(1.5),14,1.47211,1.46875,23110.3,18.0152,46.7,11328.4
S10,eta1,best_s2+carry(1.5),15,1.73448,1.73438,19534.4,20.006,48.7,9503.5
S10,eta1,best_s2+carry(1.5),16,1.75391,1.73438,19162.8,21.1371,50,15953.6
S10,eta1,best_s2+carry(1.5),17,1.89713,1.84375,18025.6,22.2639,53.5,11878.8
S10,eta1,best_s2+carry(1.5),18,1.67869,1.6875,20105,19.8107,48.3,12032.7
S10,eta1,best_s2+carry(1.5),19,1.66938,1.67188,20421.9,19.5598,48.8,16174.2
S10,eta1,best_s2+carry(1.5),20,1.70244,1.70312,19765.7,19.5708,49.7,13936.8
S10,eta1,best_s2+carry(1.5)+deadline,1,1.36362,1.34375,23056.9,21.616,63.9,61194.8
S10,eta1,best_s2+carry(1.5)+deadline,2,1.34078,1.34375,23301.4,21.5296,64.1,70986.8
S10,eta1,best_s2+carry(1.5)+deadline,3,1.36322,1.35938,22936.1,20.5605,65.8,9507.3
S10,eta1,best_s2+carry(1.5)+deadline,4,1.35359,1.32812,23301.8,18.8713,62.2,8606.2
S10,eta1,best_s2+carry(1.5)+deadline,5,1.4084,1.39062,22248.7,22.3912,66,67272
S10,eta1,best_s2+carry(1.5)+deadline,6,1.38707,1.32812,22350.7,22.5002,65.3,70549
S10,eta1,best_s2+carry(1.5)+deadline,7,1.51693,1.5,21086.7,22.8169,66.1,78608.8
S10,eta1,best_s2+carry(1.5)+deadline,8,1.33301,1.29688,24179.9,19.5832,64.6,8666.7
S10,eta1,best_s2+carry(1.5)+deadline,9,1.41231,1.375,22521.2,21.8945,64.3,63328
S10,eta1,best_s2+carry(1.5)+deadline,10,1.26909,1.26562,24832.8,18.544,63.5,8353.4
S10,eta1,best_s2+carry(1.5)+deadline,11,1.33653,1.29688,23875.3,19.7615,64.3,8801.1
S10,eta1,best_s2+carry(1.5)+deadline,12,1.44888,1.39062,21961.1,21.9919,64,70831
S10,eta1,best_s2+carry(1.5)+deadline,13,1.44181,1.4375,22013.3,21.3547,69.4,11222.7
S10,eta1,best_s2+carry(1.5)+deadline,14,1.51876,1.48438,20830.8,21.528,67.9,9734.7
S10,eta1,best_s2+carry(1.5)+deadline,15,1.75506,1.71875,17967.5,25.5192,87.4,10132.2
S10,eta1,best_s2+carry(1.5)+deadline,16,1.75228,1.73438,17840.8,25.6829,90.6,13440.5
S10,eta1,best_s2+carry(1.5)+deadline,17,1.88752,1.8125,16709.8,27.0061,94.8,12489.1
S10,eta1,best_s2+carry(1.5)+deadline,18,1.76234,1.75,18169,24.3364,85,12832.5
S10,eta1,best_s2+carry(1.5)+deadline,19,1.69699,1.70312,18769.1,23.5792,83.4,11639.8
S10,eta1,best_s2+carry(1.5)+deadline,20,1.76169,1.70312,18050.3,25.21,87.3,10012.5
S10,eta1,best_s2+carry(2),1,1.31968,1.29688,25740.4,16.9715,42.8,44905.3
S10,eta1,best_s2+carry(2),2,1.27947,1.28125,27082.3,16.6482,39.4,59564.7
S10,eta1,best_s2+carry(2),3,1.32587,1.32812,25477.5,16.3753,43.8,8622.6
S10,eta1,best_s2+carry(2),4,1.48176,1.42188,22936.9,16.9316,46.5,8582.7
S10,eta1,best_s2+carry(2),5,1.45938,1.42188,23730.6,18.884,45.7,67576.6
S10,eta1,best_s2+carry(2),6,1.39796,1.39062,24175.2,18.7707,46.7,69230.6
S10,eta1,best_s2+carry(2),7,1.5143,1.5,22632.2,18.2356,47,12736.5
S10,eta1,best_s2+carry(2),8,1.38561,1.375,24684.5,18.4318,44.9,69291
S10,eta1,best_s2+carry(2),9,1.37901,1.34375,24628.6,16.2277,43.5,12367.4
S10,eta1,best_s2+carry(2),10,1.3472,1.3125,25613.9,17.565,42.6,64781.8
S10,eta1,best_s2+carry(2),11,1.40548,1.39062,24259.4,18.4961,43.8,81830.7
S10,eta1,best_s2+carry(2),12,1.37955,1.39062,24701.5,16.2954,44.6,8482.2
S10,eta1,best_s2+carry(2),13,1.47641,1.4375,23182,19.1645,45.3,71825.8
S10,eta1,best_s2+carry(2),14,1.54377,1.54688,22059.6,18.3291,48,9017.3
S10,eta1,best_s2+carry(2),15,1.84757,1.82812,18468.1,21.3961,51,12650.7
S10,eta1,best_s2+carry(2),16,1.77436,1.78125,19364.8,20.7928,50.6,15551.4
S10,eta1,best_s2+carry(2),17,1.94649,1.95312,17795.1,21.9681,53.7,15772.9
S10,eta1,best_s2+carry(2),18,1.71878,1.67188,19701.8,20.4995,49.6,13435.3
S10,eta1,best_s2+carry(2),19,1.59654,1.59375,21592.3,18.2891,47.7,14245.7
S10,eta1,best_s2+carry(2),20,1.59896,1.57812,21113.2,18.9277,47.9,9866.2
S10,eta1,best_s2+carry(2)+deadline,1,1.41906,1.40625,22373.2,20.0886,66.5,11207.9
S10,eta1,best_s2+carry(2)+deadline,2,1.34357,1.34375,23939.3,20.6041,61,50149
S10,eta1,best_s2+carry(2)+deadline,3,1.36218,1.34375,23424.2,21.1433,64,59354.2
S10,eta1,best_s2+carry(2)+deadline,4,1.48258,1.45312,21368.1,21.1187,67.2,8525.8
S10,eta1,best_s2+carry(2)+deadline,5,1.43765,1.40625,21809.9,21.1674,66.1,9092.2
S10,eta1,best_s2+carry(2)+deadline,6,1.47227,1.4375,21652.9,22.8564,67.1,72638.9
S10,eta1,best_s2+carry(2)+deadline,7,1.47913,1.45312,21909.5,20.8118,67.1,9303.8
S10,eta1,best_s2+carry(2)+deadline,8,1.42036,1.42188,22733,20.0337,65.4,9251.9
S10,eta1,best_s2+carry(2)+deadline,9,1.43656,1.42188,22359.7,20.3109,63.9,15178
S10,eta1,best_s2+carry(2)+deadline,10,1.32943,1.32812,23743.9,19.9664,65.2,9122.3
S10,eta1,best_s2+carry(2)+deadline,11,1.49063,1.4375,21504.3,23.3966,70.2,65884.5
S10,eta1,best_s2+carry(2)+deadline,12,1.35033,1.32812,23957.1,19.1776,62.9,10727.6
S10,eta1,best_s2+carry(2)+deadline,13,1.50385,1.5,21267.4,21.1489,68.2,8989.5
S10,eta1,best_s2+carry(2)+deadline,14,1.65745,1.59375,19257.3,22.6685,74.8,11997.9
S10,eta1,best_s2+carry(2)+deadline,15,1.83147,1.8125,17470.6,26.1948,88.5,12503.5
S10,eta1,best_s2+carry(2)+deadline,16,1.78036,1.75,18167.7,24.6303,81.6,12930
S10,eta1,best_s2+carry(2)+deadline,17,1.90867,1.89062,16579.1,26.3398,94,11350.5
S10,eta1,best_s2+carry(2)+deadline,18,1.78803,1.78125,17907.5,24.9269,85.5,16042.2
S10,eta1,best_s2+carry(2)+deadline,19,1.60745,1.59375,19899.8,22.4293,71,12852.1
S10,eta1,best_s2+carry(2)+deadline,20,1.75925,1.73438,18166.3,25.1269,85.3,9477.5
S10,eta1,best_s2+wait,1,1.13639,1.125,25699.8,16.6721,37.7,9390.2
S10,eta1,best_s2+wait,2,1.12499,1.125,26016.3,17.9273,34.8,64735.4
S10,eta1,best_s2+wait,3,1.09902,1.09375,26492.8,15.9115,33.6,8619.6
S10,eta1,best_s2+wait,4,1.13285,1.125,25748.4,16.7151,37.4,8788.6
S10,eta1,best_s2+wait,5,1.22939,1.1875,23767.9,19.7879,37.9,82573.4
S10,eta1,best_s2+wait,6,1.16277,1.17188,25138.3,18.5571,36,67631.7
S10,eta1,best_s2+wait,7,1.20803,1.20312,24174.8,17.3601,39,9529.6
S10,eta1,best_s2+wait,8,1.26699,1.26562,23120.9,17.8695,39.3,15483.5
S10,eta1,best_s2+wait,9,1.19052,1.14062,24617.8,17.4508,39.7,10461.7
S10,eta1,best_s2+wait,10,1.09817,1.07812,26499.6,16.3652,38.1,8229.6
S10,eta1,best_s2+wait,11,1.14177,1.125,25587.5,16.5861,36,9845.6
S10,eta1,best_s2+wait,12,1.14687,1.125,25394.4,16.6585,36.5,8642.1
S10,eta1,best_s2+wait,13,1.26111,1.23438,23119.2,16.9972,36.9,9100.8
S10,eta1,best_s2+wait,14,1.23144,1.23438,23877.7,17.2383,37.7,11781.8
S10,eta1,best_s2+wait,15,1.30769,1.29688,22407.4,19.9893,41.8,11821.3
S10,eta1,best_s2+wait,16,1.53843,1.51562,19042.1,21.6387,43.4,14741
S10,eta1,best_s2+wait,17,1.4916,1.48438,19623.9,20.6793,41.8,13696.2
S10,eta1,best_s2+wait,18,1.55319,1.5625,18852.1,20.9065,42.6,15407.4
S10,eta1,best_s2+wait,19,1.49957,1.5,19554.9,20.5703,42.9,12461.9
S10,eta1,best_s2+wait,20,1.38249,1.35938,21118.4,19.2964,42,12076.8
S10,eta1,reference,1,0.896325,0.890625,28876.8,10.8251,13.5,9780.2
S10,eta1,reference,2,0.869806,0.859375,29934.3,10.4016,13.4,8672.5
S10,eta1,reference,3,0.805422,0.796875,32129.7,11.8146,12,57519.5
S10,eta1,reference,4,0.829788,0.828125,31347.8,10.0758,13.2,7086.4
S10,eta1,reference,5,0.93771,0.90625,27611.9,10.9553,13.5,8825.3
S10,eta1,reference,6,0.86382,0.796875,30241.3,12.2493,13,55374
S10,eta1,reference,7,0.884405,0.859375,29523.8,10.41,13.2,7333
S10,eta1,reference,8,0.9592,0.921875,27055.9,11.2124,13.6,8268.1
S10,eta1,reference,9,0.854202,0.84375,30396.8,10.1162,12.8,7428.4
S10,eta1,reference,10,0.883757,0.859375,29365.5,10.453,13.1,7470.2
S10,eta1,reference,11,0.922326,0.890625,28171.2,10.6972,13,10939.9
S10,eta1,reference,12,0.932473,0.875,27737,10.6442,13.5,8063.7
S10,eta1,reference,13,0.842455,0.84375,30756.5,10.4929,13.2,9653
S10,eta1,reference,14,0.905315,0.890625,28759,10.2614,13,7536.6
S10,eta1,reference,15,0.967851,0.953125,26993.8,11.8394,13.7,10117.5
S10,eta1,reference,16,1.09161,1.07812,23846.4,13.1875,14.1,13885.8
S10,eta1,reference,17,1.15378,1.10938,22612.6,12.794,13.8,10306.4
S10,eta1,reference,18,1.23073,1.23438,21228.8,13.7049,14.1,12698.4
S10,eta1,reference,19,1.11373,1.07812,23315.4,12.5033,14,12992.9
S10,eta1,reference,20,0.963642,0.96875,27001.7,11.1708,13.6,7790.8
S2,heavy/group,fifo+group+early+least_loaded,1,0.0318191,0.03125,32401.9,12.7648,13.7,2030.7
S2,heavy/group,fifo+group+early+least_loaded,2,0.0339796,0.03125,30606.6,13.1148,15.1,2149.4
S2,heavy/group,fifo+group+early+least_loaded,3,0.0402694,0.03125,25900.6,15.0017,17.5,2737.6
S2,heavy/group,fifo+group+early+least_loaded,4,0.024004,0.03125,42826.2,9.82325,12.4,1212.6
S2,heavy/group,fifo+group+early+least_loaded,5,0.0323314,0.03125,31950.4,12.4272,13.9,1463.3
S2,heavy/group,fifo+group+early+least_loaded,6,0.0301464,0.03125,34597.8,11.2719,14,1224.1
S2,heavy/group,fifo+group+early+least_loaded,7,0.0255728,0.03125,40316.3,10.0445,12.8,1202.7
S2,heavy/group,fifo+group+early+least_loaded,8,0.0258142,0.015625,39784.3,10.2456,12.9,1230.1
S2,heavy/group,fifo+group+early+least_loaded,9,0.0248326,0.015625,41316.7,9.896,11.1,1204.4
S2,heavy/group,fifo+group+early+least_loaded,10,0.0234355,0.03125,44291.8,9.69162,10.5,1407.3
S2,heavy/group,fifo+group+early+least_loaded,11,0.0352748,0.03125,29624.5,13.3263,14.2,1252.2
S2,heavy/group,fifo+group+early+least_loaded,12,0.0258587,0.03125,40295.9,10.2939,13.1,1321.8
S2,heavy/group,fifo+group+early+least_loaded,13,0.0359966,0.03125,28780.5,14.6618,16.5,2037.4
S2,heavy/group,fifo+group+early+least_loaded,14,0.0247158,0.03125,41754.7,9.728,10.6,1228
S2,heavy/group,fifo+group+early+least_loaded,15,0.0331377,0.03125,31595.4,12.8313,13.6,1507.3
S2,heavy/group,fifo+group+early+least_loaded,16,0.0223531,0.03125,46212.8,9.21152,8.6,1218.8
S2,heavy/group,fifo+group+early+least_loaded,17,0.0226947,0.015625,45561.3,9.25783,9.8,1231.8
S2,heavy/group,fifo+group+early+least_loaded,18,0.0261988,0.015625,39391.1,10.4479,12.9,1223.1
S2,heavy/group,fifo+group+early+least_loaded,19,0.0211485,0.03125,48514.1,8.90897,8.2,1195.2
S2,heavy/group,fifo+group+early+least_loaded,20,0.026702,0.03125,38648.8,10.8213,13.7,1174.5
S2,heavy/group,fifo+group+early+lpt,1,0.0300471,0.03125,34645.6,11.4819,13.5,1814.8
S2,heavy/group,fifo+group+early+lpt,2,0.0358689,0.015625,28632,14.3152,18.5,2738.2
S2,heavy/group,fifo+group+early+lpt,3,0.0390559,0.03125,26423.7,14.9211,14.1,2419.5
S2,heavy/group,fifo+group+early+lpt,4,0.0280765,0.03125,36863.6,11.6413,13.6,2135.4
S2,heavy/group,fifo+group+early+lpt,5,0.0274282,0.03125,38135.9,10.8592,13.4,1703.5
S2,heavy/group,fifo+group+early+lpt,6,0.0321809,0.03125,32224.1,12.2261,14.7,1734.3
S2,heavy/group,fifo+group+early+lpt,7,0.0314309,0.03125,33120.3,12.581,13.8,2606.9
S2,heavy/group,fifo+group+early+lpt,8,0.0285074,0.03125,36271.3,10.9249,12.7,2063.5
S2,heavy/group,fifo+group+early+lpt,9,0.0273484,0.03125,36967.4,10.8547,13.6,1678.3
S2,heavy/group,fifo+group+early+lpt,10,0.0259697,0.015625,39892.6,10.4837,13.2,1569.3
S2,heavy/group,fifo+group+early+lpt,11,0.0321009,0.03125,32179.8,13.1141,13.5,2652.1
S2,heavy/group,fifo+group+early+lpt,12,0.0269373,0.015625,38496.8,10.8022,13.2,1611.2
S2,heavy/group,fifo+group+early+lpt,13,0.0248237,0.015625,41653.7,10.1809,13.1,1581
S2,heavy/group,fifo+group+early+lpt,14,0.0249936,0.03125,41250.6,10.0793,10.6,1707.4
S2,heavy/group,fifo+group+early+lpt,15,0.0256172,0.015625,40792.9,10.4647,11.8,1589
S2,heavy/group,fifo+group+early+lpt,16,0.0276891,0.015625,37343.2,11.2476,13.2,1585.5
S2,heavy/group,fifo+group+early+lpt,17,0.0225232,0.03125,46130.2,9.5,9.1,1547.2
S2,heavy/group,fifo+group+early+lpt,18,0.0224731,0.03125,46144.1,9.52999,8.5,1604.3
S2,heavy/group,fifo+group+early+lpt,19,0.0261331,0.015625,39490.1,11.2176,9.8,2674.9
S2,heavy/group,fifo+group+early+lpt,20,0.0267206,0.03125,38734.2,10.904,13.1,1576.3
S2,heavy/group,fifo+group+late+first_free,1,0.0297725,0.03125,34696.4,12.5972,26.1,577.8
S2,heavy/group,fifo+group+late+first_free,2,0.0372336,0.046875,27770.6,16.3461,32.8,887.4
S2,heavy/group,fifo+group+late+first_free,3,0.0327668,0.03125,31434.3,14.235,30.6,920.3
S2,heavy/group,fifo+group+late+first_free,4,0.0265726,0.03125,38987.5,12.0299,25.2,527.2
S2,heavy/group,fifo+group+late+first_free,5,0.0423625,0.03125,24502.8,18.8056,34.5,916.1
S2,heavy/group,fifo+group+late+first_free,6,0.0334534,0.03125,31088,14.3255,30.1,584.2
S2,heavy/group,fifo+group+late+first_free,7,0.0284939,0.03125,36534.1,12.6565,26.8,889.7
S2,heavy/group,fifo+group+late+first_free,8,0.0324877,0.03125,31827.4,14.2011,27.6,877.3
S2,heavy/group,fifo+group+late+first_free,9,0.0295078,0.03125,34939.9,13.5168,26.7,1200.7
S2,heavy/group,fifo+group+late+first_free,10,0.0322757,0.03125,32253.4,14.9712,30.6,835.9
S2,heavy/group,fifo+group+late+first_free,11,0.0320621,0.03125,32249.9,13.7344,28.5,865.8
S2,heavy/group,fifo+group+late+first_free,12,0.0292413,0.015625,35600.3,12.8371,28.4,570.5
S2,heavy/group,fifo+group+late+first_free,13,0.0348646,0.03125,29686.3,15.9357,29.4,1262.8
S2,heavy/group,fifo+group+late+first_free,14,0.0270524,0.03125,38259.1,12.0154,25.9,526.1
S2,heavy/group,fifo+group+late+first_free,15,0.033832,0.03125,30740.1,14.6492,31.2,556.1
S2,heavy/group,fifo+group+late+first_free,16,0.0285823,0.03125,36001.3,12.7996,24.9,541.6
S2,heavy/group,fifo+group+late+first_free,17,0.0324949,0.03125,31820.4,14.0438,26.1,581.7
S2,heavy/group,fifo+group+late+first_free,18,0.0264341,0.015625,39305.3,11.8258,23.1,530.5
S2,heavy/group,fifo+group+late+first_free,19,0.0301447,0.03125,34201.7,13.7022,23.9,527.8
S2,heavy/group,fifo+group+late+first_free,20,0.0266746,0.03125,38726,12.5754,24,866.4
S2,heavy/group,fifo+group+late+least_loaded,1,0.0328511,0.046875,31779.8,14.7936,31,778.8
S2,heavy/group,fifo+group+late+least_loaded,2,0.0294363,0.015625,34854.9,13.3927,27.1,1042.6
S2,heavy/group,fifo+group+late+least_loaded,3,0.028807,0.03125,35685.8,12.8048,26.2,1040.4
S2,heavy/group,fifo+group+late+least_loaded,4,0.0263412,0.03125,39254.1,12.3346,23.1,1382.3
S2,heavy/group,fifo+group+late+least_loaded,5,0.0361557,0.03125,28570.9,16.1673,32.5,793.3
S2,heavy/group,fifo+group+late+least_loaded,6,0.0387218,0.046875,27013.2,17.2512,32.5,1179.7
S2,heavy/group,fifo+group+late+least_loaded,7,0.0300271,0.03125,34768.6,13.6125,23.6,769
S2,heavy/group,fifo+group+late+least_loaded,8,0.0295925,0.015625,34806.1,13.8664,25.4,1634.2
S2,heavy/group,fifo+group+late+least_loaded,9,0.0394892,0.046875,26007.1,18.088,32.3,1270.9
S2,heavy/group,fifo+group+late+least_loaded,10,0.0268853,0.03125,38571.3,12.0301,24.3,825.4
S2,heavy/group,fifo+group+late+least_loaded,11,0.035944,0.046875,28655.7,15.897,30.7,934
S2,heavy/group,fifo+group+late+least_loaded,12,0.0272059,0.03125,38300.5,12.3629,24.5,785.7
S2,heavy/group,fifo+group+late+least_loaded,13,0.0308592,0.03125,33571.8,13.9187,31.1,767.3
S2,heavy/group,fifo+group+late+least_loaded,14,0.0294211,0.03125,35348.8,13.8211,24.1,1860.1
S2,heavy/group,fifo+group+late+least_loaded,15,0.0313709,0.03125,32960.5,14.2957,30.7,908
S2,heavy/group,fifo+group+late+least_loaded,16,0.027437,0.03125,37977.9,12.5247,25.8,1380.1
S2,heavy/group,fifo+group+late+least_loaded,17,0.0285408,0.03125,36369,13.3301,25.7,739.6
S2,heavy/group,fifo+group+late+least_loaded,18,0.0305138,0.03125,33886.3,13.604,29.9,760.7
S2,heavy/group,fifo+group+late+least_loaded,19,0.029183,0.03125,35397.3,13.3001,30.8,763.7
S2,heavy/group,fifo+group+late+least_loaded,20,0.0328645,0.015625,31492.9,14.2102,28.8,811.1
S2,heavy/group,fifo+group+late+lpt,1,0.0295144,0.03125,35101.5,14.725,31.8,1615
S2,heavy/group,fifo+group+late+lpt,2,0.0361694,0.03125,28781.2,16.8287,37,1040.3
S2,heavy/group,fifo+group+late+lpt,3,0.0360982,0.03125,28782.6,16.9812,37.6,1145.5
S2,heavy/group,fifo+group+late+lpt,4,0.0289995,0.03125,35897.2,14.2075,32.4,912.3
S2,heavy/group,fifo+group+late+lpt,5,0.0316305,0.03125,32626.7,15.4907,35.9,1137.9
S2,heavy/group,fifo+group+late+lpt,6,0.0330225,0.03125,31493.7,16.2971,39.4,1559.2
S2,heavy/group,fifo+group+late+lpt,7,0.0364335,0.03125,28435.4,17.6328,37.9,1657.5
S2,heavy/group,fifo+group+late+lpt,8,0.0296042,0.03125,35231.5,14.1586,31.8,947.4
S2,heavy/group,fifo+group+late+lpt,9,0.0331154,0.03125,31254.3,16.0678,41,1025.3
S2,heavy/group,fifo+group+late+lpt,10,0.0313586,0.015625,33132.9,15.5332,39.2,963
S2,heavy/group,fifo+group+late+lpt,11,0.056189,0.046875,18455.6,19.7877,42.8,2097.3
S2,heavy/group,fifo+group+late+lpt,12,0.0344098,0.046875,29846.1,16.3097,34.6,957.8
S2,heavy/group,fifo+group+late+lpt,13,0.0316596,0.03125,32817.8,15.3564,39.3,961.9
S2,heavy/group,fifo+group+late+lpt,14,0.0351873,0.03125,29385.6,17.2937,41.7,1650.6
S2,heavy/group,fifo+group+late+lpt,15,0.039851,0.046875,26172.5,18.9623,43.7,994.4
S2,heavy/group,fifo+group+late+lpt,16,0.0301812,0.015625,34359.1,14.2009,29,907.3
S2,heavy/group,fifo+group+late+lpt,17,0.0338813,0.03125,30636.4,16.0113,39.7,968.4
S2,heavy/group,fifo+group+late+lpt,18,0.0309332,0.03125,33523.9,15.2188,34.5,1593.3
S2,heavy/group,fifo+group+late+lpt,19,0.0411289,0.03125,25091.8,20.806,42.2,1747.9
S2,heavy/group,fifo+group+late+lpt,20,0.0356805,0.03125,28895.3,17.3495,41.9,931.5
S2,heavy/group,fifo+group+late+round_robin,1,0.0295717,0.03125,35134.9,13.2691,26.6,710.3
S2,heavy/group,fifo+group+late+round_robin,2,0.0377562,0.046875,27545.1,16.7379,32,1127.4
S2,heavy/group,fifo+group+late+round_robin,3,0.0386663,0.03125,26741.6,17.1108,33.4,677.3
S2,heavy/group,fifo+group+late+round_robin,4,0.0357842,0.03125,29119,15.8906,28.9,1931.5
S2,heavy/group,fifo+group+late+round_robin,5,0.0303029,0.03125,33990.1,13.8267,27.1,644.5
S2,heavy/group,fifo+group+late+round_robin,6,0.0374717,0.03125,27514.1,16.2735,32,824.7
S2,heavy/group,fifo+group+late+round_robin,7,0.0344269,0.03125,29918.5,15.4042,27.8,892.6
S2,heavy/group,fifo+group+late+round_robin,8,0.0265059,0.015625,39085.6,11.7397,22.8,727.4
S2,heavy/group,fifo+group+late+round_robin,9,0.03826,0.03125,26868.8,16.9323,31.8,548.7
S2,heavy/group,fifo+group+late+round_robin,10,0.0247287,0.015625,41813.8,11.2767,19.4,531.2
S2,heavy/group,fifo+group+late+round_robin,11,0.0324137,0.03125,31900.1,13.8478,29.2,635.6
S2,heavy/group,fifo+group+late+round_robin,12,0.0268338,0.03125,38868.9,11.941,24.8,551.2
S2,heavy/group,fifo+group+late+round_robin,13,0.0320663,0.03125,32058.6,14.1079,30.4,577.3
S2,heavy/group,fifo+group+late+round_robin,14,0.0279964,0.03125,37254.8,12.5191,25.7,539.3
S2,heavy/group,fifo+group+late+round_robin,15,0.0344576,0.03125,30065.9,15.4747,29.8,621.3
S2,heavy/group,fifo+group+late+round_robin,16,0.0272062,0.015625,38042.8,12.4192,27.6,568.3
S2,heavy/group,fifo+group+late+round_robin,17,0.0258067,0.015625,40028.4,11.7731,25.5,548.9
S2,heavy/group,fifo+group+late+round_robin,18,0.0282243,0.03125,36564.2,12.6208,26.1,905.6
S2,heavy/group,fifo+group+late+round_robin,19,0.0379162,0.03125,27059.7,12.8493,27,1154.9
S2,heavy/group,fifo+group+late+round_robin,20,0.0243142,0.03125,42485.5,11.2433,19.3,706.4
S2,heavy/group,fifo+sample+early+least_loaded,1,0.0318567,0.03125,39112.7,11.6308,11.9,3718.6
S2,heavy/group,fifo+sample+early+least_loaded,2,0.0406578,0.03125,30400.1,14.0324,13.9,4427.2
S2,heavy/group,fifo+sample+early+least_loaded,3,0.0396315,0.046875,31363.9,13.8101,14.2,4569.4
S2,heavy/group,fifo+sample+early+least_loaded,4,0.0300079,0.03125,41189.2,11.1227,13.1,3101.6
S2,heavy/group,fifo+sample+early+least_loaded,5,0.0330423,0.03125,36801.3,12.9683,12.4,5045.3
S2,heavy/group,fifo+sample+early+least_loaded,6,0.0450199,0.046875,27832.1,16.1366,14,5340.2
S2,heavy/group,fifo+sample+early+least_loaded,7,0.0323013,0.03125,38017,11.5085,13.2,3019
S2,heavy/group,fifo+sample+early+least_loaded,8,0.0392246,0.015625,31459.8,13.502,14,2949.2
S2,heavy/group,fifo+sample+early+least_loaded,9,0.0373648,0.046875,32945.4,12.6891,13.5,3721.7
S2,heavy/group,fifo+sample+early+least_loaded,10,0.0285135,0.03125,43488.2,10.3841,8.6,2997.1
S2,heavy/group,fifo+sample+early+least_loaded,11,0.0341025,0.03125,36595.6,11.9407,13.5,3348.8
S2,heavy/group,fifo+sample+early+least_loaded,12,0.0372438,0.03125,33186.7,13.1669,14.4,3143.8
S2,heavy/group,fifo+sample+early+least_loaded,13,0.0283737,0.03125,43420.5,10.5871,10,3048.8
S2,heavy/group,fifo+sample+early+least_loaded,14,0.0385217,0.03125,32189.6,13.6227,14,3136.9
S2,heavy/group,fifo+sample+early+least_loaded,15,0.0405107,0.046875,30831.4,15.0911,24.1,4954
S2,heavy/group,fifo+sample+early+least_loaded,16,0.0358793,0.03125,34560.3,12.2708,13.6,2969
S2,heavy/group,fifo+sample+early+least_loaded,17,0.0307371,0.03125,40634.9,10.911,12.7,2978.4
S2,heavy/group,fifo+sample+early+least_loaded,18,0.0320786,0.046875,38623.9,11.5317,13.5,2986.1
S2,heavy/group,fifo+sample+early+least_loaded,19,0.0291105,0.03125,42046.7,10.7718,9.9,3022.4
S2,heavy/group,fifo+sample+early+least_loaded,20,0.036615,0.046875,33784,12.5668,13.1,3248.7
S2,heavy/group,fifo+sample+early+lpt,1,0.0343114,0.03125,35819,13.0527,13.5,4445.9
S2,heavy/group,fifo+sample+early+lpt,2,0.0431731,0.046875,28605.8,15.6792,13.8,5787.6
S2,heavy/group,fifo+sample+early+lpt,3,0.0422147,0.046875,29255.2,15.9838,14,6515
S2,heavy/group,fifo+sample+early+lpt,4,0.035178,0.03125,35249.3,12.8125,13.9,3786.4
S2,heavy/group,fifo+sample+early+lpt,5,0.0323106,0.015625,38222.8,12.4602,10.9,4772.9
S2,heavy/group,fifo+sample+early+lpt,6,0.0356286,0.03125,34354.4,13.323,12.8,4838.1
S2,heavy/group,fifo+sample+early+lpt,7,0.0374995,0.046875,33200.4,14.3209,13.1,6215
S2,heavy/group,fifo+sample+early+lpt,8,0.0368365,0.03125,33906.6,13.0636,13.7,3617
S2,heavy/group,fifo+sample+early+lpt,9,0.0343405,0.03125,34973.3,12.7751,11.7,5107.7
S2,heavy/group,fifo+sample+early+lpt,10,0.0294815,0.03125,42060.3,11.6831,8.3,4767.4
S2,heavy/group,fifo+sample+early+lpt,11,0.038749,0.03125,32026.6,13.9354,14.2,4495.5
S2,heavy/group,fifo+sample+early+lpt,12,0.0376751,0.03125,32594.5,13.1725,13.8,3916.4
S2,heavy/group,fifo+sample+early+lpt,13,0.0306525,0.03125,40518.7,11.8776,9.9,4516.3
S2,heavy/group,fifo+sample+early+lpt,14,0.0384363,0.03125,32313.2,14.8782,13.7,6193.6
S2,heavy/group,fifo+sample+early+lpt,15,0.0329631,0.046875,37739.2,12.4219,13.1,4470.1
S2,heavy/group,fifo+sample+early+lpt,16,0.0361059,0.03125,34371.1,13.2588,13.2,4177.7
S2,heavy/group,fifo+sample+early+lpt,17,0.031694,0.03125,39187.2,12.3864,10.5,5131.5
S2,heavy/group,fifo+sample+early+lpt,18,0.0373346,0.03125,33320.3,14.1119,13.7,5572.5
S2,heavy/group,fifo+sample+early+lpt,19,0.0310581,0.03125,39474.4,11.7107,10.3,3907.3
S2,heavy/group,fifo+sample+early+lpt,20,0.0467909,0.046875,26436.8,17.0213,14,6064.1
S2,heavy/group,fifo+sample+early+round_robin,1,0.0320818,0.03125,38838.2,11.0965,12.3,2475.4
S2,heavy/group,fifo+sample+early+round_robin,2,0.0406411,0.046875,30412.6,13.4067,13.8,3234.3
S2,heavy/group,fifo+sample+early+round_robin,3,0.0352801,0.03125,35232.3,11.7625,13.9,1960.5
S2,heavy/group,fifo+sample+early+round_robin,4,0.0271447,0.03125,45533.8,9.42824,8.9,1846.4
S2,heavy/group,fifo+sample+early+round_robin,5,0.0407763,0.03125,29821.2,13.6473,16.3,2750.2
S2,heavy/group,fifo+sample+early+round_robin,6,0.0389687,0.03125,32154,12.732,20.3,3589.7
S2,heavy/group,fifo+sample+early+round_robin,7,0.0386507,0.046875,31771.7,13.4885,13.5,3179.3
S2,heavy/group,fifo+sample+early+round_robin,8,0.0306572,0.046875,40251.6,10.6667,12.8,2159.2
S2,heavy/group,fifo+sample+early+round_robin,9,0.0329054,0.03125,37410.3,11.0413,13.9,1972.2
S2,heavy/group,fifo+sample+early+round_robin,10,0.0261915,0.015625,47343.6,9.43758,8.3,1973.2
S2,heavy/group,fifo+sample+early+round_robin,11,0.0362651,0.03125,34413.3,12.0951,13.2,2327.2
S2,heavy/group,fifo+sample+early+round_robin,12,0.0326611,0.03125,37843.2,11.0914,13.4,1927
S2,heavy/group,fifo+sample+early+round_robin,13,0.0275674,0.015625,44690.5,9.89789,8.9,2264.2
S2,heavy/group,fifo+sample+early+round_robin,14,0.0386027,0.046875,32122.1,12.7038,13.8,1848.6
S2,heavy/group,fifo+sample+early+round_robin,15,0.0301688,0.03125,41400.4,10.7617,9.8,3050.4
S2,heavy/group,fifo+sample+early+round_robin,16,0.0328336,0.03125,37766.2,11.4961,13.3,2611.8
S2,heavy/group,fifo+sample+early+round_robin,17,0.0321214,0.03125,38883.7,11.3857,12.9,3464
S2,heavy/group,fifo+sample+early+round_robin,18,0.0329721,0.03125,37577.2,12.3403,12.8,4025.7
S2,heavy/group,fifo+sample+early+round_robin,19,0.0392954,0.03125,31148.7,13.6102,13.5,3111.3
S2,heavy/group,fifo+sample+early+round_robin,20,0.0269505,0.03125,45899,9.91479,9.1,2346.1
S2,heavy/group,fifo+sample+late+first_free,1,0.0377891,0.046875,30749.6,16.5167,35.1,1717
S2,heavy/group,fifo+sample+late+first_free,2,0.0435488,0.046875,27187.9,19.2726,38.7,3965.5
S2,heavy/group,fifo+sample+late+first_free,3,0.0546533,0.046875,21188.1,17.9536,36.2,2968.5
S2,heavy/group,fifo+sample+late+first_free,4,0.0438647,0.046875,26239.8,19.5077,40.5,2797.5
S2,heavy/group,fifo+sample+late+first_free,5,0.0379443,0.03125,30307.6,16.1505,31.8,2448.1
S2,heavy/group,fifo+sample+late+first_free,6,0.043115,0.046875,26881.6,19.2498,39.8,2900.7
S2,heavy/group,fifo+sample+late+first_free,7,0.0365099,0.046875,31635.3,15.9079,34.3,1740.3
S2,heavy/group,fifo+sample+late+first_free,8,0.0439159,0.046875,26869.5,18.815,37.8,2962.5
S2,heavy/group,fifo+sample+late+first_free,9,0.0406921,0.03125,28555.9,18.2195,37.3,2783
S2,heavy/group,fifo+sample+late+first_free,10,0.0443294,0.03125,26370.8,18.3289,37.8,1958
S2,heavy/group,fifo+sample+late+first_free,11,0.0428947,0.046875,27369.3,18.4297,37.9,2003.9
S2,heavy/group,fifo+sample+late+first_free,12,0.0395434,0.03125,29714.2,17.0969,34,2844.2
S2,heavy/group,fifo+sample+late+first_free,13,0.0381403,0.03125,30518.9,16.3636,36.6,1682.3
S2,heavy/group,fifo+sample+late+first_free,14,0.0443191,0.03125,26422,18.4631,39.3,1856.2
S2,heavy/group,fifo+sample+late+first_free,15,0.0474587,0.046875,24547.7,15.8189,32.3,1745.3
S2,heavy/group,fifo+sample+late+first_free,16,0.0342757,0.03125,33755.7,15.0439,31.4,1678.7
S2,heavy/group,fifo+sample+late+first_free,17,0.0453273,0.046875,25591.6,18.9591,38.4,2300.8
S2,heavy/group,fifo+sample+late+first_free,18,0.0376926,0.03125,30695.7,16.6627,34.1,2037
S2,heavy/group,fifo+sample+late+first_free,19,0.03409,0.046875,34027.6,14.8247,27.4,1721.5
S2,heavy/group,fifo+sample+late+first_free,20,0.0457329,0.046875,25277.2,20.1804,40.6,2846.3
S2,heavy/group,fifo+sample+late+least_loaded,1,0.0414013,0.046875,28284.1,18.2759,36,3336.5
S2,heavy/group,fifo+sample+late+least_loaded,2,0.0409396,0.03125,28212.3,18.1122,36.5,2464.6
S2,heavy/group,fifo+sample+late+least_loaded,3,0.0401003,0.046875,28902.5,17.8517,35.8,2405.3
S2,heavy/group,fifo+sample+late+least_loaded,4,0.0472554,0.046875,24568.6,20.7668,41.4,2380.3
S2,heavy/group,fifo+sample+late+least_loaded,5,0.0354111,0.03125,32588.7,16.2324,30.3,2718.3
S2,heavy/group,fifo+sample+late+least_loaded,6,0.0381355,0.046875,30496.5,17.369,31.8,4071.4
S2,heavy/group,fifo+sample+late+least_loaded,7,0.0376807,0.046875,31023.8,16.4202,33.6,2431.5
S2,heavy/group,fifo+sample+late+least_loaded,8,0.0387549,0.046875,30318.7,16.3786,31.1,2300.5
S2,heavy/group,fifo+sample+late+least_loaded,9,0.0417824,0.046875,27403.9,18.168,36.1,2415.6
S2,heavy/group,fifo+sample+late+least_loaded,10,0.0458193,0.046875,25731.5,20.0772,37,4346.3
S2,heavy/group,fifo+sample+late+least_loaded,11,0.0469563,0.046875,25002,20.5675,42.5,2536.3
S2,heavy/group,fifo+sample+late+least_loaded,12,0.0377898,0.03125,30378.6,17.0769,33.7,2506.7
S2,heavy/group,fifo+sample+late+least_loaded,13,0.0479479,0.046875,24610,20.2537,39,2583
S2,heavy/group,fifo+sample+late+least_loaded,14,0.0442364,0.03125,25974.1,19.495,39.3,2764.3
S2,heavy/group,fifo+sample+late+least_loaded,15,0.0363147,0.03125,32080.7,16.3302,31.4,2444.1
S2,heavy/group,fifo+sample+late+least_loaded,16,0.0425529,0.046875,27307.2,18.5714,36.8,2508.3
S2,heavy/group,fifo+sample+late+least_loaded,17,0.0419863,0.046875,27771,18.5252,40.6,2345.9
S2,heavy/group,fifo+sample+late+least_loaded,18,0.0572508,0.046875,20104.5,30.9163,40.1,15792.9
S2,heavy/group,fifo+sample+late+least_loaded,19,0.0346699,0.046875,33400.7,15.7768,31.2,2266.3
S2,heavy/group,fifo+sample+late+least_loaded,20,0.0421175,0.046875,27755.7,18.6554,34.8,4158
S2,heavy/group,fifo+sample+late+lpt,1,0.0511686,0.0625,22885.1,24.5239,53.9,4809.3
S2,heavy/group,fifo+sample+late+lpt,2,0.0445842,0.046875,26130.3,21.1404,49.2,2824.6
S2,heavy/group,fifo+sample+late+lpt,3,0.0447286,0.046875,25911.8,20.9309,46.8,2829.6
S2,heavy/group,fifo+sample+late+lpt,4,0.0492444,0.046875,23576.3,23.8677,52.7,4730.5
S2,heavy/group,fifo+sample+late+lpt,5,0.0378034,0.03125,30896.7,18.0113,37.7,2996.1
S2,heavy/group,fifo+sample+late+lpt,6,0.0404839,0.03125,28727.5,18.9758,38.6,3218
S2,heavy/group,fifo+sample+late+lpt,7,0.0539497,0.046875,21668.3,30.5594,37.2,16757
S2,heavy/group,fifo+sample+late+lpt,8,0.0426848,0.046875,27527.4,20.1489,44.7,2964.2
S2,heavy/group,fifo+sample+late+lpt,9,0.0527942,0.0625,21688,24.8384,53.4,2815.6
S2,heavy/group,fifo+sample+late+lpt,10,0.0390488,0.03125,30193,18.358,37.2,3123.6
S2,heavy/group,fifo+sample+late+lpt,11,0.0579135,0.03125,20306.1,27.5168,57.4,4727.8
S2,heavy/group,fifo+sample+late+lpt,12,0.0401059,0.03125,28848.6,18.8029,39.4,3228.5
S2,heavy/group,fifo+sample+late+lpt,13,0.0429213,0.046875,27492.2,19.8536,42.9,3004.7
S2,heavy/group,fifo+sample+late+lpt,14,0.0493227,0.046875,23295.6,23.252,46.2,3610.6
S2,heavy/group,fifo+sample+late+lpt,15,0.0500838,0.046875,23261,23.4002,53.4,2941.6
S2,heavy/group,fifo+sample+late+lpt,16,0.0389582,0.03125,29826.8,18.8799,37.8,3491.8
S2,heavy/group,fifo+sample+late+lpt,17,0.0399954,0.03125,29153.4,18.6733,37.7,2890
S2,heavy/group,fifo+sample+late+lpt,18,0.0593757,0.0625,19385,22.0831,51.7,3292.4
S2,heavy/group,fifo+sample+late+lpt,19,0.0436276,0.03125,26451.1,20.4867,39.5,3137.3
S2,heavy/group,fifo+sample+late+lpt,20,0.0405343,0.046875,28839.8,19.2004,44,2644.9
S2,heavy/group,fifo+sample+late+round_robin,1,0.0427963,0.046875,27362.2,18.6715,41.9,1778.5
S2,heavy/group,fifo+sample+late+round_robin,2,0.032877,0.03125,35617.6,14.4418,26.8,1818.4
S2,heavy/group,fifo+sample+late+round_robin,3,0.0443106,0.046875,26178.8,19.8734,42.8,2541.8
S2,heavy/group,fifo+sample+late+round_robin,4,0.0421786,0.046875,27549.5,18.302,37.6,1813.6
S2,heavy/group,fifo+sample+late+round_robin,5,0.0369561,0.046875,31118,16.7062,33.9,2785.3
S2,heavy/group,fifo+sample+late+round_robin,6,0.040233,0.015625,28906.6,17.7779,34.3,2905.3
S2,heavy/group,fifo+sample+late+round_robin,7,0.0390035,0.03125,29971.7,16.8009,34.9,2463
S2,heavy/group,fifo+sample+late+round_robin,8,0.0440772,0.046875,26567,19.312,38.3,2570.2
S2,heavy/group,fifo+sample+late+round_robin,9,0.0420645,0.03125,27243.9,18.1457,37.7,1862.6
S2,heavy/group,fifo+sample+late+round_robin,10,0.0383464,0.03125,30720,16.3786,30.5,1746.4
S2,heavy/group,fifo+sample+late+round_robin,11,0.0462398,0.046875,25324.5,19.7386,38.1,3109.5
S2,heavy/group,fifo+sample+late+round_robin,12,0.040016,0.03125,28763.5,17.692,35.6,3079.4
S2,heavy/group,fifo+sample+late+round_robin,13,0.0468551,0.03125,25162.7,19.9481,39.2,3055.2
S2,heavy/group,fifo+sample+late+round_robin,14,0.0452605,0.046875,25386.4,20.179,41.6,2701.8
S2,heavy/group,fifo+sample+late+round_robin,15,0.0363107,0.03125,32139.3,15.6791,31.5,1833
S2,heavy/group,fifo+sample+late+round_robin,16,0.0408967,0.046875,28437.5,18.1015,32.1,3029.4
S2,heavy/group,fifo+sample+late+round_robin,17,0.0406577,0.03125,28530.9,18.0974,43.5,1928.7
S2,heavy/group,fifo+sample+late+round_robin,18,0.0345894,0.03125,33276.1,15.4318,29.7,1806.9
S2,heavy/group,fifo+sample+late+round_robin,19,0.0362534,0.046875,31831.5,15.7314,27.4,2050.3
S2,heavy/group,fifo+sample+late+round_robin,20,0.0429882,0.03125,27193.5,18.5,37.5,3035.5
S2,heavy/group,longest_first+group+early+least_loaded,1,0.0248219,0.03125,41938.8,10.3608,11.9,1825.8
S2,heavy/group,longest_first+group+early+least_loaded,2,0.0492854,0.046875,20837.8,12.5533,13.2,2740.1
S2,heavy/group,longest_first+group+early+least_loaded,3,0.0304689,0.03125,33870.6,12.4187,13.6,1876.4
S2,heavy/group,longest_first+group+early+least_loaded,4,0.0307684,0.03125,33638.4,12.847,14,3111.2
S2,heavy/group,longest_first+group+early+least_loaded,5,0.0260238,0.03125,40194,10.8344,11.7,2219.5
S2,heavy/group,longest_first+group+early+least_loaded,6,0.0249264,0.03125,41602.5,10.3249,12.5,1799.2
S2,heavy/group,longest_first+group+early+least_loaded,7,0.0342328,0.03125,30409.4,14.0618,14.1,3239.8
S2,heavy/group,longest_first+group+early+least_loaded,8,0.0242977,0.015625,42555.5,10.1931,10.4,1955.8
S2,heavy/group,longest_first+group+early+least_loaded,9,0.0309258,0.03125,32691.2,12.6835,13.2,2499.8
S2,heavy/group,longest_first+group+early+least_loaded,10,0.0303473,0.03125,34138.1,12.9232,13.4,3202.1
S2,heavy/group,longest_first+group+early+least_loaded,11,0.0307544,0.03125,33588.7,12.0969,14.3,2072.7
S2,heavy/group,longest_first+group+early+least_loaded,12,0.0301633,0.03125,34379.5,12.2157,13.9,1848.3
S2,heavy/group,longest_first+group+early+least_loaded,13,0.0286097,0.03125,36141.6,12.0972,13,3091.8
S2,heavy/group,longest_first+group+early+least_loaded,14,0.0393146,0.046875,26224.4,16.1296,14,3298.5
S2,heavy/group,longest_first+group+early+least_loaded,15,0.0282532,0.03125,36987,12.0681,12.6,3091
S2,heavy/group,longest_first+group+early+least_loaded,16,0.0231167,0.03125,44729.6,9.86141,9.9,1838.8
S2,heavy/group,longest_first+group+early+least_loaded,17,0.0232485,0.015625,44691.1,9.71781,8.6,1803.8
S2,heavy/group,longest_first+group+early+least_loaded,18,0.029561,0.015625,35080,11.6405,12.6,1913.7
S2,heavy/group,longest_first+group+early+least_loaded,19,0.0295533,0.03125,34920,12.2412,13.5,1836.2
S2,heavy/group,longest_first+group+early+least_loaded,20,0.0264672,0.015625,39105,11.1623,11.8,2524.8
S2,heavy/group,longest_first+group+early+lpt,1,0.0238373,0.03125,43671.1,9.6389,9.8,1626.8
S2,heavy/group,longest_first+group+early+lpt,2,0.0253279,0.03125,40548.2,10.5713,10.9,2020.3
S2,heavy/group,longest_first+group+early+lpt,3,0.0263225,0.015625,39206,10.5875,12.2,1622.5
S2,heavy/group,longest_first+group+early+lpt,4,0.0319712,0.03125,32372.9,12.3589,13.4,1612.5
S2,heavy/group,longest_first+group+early+lpt,5,0.035463,0.03125,29495.5,13.7183,13.8,1611.9
S2,heavy/group,longest_first+group+early+lpt,6,0.0307822,0.03125,33688.3,12.7307,13.7,2670.3
S2,heavy/group,longest_first+group+early+lpt,7,0.0256113,0.03125,40646.1,10.515,13.6,1614.9
S2,heavy/group,longest_first+group+early+lpt,8,0.0246987,0.03125,41864.6,10.1579,11.7,1698
S2,heavy/group,longest_first+group+early+lpt,9,0.0322381,0.03125,31360.4,13.8,14.2,3413.6
S2,heavy/group,longest_first+group+early+lpt,10,0.0461913,0.03125,22428.5,12.4038,13.6,2171.2
S2,heavy/group,longest_first+group+early+lpt,11,0.0354958,0.03125,29102,13.9797,17.1,2537.3
S2,heavy/group,longest_first+group+early+lpt,12,0.0273351,0.03125,37936.6,10.8501,14.1,1631.2
S2,heavy/group,longest_first+group+early+lpt,13,0.0228135,0.03125,45324,9.65048,9.3,1714.8
S2,heavy/group,longest_first+group+early+lpt,14,0.0304765,0.015625,33829.3,12.3747,14.1,1920.9
S2,heavy/group,longest_first+group+early+lpt,15,0.026122,0.03125,40004.6,10.3111,12.4,1656.2
S2,heavy/group,longest_first+group+early+lpt,16,0.023049,0.015625,44860.9,9.52485,9.5,1575
S2,heavy/group,longest_first+group+early+lpt,17,0.0265966,0.03125,39065.1,11.0017,13.5,1789.8
S2,heavy/group,longest_first+group+early+lpt,18,0.0263095,0.03125,39415.4,10.6199,13.1,1624.5
S2,heavy/group,longest_first+group+early+lpt,19,0.0275047,0.03125,37520.9,11.59,13.1,2764.2
S2,heavy/group,longest_first+group+early+lpt,20,0.0298451,0.03125,34679.1,12.39,13.4,2219.8
S2,heavy/group,longest_first+group+early+round_robin,1,0.0301747,0.03125,34134.6,11.8286,13.5,1525.3
S2,heavy/group,longest_first+group+early+round_robin,2,0.0339098,0.03125,30286.2,13.5648,13.7,2547
S2,heavy/group,longest_first+group+early+round_robin,3,0.0281277,0.03125,36689.8,11.6911,13,2500.9
S2,heavy/group,longest_first+group+early+round_robin,4,0.035704,0.03125,29100.4,13.8594,20.1,2132.5
S2,heavy/group,longest_first+group+early+round_robin,5,0.024304,0.03125,42421,10.0214,11,1591.7
S2,heavy/group,longest_first+group+early+round_robin,6,0.0239193,0.03125,43186.9,9.68635,10.6,1429
S2,heavy/group,longest_first+group+early+round_robin,7,0.0290463,0.03125,35563.9,11.5522,13.4,1456.6
S2,heavy/group,longest_first+group+early+round_robin,8,0.0253658,0.03125,40921.2,10.5352,9.8,2360.1
S2,heavy/group,longest_first+group+early+round_robin,9,0.0302281,0.03125,33544.9,13.2788,13.4,3610
S2,heavy/group,longest_first+group+early+round_robin,10,0.0265097,0.03125,39004.6,10.2987,12.9,1434.4
S2,heavy/group,longest_first+group+early+round_robin,11,0.0338345,0.03125,30501.4,13.0255,14.1,1871.5
S2,heavy/group,longest_first+group+early+round_robin,12,0.024207,0.015625,43086.7,9.95839,12.9,1527.9
S2,heavy/group,longest_first+group+early+round_robin,13,0.0321465,0.015625,32227.5,12.9175,13.5,2109.3
S2,heavy/group,longest_first+group+early+round_robin,14,0.0459454,0.015625,22330.9,14.0412,14.1,3606.9
S2,heavy/group,longest_first+group+early+round_robin,15,0.0277033,0.015625,37540.7,11.6949,13.4,1996
S2,heavy/group,longest_first+group+early+round_robin,16,0.0261311,0.03125,39684.5,10.57,13.3,1432.7
S2,heavy/group,longest_first+group+early+round_robin,17,0.0226635,0.03125,45535.8,9.54448,8.8,1442.9
S2,heavy/group,longest_first+group+early+round_robin,18,0.0248214,0.03125,41657.6,10.1498,10,1845.7
S2,heavy/group,longest_first+group+early+round_robin,19,0.0285746,0.03125,36256,11.6308,13.5,1500.5
S2,heavy/group,longest_first+group+early+round_robin,20,0.0276981,0.03125,37511.6,11.3247,13.3,1764.1
S2,heavy/group,longest_first+group+late+first_free,1,0.0290889,0.03125,35443.1,13.9679,27.2,880.7
S2,heavy/group,longest_first+group+late+first_free,2,0.0334199,0.03125,30670.3,15.8832,37.2,1042.4
S2,heavy/group,longest_first+group+late+first_free,3,0.0389022,0.046875,26219.6,18.7561,43.2,971.4
S2,heavy/group,longest_first+group+late+first_free,4,0.0372217,0.03125,27698.9,17.3449,41.5,1253.2
S2,heavy/group,longest_first+group+late+first_free,5,0.0388226,0.046875,26685.5,18.9329,44.6,1400.8
S2,heavy/group,longest_first+group+late+first_free,6,0.038121,0.046875,26940.5,18.624,41.9,886.1
S2,heavy/group,longest_first+group+late+first_free,7,0.0352164,0.03125,29219.3,16.2148,36.1,911.2
S2,heavy/group,longest_first+group+late+first_free,8,0.029469,0.03125,35189.5,14.0027,32.5,844.5
S2,heavy/group,longest_first+group+late+first_free,9,0.0356167,0.03125,28638.3,17.3786,45.6,848.7
S2,heavy/group,longest_first+group+late+first_free,10,0.0323438,0.03125,31814.4,15.935,37.9,1489.3
S2,heavy/group,longest_first+group+late+first_free,11,0.0498115,0.046875,20778.3,22.8375,55.8,841.8
S2,heavy/group,longest_first+group+late+first_free,12,0.0325714,0.03125,31837.7,15.4577,32,1464.2
S2,heavy/group,longest_first+group+late+first_free,13,0.0326746,0.03125,31737.2,15.5288,28.4,890.6
S2,heavy/group,longest_first+group+late+first_free,14,0.0391843,0.046875,26158.4,19.4929,43.6,1455.8
S2,heavy/group,longest_first+group+late+first_free,15,0.0387901,0.03125,26682.1,18.4545,36.6,920.7
S2,heavy/group,longest_first+group+late+first_free,16,0.0267579,0.03125,38455.9,13.215,26.4,826.6
S2,heavy/group,longest_first+group+late+first_free,17,0.0347359,0.03125,29738.7,16.459,40.2,857.6
S2,heavy/group,longest_first+group+late+first_free,18,0.0271275,0.015625,37968.9,13.2478,27.1,884.3
S2,heavy/group,longest_first+group+late+first_free,19,0.0350093,0.03125,29078,16.5669,33.9,939.2
S2,heavy/group,longest_first+group+late+first_free,20,0.0331875,0.03125,31156.3,15.4637,32.9,828.5
S2,heavy/group,longest_first+group+late+least_loaded,1,0.0334523,0.03125,30969.5,16.3862,43.3,1278.1
S2,heavy/group,longest_first+group+late+least_loaded,2,0.0376802,0.046875,27069.9,18.2483,44.1,2147.3
S2,heavy/group,longest_first+group+late+least_loaded,3,0.0416788,0.03125,24712.8,20.8987,45.2,3259
S2,heavy/group,longest_first+group+late+least_loaded,4,0.034326,0.03125,30035.5,16.4751,44,1245.9
S2,heavy/group,longest_first+group+late+least_loaded,5,0.0349204,0.03125,29323.8,17.9039,43.8,1955.5
S2,heavy/group,longest_first+group+late+least_loaded,6,0.047082,0.046875,21982.9,29.8401,34.6,16336
S2,heavy/group,longest_first+group+late+least_loaded,7,0.0333086,0.03125,31013,16.3274,40.5,1540.2
S2,heavy/group,longest_first+group+late+least_loaded,8,0.0340552,0.015625,30391.8,16.7735,42.8,2120.2
S2,heavy/group,longest_first+group+late+least_loaded,9,0.0317595,0.03125,32179.3,15.9498,39.1,1820.7
S2,heavy/group,longest_first+group+late+least_loaded,10,0.0353042,0.03125,29345,17.5883,41.6,2100.3
S2,heavy/group,longest_first+group+late+least_loaded,11,0.0530185,0.046875,19408.3,24.5416,57.3,2360.2
S2,heavy/group,longest_first+group+late+least_loaded,12,0.0294919,0.03125,34890.9,14.5208,36.5,1297.3
S2,heavy/group,longest_first+group+late+least_loaded,13,0.0318972,0.03125,32448,15.2042,31.3,1203.1
S2,heavy/group,longest_first+group+late+least_loaded,14,0.0397141,0.015625,25935.4,19.6628,46.7,1408.3
S2,heavy/group,longest_first+group+late+least_loaded,15,0.02694,0.03125,38381.6,13.3206,26.6,1228.8
S2,heavy/group,longest_first+group+late+least_loaded,16,0.034178,0.03125,30019.3,16.8373,34.4,1820.7
S2,heavy/group,longest_first+group+late+least_loaded,17,0.0306742,0.03125,33709.1,15.0915,33.4,1195.4
S2,heavy/group,longest_first+group+late+least_loaded,18,0.0350556,0.03125,29467.5,16.9644,40.8,1646.4
S2,heavy/group,longest_first+group+late+least_loaded,19,0.029597,0.03125,34902.2,14.1605,29.8,1243.6
S2,heavy/group,longest_first+group+late+least_loaded,20,0.0351931,0.03125,29181.9,17.6212,38.1,1215.3
S2,heavy/group,longest_first+group+late+lpt,1,0.0340492,0.03125,30279.7,17.225,46.3,1406.7
S2,heavy/group,longest_first+group+late+lpt,2,0.0401807,0.03125,25609.3,20.4486,42.8,1284.3
S2,heavy/group,longest_first+group+late+lpt,3,0.0433628,0.046875,23753.1,22.063,54.4,1302.4
S2,heavy/group,longest_first+group+late+lpt,4,0.0436051,0.046875,23644,23.177,56.2,2209.9
S2,heavy/group,longest_first+group+late+lpt,5,0.0326859,0.03125,31359.1,17.2683,41.7,2115.3
S2,heavy/group,longest_first+group+late+lpt,6,0.0353952,0.03125,28958.7,18.7069,54.7,2127.2
S2,heavy/group,longest_first+group+late+lpt,7,0.0350229,0.03125,29809.1,17.7579,49,1234.2
S2,heavy/group,longest_first+group+late+lpt,8,0.0330544,0.03125,31342.3,16.9258,38.3,1458.4
S2,heavy/group,longest_first+group+late+lpt,9,0.0299276,0.03125,34182.5,15.5227,35.8,1263.9
S2,heavy/group,longest_first+group+late+lpt,10,0.0392416,0.046875,26400.6,19.8563,53,1754.5
S2,heavy/group,longest_first+group+late+lpt,11,0.0580864,0.0625,17715,29.2412,67.2,3818.6
S2,heavy/group,longest_first+group+late+lpt,12,0.0321952,0.03125,32147.6,16.5494,36.9,1219.5
S2,heavy/group,longest_first+group+late+lpt,13,0.0326231,0.03125,31664.7,17.1797,46.7,2049.7
S2,heavy/group,longest_first+group+late+lpt,14,0.0426166,0.046875,24004.7,16.8818,38.1,1846.4
S2,heavy/group,longest_first+group+late+lpt,15,0.0296036,0.03125,34928.2,15.3982,34,1239.5
S2,heavy/group,longest_first+group+late+lpt,16,0.0363838,0.03125,28309.3,19.3506,54.7,1449.3
S2,heavy/group,longest_first+group+late+lpt,17,0.0371937,0.03125,27800.4,19.1902,52.2,1246
S2,heavy/group,longest_first+group+late+lpt,18,0.0294618,0.015625,35062.4,15.464,35.2,1402
S2,heavy/group,longest_first+group+late+lpt,19,0.039745,0.03125,25990.7,19.5029,49.4,1197.4
S2,heavy/group,longest_first+group+late+lpt,20,0.0324137,0.03125,31684.1,16.7365,45.1,1272.7
S2,heavy/group,longest_first+group+late+round_robin,1,0.0323299,0.03125,31951.8,15.777,41.6,1052.8
S2,heavy/group,longest_first+group+late+round_robin,2,0.0347378,0.046875,29391.6,17.2845,40.2,1049.5
S2,heavy/group,longest_first+group+late+round_robin,3,0.0378844,0.03125,27082.4,18.0327,40.5,1053.8
S2,heavy/group,longest_first+group+late+round_robin,4,0.0406793,0.046875,25516.7,19.457,44.2,1137.4
S2,heavy/group,longest_first+group+late+round_robin,5,0.0330879,0.03125,31159.4,15.9548,41.9,1017.3
S2,heavy/group,longest_first+group+late+round_robin,6,0.0299234,0.03125,34722,14.2002,31.3,1017.6
S2,heavy/group,longest_first+group+late+round_robin,7,0.034889,0.03125,29722.8,16.8874,43.9,1776.1
S2,heavy/group,longest_first+group+late+round_robin,8,0.0337034,0.03125,30709.1,16.5278,43,1025.3
S2,heavy/group,longest_first+group+late+round_robin,9,0.0327335,0.03125,31374.6,15.6366,41.3,1035.4
S2,heavy/group,longest_first+group+late+round_robin,10,0.0335535,0.046875,30458.8,16.3872,37.4,1006.8
S2,heavy/group,longest_first+group+late+round_robin,11,0.0523785,0.046875,19702.7,24.5583,54.1,2653.1
S2,heavy/group,longest_first+group+late+round_robin,12,0.0323482,0.03125,31933.8,15.4332,37.8,1012
S2,heavy/group,longest_first+group+late+round_robin,13,0.0259739,0.015625,39924.7,12.6174,26.2,1001.6
S2,heavy/group,longest_first+group+late+round_robin,14,0.0312852,0.03125,32699.2,15.159,29.3,1013.1
S2,heavy/group,longest_first+group+late+round_robin,15,0.0367041,0.046875,28253,18.1929,41.4,1946.2
S2,heavy/group,longest_first+group+late+round_robin,16,0.0267775,0.03125,38390.4,13.1384,27,1002.7
S2,heavy/group,longest_first+group+late+round_robin,17,0.0287236,0.03125,35789.4,13.8051,27.9,1013.8
S2,heavy/group,longest_first+group+late+round_robin,18,0.0286867,0.03125,36009.7,14.1026,29.8,1219
S2,heavy/group,longest_first+group+late+round_robin,19,0.0387285,0.03125,26259.7,18.402,44.2,1009.9
S2,heavy/group,longest_first+group+late+round_robin,20,0.0355462,0.03125,28835.7,17.5634,39.2,1647.8
S2,heavy/group,longest_first+sample+early+least_loaded,1,0.0321963,0.03125,38669,11.5424,12.6,3471.9
S2,heavy/group,longest_first+sample+early+least_loaded,2,0.0438414,0.046875,28010.1,16.9594,13.7,7316.4
S2,heavy/group,longest_first+sample+early+least_loaded,3,0.0609476,0.0625,20345.3,15.9236,12.2,6508.5
S2,heavy/group,longest_first+sample+early+least_loaded,4,0.0317638,0.03125,39038.2,12.341,10,4965.5
S2,heavy/group,longest_first+sample+early+least_loaded,5,0.0291425,0.03125,41623.1,11.6999,8.5,4473.3
S2,heavy/group,longest_first+sample+early+least_loaded,6,0.0360471,0.03125,34233,13.4672,13.2,4112.7
S2,heavy/group,longest_first+sample+early+least_loaded,7,0.0411625,0.046875,30148.8,15.7193,13.3,6734
S2,heavy/group,longest_first+sample+early+least_loaded,8,0.0316539,0.015625,39426.4,12.172,12.1,4698.9
S2,heavy/group,longest_first+sample+early+least_loaded,9,0.0312707,0.03125,38854.3,11.6128,10.8,3740.4
S2,heavy/group,longest_first+sample+early+least_loaded,10,0.0340794,0.03125,36649.7,12.0101,12.4,3626.8
S2,heavy/group,longest_first+sample+early+least_loaded,11,0.0499484,0.0625,24785.6,18.1463,15.5,8097.4
S2,heavy/group,longest_first+sample+early+least_loaded,12,0.0398487,0.015625,31193,14.8871,14,5622.4
S2,heavy/group,longest_first+sample+early+least_loaded,13,0.0359935,0.03125,34172.8,13.8596,12.8,5767.5
S2,heavy/group,longest_first+sample+early+least_loaded,14,0.0350587,0.03125,35084,12.6384,13.3,3771.1
S2,heavy/group,longest_first+sample+early+least_loaded,15,0.0312247,0.03125,39808.2,11.3151,12.8,3311.8
S2,heavy/group,longest_first+sample+early+least_loaded,16,0.0341405,0.03125,36437.7,12.6543,13.2,3778.9
S2,heavy/group,longest_first+sample+early+least_loaded,17,0.0356047,0.015625,34883,12.9804,10.8,5605.7
S2,heavy/group,longest_first+sample+early+least_loaded,18,0.0297349,0.03125,41836.4,11.2169,9,3707.3
S2,heavy/group,longest_first+sample+early+least_loaded,19,0.038189,0.046875,32103.5,15.404,13.9,7088.4
S2,heavy/group,longest_first+sample+early+least_loaded,20,0.0469619,0.046875,26212.7,17.4663,13.8,5936.9
S2,heavy/group,longest_first+sample+early+lpt,1,0.029936,0.03125,41054.2,11.2862,8.7,3987.9
S2,heavy/group,longest_first+sample+early+lpt,2,0.0426884,0.03125,28930.6,15.1445,14.4,4235.4
S2,heavy/group,longest_first+sample+early+lpt,3,0.0350988,0.03125,35186.4,13.4272,11,5629.6
S2,heavy/group,longest_first+sample+early+lpt,4,0.0358781,0.046875,34561.5,13.7725,13,6192
S2,heavy/group,longest_first+sample+early+lpt,5,0.0376607,0.046875,32792.8,13.8499,13.7,4405.1
S2,heavy/group,longest_first+sample+early+lpt,6,0.0357507,0.03125,34237.1,13.4578,13.7,4564
S2,heavy/group,longest_first+sample+early+lpt,7,0.0461634,0.046875,26969.4,16.6629,14.3,6367.6
S2,heavy/group,longest_first+sample+early+lpt,8,0.0333738,0.03125,37424.6,12.5987,13.2,4343.8
S2,heavy/group,longest_first+sample+early+lpt,9,0.029241,0.03125,41072.5,11.0882,9.8,3599.7
S2,heavy/group,longest_first+sample+early+lpt,10,0.0527504,0.0625,23506.9,27.6381,13,23114.2
S2,heavy/group,longest_first+sample+early+lpt,11,0.0791043,0.03125,15688.1,18.0062,17.1,7826.1
S2,heavy/group,longest_first+sample+early+lpt,12,0.0363751,0.03125,33759.4,12.7986,13,4108.7
S2,heavy/group,longest_first+sample+early+lpt,13,0.0348846,0.03125,35603.1,13.2295,13.2,5042.9
S2,heavy/group,longest_first+sample+early+lpt,14,0.0357657,0.046875,34726,12.7949,13.7,3917.2
S2,heavy/group,longest_first+sample+early+lpt,15,0.0312138,0.03125,39854.2,11.6384,12.6,3871.6
S2,heavy/group,longest_first+sample+early+lpt,16,0.0345902,0.046875,35877.2,12.5044,14,3636.5
S2,heavy/group,longest_first+sample+early+lpt,17,0.0331884,0.03125,37422.7,12.687,10.8,5227.5
S2,heavy/group,longest_first+sample+early+lpt,18,0.0355558,0.03125,34987.3,13.1617,13.7,4098.2
S2,heavy/group,longest_first+sample+early+lpt,19,0.0433111,0.03125,28306.8,11.4454,10.3,3995.1
S2,heavy/group,longest_first+sample+early+lpt,20,0.0319866,0.03125,38672.4,11.7546,13.1,3666
S2,heavy/group,longest_first+sample+early+round_robin,1,0.0305525,0.015625,40749.5,10.6012,10.4,2290.8
S2,heavy/group,longest_first+sample+early+round_robin,2,0.0331201,0.015625,37077.2,11.4574,12.4,2569.7
S2,heavy/group,longest_first+sample+early+round_robin,3,0.0363897,0.046875,34075.6,11.7894,13.4,2470.3
S2,heavy/group,longest_first+sample+early+round_robin,4,0.0300656,0.03125,41243.1,10.412,10.7,2395
S2,heavy/group,longest_first+sample+early+round_robin,5,0.0283269,0.015625,42821.5,10.6062,10,2943.4
S2,heavy/group,longest_first+sample+early+round_robin,6,0.031983,0.03125,38583,12.3566,9.6,5037.3
S2,heavy/group,longest_first+sample+early+round_robin,7,0.032908,0.046875,37711.2,11.3916,13.3,2585.9
S2,heavy/group,longest_first+sample+early+round_robin,8,0.0299163,0.015625,41716.4,10.8908,9.5,3163.8
S2,heavy/group,longest_first+sample+early+round_robin,9,0.0282305,0.015625,43038.6,10.0649,10.1,2352.8
S2,heavy/group,longest_first+sample+early+round_robin,10,0.0334544,0.03125,37334.4,11.3575,12.7,2290.4
S2,heavy/group,longest_first+sample+early+round_robin,11,0.0543113,0.0625,22794.5,18.4281,20.3,6158.9
S2,heavy/group,longest_first+sample+early+round_robin,12,0.0320034,0.03125,38839.6,10.9515,11.7,2404.7
S2,heavy/group,longest_first+sample+early+round_robin,13,0.0325478,0.03125,37790.6,12.3015,13.2,4301.5
S2,heavy/group,longest_first+sample+early+round_robin,14,0.0303341,0.03125,40548.4,11.0152,12.2,2936.8
S2,heavy/group,longest_first+sample+early+round_robin,15,0.0309752,0.03125,40128.9,10.9399,13.4,2553.6
S2,heavy/group,longest_first+sample+early+round_robin,16,0.0320693,0.03125,38791,11.1093,13.4,2375.4
S2,heavy/group,longest_first+sample+early+round_robin,17,0.0376584,0.03125,32980.7,14.0167,13.5,4806.6
S2,heavy/group,longest_first+sample+early+round_robin,18,0.0291519,0.015625,42673,10.6098,10.6,2849.1
S2,heavy/group,longest_first+sample+early+round_robin,19,0.0399866,0.03125,30660.3,13.0385,15.2,2353
S2,heavy/group,longest_first+sample+early+round_robin,20,0.0350615,0.046875,35109.7,12.9617,13.4,4130.6
S2,heavy/group,longest_first+sample+late+first_free,1,0.0342398,0.03125,33820.3,15.1011,27.3,1780.3
S2,heavy/group,longest_first+sample+late+first_free,2,0.0449885,0.03125,25606.5,20.0971,41.6,3104.2
S2,heavy/group,longest_first+sample+late+first_free,3,0.0341479,0.03125,33677,15.4716,27.4,2670.8
S2,heavy/group,longest_first+sample+late+first_free,4,0.0351559,0.03125,32995.9,15.5961,34.4,2058.7
S2,heavy/group,longest_first+sample+late+first_free,5,0.0416654,0.03125,27696.8,18.4025,39.6,2023.4
S2,heavy/group,longest_first+sample+late+first_free,6,0.0535447,0.0625,21570.8,28.8041,39.1,14499.1
S2,heavy/group,longest_first+sample+late+first_free,7,0.0428415,0.03125,27006.5,18.36,39.4,2069.8
S2,heavy/group,longest_first+sample+late+first_free,8,0.0340164,0.03125,34071.8,14.8717,27.2,2381
S2,heavy/group,longest_first+sample+late+first_free,9,0.0359858,0.03125,32179.4,15.9936,34.5,1800.8
S2,heavy/group,longest_first+sample+late+first_free,10,0.0400241,0.046875,28957.6,17.9837,37.2,2316.9
S2,heavy/group,longest_first+sample+late+first_free,11,0.0512212,0.03125,22900.7,21.7363,43.7,3532.4
S2,heavy/group,longest_first+sample+late+first_free,12,0.0440379,0.03125,26545.3,18.8355,37.4,1938.9
S2,heavy/group,longest_first+sample+late+first_free,13,0.0404629,0.046875,28693,18.0774,38.8,3000.4
S2,heavy/group,longest_first+sample+late+first_free,14,0.0364949,0.03125,31346.8,16.2422,30.7,1848.6
S2,heavy/group,longest_first+sample+late+first_free,15,0.035119,0.03125,33600,15.206,26.3,1800.2
S2,heavy/group,longest_first+sample+late+first_free,16,0.0364408,0.03125,31914.8,15.603,35.5,1801.5
S2,heavy/group,longest_first+sample+late+first_free,17,0.045604,0.046875,25546,19.2847,36.8,2165
S2,heavy/group,longest_first+sample+late+first_free,18,0.0387502,0.03125,29599.8,17.1801,36.8,1902.1
S2,heavy/group,longest_first+sample+late+first_free,19,0.0352392,0.03125,33116.5,15.4937,33,1973.8
S2,heavy/group,longest_first+sample+late+first_free,20,0.0389092,0.046875,29710.2,17.4087,39.1,1826.7
S2,heavy/group,longest_first+sample+late+least_loaded,1,0.0475026,0.046875,24272.4,21.1265,40.1,2587.2
S2,heavy/group,longest_first+sample+late+least_loaded,2,0.0453425,0.046875,25186.1,20.558,35.9,3897.4
S2,heavy/group,longest_first+sample+late+least_loaded,3,0.039091,0.046875,29265,18.0776,36.2,3346.8
S2,heavy/group,longest_first+sample+late+least_loaded,4,0.0401828,0.046875,29191.6,17.8278,39.7,2683
S2,heavy/group,longest_first+sample+late+least_loaded,5,0.0380256,0.03125,30505.8,17.2811,34.7,3355.2
S2,heavy/group,longest_first+sample+late+least_loaded,6,0.0403545,0.046875,28646.1,18.4158,39.5,2704.8
S2,heavy/group,longest_first+sample+late+least_loaded,7,0.0414522,0.046875,27839.3,18.8923,39.9,3086.2
S2,heavy/group,longest_first+sample+late+least_loaded,8,0.038345,0.03125,30512.5,17.2206,30.8,4550.5
S2,heavy/group,longest_first+sample+late+least_loaded,9,0.0399268,0.046875,28802.7,18.0876,36.9,2760.7
S2,heavy/group,longest_first+sample+late+least_loaded,10,0.0431988,0.046875,26991.5,19.599,40,3625.3
S2,heavy/group,longest_first+sample+late+least_loaded,11,0.0501578,0.046875,23226.7,22.2564,47.2,4945.3
S2,heavy/group,longest_first+sample+late+least_loaded,12,0.0415966,0.046875,28199.4,18.2031,31.7,2633.2
S2,heavy/group,longest_first+sample+late+least_loaded,13,0.0360364,0.03125,31995.4,16.409,33.6,2661.7
S2,heavy/group,longest_first+sample+late+least_loaded,14,0.0446952,0.046875,25908.8,20.1888,41.5,2652.6
S2,heavy/group,longest_first+sample+late+least_loaded,15,0.0452318,0.046875,25601.5,15.3476,27.3,2557.9
S2,heavy/group,longest_first+sample+late+least_loaded,16,0.0373927,0.046875,31530.2,16.6922,34.4,3330.7
S2,heavy/group,longest_first+sample+late+least_loaded,17,0.0469096,0.03125,24707.1,21.0034,42,2737.3
S2,heavy/group,longest_first+sample+late+least_loaded,18,0.0352996,0.03125,32691.6,16.2321,26.6,3264.3
S2,heavy/group,longest_first+sample+late+least_loaded,19,0.0389935,0.03125,29953.7,17.3872,32.3,2888.5
S2,heavy/group,longest_first+sample+late+least_loaded,20,0.041217,0.046875,28046.7,18.9811,37.1,4626.8
S2,heavy/group,longest_first+sample+late+lpt,1,0.0497795,0.0625,23162.1,23.5825,51.4,3237
S2,heavy/group,longest_first+sample+late+lpt,2,0.0546325,0.03125,20903.3,25.8147,59.4,3274.3
S2,heavy/group,longest_first+sample+late+lpt,3,0.0375504,0.046875,30465.7,18.3725,36.9,3055.6
S2,heavy/group,longest_first+sample+late+lpt,4,0.047103,0.046875,24902.9,22.0188,50.8,2827
S2,heavy/group,longest_first+sample+late+lpt,5,0.0501033,0.03125,23152.2,23.6738,53.5,3013.7
S2,heavy/group,longest_first+sample+late+lpt,6,0.041491,0.046875,27861.5,20.4912,47.3,3750.5
S2,heavy/group,longest_first+sample+late+lpt,7,0.0506582,0.0625,22780.1,24.4632,56.6,3957.3
S2,heavy/group,longest_first+sample+late+lpt,8,0.0441617,0.046875,26493.5,20.7901,36.3,4232.1
S2,heavy/group,longest_first+sample+late+lpt,9,0.0493321,0.046875,23311.4,24.6283,53.5,4775.4
S2,heavy/group,longest_first+sample+late+lpt,10,0.041868,0.046875,27849.4,19.7844,48.6,2923.9
S2,heavy/group,longest_first+sample+late+lpt,11,0.0423898,0.03125,27483,20.5393,45.8,4019
S2,heavy/group,longest_first+sample+late+lpt,12,0.0502054,0.0625,23364,24.1379,53.9,4028.9
S2,heavy/group,longest_first+sample+late+lpt,13,0.038845,0.03125,29682.1,18.882,45.1,2905.2
S2,heavy/group,longest_first+sample+late+lpt,14,0.0404387,0.046875,28635.9,19.0701,36.3,3228.7
S2,heavy/group,longest_first+sample+late+lpt,15,0.0370413,0.046875,31262.4,17.9521,34.2,3254.5
S2,heavy/group,longest_first+sample+late+lpt,16,0.0429772,0.046875,27433.2,20.4039,51.1,3146.7
S2,heavy/group,longest_first+sample+late+lpt,17,0.0383043,0.03125,30257.7,18.6298,35,3610
S2,heavy/group,longest_first+sample+late+lpt,18,0.041564,0.046875,27764.4,19.7776,46,2891.4
S2,heavy/group,longest_first+sample+late+lpt,19,0.0410977,0.046875,28420.1,19.3464,43.3,2982.5
S2,heavy/group,longest_first+sample+late+lpt,20,0.0477852,0.046875,24191.6,22.6253,48.4,3631.8
S2,heavy/group,longest_first+sample+late+round_robin,1,0.0399601,0.046875,29054,17.2065,37.7,2014.6
S2,heavy/group,longest_first+sample+late+round_robin,2,0.0498575,0.046875,23085.8,21.7519,46.6,2975.7
S2,heavy/group,longest_first+sample+late+round_robin,3,0.0352059,0.03125,32693.4,15.6278,29.1,2210.1
S2,heavy/group,longest_first+sample+late+round_robin,4,0.0433439,0.046875,27131.8,18.2753,35.8,2091
S2,heavy/group,longest_first+sample+late+round_robin,5,0.0352981,0.03125,32863,16.3266,26.9,3661.1
S2,heavy/group,longest_first+sample+late+round_robin,6,0.0331893,0.03125,34830.5,14.8532,26.9,2220.9
S2,heavy/group,longest_first+sample+late+round_robin,7,0.0430526,0.046875,26804.4,18.7895,42,2135.1
S2,heavy/group,longest_first+sample+late+round_robin,8,0.0339253,0.03125,34487.5,14.9838,27.7,2104.8
S2,heavy/group,longest_first+sample+late+round_robin,9,0.0344864,0.03125,33433.5,15.6651,27.3,2942.8
S2,heavy/group,longest_first+sample+late+round_robin,10,0.0378302,0.03125,30557.6,17.0971,34.5,2952.3
S2,heavy/group,longest_first+sample+late+round_robin,11,0.0528851,0.046875,22028.9,23.0413,50.9,2900.8
S2,heavy/group,longest_first+sample+late+round_robin,12,0.0413037,0.046875,28181.5,18.0201,38.3,2657.5
S2,heavy/group,longest_first+sample+late+round_robin,13,0.037985,0.046875,30327.8,17.0433,37.9,2045.1
S2,heavy/group,longest_first+sample+late+round_robin,14,0.0347282,0.03125,33459.8,15.8287,27.7,2903.8
S2,heavy/group,longest_first+sample+late+round_robin,15,0.0366466,0.046875,31681,16.1811,31.7,2041.9
S2,heavy/group,longest_first+sample+late+round_robin,16,0.039839,0.046875,29594.1,16.8743,36.7,2022.6
S2,heavy/group,longest_first+sample+late+round_robin,17,0.0340081,0.046875,34080.1,15.1671,29.6,2041.2
S2,heavy/group,longest_first+sample+late+round_robin,18,0.0335391,0.03125,34407.6,14.9896,27.7,2087.2
S2,heavy/group,longest_first+sample+late+round_robin,19,0.0357409,0.03125,32679.6,15.6991,28.1,2071.2
S2,heavy/group,longest_first+sample+late+round_robin,20,0.036133,0.03125,31882.2,16.3391,28.6,2660.2
S2,heavy/group,online_adaptive,1,0.0432874,0.03125,26890,21.266,49.5,4006.4
S2,heavy/group,online_adaptive,2,0.057737,0.03125,19935.2,28.0647,62.2,5403.5
S2,heavy/group,online_adaptive,3,0.0495108,0.046875,23227.3,23.8333,55.4,3119.1
S2,heavy/group,online_adaptive,4,0.0506709,0.046875,22971.8,23.4676,53.3,3175.8
S2,heavy/group,online_adaptive,5,0.0461258,0.046875,25148.6,22.1102,51.3,3264.5
S2,heavy/group,online_adaptive,6,0.040737,0.046875,28229.9,20.3485,49.9,3038.4
S2,heavy/group,online_adaptive,7,0.0613064,0.046875,18823.5,21.6894,52.5,3373.7
S2,heavy/group,online_adaptive,8,0.0446893,0.03125,26180.8,21.845,51.8,3715.9
S2,heavy/group,online_adaptive,9,0.0516294,0.046875,21964.2,26.1571,52.7,6532.3
S2,heavy/group,online_adaptive,10,0.0441849,0.03125,26275.9,21.34,51.5,3349.1
S2,heavy/group,online_adaptive,11,0.0471969,0.046875,24683.8,23.0948,44.8,5754.2
S2,heavy/group,online_adaptive,12,0.0452155,0.046875,25787.6,22.189,49.6,4129.8
S2,heavy/group,online_adaptive,13,0.0379394,0.046875,30390.6,18.6729,36.9,3114.1
S2,heavy/group,online_adaptive,14,0.0484565,0.0625,23980.3,22.8911,54.2,3057.5
S2,heavy/group,online_adaptive,15,0.0372675,0.03125,31153.1,17.9516,35.7,2973.8
S2,heavy/group,online_adaptive,16,0.0441689,0.03125,26693,21.428,50.1,3816.9
S2,heavy/group,online_adaptive,17,0.0485259,0.046875,23863.5,24.5002,52.8,4613.7
S2,heavy/group,online_adaptive,18,0.0414289,0.046875,27855,20.4912,49.4,3025.9
S2,heavy/group,online_adaptive,19,0.0393922,0.03125,29726.7,18.8672,36.8,3108.4
S2,heavy/group,online_adaptive,20,0.0467252,0.046875,24697.6,22.5357,53.8,3168.4
S2,heavy/group,online_eb,1,0.0725,0.078125,15903.4,41.7986,97.1,7351.5
S2,heavy/group,online_eb,2,0.0819112,0.078125,14076.2,45.3246,120.4,5746.5
S2,heavy/group,online_eb,3,0.0552476,0.0625,20797.3,32.162,78.4,4896.4
S2,heavy/group,online_eb,4,0.0755199,0.078125,15505.8,43.1649,105.2,5923.9
S2,heavy/group,online_eb,5,0.058564,0.046875,19739.1,33.1165,86,4831.3
S2,heavy/group,online_eb,6,0.0556004,0.0625,20917.1,31.5525,74.5,4750.4
S2,heavy/group,online_eb,7,0.064032,0.0625,18022.2,35.488,90.6,5385.3
S2,heavy/group,online_eb,8,0.0532494,0.03125,21990.9,29.9239,80.7,4786.4
S2,heavy/group,online_eb,9,0.0536691,0.0625,21558,31.0689,74.7,5617.1
S2,heavy/group,online_eb,10,0.0648261,0.0625,17894,36.0834,91.6,4018
S2,heavy/group,online_eb,11,0.0542414,0.0625,21570.2,30.8206,77,5469.5
S2,heavy/group,online_eb,12,0.0594172,0.0625,19607.1,34.8791,81,6646.4
S2,heavy/group,online_eb,13,0.0513301,0.046875,22540.4,29.9965,68.6,5191.6
S2,heavy/group,online_eb,14,0.0541526,0.046875,21531.7,30.593,70.9,4564.7
S2,heavy/group,online_eb,15,0.0514809,0.046875,22493.8,29.0997,74.1,4232.6
S2,heavy/group,online_eb,16,0.0558624,0.0625,21105.4,29.4739,73.5,4098.7
S2,heavy/group,online_eb,17,0.0657094,0.046875,17744.8,35.8761,94.5,4615.9
S2,heavy/group,online_eb,18,0.0641343,0.046875,17946.7,36.9677,83.8,4833.1
S2,heavy/group,online_eb,19,0.0572828,0.0625,20285.3,32.8265,87.3,4190.1
S2,heavy/group,online_eb,20,0.0531245,0.0625,21684.9,30.7404,67.9,4930.8
S2,heavy/group,oracle_lpt,1,0.0523848,0.046875,22697.4,24.308,50.5,5886.5
S2,heavy/group,oracle_lpt,2,0.062829,0.03125,18860.7,28.5579,64.1,5182.8
S2,heavy/group,oracle_lpt,3,0.0389546,0.03125,30137.6,19.1744,34.3,4241.5
S2,heavy/group,oracle_lpt,4,0.049972,0.046875,23633.2,23.4389,54.7,4251.3
S2,heavy/group,oracle_lpt,5,0.0515052,0.046875,22696.7,25.2728,51,7032.4
S2,heavy/group,oracle_lpt,6,0.0381504,0.03125,31035.1,18.3894,33.1,4049.1
S2,heavy/group,oracle_lpt,7,0.0530349,0.046875,22607.8,26.1497,51.7,7046.1
S2,heavy/group,oracle_lpt,8,0.0476002,0.03125,25231,23.8272,38.6,7213.2
S2,heavy/group,oracle_lpt,9,0.0397704,0.03125,29444,19.349,39.1,3879.1
S2,heavy/group,oracle_lpt,10,0.0540617,0.046875,22104.4,25.5575,51.8,6094.2
S2,heavy/group,oracle_lpt,11,0.0453221,0.046875,25682.8,21.6999,48.4,4267.4
S2,heavy/group,oracle_lpt,12,0.0502871,0.046875,23365.8,24.2773,52.1,6164.5
S2,heavy/group,oracle_lpt,13,0.052196,0.0625,22587.9,25.7003,55.8,5639.5
S2,heavy/group,oracle_lpt,14,0.0468177,0.046875,25289.6,21.8713,45.7,4156.5
S2,heavy/group,oracle_lpt,15,0.0450707,0.046875,26425.1,20.8856,44.3,3770.8
S2,heavy/group,oracle_lpt,16,0.0459111,0.03125,25549.4,22.6318,52.7,4444.4
S2,heavy/group,oracle_lpt,17,0.0427072,0.03125,27536.3,20.5405,43.8,4440
S2,heavy/group,oracle_lpt,18,0.0431492,0.03125,27254.3,21.2796,47,4802.2
S2,heavy/group,oracle_lpt,19,0.044425,0.03125,26156.4,21.6744,50.2,4170.3
S2,heavy/group,oracle_lpt,20,0.0500816,0.046875,23561.5,24.4104,52.6,4631.2
S2,heavy/group,reference,1,0.0278144,0.03125,37390.7,10.8782,13.2,829.7
S2,heavy/group,reference,2,0.0278456,0.03125,36774.2,10.9417,13.2,1537.8
S2,heavy/group,reference,3,0.062493,0.0625,16545.9,35.8117,15.9,23897.9
S2,heavy/group,reference,4,0.0286565,0.03125,36361.7,10.7062,13.4,1339.6
S2,heavy/group,reference,5,0.0288896,0.03125,35341.4,11.3939,13.9,1373.4
S2,heavy/group,reference,6,0.0302619,0.03125,34366.6,11.6212,14,847.7
S2,heavy/group,reference,7,0.0223853,0.03125,46459.1,8.76308,8.8,824.9
S2,heavy/group,reference,8,0.0295836,0.03125,35087,11.4688,13.3,935.3
S2,heavy/group,reference,9,0.0246796,0.015625,41815.9,9.52791,12.7,817.8
S2,heavy/group,reference,10,0.028746,0.03125,36387.7,10.9967,13.6,1313.5
S2,heavy/group,reference,11,0.0344652,0.015625,30117.3,12.6591,14.5,818
S2,heavy/group,reference,12,0.0250183,0.015625,40970,10.2394,13.3,1485.2
S2,heavy/group,reference,13,0.0243558,0.015625,42207.6,9.33891,11.9,794
S2,heavy/group,reference,14,0.027378,0.03125,37913.7,10.538,13.2,834.1
S2,heavy/group,reference,15,0.0248945,0.015625,41696,9.68073,11.8,816.1
S2,heavy/group,reference,16,0.0244581,0.015625,42235.5,9.73475,10.2,887.1
S2,heavy/group,reference,17,0.0244827,0.015625,42356.4,9.77329,8.7,1315
S2,heavy/group,reference,18,0.0283155,0.03125,36729,10.9364,13.5,872.2
S2,heavy/group,reference,19,0.0220597,0.015625,46419.5,8.81865,9.5,803.8
S2,heavy/group,reference,20,0.0278994,0.03125,37169.3,10.8478,13.9,824.9
S2,heavy/none,fifo+group+early+least_loaded,1,0.0246186,0.03125,42244.5,10.1037,12.5,1465.1
S2,heavy/none,fifo+group+early+least_loaded,2,0.0254559,0.015625,40226.4,9.89922,12.3,1216.8
S2,heavy/none,fifo+group+early+least_loaded,3,0.0240722,0.03125,42954.1,9.82708,10.5,1352.9
S2,heavy/none,fifo+group+early+least_loaded,4,0.0360253,0.015625,28924.1,13.6291,18.7,3011.9
S2,heavy/none,fifo+group+early+least_loaded,5,0.0320369,0.015625,31869.5,12.6665,13.6,1272.8
S2,heavy/none,fifo+group+early+least_loaded,6,0.0327052,0.03125,31799.2,12.8613,13.5,1330.3
S2,heavy/none,fifo+group+early+least_loaded,7,0.0245778,0.015625,42314.6,9.97154,12.8,1318.7
S2,heavy/none,fifo+group+early+least_loaded,8,0.0247938,0.03125,41865.3,9.84711,10.8,1258.4
S2,heavy/none,fifo+group+early+least_loaded,9,0.0240486,0.015625,42913.1,9.67238,10.4,1322.8
S2,heavy/none,fifo+group+early+least_loaded,10,0.0252401,0.03125,41442,9.61405,11.7,1234.5
S2,heavy/none,fifo+group+early+least_loaded,11,0.0279709,0.03125,37110,11.2995,12.9,2039.7
S2,heavy/none,fifo+group+early+least_loaded,12,0.0245656,0.015625,41725,9.81454,12,1275.7
S2,heavy/none,fifo+group+early+least_loaded,13,0.0302434,0.03125,33990.9,11.9858,13.2,2119.5
S2,heavy/none,fifo+group+early+least_loaded,14,0.0296495,0.03125,35009,11.1009,13.7,1389
S2,heavy/none,fifo+group+early+least_loaded,15,0.0249314,0.015625,41634.2,10.0985,10.3,1767
S2,heavy/none,fifo+group+early+least_loaded,16,0.0330285,0.03125,31276,13.0132,13.7,1206.3
S2,heavy/none,fifo+group+early+least_loaded,17,0.0326936,0.046875,31718.7,12.9551,13.3,1212.9
S2,heavy/none,fifo+group+early+least_loaded,18,0.0275326,0.015625,37773.4,10.9241,13.8,1280.6
S2,heavy/none,fifo+group+early+least_loaded,19,0.0301876,0.03125,33921.2,12.1184,14,1812.5
S2,heavy/none,fifo+group+early+least_loaded,20,0.0272403,0.015625,38068.6,10.7055,13.9,1221.7
S2,heavy/none,fifo+group+early+lpt,1,0.022674,0.015625,45867.5,9.45375,8.5,1541.6
S2,heavy/none,fifo+group+early+lpt,2,0.0232922,0.015625,43963.2,9.58389,8.5,1586.1
S2,heavy/none,fifo+group+early+lpt,3,0.0258291,0.015625,40032.4,11.1134,13.3,2607.4
S2,heavy/none,fifo+group+early+lpt,4,0.0275147,0.015625,37870.7,11.4981,13,2061.1
S2,heavy/none,fifo+group+early+lpt,5,0.0231223,0.03125,44156.5,9.79971,11,1562.6
S2,heavy/none,fifo+group+early+lpt,6,0.0256579,0.03125,40533.3,10.4572,10.9,1922.9
S2,heavy/none,fifo+group+early+lpt,7,0.023494,0.015625,44266.6,9.66981,9.5,1703.5
S2,heavy/none,fifo+group+early+lpt,8,0.0257131,0.015625,40368.5,10.5462,12.7,2160.4
S2,heavy/none,fifo+group+early+lpt,9,0.0263081,0.03125,39227.5,10.7372,13,1914.8
S2,heavy/none,fifo+group+early+lpt,10,0.0268595,0.03125,38943.4,10.9559,12.9,2186.4
S2,heavy/none,fifo+group+early+lpt,11,0.0487124,0.046875,21308.7,13.0348,13.9,2276.5
S2,heavy/none,fifo+group+early+lpt,12,0.0338384,0.03125,30291,13.7127,13.9,2283.6
S2,heavy/none,fifo+group+early+lpt,13,0.0276182,0.03125,37221.8,10.9633,12.5,2050.2
S2,heavy/none,fifo+group+early+lpt,14,0.0245883,0.03125,42215.2,10.0002,10.2,1697.8
S2,heavy/none,fifo+group+early+lpt,15,0.0370608,0.046875,28008,10.2301,10.2,2083.2
S2,heavy/none,fifo+group+early+lpt,16,0.0240078,0.015625,43027.7,9.83504,10.7,1582.3
S2,heavy/none,fifo+group+early+lpt,17,0.0270808,0.03125,38292.8,10.6176,12,1700.7
S2,heavy/none,fifo+group+early+lpt,18,0.0246008,0.015625,42275,10.1756,13.6,1609.1
S2,heavy/none,fifo+group+early+lpt,19,0.0293886,0.03125,34843.4,11.3686,13.5,1862.6
S2,heavy/none,fifo+group+early+lpt,20,0.0259607,0.03125,39945,10.2074,12.7,1612.1
S2,heavy/none,fifo+group+late+first_free,1,0.0285211,0.03125,36218.8,12.8417,23,550.2
S2,heavy/none,fifo+group+late+first_free,2,0.025209,0.03125,41017.1,11.4726,23.5,586.6
S2,heavy/none,fifo+group+late+first_free,3,0.0265455,0.015625,38801.3,11.8869,25.7,870.1
S2,heavy/none,fifo+group+late+first_free,4,0.0327587,0.03125,31625.2,14.6597,29.4,621.5
S2,heavy/none,fifo+group+late+first_free,5,0.0301628,0.03125,34413.3,13.4254,24.2,619.9
S2,heavy/none,fifo+group+late+first_free,6,0.0298783,0.03125,34807.9,12.6744,24.7,883.2
S2,heavy/none,fifo+group+late+first_free,7,0.0251728,0.03125,41354.2,11.3232,20.6,521
S2,heavy/none,fifo+group+late+first_free,8,0.0273026,0.03125,37871.9,12.1603,26.1,553.6
S2,heavy/none,fifo+group+late+first_free,9,0.0323234,0.046875,31896.4,14.5648,30.6,893.5
S2,heavy/none,fifo+group+late+first_free,10,0.0292965,0.03125,35533.3,13.1393,27,547
S2,heavy/none,fifo+group+late+first_free,11,0.0324128,0.03125,31901,14.2233,30.4,930.7
S2,heavy/none,fifo+group+late+first_free,12,0.0341577,0.046875,30476.3,14.7701,30.8,550.7
S2,heavy/none,fifo+group+late+first_free,13,0.0377763,0.03125,27398.1,17.4144,31.3,1749.8
S2,heavy/none,fifo+group+late+first_free,14,0.0358825,0.03125,28844.1,14.7082,31.6,623.4
S2,heavy/none,fifo+group+late+first_free,15,0.0267032,0.03125,38946.6,11.8748,23.1,771.9
S2,heavy/none,fifo+group+late+first_free,16,0.0263641,0.03125,39030.3,11.6881,24.2,534
S2,heavy/none,fifo+group+late+first_free,17,0.030775,0.03125,33598.7,13.6024,28.1,826.8
S2,heavy/none,fifo+group+late+first_free,18,0.0318711,0.03125,32600.1,14.4308,31.6,546.7
S2,heavy/none,fifo+group+late+first_free,19,0.0561126,0.046875,18373.8,16.2649,33.1,525.6
S2,heavy/none,fifo+group+late+first_free,20,0.0444642,0.03125,23232.2,19.6215,53.4,570.9
S2,heavy/none,fifo+group+late+least_loaded,1,0.0296647,0.03125,35024.8,13.1656,27.6,1179.3
S2,heavy/none,fifo+group+late+least_loaded,2,0.0273691,0.015625,37999.1,12.3142,25,764.5
S2,heavy/none,fifo+group+late+least_loaded,3,0.0308156,0.03125,33554.4,14.4897,27.1,892.8
S2,heavy/none,fifo+group+late+least_loaded,4,0.0313364,0.03125,33252.1,14.1798,29.8,770.4
S2,heavy/none,fifo+group+late+least_loaded,5,0.0283062,0.015625,36387.8,12.8602,24.2,830.7
S2,heavy/none,fifo+group+late+least_loaded,6,0.030249,0.03125,34083.8,13.261,26.1,823
S2,heavy/none,fifo+group+late+least_loaded,7,0.0249891,0.03125,41218,11.502,22.6,744
S2,heavy/none,fifo+group+late+least_loaded,8,0.0276242,0.03125,37503.3,11.923,23.7,786.7
S2,heavy/none,fifo+group+late+least_loaded,9,0.0361092,0.046875,28469.2,16.4075,33.7,1290.7
S2,heavy/none,fifo+group+late+least_loaded,10,0.0329279,0.03125,31401.9,14.671,30.3,809.3
S2,heavy/none,fifo+group+late+least_loaded,11,0.0370501,0.03125,27908.2,16.567,30.2,1126
S2,heavy/none,fifo+group+late+least_loaded,12,0.0335986,0.03125,31043,14.9212,31.7,782.8
S2,heavy/none,fifo+group+late+least_loaded,13,0.0409851,0.03125,25082.3,19.0157,40.4,1473.1
S2,heavy/none,fifo+group+late+least_loaded,14,0.026222,0.015625,39775.8,12.2474,20.1,1428.4
S2,heavy/none,fifo+group+late+least_loaded,15,0.0260192,0.03125,39816.8,11.8435,22,753.1
S2,heavy/none,fifo+group+late+least_loaded,16,0.0267556,0.03125,38683.5,12.2963,24.6,809
S2,heavy/none,fifo+group+late+least_loaded,17,0.0308181,0.03125,33519.3,13.9544,29,893.5
S2,heavy/none,fifo+group+late+least_loaded,18,0.031168,0.03125,33110.9,14.0994,29.2,1303.5
S2,heavy/none,fifo+group+late+least_loaded,19,0.0326752,0.03125,31400,15.422,28,2074.1
S2,heavy/none,fifo+group+late+least_loaded,20,0.0312765,0.03125,32964,13.6823,27.5,814.1
S2,heavy/none,fifo+group+late+lpt,1,0.0316674,0.03125,32809.8,15.7488,41.9,932.4
S2,heavy/none,fifo+group+late+lpt,2,0.0284694,0.015625,36530.5,14.1094,28.1,904.2
S2,heavy/none,fifo+group+late+lpt,3,0.0330279,0.03125,31306.9,16.3862,39.9,962.8
S2,heavy/none,fifo+group+late+lpt,4,0.0313858,0.03125,33199.7,15.1088,34.3,953.3
S2,heavy/none,fifo+group+late+lpt,5,0.0316932,0.03125,32499.1,15.6505,36.1,949.7
S2,heavy/none,fifo+group+late+lpt,6,0.0327097,0.03125,31519.7,15.8582,35.8,980.2
S2,heavy/none,fifo+group+late+lpt,7,0.0284769,0.03125,36169.7,14.4183,30,1655.2
S2,heavy/none,fifo+group+late+lpt,8,0.0323875,0.015625,31987.6,15.7097,36.1,986.8
S2,heavy/none,fifo+group+late+lpt,9,0.0351532,0.03125,29243.4,17.1711,41.4,954.6
S2,heavy/none,fifo+group+late+lpt,10,0.028098,0.03125,36799.8,13.6752,28.5,921.3
S2,heavy/none,fifo+group+late+lpt,11,0.0330426,0.046875,31292.9,15.9001,40.7,950.5
S2,heavy/none,fifo+group+late+lpt,12,0.0371453,0.03125,28078.9,17.6535,43.6,954.8
S2,heavy/none,fifo+group+late+lpt,13,0.0291627,0.03125,35250.5,14.3634,32,1082.6
S2,heavy/none,fifo+group+late+lpt,14,0.0295093,0.03125,35344.8,14.5308,27.9,1630
S2,heavy/none,fifo+group+late+lpt,15,0.033763,0.03125,30684.5,16.6311,40.3,886.8
S2,heavy/none,fifo+group+late+lpt,16,0.027478,0.03125,37666.5,13.7153,27.6,901.5
S2,heavy/none,fifo+group+late+lpt,17,0.0269817,0.03125,38285.2,13.4482,27.2,949.8
S2,heavy/none,fifo+group+late+lpt,18,0.0335448,0.03125,30764.8,16.426,42.4,1568.8
S2,heavy/none,fifo+group+late+lpt,19,0.0379447,0.03125,27039.3,18.511,42.2,1184.2
S2,heavy/none,fifo+group+late+lpt,20,0.0305535,0.03125,33744.1,14.9917,32.9,973
S2,heavy/none,fifo+group+late+round_robin,1,0.0267066,0.03125,38904.2,11.6895,20.7,620.8
S2,heavy/none,fifo+group+late+round_robin,2,0.0251708,0.03125,41317.7,11.3778,20.3,759.9
S2,heavy/none,fifo+group+late+round_robin,3,0.0263255,0.03125,39277.5,12.1132,26.6,534.8
S2,heavy/none,fifo+group+late+round_robin,4,0.032308,0.03125,32252.1,14.3582,29.9,893.7
S2,heavy/none,fifo+group+late+round_robin,5,0.0300056,0.03125,34326.9,13.9245,31.6,561.9
S2,heavy/none,fifo+group+late+round_robin,6,0.0299286,0.03125,34448.7,12.8805,30.2,624.9
S2,heavy/none,fifo+group+late+round_robin,7,0.02491,0.03125,41348.9,11.3182,22.5,534.8
S2,heavy/none,fifo+group+late+round_robin,8,0.0299528,0.03125,34587.8,13.3781,29.6,540.3
S2,heavy/none,fifo+group+late+round_robin,9,0.0262756,0.03125,39123.7,11.9166,24.4,557.8
S2,heavy/none,fifo+group+late+round_robin,10,0.0292762,0.03125,35318.8,13.0838,27.3,582.6
S2,heavy/none,fifo+group+late+round_robin,11,0.0355762,0.03125,29064.4,17.4478,31.5,4524.7
S2,heavy/none,fifo+group+late+round_robin,12,0.0351728,0.03125,29653.6,15.4097,30.1,918
S2,heavy/none,fifo+group+late+round_robin,13,0.0337132,0.03125,30492.5,15.6993,29.4,1347.4
S2,heavy/none,fifo+group+late+round_robin,14,0.0308615,0.03125,33796.2,13.9239,28.6,903.8
S2,heavy/none,fifo+group+late+round_robin,15,0.0252981,0.03125,40951.7,11.4678,20.8,560.9
S2,heavy/none,fifo+group+late+round_robin,16,0.0283529,0.015625,36504.2,12.8043,26.1,540
S2,heavy/none,fifo+group+late+round_robin,17,0.0282638,0.015625,36548.5,12.7353,29.6,557.3
S2,heavy/none,fifo+group+late+round_robin,18,0.0288196,0.03125,35809,12.8672,26.3,608.6
S2,heavy/none,fifo+group+late+round_robin,19,0.033408,0.046875,30711.2,14.8173,31.4,1061.1
S2,heavy/none,fifo+group+late+round_robin,20,0.0266625,0.03125,38743.6,11.7882,24.2,559.3
S2,heavy/none,fifo+sample+early+least_loaded,1,0.029756,0.03125,41873.9,11.0771,8.8,3671.8
S2,heavy/none,fifo+sample+early+least_loaded,2,0.0289683,0.03125,42667.3,11.0799,8.7,3781.9
S2,heavy/none,fifo+sample+early+least_loaded,3,0.0293575,0.03125,42340.1,10.647,9.7,2986
S2,heavy/none,fifo+sample+early+least_loaded,4,0.0321306,0.03125,38468,13.0641,8.8,5962.9
S2,heavy/none,fifo+sample+early+least_loaded,5,0.0313325,0.03125,38809.5,11.136,11.1,2976.4
S2,heavy/none,fifo+sample+early+least_loaded,6,0.0345827,0.03125,36232,13.0717,13.4,5168.2
S2,heavy/none,fifo+sample+early+least_loaded,7,0.0322533,0.03125,38073.6,11.2982,13,2951.7
S2,heavy/none,fifo+sample+early+least_loaded,8,0.0373595,0.03125,33030.4,13.29,13.5,2973.1
S2,heavy/none,fifo+sample+early+least_loaded,9,0.0313003,0.03125,39328.7,11.1996,13,3062
S2,heavy/none,fifo+sample+early+least_loaded,10,0.0341839,0.03125,36274.4,12.9719,11.8,5138.2
S2,heavy/none,fifo+sample+early+least_loaded,11,0.0317754,0.03125,39275.7,11.5012,12.3,3196.5
S2,heavy/none,fifo+sample+early+least_loaded,12,0.0411904,0.046875,30007,14.8745,14.2,4506.9
S2,heavy/none,fifo+sample+early+least_loaded,13,0.0321191,0.015625,38357.2,12.063,12.9,3831.5
S2,heavy/none,fifo+sample+early+least_loaded,14,0.0349371,0.03125,35492.4,12.2178,13.6,3094.4
S2,heavy/none,fifo+sample+early+least_loaded,15,0.0315199,0.03125,39625.8,11.1155,13.1,2892.7
S2,heavy/none,fifo+sample+early+least_loaded,16,0.0289082,0.03125,42894.4,10.3663,10.4,2861.6
S2,heavy/none,fifo+sample+early+least_loaded,17,0.0321564,0.03125,38841.4,11.1583,12.7,3087.5
S2,heavy/none,fifo+sample+early+least_loaded,18,0.03445,0.03125,35965.2,13.2832,13,5312
S2,heavy/none,fifo+sample+early+least_loaded,19,0.0411304,0.046875,29759,15.0237,13.8,5221.2
S2,heavy/none,fifo+sample+early+least_loaded,20,0.0339218,0.03125,36466.2,11.9829,13.3,3436.5
S2,heavy/none,fifo+sample+early+lpt,1,0.0362541,0.03125,34368.5,13.473,13,4115.2
S2,heavy/none,fifo+sample+early+lpt,2,0.0323798,0.046875,38171.9,11.9483,13.3,3549.1
S2,heavy/none,fifo+sample+early+lpt,3,0.0303926,0.03125,40898.1,11.2743,11.1,3576.4
S2,heavy/none,fifo+sample+early+lpt,4,0.0320247,0.03125,38595.2,12.1972,12.9,4300.9
S2,heavy/none,fifo+sample+early+lpt,5,0.0361035,0.03125,33680.9,13.7235,13.5,4454.3
S2,heavy/none,fifo+sample+early+lpt,6,0.0327255,0.03125,38288.2,12.1543,12.8,4146.4
S2,heavy/none,fifo+sample+early+lpt,7,0.0301078,0.03125,40786.8,11.2041,9.1,3475.7
S2,heavy/none,fifo+sample+early+lpt,8,0.0523317,0.046875,23580.4,21.832,13.9,11361.3
S2,heavy/none,fifo+sample+early+lpt,9,0.0430069,0.046875,28623.3,16.0288,13.4,5899
S2,heavy/none,fifo+sample+early+lpt,10,0.0330565,0.03125,37511.5,11.8197,12.4,3647.3
S2,heavy/none,fifo+sample+early+lpt,11,0.0427675,0.03125,29181,15.7766,13.8,5411.7
S2,heavy/none,fifo+sample+early+lpt,12,0.038537,0.03125,32073.1,13.8322,13.8,4073.2
S2,heavy/none,fifo+sample+early+lpt,13,0.0331563,0.03125,37157.3,11.9593,13.3,3722.4
S2,heavy/none,fifo+sample+early+lpt,14,0.0323215,0.03125,38364.6,12.3315,12.3,4285
S2,heavy/none,fifo+sample+early+lpt,15,0.0399605,0.046875,31255.9,15.3625,13.2,6689.3
S2,heavy/none,fifo+sample+early+lpt,16,0.0296841,0.03125,41773.2,11.0823,9.7,3510.4
S2,heavy/none,fifo+sample+early+lpt,17,0.036433,0.03125,34282.1,14.0491,12.8,6574.9
S2,heavy/none,fifo+sample+early+lpt,18,0.0336659,0.03125,36802.8,13.3308,13.2,5743.4
S2,heavy/none,fifo+sample+early+lpt,19,0.03238,0.046875,37801.1,12.6199,11.2,5224
S2,heavy/none,fifo+sample+early+lpt,20,0.0419772,0.046875,29468.4,15.8522,13.8,6117.4
S2,heavy/none,fifo+sample+early+round_robin,1,0.028905,0.03125,43106.7,10.3155,10,2631.9
S2,heavy/none,fifo+sample+early+round_robin,2,0.0293437,0.03125,42121.5,10.579,13.3,2575.9
S2,heavy/none,fifo+sample+early+round_robin,3,0.0328371,0.03125,37853.5,11.2028,13.2,2288.9
S2,heavy/none,fifo+sample+early+round_robin,4,0.0325894,0.03125,37926.4,11.4053,13.2,3268.9
S2,heavy/none,fifo+sample+early+round_robin,5,0.0302996,0.03125,40132.5,10.2222,12.7,1903.8
S2,heavy/none,fifo+sample+early+round_robin,6,0.0333609,0.03125,37558.9,11.8291,11.4,3296.2
S2,heavy/none,fifo+sample+early+round_robin,7,0.0304669,0.03125,40306,11.1001,13.3,2651.4
S2,heavy/none,fifo+sample+early+round_robin,8,0.0308717,0.03125,39971.9,10.8232,11,3031.7
S2,heavy/none,fifo+sample+early+round_robin,9,0.0402253,0.03125,30602.6,14.3258,14,4118.2
S2,heavy/none,fifo+sample+early+round_robin,10,0.0289922,0.03125,42770.1,10.0376,9,2116.6
S2,heavy/none,fifo+sample+early+round_robin,11,0.0352431,0.03125,35411.2,12.4055,13.5,3209.3
S2,heavy/none,fifo+sample+early+round_robin,12,0.0400261,0.03125,30879.9,13.579,13.6,3289.9
S2,heavy/none,fifo+sample+early+round_robin,13,0.0295125,0.03125,41745,10.1838,12,1811.3
S2,heavy/none,fifo+sample+early+round_robin,14,0.0296198,0.015625,41863.9,10.2731,13,2059.5
S2,heavy/none,fifo+sample+early+round_robin,15,0.0310201,0.03125,40264.2,10.6758,13.3,2166.5
S2,heavy/none,fifo+sample+early+round_robin,16,0.0269879,0.015625,45946.5,9.41734,8.5,1902.1
S2,heavy/none,fifo+sample+early+round_robin,17,0.0398142,0.03125,31370.7,13.7237,13.7,3745.1
S2,heavy/none,fifo+sample+early+round_robin,18,0.0339017,0.03125,36546.8,11.5325,13.1,2282
S2,heavy/none,fifo+sample+early+round_robin,19,0.0337054,0.03125,36314.7,11.6251,13.4,2335.4
S2,heavy/none,fifo+sample+early+round_robin,20,0.0312723,0.015625,39555.8,10.6817,13.4,2101.3
S2,heavy/none,fifo+sample+late+first_free,1,0.0329054,0.03125,35313.4,14.1848,26.8,1647.8
S2,heavy/none,fifo+sample+late+first_free,2,0.0377606,0.03125,31355.4,16.7396,30.6,2871.3
S2,heavy/none,fifo+sample+late+first_free,3,0.0373572,0.03125,30998,15.6231,26.8,1699.3
S2,heavy/none,fifo+sample+late+first_free,4,0.0351545,0.03125,32741.2,15.1326,29.7,1706.6
S2,heavy/none,fifo+sample+late+first_free,5,0.0354647,0.03125,32426.6,16.1297,29.8,3296.3
S2,heavy/none,fifo+sample+late+first_free,6,0.0399094,0.046875,29040.8,18.1866,37.4,2928.4
S2,heavy/none,fifo+sample+late+first_free,7,0.0365889,0.046875,31567,15.7289,36.2,1658.8
S2,heavy/none,fifo+sample+late+first_free,8,0.0400393,0.046875,29471,17.2365,35,2362.4
S2,heavy/none,fifo+sample+late+first_free,9,0.0435023,0.03125,26711.2,19.5644,41.2,2952.3
S2,heavy/none,fifo+sample+late+first_free,10,0.0405609,0.046875,28820.9,17.7496,39.5,1871.3
S2,heavy/none,fifo+sample+late+first_free,11,0.0497463,0.046875,23599.7,15.6483,31.7,2422.1
S2,heavy/none,fifo+sample+late+first_free,12,0.0433888,0.046875,27080.7,17.5179,34.2,1886.8
S2,heavy/none,fifo+sample+late+first_free,13,0.0339503,0.03125,34285.4,14.9313,29.9,1676.6
S2,heavy/none,fifo+sample+late+first_free,14,0.0432123,0.046875,27098.8,18.5421,36.4,2103.3
S2,heavy/none,fifo+sample+late+first_free,15,0.0491806,0.03125,23688.2,21.2268,41.8,1717.8
S2,heavy/none,fifo+sample+late+first_free,16,0.040092,0.046875,28858.6,18.0462,40.4,2664.1
S2,heavy/none,fifo+sample+late+first_free,17,0.0378683,0.03125,30632.5,16.3585,34.9,1652.9
S2,heavy/none,fifo+sample+late+first_free,18,0.0329278,0.03125,35137.5,15.08,26.5,2747.4
S2,heavy/none,fifo+sample+late+first_free,19,0.0349784,0.03125,33163.3,15.5045,32.9,2078.6
S2,heavy/none,fifo+sample+late+first_free,20,0.0396529,0.046875,29153,17.8257,38.4,2959.6
S2,heavy/none,fifo+sample+late+least_loaded,1,0.0361856,0.046875,32360.9,15.6912,33.6,2292.3
S2,heavy/none,fifo+sample+late+least_loaded,2,0.0360117,0.046875,32406.1,16.0797,26.4,2287.9
S2,heavy/none,fifo+sample+late+least_loaded,3,0.0356041,0.03125,32524.3,15.9756,29.5,2300.6
S2,heavy/none,fifo+sample+late+least_loaded,4,0.0396183,0.03125,29329.9,17.1951,29.3,2290.9
S2,heavy/none,fifo+sample+late+least_loaded,5,0.0346596,0.03125,33295.2,15.6838,30.6,2376.1
S2,heavy/none,fifo+sample+late+least_loaded,6,0.0330938,0.03125,35142.5,14.5952,26.3,2370.8
S2,heavy/none,fifo+sample+late+least_loaded,7,0.0400561,0.046875,29184.1,17.5952,35.1,2402.5
S2,heavy/none,fifo+sample+late+least_loaded,8,0.0405232,0.03125,28872.3,17.8156,36.6,2379.9
S2,heavy/none,fifo+sample+late+least_loaded,9,0.034657,0.03125,33009.2,15.6422,29,2485.6
S2,heavy/none,fifo+sample+late+least_loaded,10,0.0451659,0.046875,26103.8,19.8368,34.6,2418.9
S2,heavy/none,fifo+sample+late+least_loaded,11,0.0468635,0.046875,25051.5,20.9544,41,3551
S2,heavy/none,fifo+sample+late+least_loaded,12,0.0452343,0.046875,25467.4,20.0609,39.5,4206.7
S2,heavy/none,fifo+sample+late+least_loaded,13,0.0390268,0.03125,30261.3,17.2543,38,2407.9
S2,heavy/none,fifo+sample+late+least_loaded,14,0.0419253,0.046875,27405.9,18.6578,37,2424.4
S2,heavy/none,fifo+sample+late+least_loaded,15,0.0491624,0.046875,23737.7,16.3925,32.1,2997.6
S2,heavy/none,fifo+sample+late+least_loaded,16,0.0375585,0.03125,30965,16.8198,30.8,2609.8
S2,heavy/none,fifo+sample+late+least_loaded,17,0.0499347,0.046875,23210.3,22.8014,42.4,4046.5
S2,heavy/none,fifo+sample+late+least_loaded,18,0.036127,0.03125,31832.1,15.884,27.6,2412.6
S2,heavy/none,fifo+sample+late+least_loaded,19,0.0389803,0.03125,29758.6,17.1913,34.3,2403.8
S2,heavy/none,fifo+sample+late+least_loaded,20,0.0364565,0.03125,32065.6,16.2089,29.7,2974.4
S2,heavy/none,fifo+sample+late+lpt,1,0.0393713,0.03125,29742.5,18.4356,34.9,2913.3
S2,heavy/none,fifo+sample+late+lpt,2,0.0407889,0.03125,28610.7,19.5354,45.2,2511
S2,heavy/none,fifo+sample+late+lpt,3,0.046032,0.046875,25156.4,21.8758,50.6,2610.2
S2,heavy/none,fifo+sample+late+lpt,4,0.0490238,0.046875,23702.8,24.4391,58.9,4991
S2,heavy/none,fifo+sample+late+lpt,5,0.0417787,0.03125,27621.7,20.5263,41.4,4732.7
S2,heavy/none,fifo+sample+late+lpt,6,0.044391,0.046875,26199,20.8776,41.3,3606.2
S2,heavy/none,fifo+sample+late+lpt,7,0.05437,0.046875,21500.8,19.4755,41.2,3433.3
S2,heavy/none,fifo+sample+late+lpt,8,0.0461403,0.046875,25357.4,22.6986,50.2,4483.7
S2,heavy/none,fifo+sample+late+lpt,9,0.0396124,0.03125,28879.8,19.1108,43.6,2878.2
S2,heavy/none,fifo+sample+late+lpt,10,0.0471666,0.046875,24996.5,21.8896,44.1,4086.8
S2,heavy/none,fifo+sample+late+lpt,11,0.0403673,0.03125,29082.9,19.4353,41,3601.9
S2,heavy/none,fifo+sample+late+lpt,12,0.0538242,0.0625,21403,24.9625,52.1,4366.9
S2,heavy/none,fifo+sample+late+lpt,13,0.0375545,0.03125,31447.6,17.4378,35.2,2671
S2,heavy/none,fifo+sample+late+lpt,14,0.0443815,0.046875,25889.2,21.8595,52.1,2940.1
S2,heavy/none,fifo+sample+late+lpt,15,0.0381342,0.03125,30602.5,18.0512,37.7,2696.2
S2,heavy/none,fifo+sample+late+lpt,16,0.0479963,0.046875,24231,22.9186,49.6,4554.6
S2,heavy/none,fifo+sample+late+lpt,17,0.0404821,0.046875,28629.9,19.3234,44.3,2708.8
S2,heavy/none,fifo+sample+late+lpt,18,0.0392075,0.046875,29331.1,18.7231,37.4,2567.8
S2,heavy/none,fifo+sample+late+lpt,19,0.0535349,0.046875,21668.1,24.6015,58.5,2928.3
S2,heavy/none,fifo+sample+late+lpt,20,0.0420156,0.046875,27823,19.7569,44.5,3405.6
S2,heavy/none,fifo+sample+late+round_robin,1,0.0362494,0.046875,32304,15.7508,33.2,1756.2
S2,heavy/none,fifo+sample+late+round_robin,2,0.0391647,0.03125,29899.4,17.0453,38.9,1769.7
S2,heavy/none,fifo+sample+late+round_robin,3,0.0350685,0.03125,33078.1,15.2887,27.8,1753.1
S2,heavy/none,fifo+sample+late+round_robin,4,0.0351535,0.03125,33055,15.3546,28.7,1759.6
S2,heavy/none,fifo+sample+late+round_robin,5,0.0431044,0.046875,26679.4,19.4475,40.7,3029.8
S2,heavy/none,fifo+sample+late+round_robin,6,0.0362546,0.046875,32078.7,15.8764,30.9,2988.6
S2,heavy/none,fifo+sample+late+round_robin,7,0.0391076,0.046875,29891.9,17.3832,35.8,3044.3
S2,heavy/none,fifo+sample+late+round_robin,8,0.0429461,0.046875,27266.7,18.9736,39.5,2893.3
S2,heavy/none,fifo+sample+late+round_robin,9,0.0327535,0.03125,34988.6,14.5929,28.7,1846
S2,heavy/none,fifo+sample+late+round_robin,10,0.0350237,0.03125,33634.4,15.1606,27.3,1881.1
S2,heavy/none,fifo+sample+late+round_robin,11,0.0390409,0.03125,29994.2,16.7418,35.4,1897
S2,heavy/none,fifo+sample+late+round_robin,12,0.0409837,0.03125,28084.3,17.6135,36,1825.1
S2,heavy/none,fifo+sample+late+round_robin,13,0.03636,0.046875,32425.7,15.6962,33.1,1769.3
S2,heavy/none,fifo+sample+late+round_robin,14,0.0395907,0.03125,29022,17.826,39.6,2015.4
S2,heavy/none,fifo+sample+late+round_robin,15,0.0372445,0.046875,31333.5,16.355,34.4,2322.6
S2,heavy/none,fifo+sample+late+round_robin,16,0.0350567,0.03125,33174.8,15.2534,29.9,1727.7
S2,heavy/none,fifo+sample+late+round_robin,17,0.0417119,0.03125,27809.8,18.6312,40,3003.2
S2,heavy/none,fifo+sample+late+round_robin,18,0.034709,0.03125,33161.4,15.1712,31.7,1727.1
S2,heavy/none,fifo+sample+late+round_robin,19,0.0357444,0.046875,32284.8,15.4599,32,1745.8
S2,heavy/none,fifo+sample+late+round_robin,20,0.0393613,0.046875,29699.2,17.0849,39,1811
S2,heavy/none,longest_first+group+early+least_loaded,1,0.0235544,0.015625,44153.1,9.4226,8.9,1219.9
S2,heavy/none,longest_first+group+early+least_loaded,2,0.0269297,0.015625,38024.9,11.0558,12.7,1725.3
S2,heavy/none,longest_first+group+early+least_loaded,3,0.044426,0.03125,23274.7,12.0332,12.2,1269.4
S2,heavy/none,longest_first+group+early+least_loaded,4,0.0232726,0.015625,44773.7,9.46737,9.6,1273.8
S2,heavy/none,longest_first+group+early+least_loaded,5,0.0240569,0.03125,42441,9.67924,11.3,1272.2
S2,heavy/none,longest_first+group+early+least_loaded,6,0.0220977,0.015625,47063.7,9.21625,8.5,1235.7
S2,heavy/none,longest_first+group+early+least_loaded,7,0.0232763,0.015625,44680.6,9.27346,9.1,1243.2
S2,heavy/none,longest_first+group+early+least_loaded,8,0.0325736,0.03125,31866.3,12.9353,13.6,2146.8
S2,heavy/none,longest_first+group+early+least_loaded,9,0.0271417,0.03125,38022.7,10.7771,13.6,1215.2
S2,heavy/none,longest_first+group+early+least_loaded,10,0.026634,0.015625,39273.1,10.3671,13.8,1242.6
S2,heavy/none,longest_first+group+early+least_loaded,11,0.0355029,0.046875,29237,9.15723,8.5,1246.6
S2,heavy/none,longest_first+group+early+least_loaded,12,0.0288254,0.015625,35558.9,11.0949,12.9,1692.1
S2,heavy/none,longest_first+group+early+least_loaded,13,0.0228587,0.015625,44971.9,9.20837,8.6,1239.7
S2,heavy/none,longest_first+group+early+least_loaded,14,0.0267651,0.03125,38781.8,10.9448,13.2,2064.5
S2,heavy/none,longest_first+group+early+least_loaded,15,0.0226794,0.03125,45768.4,9.26753,9.3,1206.9
S2,heavy/none,longest_first+group+early+least_loaded,16,0.0249433,0.03125,41413.9,10.3744,10.9,1928.9
S2,heavy/none,longest_first+group+early+least_loaded,17,0.0238632,0.015625,43456,9.51967,10.9,1251.1
S2,heavy/none,longest_first+group+early+least_loaded,18,0.0255595,0.015625,40689.4,10.2268,13.2,1224.4
S2,heavy/none,longest_first+group+early+least_loaded,19,0.028001,0.03125,36570.1,11.5102,13.6,2108.4
S2,heavy/none,longest_first+group+early+least_loaded,20,0.0237325,0.03125,43695.4,9.55227,10.4,1254.3
S2,heavy/none,longest_first+group+early+lpt,1,0.0230822,0.015625,45056.4,9.64375,8.5,1654.3
S2,heavy/none,longest_first+group+early+lpt,2,0.0225244,0.015625,45461.8,9.71328,8.4,1650.9
S2,heavy/none,longest_first+group+early+lpt,3,0.0275015,0.03125,37597.9,11.0637,13.5,1584.1
S2,heavy/none,longest_first+group+early+lpt,4,0.0238913,0.03125,43614.2,9.71363,9.4,1557.9
S2,heavy/none,longest_first+group+early+lpt,5,0.0231506,0.03125,44102.5,9.70548,11.9,1585.6
S2,heavy/none,longest_first+group+early+lpt,6,0.0232333,0.015625,44763.3,9.72519,8.7,1656.8
S2,heavy/none,longest_first+group+early+lpt,7,0.0383021,0.046875,27152.6,10.1803,9.7,1969.5
S2,heavy/none,longest_first+group+early+lpt,8,0.029508,0.015625,35176.9,12.1793,12.5,2804.6
S2,heavy/none,longest_first+group+early+lpt,9,0.026037,0.03125,39635.9,10.4228,13.2,1574.7
S2,heavy/none,longest_first+group+early+lpt,10,0.0238602,0.015625,43838.7,9.83002,9.7,1667.5
S2,heavy/none,longest_first+group+early+lpt,11,0.0305514,0.03125,33975.5,12.4303,13.1,2783.2
S2,heavy/none,longest_first+group+early+lpt,12,0.0315155,0.015625,32523.7,13.1574,13,3024.1
S2,heavy/none,longest_first+group+early+lpt,13,0.0280464,0.015625,36653.5,12.3689,13.1,3556.5
S2,heavy/none,longest_first+group+early+lpt,14,0.024937,0.03125,41624.9,10.8027,9.1,2696.2
S2,heavy/none,longest_first+group+early+lpt,15,0.0222331,0.015625,46687.1,9.43863,8.7,1553
S2,heavy/none,longest_first+group+early+lpt,16,0.0237945,0.015625,43413.4,10.2686,12.9,1971.8
S2,heavy/none,longest_first+group+early+lpt,17,0.0223318,0.015625,46436,9.35497,8.2,1623.2
S2,heavy/none,longest_first+group+early+lpt,18,0.0222363,0.015625,46770.4,9.47548,8.4,1655.3
S2,heavy/none,longest_first+group+early+lpt,19,0.0293911,0.015625,34840.5,11.5933,13.9,1644.5
S2,heavy/none,longest_first+group+early+lpt,20,0.0243169,0.03125,42645.2,9.92719,10.8,1607.7
S2,heavy/none,longest_first+group+early+round_robin,1,0.0215206,0.03125,48325.8,8.74144,8.3,832.7
S2,heavy/none,longest_first+group+early+round_robin,2,0.0280344,0.03125,36526.6,10.6345,13.1,1027.7
S2,heavy/none,longest_first+group+early+round_robin,3,0.0275826,0.03125,37487.4,10.7561,13.8,830.9
S2,heavy/none,longest_first+group+early+round_robin,4,0.0274377,0.03125,37976.9,10.6191,13.1,841.9
S2,heavy/none,longest_first+group+early+round_robin,5,0.024285,0.015625,42042.4,9.67218,12.6,851.4
S2,heavy/none,longest_first+group+early+round_robin,6,0.0280363,0.03125,37094.8,11.0071,13.1,830.3
S2,heavy/none,longest_first+group+early+round_robin,7,0.0222389,0.015625,46764.9,8.85798,9,827.3
S2,heavy/none,longest_first+group+early+round_robin,8,0.0320455,0.03125,32391.4,12.4434,14.1,1131.7
S2,heavy/none,longest_first+group+early+round_robin,9,0.0227845,0.03125,45293.9,8.96764,9,842.2
S2,heavy/none,longest_first+group+early+round_robin,10,0.0275188,0.03125,38010.4,10.6467,13,828.9
S2,heavy/none,longest_first+group+early+round_robin,11,0.0236442,0.03125,43900.8,9.27794,10.3,817.3
S2,heavy/none,longest_first+group+early+round_robin,12,0.0315663,0.03125,32471.3,12.2564,13.5,1261.5
S2,heavy/none,longest_first+group+early+round_robin,13,0.0240674,0.015625,42713.4,9.32899,12.7,839.3
S2,heavy/none,longest_first+group+early+round_robin,14,0.0249271,0.03125,41641.4,9.6184,13.3,824.5
S2,heavy/none,longest_first+group+early+round_robin,15,0.0220871,0.015625,46995.8,8.92987,8.6,822.5
S2,heavy/none,longest_first+group+early+round_robin,16,0.0264628,0.03125,39035.9,10.2512,13.1,835.4
S2,heavy/none,longest_first+group+early+round_robin,17,0.030667,0.03125,33814.8,11.635,13.6,858
S2,heavy/none,longest_first+group+early+round_robin,18,0.0251373,0.03125,41372.8,9.99038,13.5,867.6
S2,heavy/none,longest_first+group+early+round_robin,19,0.0411868,0.046875,24862.3,23.6151,13.8,14368.3
S2,heavy/none,longest_first+group+early+round_robin,20,0.0402767,0.046875,25746.9,15.5828,14,1337.4
S2,heavy/none,longest_first+group+late+first_free,1,0.031579,0.03125,32711.6,14.6081,33.9,573.2
S2,heavy/none,longest_first+group+late+first_free,2,0.0282458,0.015625,36607.2,12.7943,23.7,551.4
S2,heavy/none,longest_first+group+late+first_free,3,0.040629,0.046875,25351.4,13.3675,27.3,1095.4
S2,heavy/none,longest_first+group+late+first_free,4,0.0270116,0.03125,38353.9,12.4353,25.7,553.2
S2,heavy/none,longest_first+group+late+first_free,5,0.0293447,0.03125,35372.7,13.1844,29.9,561.8
S2,heavy/none,longest_first+group+late+first_free,6,0.0257636,0.03125,40367,11.7506,23.4,576.7
S2,heavy/none,longest_first+group+late+first_free,7,0.0302287,0.03125,34437.5,13.3191,26.5,574
S2,heavy/none,longest_first+group+late+first_free,8,0.0339699,0.03125,30438.7,15.1481,34.4,992.7
S2,heavy/none,longest_first+group+late+first_free,9,0.0265978,0.03125,38762.6,12.2971,25.5,574.2
S2,heavy/none,longest_first+group+late+first_free,10,0.0326205,0.03125,31912.4,14.3297,28.9,573.6
S2,heavy/none,longest_first+group+late+first_free,11,0.0309562,0.03125,33402,13.7722,26.8,555.1
S2,heavy/none,longest_first+group+late+first_free,12,0.0316902,0.03125,32849.3,13.8349,29.2,553.4
S2,heavy/none,longest_first+group+late+first_free,13,0.030611,0.03125,33811.4,13.7717,29.8,924.6
S2,heavy/none,longest_first+group+late+first_free,14,0.0242745,0.015625,42637.3,11.17,20.6,547.3
S2,heavy/none,longest_first+group+late+first_free,15,0.0296632,0.015625,35060.3,13.1552,27.4,540.5
S2,heavy/none,longest_first+group+late+first_free,16,0.0290072,0.015625,35474,13.0514,24.6,569.7
S2,heavy/none,longest_first+group+late+first_free,17,0.0271718,0.03125,38054.2,12.3074,26.5,563
S2,heavy/none,longest_first+group+late+first_free,18,0.025157,0.03125,41300.6,11.5465,21.6,569.3
S2,heavy/none,longest_first+group+late+first_free,19,0.0265141,0.015625,38885,12.2717,22.1,765.8
S2,heavy/none,longest_first+group+late+first_free,20,0.0397106,0.03125,26013.2,17.8112,40.4,838.9
S2,heavy/none,longest_first+group+late+least_loaded,1,0.0292426,0.03125,35530.4,13.4571,27.1,770.5
S2,heavy/none,longest_first+group+late+least_loaded,2,0.0299727,0.03125,34698.2,13.4611,28.8,796.1
S2,heavy/none,longest_first+group+late+least_loaded,3,0.0304128,0.03125,33998.8,13.7871,26.5,744.9
S2,heavy/none,longest_first+group+late+least_loaded,4,0.0272491,0.03125,38239.8,12.2947,25.5,768.1
S2,heavy/none,longest_first+group+late+least_loaded,5,0.0333923,0.03125,30845.4,15.5557,32.6,969.9
S2,heavy/none,longest_first+group+late+least_loaded,6,0.024756,0.03125,41646.5,11.5946,20.9,755.4
S2,heavy/none,longest_first+group+late+least_loaded,7,0.0391572,0.046875,26304.2,12.0793,23.7,766.6
S2,heavy/none,longest_first+group+late+least_loaded,8,0.0286235,0.015625,36194,12.9864,23.4,754.9
S2,heavy/none,longest_first+group+late+least_loaded,9,0.0255177,0.015625,40285.8,11.7467,21.5,757.5
S2,heavy/none,longest_first+group+late+least_loaded,10,0.0314418,0.03125,32886.2,14.2858,29.3,776.2
S2,heavy/none,longest_first+group+late+least_loaded,11,0.0345942,0.03125,29889.4,15.2654,31.6,1338.1
S2,heavy/none,longest_first+group+late+least_loaded,12,0.031311,0.03125,33311,14.2067,32.7,836.2
S2,heavy/none,longest_first+group+late+least_loaded,13,0.0264971,0.015625,38796.7,12.1808,25.6,771.4
S2,heavy/none,longest_first+group+late+least_loaded,14,0.034357,0.03125,30357.7,15.5026,32.8,769.9
S2,heavy/none,longest_first+group+late+least_loaded,15,0.0310062,0.03125,33412.7,14.05,31,783
S2,heavy/none,longest_first+group+late+least_loaded,16,0.0366459,0.03125,28243.3,16.8571,34.2,911.1
S2,heavy/none,longest_first+group+late+least_loaded,17,0.0321092,0.03125,32171.5,14.7841,30.1,1089.3
S2,heavy/none,longest_first+group+late+least_loaded,18,0.0259374,0.03125,39788.1,11.9577,22.4,775.4
S2,heavy/none,longest_first+group+late+least_loaded,19,0.0259021,0.03125,39610.7,12.1271,21.9,777.1
S2,heavy/none,longest_first+group+late+least_loaded,20,0.0393072,0.03125,26229.3,17.8803,37.3,965.2
S2,heavy/none,longest_first+group+late+lpt,1,0.0351877,0.03125,29527.4,17.0372,43.8,930.8
S2,heavy/none,longest_first+group+late+lpt,2,0.0285973,0.015625,36367.1,13.8447,27.9,958.7
S2,heavy/none,longest_first+group+late+lpt,3,0.031444,0.03125,32883.9,15.6701,38.2,958.1
S2,heavy/none,longest_first+group+late+lpt,4,0.02788,0.03125,37374.5,13.8738,27.6,915.2
S2,heavy/none,longest_first+group+late+lpt,5,0.0361385,0.015625,28501.5,17.9825,41.2,1180.3
S2,heavy/none,longest_first+group+late+lpt,6,0.0287675,0.03125,35839.1,14.2354,32.5,920.7
S2,heavy/none,longest_first+group+late+lpt,7,0.0462774,0.03125,22257.1,16.4014,42.1,945.4
S2,heavy/none,longest_first+group+late+lpt,8,0.0347898,0.03125,29778.8,16.821,43.6,1064.1
S2,heavy/none,longest_first+group+late+lpt,9,0.0279342,0.03125,36800.8,13.6823,28,955.8
S2,heavy/none,longest_first+group+late+lpt,10,0.0343799,0.046875,30075.7,16.7368,41.7,1370.9
S2,heavy/none,longest_first+group+late+lpt,11,0.0347591,0.03125,29747.6,17.1775,43.2,1316.3
S2,heavy/none,longest_first+group+late+lpt,12,0.0320868,0.03125,32505.6,15.8002,38.2,1409.7
S2,heavy/none,longest_first+group+late+lpt,13,0.0369771,0.03125,27801,18.1343,43.9,933.5
S2,heavy/none,longest_first+group+late+lpt,14,0.0315517,0.03125,33056.9,15.4029,40.6,1176.6
S2,heavy/none,longest_first+group+late+lpt,15,0.0328707,0.03125,31517.4,17.2707,32.3,4164.8
S2,heavy/none,longest_first+group+late+lpt,16,0.032763,0.03125,31590.5,16.1854,40.8,975.3
S2,heavy/none,longest_first+group+late+lpt,17,0.036888,0.046875,28003.7,18.3844,41.2,1587.5
S2,heavy/none,longest_first+group+late+lpt,18,0.0286183,0.03125,36060.8,14.0999,29.9,932.7
S2,heavy/none,longest_first+group+late+lpt,19,0.0292755,0.015625,35046.4,14.6272,32.8,941.7
S2,heavy/none,longest_first+group+late+lpt,20,0.0422053,0.046875,24428.2,20.4631,46.6,1288.5
S2,heavy/none,longest_first+group+late+round_robin,1,0.0326451,0.03125,31827.1,14.6241,30.1,913.2
S2,heavy/none,longest_first+group+late+round_robin,2,0.0374859,0.03125,27743.8,17.5086,41.1,1213.1
S2,heavy/none,longest_first+group+late+round_robin,3,0.0303112,0.03125,34112.8,13.4824,28,573.8
S2,heavy/none,longest_first+group+late+round_robin,4,0.0262151,0.03125,39748.1,12.048,22.4,559.2
S2,heavy/none,longest_first+group+late+round_robin,5,0.030581,0.03125,33681,13.8017,31.1,582
S2,heavy/none,longest_first+group+late+round_robin,6,0.0271773,0.03125,37936.1,12.3139,23.7,732.1
S2,heavy/none,longest_first+group+late+round_robin,7,0.0330674,0.03125,31148.5,14.9658,33.8,782.1
S2,heavy/none,longest_first+group+late+round_robin,8,0.0311562,0.03125,33251.8,13.9904,26.7,1304.9
S2,heavy/none,longest_first+group+late+round_robin,9,0.0261247,0.03125,39349.7,11.7395,24.5,614.5
S2,heavy/none,longest_first+group+late+round_robin,10,0.0303348,0.03125,34086.3,13.9773,28.7,916.1
S2,heavy/none,longest_first+group+late+round_robin,11,0.0342581,0.03125,30182.6,15.1991,35.3,601.8
S2,heavy/none,longest_first+group+late+round_robin,12,0.0439436,0.015625,23735,18.7336,39,667
S2,heavy/none,longest_first+group+late+round_robin,13,0.0320445,0.015625,32080.4,14.7372,29.1,743.3
S2,heavy/none,longest_first+group+late+round_robin,14,0.0281503,0.03125,37051.1,12.2597,23.2,552.4
S2,heavy/none,longest_first+group+late+round_robin,15,0.0269633,0.03125,38422.6,12.1611,24.4,558.9
S2,heavy/none,longest_first+group+late+round_robin,16,0.0372264,0.03125,27802.8,17.0004,34,567.6
S2,heavy/none,longest_first+group+late+round_robin,17,0.0308372,0.015625,33498.5,14.2681,28.7,877.5
S2,heavy/none,longest_first+group+late+round_robin,18,0.0253733,0.03125,40672.7,11.5403,20.9,561.3
S2,heavy/none,longest_first+group+late+round_robin,19,0.0249827,0.015625,41068.4,11.7461,21.4,546.6
S2,heavy/none,longest_first+group+late+round_robin,20,0.036052,0.03125,28653.1,16.2839,33.3,579.1
S2,heavy/none,longest_first+sample+early+least_loaded,1,0.0315044,0.03125,39550,11.8594,11.2,4030.7
S2,heavy/none,longest_first+sample+early+least_loaded,2,0.0338633,0.03125,36499.7,12.6324,12.3,4498.7
S2,heavy/none,longest_first+sample+early+least_loaded,3,0.0433217,0.03125,28692.3,22.1441,9,17557.4
S2,heavy/none,longest_first+sample+early+least_loaded,4,0.0301897,0.03125,40941.1,10.9408,13,2980.2
S2,heavy/none,longest_first+sample+early+least_loaded,5,0.0428544,0.046875,28375.1,16.1439,13.7,6246.5
S2,heavy/none,longest_first+sample+early+least_loaded,6,0.0305207,0.03125,41054.1,10.9494,13.2,2928.2
S2,heavy/none,longest_first+sample+early+least_loaded,7,0.03286,0.03125,37370.7,12.1523,13.5,3459.3
S2,heavy/none,longest_first+sample+early+least_loaded,8,0.0451874,0.03125,27308.5,16.3127,14.1,4669.8
S2,heavy/none,longest_first+sample+early+least_loaded,9,0.0305345,0.03125,40315.1,11.1144,10.1,3123.6
S2,heavy/none,longest_first+sample+early+least_loaded,10,0.0371891,0.046875,33343.1,13.8273,13.7,4960.8
S2,heavy/none,longest_first+sample+early+least_loaded,11,0.0403388,0.03125,30938,14.3185,13.8,4568.1
S2,heavy/none,longest_first+sample+early+least_loaded,12,0.0368914,0.03125,33503.7,12.7794,13.2,3147.6
S2,heavy/none,longest_first+sample+early+least_loaded,13,0.0364231,0.03125,33824.7,13.2532,11.1,5267.9
S2,heavy/none,longest_first+sample+early+least_loaded,14,0.0347512,0.046875,35682.2,12.4997,13.3,3051.7
S2,heavy/none,longest_first+sample+early+least_loaded,15,0.0423349,0.046875,29502.8,11.0833,8.6,3783
S2,heavy/none,longest_first+sample+early+least_loaded,16,0.038176,0.046875,32481.1,13.7126,14.1,4138.6
S2,heavy/none,longest_first+sample+early+least_loaded,17,0.0380682,0.046875,32809.5,13.2763,13.7,2956.6
S2,heavy/none,longest_first+sample+early+least_loaded,18,0.0319709,0.03125,38754,11.1817,10.6,3034.9
S2,heavy/none,longest_first+sample+early+least_loaded,19,0.0415365,0.03125,29468.1,10.88,10.2,3140.6
S2,heavy/none,longest_first+sample+early+least_loaded,20,0.0422636,0.03125,29268.7,14.8725,14.3,5220.4
S2,heavy/none,longest_first+sample+early+lpt,1,0.0332577,0.046875,37465,12.0283,13.4,3650.5
S2,heavy/none,longest_first+sample+early+lpt,2,0.0298504,0.03125,41406.5,11.3075,9.2,3524.9
S2,heavy/none,longest_first+sample+early+lpt,3,0.0321374,0.03125,38677.7,12.0139,13.4,3773.5
S2,heavy/none,longest_first+sample+early+lpt,4,0.030242,0.03125,40870.3,11.2637,12,3478.5
S2,heavy/none,longest_first+sample+early+lpt,5,0.0356245,0.03125,34133.8,12.5481,13.5,3723.4
S2,heavy/none,longest_first+sample+early+lpt,6,0.0368139,0.03125,34036.1,13.1266,13.8,4192.5
S2,heavy/none,longest_first+sample+early+lpt,7,0.0354461,0.03125,34644.1,13.0351,13.1,3759.8
S2,heavy/none,longest_first+sample+early+lpt,8,0.0429337,0.03125,28742,15.266,13.9,5168
S2,heavy/none,longest_first+sample+early+lpt,9,0.0345489,0.03125,35630.7,13.0787,13.6,4314.4
S2,heavy/none,longest_first+sample+early+lpt,10,0.0367496,0.03125,33741.9,13.6816,12.5,5377.6
S2,heavy/none,longest_first+sample+early+lpt,11,0.0339419,0.03125,36768.7,12.6972,11.6,4354.5
S2,heavy/none,longest_first+sample+early+lpt,12,0.0395134,0.015625,31280.5,14.9898,13.5,5762.6
S2,heavy/none,longest_first+sample+early+lpt,13,0.0368446,0.03125,33437.7,13.4163,13.5,3616.8
S2,heavy/none,longest_first+sample+early+lpt,14,0.0400912,0.015625,30929.5,14.6369,11.9,4122
S2,heavy/none,longest_first+sample+early+lpt,15,0.0311764,0.03125,40062.4,11.3958,12.3,3540.4
S2,heavy/none,longest_first+sample+early+lpt,16,0.0379873,0.03125,32642.5,13.5188,13.7,3783.8
S2,heavy/none,longest_first+sample+early+lpt,17,0.0341159,0.046875,36610.5,12.4179,11.5,4794.7
S2,heavy/none,longest_first+sample+early+lpt,18,0.0522437,0.0625,23715.8,25.5406,13.6,19450.9
S2,heavy/none,longest_first+sample+early+lpt,19,0.0291292,0.03125,42019.7,11.5644,8.8,4236.1
S2,heavy/none,longest_first+sample+early+lpt,20,0.0425575,0.03125,29066.6,14.9954,14,5408.5
S2,heavy/none,longest_first+sample+early+round_robin,1,0.0284193,0.03125,43843.4,9.79278,10.2,1978.1
S2,heavy/none,longest_first+sample+early+round_robin,2,0.0382738,0.03125,32293.6,12.1603,13.8,1901.4
S2,heavy/none,longest_first+sample+early+round_robin,3,0.0441272,0.046875,28168.6,9.58077,8.6,2008.2
S2,heavy/none,longest_first+sample+early+round_robin,4,0.029959,0.03125,41256.4,10.2686,13.2,1905.5
S2,heavy/none,longest_first+sample+early+round_robin,5,0.0369126,0.046875,32942.7,13.6485,13.2,4385.8
S2,heavy/none,longest_first+sample+early+round_robin,6,0.0299513,0.03125,41834.6,10.2691,13.1,2009.8
S2,heavy/none,longest_first+sample+early+round_robin,7,0.0325469,0.03125,37730.2,11.6094,13.2,2737.9
S2,heavy/none,longest_first+sample+early+round_robin,8,0.0321218,0.03125,38416.3,10.9041,13.7,2180
S2,heavy/none,longest_first+sample+early+round_robin,9,0.0300093,0.03125,41020.6,10.9582,9.8,2716.1
S2,heavy/none,longest_first+sample+early+round_robin,10,0.0418366,0.046875,29639.1,14.041,13.7,3386.1
S2,heavy/none,longest_first+sample+early+round_robin,11,0.046947,0.046875,26583.2,23.5134,12.7,18121.4
S2,heavy/none,longest_first+sample+early+round_robin,12,0.0326015,0.03125,37912.4,11.4108,12.5,3085.5
S2,heavy/none,longest_first+sample+early+round_robin,13,0.0306941,0.03125,40138,10.3929,13.1,1853.6
S2,heavy/none,longest_first+sample+early+round_robin,14,0.026816,0.015625,46241.1,9.49992,8.6,1936.2
S2,heavy/none,longest_first+sample+early+round_robin,15,0.0289281,0.03125,43176,9.88855,10.2,1947.9
S2,heavy/none,longest_first+sample+early+round_robin,16,0.0299792,0.015625,41362,10.351,13.1,1926.2
S2,heavy/none,longest_first+sample+early+round_robin,17,0.0362847,0.03125,34422.2,12.1661,13.6,1903.8
S2,heavy/none,longest_first+sample+early+round_robin,18,0.0346791,0.015625,35727.6,11.8433,13,2667.3
S2,heavy/none,longest_first+sample+early+round_robin,19,0.0318674,0.03125,38409.2,10.8363,11,2477.6
S2,heavy/none,longest_first+sample+early+round_robin,20,0.0402085,0.046875,30764.6,13.7985,13.8,3250.7
S2,heavy/none,longest_first+sample+late+first_free,1,0.0402775,0.046875,28849.9,17.4496,37.1,2137.5
S2,heavy/none,longest_first+sample+late+first_free,2,0.0372384,0.03125,31795.1,15.7303,33.1,1661.5
S2,heavy/none,longest_first+sample+late+first_free,3,0.0380897,0.03125,30401.9,16.6751,35.8,1708.9
S2,heavy/none,longest_first+sample+late+first_free,4,0.0371489,0.03125,30983.4,16.6103,27.5,2901
S2,heavy/none,longest_first+sample+late+first_free,5,0.0478118,0.046875,24052.6,19.8903,41.6,2933.4
S2,heavy/none,longest_first+sample+late+first_free,6,0.0408169,0.046875,28395.1,17.5657,37.7,1677
S2,heavy/none,longest_first+sample+late+first_free,7,0.0326725,0.03125,35350.8,14.5536,26.6,2022.7
S2,heavy/none,longest_first+sample+late+first_free,8,0.0441405,0.046875,26732.8,18.4085,37.8,1799.2
S2,heavy/none,longest_first+sample+late+first_free,9,0.0422126,0.046875,27527.3,18.2433,37.9,1744.6
S2,heavy/none,longest_first+sample+late+first_free,10,0.0404597,0.03125,28892.9,17.3248,37.4,2053.8
S2,heavy/none,longest_first+sample+late+first_free,11,0.0412522,0.03125,28459.1,18.179,39.3,2423.3
S2,heavy/none,longest_first+sample+late+first_free,12,0.0417308,0.046875,28156.7,17.9423,38.7,2250.7
S2,heavy/none,longest_first+sample+late+first_free,13,0.0336236,0.03125,34618.5,15.1361,26.6,2408.4
S2,heavy/none,longest_first+sample+late+first_free,14,0.0377113,0.03125,31051.7,15.9498,37.1,1682.9
S2,heavy/none,longest_first+sample+late+first_free,15,0.0336803,0.046875,34590,14.6191,27.8,1644.6
S2,heavy/none,longest_first+sample+late+first_free,16,0.040085,0.03125,28863.7,17.7505,35.4,3259
S2,heavy/none,longest_first+sample+late+first_free,17,0.0326942,0.03125,35480.3,14.5027,27.2,1766.5
S2,heavy/none,longest_first+sample+late+first_free,18,0.0416066,0.046875,27808.1,17.6111,34.4,2931.3
S2,heavy/none,longest_first+sample+late+first_free,19,0.0332794,0.03125,34856.4,14.3524,27.1,1912.1
S2,heavy/none,longest_first+sample+late+first_free,20,0.041757,0.046875,27684,18.6704,37.7,3381.5
S2,heavy/none,longest_first+sample+late+least_loaded,1,0.0352751,0.046875,33196.2,15.5714,28.5,2621.4
S2,heavy/none,longest_first+sample+late+least_loaded,2,0.0390735,0.03125,29866.8,17.1236,36.3,2318
S2,heavy/none,longest_first+sample+late+least_loaded,3,0.034742,0.046875,33331.4,15.8294,28.9,2553.6
S2,heavy/none,longest_first+sample+late+least_loaded,4,0.0409154,0.046875,28400.1,18.0523,35,2785.4
S2,heavy/none,longest_first+sample+late+least_loaded,5,0.0433348,0.046875,26629.9,19.6091,40.1,2824.9
S2,heavy/none,longest_first+sample+late+least_loaded,6,0.0368841,0.03125,31531.2,16.4634,35.8,2421.7
S2,heavy/none,longest_first+sample+late+least_loaded,7,0.0386534,0.03125,30243.1,17.3243,27.8,3505
S2,heavy/none,longest_first+sample+late+least_loaded,8,0.0370993,0.03125,31537,16.7059,31.4,2507.6
S2,heavy/none,longest_first+sample+late+least_loaded,9,0.0388135,0.046875,29474.3,17.711,37.1,2534.2
S2,heavy/none,longest_first+sample+late+least_loaded,10,0.0501318,0.046875,23518,21.874,41.4,4183.8
S2,heavy/none,longest_first+sample+late+least_loaded,11,0.0401218,0.046875,29260.9,18.0353,33.3,3794.3
S2,heavy/none,longest_first+sample+late+least_loaded,12,0.0349582,0.03125,32953.6,15.7396,29.8,2352.7
S2,heavy/none,longest_first+sample+late+least_loaded,13,0.0384259,0.03125,30734.5,16.5044,33.7,2365.3
S2,heavy/none,longest_first+sample+late+least_loaded,14,0.0410167,0.03125,28013,18.1285,35,2869.1
S2,heavy/none,longest_first+sample+late+least_loaded,15,0.0375846,0.03125,31050,17.0691,28.7,3449.3
S2,heavy/none,longest_first+sample+late+least_loaded,16,0.0476109,0.046875,24427.2,21.1246,42,2346.6
S2,heavy/none,longest_first+sample+late+least_loaded,17,0.0345301,0.03125,33564.9,15.5671,29.7,2455.7
S2,heavy/none,longest_first+sample+late+least_loaded,18,0.0466004,0.046875,24677.9,20.936,41.6,2592.1
S2,heavy/none,longest_first+sample+late+least_loaded,19,0.0334305,0.03125,34698.9,15.1165,26.9,2315.6
S2,heavy/none,longest_first+sample+late+least_loaded,20,0.0469672,0.046875,24889.7,21.3532,42.1,3820.8
S2,heavy/none,longest_first+sample+late+lpt,1,0.049493,0.046875,23659.9,23.4503,51.1,3789.2
S2,heavy/none,longest_first+sample+late+lpt,2,0.0498204,0.046875,23424.1,23.1431,58,2853.3
S2,heavy/none,longest_first+sample+late+lpt,3,0.0368178,0.046875,31452.2,17.816,35,2740.5
S2,heavy/none,longest_first+sample+late+lpt,4,0.041918,0.03125,27720.8,19.8693,46.4,2780.5
S2,heavy/none,longest_first+sample+late+lpt,5,0.045746,0.03125,25226.2,21.8015,45.9,4194.4
S2,heavy/none,longest_first+sample+late+lpt,6,0.0356166,0.03125,32653.3,17.1092,34,2924.8
S2,heavy/none,longest_first+sample+late+lpt,7,0.041985,0.03125,27843.3,19.1265,41.2,2671.4
S2,heavy/none,longest_first+sample+late+lpt,8,0.043006,0.046875,27205.5,20.3017,42.9,3060.5
S2,heavy/none,longest_first+sample+late+lpt,9,0.0408561,0.03125,28000.7,19.7455,47.2,2640.4
S2,heavy/none,longest_first+sample+late+lpt,10,0.0586432,0.0625,20104.6,26.8397,56.5,3544.1
S2,heavy/none,longest_first+sample+late+lpt,11,0.0549054,0.046875,21382.2,26.0635,56.5,3496.7
S2,heavy/none,longest_first+sample+late+lpt,12,0.0394293,0.046875,29216.9,18.6251,36.9,2586.1
S2,heavy/none,longest_first+sample+late+lpt,13,0.0371282,0.03125,31808.7,17.8398,34.1,3286.6
S2,heavy/none,longest_first+sample+late+lpt,14,0.0404679,0.03125,28392.9,19.8543,42.4,2605.5
S2,heavy/none,longest_first+sample+late+lpt,15,0.0429626,0.03125,27163.2,19.6059,41.8,2674.1
S2,heavy/none,longest_first+sample+late+lpt,16,0.0425726,0.046875,27318,19.9997,44.7,3052.1
S2,heavy/none,longest_first+sample+late+lpt,17,0.0445401,0.046875,26021.5,21.3753,53.9,3176
S2,heavy/none,longest_first+sample+late+lpt,18,0.0454578,0.046875,25298.2,22.0231,47.5,4054.1
S2,heavy/none,longest_first+sample+late+lpt,19,0.0363377,0.046875,31922.8,17.4808,35.3,2623.2
S2,heavy/none,longest_first+sample+late+lpt,20,0.048857,0.046875,23927,23.4021,54,3082.6
S2,heavy/none,longest_first+sample+late+round_robin,1,0.0380694,0.046875,30759.6,16.6664,34.2,2472.1
S2,heavy/none,longest_first+sample+late+round_robin,2,0.0444008,0.046875,26373.4,19.5415,42.1,3275
S2,heavy/none,longest_first+sample+late+round_robin,3,0.0352645,0.046875,32894.3,16.2959,27.9,3637.9
S2,heavy/none,longest_first+sample+late+round_robin,4,0.0335724,0.046875,34611.8,14.8409,28.3,1757
S2,heavy/none,longest_first+sample+late+round_robin,5,0.0434053,0.046875,26494.5,19.2678,42.7,2327.7
S2,heavy/none,longest_first+sample+late+round_robin,6,0.0435277,0.046875,26718.6,19.6609,37,3695.3
S2,heavy/none,longest_first+sample+late+round_robin,7,0.0323177,0.03125,36172.1,14.2357,26.7,1746.3
S2,heavy/none,longest_first+sample+late+round_robin,8,0.0375277,0.03125,31203.6,16.2713,33.5,2018.1
S2,heavy/none,longest_first+sample+late+round_robin,9,0.0407394,0.03125,28130,17.6215,38.2,1841.7
S2,heavy/none,longest_first+sample+late+round_robin,10,0.0513364,0.046875,22946.7,21.4829,44.6,2188
S2,heavy/none,longest_first+sample+late+round_robin,11,0.0463653,0.046875,25256,19.791,38.9,1761.2
S2,heavy/none,longest_first+sample+late+round_robin,12,0.0444461,0.03125,25896.5,19.0267,41.6,2192.3
S2,heavy/none,longest_first+sample+late+round_robin,13,0.0369961,0.046875,31868.2,16.3883,33.8,3044.2
S2,heavy/none,longest_first+sample+late+round_robin,14,0.0315945,0.03125,36367.1,14.3995,26.5,1756.6
S2,heavy/none,longest_first+sample+late+round_robin,15,0.0331168,0.03125,35238.9,14.571,28.1,1754.4
S2,heavy/none,longest_first+sample+late+round_robin,16,0.0457601,0.046875,25415.2,20.0267,38.5,2730.2
S2,heavy/none,longest_first+sample+late+round_robin,17,0.0364769,0.03125,31800.9,16.0902,33.6,1904.2
S2,heavy/none,longest_first+sample+late+round_robin,18,0.038686,0.03125,29752.4,16.9768,37.3,2042.9
S2,heavy/none,longest_first+sample+late+round_robin,19,0.0318519,0.03125,36230.2,14.1921,27.4,1772.2
S2,heavy/none,longest_first+sample+late+round_robin,20,0.0386028,0.046875,30282.8,17.0309,34.8,2731.5
S2,heavy/none,online_adaptive,1,0.0380159,0.03125,30802.9,18.2711,35.8,2955.5
S2,heavy/none,online_adaptive,2,0.0486261,0.046875,24205.1,23.0067,55.8,3317.9
S2,heavy/none,online_adaptive,3,0.0398661,0.046875,29047.2,19.7978,43.1,3381.6
S2,heavy/none,online_adaptive,4,0.0373777,0.03125,31088.1,17.8059,35.7,2700
S2,heavy/none,online_adaptive,5,0.0438839,0.046875,26387.8,21.1282,47.3,3212.9
S2,heavy/none,online_adaptive,6,0.0477142,0.046875,24374.3,22.681,53,2903.4
S2,heavy/none,online_adaptive,7,0.0409256,0.046875,28564,19.5281,45.5,2659
S2,heavy/none,online_adaptive,8,0.0458654,0.046875,25705.7,22.6503,51.8,3871.7
S2,heavy/none,online_adaptive,9,0.0477695,0.046875,24032.1,22.5476,50.8,3909.8
S2,heavy/none,online_adaptive,10,0.0559481,0.046875,21073.1,26.9271,60.1,5125.3
S2,heavy/none,online_adaptive,11,0.0411417,0.03125,28535.5,19.8715,36.9,3776
S2,heavy/none,online_adaptive,12,0.0492671,0.046875,23382.7,23.7499,58.7,2784.9
S2,heavy/none,online_adaptive,13,0.0507308,0.0625,23279.7,23.2752,51,3062.7
S2,heavy/none,online_adaptive,14,0.0394579,0.046875,29119.6,19.7202,45.8,3147.2
S2,heavy/none,online_adaptive,15,0.037836,0.03125,30843.6,18.3832,37.1,2786.5
S2,heavy/none,online_adaptive,16,0.0380427,0.046875,30570.9,18.7212,37.3,3427.4
S2,heavy/none,online_adaptive,17,0.0472375,0.046875,24683.8,23.5406,54.1,4766.4
S2,heavy/none,online_adaptive,18,0.0437502,0.046875,26285.6,21.0636,45.6,2882.4
S2,heavy/none,online_adaptive,19,0.0371817,0.03125,31063.7,18.3135,38.2,2716.6
S2,heavy/none,online_adaptive,20,0.0451102,0.046875,25914.3,21.0523,41.8,2995.1
S2,heavy/none,online_eb,1,0.0612337,0.0625,19123.5,34.3602,95,4666
S2,heavy/none,online_eb,2,0.0624624,0.046875,18795.3,36.6044,83.2,3832
S2,heavy/none,online_eb,3,0.0623354,0.0625,18560.9,35.7371,76.8,5075.2
S2,heavy/none,online_eb,4,0.0566818,0.046875,20500.4,32.7166,75.9,4434.1
S2,heavy/none,online_eb,5,0.0628863,0.0625,18461.9,34.878,90,4211
S2,heavy/none,online_eb,6,0.0665823,0.046875,17467.1,36.1157,96.8,4348.5
S2,heavy/none,online_eb,7,0.0551354,0.046875,21202.3,31.0955,82.3,4113.7
S2,heavy/none,online_eb,8,0.065306,0.0625,17976.9,37.2301,87.3,6982.7
S2,heavy/none,online_eb,9,0.07143,0.0625,16253.7,41.3618,101.5,5659.2
S2,heavy/none,online_eb,10,0.0665576,0.0625,17699,37.4784,98.6,4526
S2,heavy/none,online_eb,11,0.0623513,0.0625,18860.9,34.7405,85.1,4302.2
S2,heavy/none,online_eb,12,0.0627311,0.0625,18380,35.747,95,3859.9
S2,heavy/none,online_eb,13,0.0649756,0.0625,18160.7,37.1518,94.7,6677.2
S2,heavy/none,online_eb,14,0.0578176,0.0625,20011.2,34.2076,80.9,5606.4
S2,heavy/none,online_eb,15,0.0547703,0.046875,21343.7,31.8445,72,4210.8
S2,heavy/none,online_eb,16,0.0666065,0.0625,17460.8,37.7788,98.3,5329.7
S2,heavy/none,online_eb,17,0.0608215,0.0625,19170.9,33.9926,93.9,3858.8
S2,heavy/none,online_eb,18,0.0669389,0.0625,17194.8,37.3001,95.5,4476.8
S2,heavy/none,online_eb,19,0.0562629,0.0625,20510.9,33.1459,78.1,3755.4
S2,heavy/none,online_eb,20,0.0646081,0.0625,18093.7,36.5353,90.9,6399
S2,heavy/none,oracle_lpt,1,0.0437944,0.046875,27149.6,20.891,47.4,4064.5
S2,heavy/none,oracle_lpt,2,0.0453217,0.046875,26146.4,21.7862,49.3,4018.3
S2,heavy/none,oracle_lpt,3,0.0530104,0.046875,22146.6,27.0509,51.1,7589.3
S2,heavy/none,oracle_lpt,4,0.0478585,0.046875,24676.9,23.3436,50.1,6399.1
S2,heavy/none,oracle_lpt,5,0.04721,0.046875,24761.7,22.187,47.7,4447.4
S2,heavy/none,oracle_lpt,6,0.0462012,0.03125,25627,22.5715,45.4,6234.1
S2,heavy/none,oracle_lpt,7,0.0472338,0.03125,25384.4,22.1548,51.3,4889.8
S2,heavy/none,oracle_lpt,8,0.0543181,0.0625,22110.5,24.4283,53,4874.4
S2,heavy/none,oracle_lpt,9,0.0463432,0.03125,25268,22.4722,45,5578.2
S2,heavy/none,oracle_lpt,10,0.0509445,0.046875,23456.9,24.4644,52.1,6133.1
S2,heavy/none,oracle_lpt,11,0.0479311,0.046875,24284.9,22.8109,45.8,4727.1
S2,heavy/none,oracle_lpt,12,0.0505805,0.046875,23230.3,23.6509,54.6,3967.5
S2,heavy/none,oracle_lpt,13,0.05024,0.046875,23467.4,24.3736,51.8,4013.9
S2,heavy/none,oracle_lpt,14,0.0649004,0.0625,18243.3,24.4129,64.4,4255.5
S2,heavy/none,oracle_lpt,15,0.0426154,0.046875,27947.6,20.3693,44.6,4422.1
S2,heavy/none,oracle_lpt,16,0.0421836,0.046875,27807,20.4292,46.2,4126.8
S2,heavy/none,oracle_lpt,17,0.0471053,0.046875,24965.3,23.1767,49.2,5173.3
S2,heavy/none,oracle_lpt,18,0.0469895,0.03125,25026.9,22.6093,51,4666.7
S2,heavy/none,oracle_lpt,19,0.0566667,0.03125,20505.9,27.0903,64.7,4195.2
S2,heavy/none,oracle_lpt,20,0.0427915,0.046875,27575.6,20.2329,44.9,3909.1
S2,heavy/none,reference,1,0.0223649,0.03125,46501.4,9.2325,8.5,1293.7
S2,heavy/none,reference,2,0.0242292,0.03125,42263.1,9.45859,11.4,806.4
S2,heavy/none,reference,3,0.0279277,0.015625,37024.2,10.6743,13.4,1344.4
S2,heavy/none,reference,4,0.0339204,0.03125,30719,13.0879,13.8,812.3
S2,heavy/none,reference,5,0.0229416,0.015625,44504.3,8.79363,8.7,786.1
S2,heavy/none,reference,6,0.0324174,0.03125,32081.5,12.3997,14.4,1305.9
S2,heavy/none,reference,7,0.0231497,0.03125,44925,9.17721,12.4,793.4
S2,heavy/none,reference,8,0.0289293,0.015625,35880.6,11.1607,13.5,802.5
S2,heavy/none,reference,9,0.0272274,0.03125,37903,10.6715,13.4,1334.3
S2,heavy/none,reference,10,0.0317794,0.03125,32914.4,12.1364,13.9,934.5
S2,heavy/none,reference,11,0.0295352,0.015625,35144.5,10.9085,13.2,859
S2,heavy/none,reference,12,0.0242684,0.03125,42236,9.4361,11.1,790.4
S2,heavy/none,reference,13,0.0292111,0.03125,35192.1,11.445,13.6,952
S2,heavy/none,reference,14,0.0268199,0.015625,38702.6,10.4863,13.4,783.9
S2,heavy/none,reference,15,0.0294291,0.03125,35271.2,11.1607,13.6,814.2
S2,heavy/none,reference,16,0.0314453,0.03125,32850.7,12.2247,13.7,782.8
S2,heavy/none,reference,17,0.021963,0.03125,47215.8,8.77203,8.6,798.8
S2,heavy/none,reference,18,0.0224741,0.03125,46275.5,9.29135,8.7,1268.3
S2,heavy/none,reference,19,0.0301995,0.03125,33907.8,11.2577,13.5,1358.1
S2,heavy/none,reference,20,0.0275466,0.03125,37645.3,10.4703,13.4,806.2
S2,light/group,fifo+group+early+least_loaded,1,0.0215862,0.03125,47159.8,8.91503,8.3,1160.2
S2,light/group,fifo+group+early+least_loaded,2,0.0279265,0.03125,36488.6,11.0617,13.4,1225.9
S2,light/group,fifo+group+early+least_loaded,3,0.0204768,0.015625,49421.8,8.76927,8.1,1154.4
S2,light/group,fifo+group+early+least_loaded,4,0.0295009,0.03125,34337.9,11.9202,13.4,1147.6
S2,light/group,fifo+group+early+least_loaded,5,0.0204248,0.015625,49841.4,8.73752,8.1,1169.5
S2,light/group,fifo+group+early+least_loaded,6,0.0203097,0.015625,50370,8.53412,8.1,1157.2
S2,light/group,fifo+group+early+least_loaded,7,0.0221831,0.03125,46116.2,9.68123,8.7,1850.4
S2,light/group,fifo+group+early+least_loaded,8,0.031104,0.03125,32664.6,12.1287,14.2,1296.2
S2,light/group,fifo+group+early+least_loaded,9,0.0263671,0.03125,38267.4,10.5726,13.4,1331.8
S2,light/group,fifo+group+early+least_loaded,10,0.0290844,0.03125,35139.1,11.3605,14,1377.4
S2,light/group,fifo+group+early+least_loaded,11,0.0281438,0.03125,36455.6,11.3118,12.9,1245.1
S2,light/group,fifo+group+early+least_loaded,12,0.0238958,0.03125,42057.6,10.1281,12.5,1628.2
S2,light/group,fifo+group+early+least_loaded,13,0.0297597,0.03125,34375.3,12.1657,13.9,2091.8
S2,light/group,fifo+group+early+least_loaded,14,0.0270332,0.015625,38101.3,10.7305,12.9,1313.9
S2,light/group,fifo+group+early+least_loaded,15,0.0247255,0.015625,41414.7,10.3185,11.4,1205.8
S2,light/group,fifo+group+early+least_loaded,16,0.0262217,0.03125,38822.8,10.3396,11.7,1444.6
S2,light/group,fifo+group+early+least_loaded,17,0.0288112,0.03125,35507,11.6488,13.9,2046.3
S2,light/group,fifo+group+early+least_loaded,18,0.024468,0.015625,41768.8,9.65695,11.5,1536.7
S2,light/group,fifo+group+early+least_loaded,19,0.0320731,0.03125,32145.3,12.7464,13.5,2016.7
S2,light/group,fifo+group+early+least_loaded,20,0.0314125,0.015625,32407.5,12.7178,13.6,1874.5
S2,light/group,fifo+group+early+lpt,1,0.0216227,0.015625,47126.4,9.18302,8.2,1525.8
S2,light/group,fifo+group+early+lpt,2,0.0241886,0.03125,42210,10.0714,12.5,1563.7
S2,light/group,fifo+group+early+lpt,3,0.0210985,0.03125,47538.9,9.18305,8.3,1498.3
S2,light/group,fifo+group+early+lpt,4,0.0278884,0.03125,36717.8,11.6959,13,1956.9
S2,light/group,fifo+group+early+lpt,5,0.0219753,0.03125,46415.7,9.22804,8.3,1507.7
S2,light/group,fifo+group+early+lpt,6,0.0298285,0,34229,11.1454,9,1400.9
S2,light/group,fifo+group+early+lpt,7,0.0270477,0.03125,37933,11.2393,9.2,1509.8
S2,light/group,fifo+group+early+lpt,8,0.0242014,0.015625,42063.7,10.2624,10.5,1889.2
S2,light/group,fifo+group+early+lpt,9,0.0299587,0,33579.6,12.5834,13.6,2481.7
S2,light/group,fifo+group+early+lpt,10,0.0273831,0.03125,36957.1,11.4361,13.7,1907
S2,light/group,fifo+group+early+lpt,11,0.0280325,0.015625,36386.3,11.4561,13.8,1581.3
S2,light/group,fifo+group+early+lpt,12,0.023541,0.015625,42521.6,9.93367,13.4,1596
S2,light/group,fifo+group+early+lpt,13,0.0297768,0.03125,33851.9,12.0525,13,2720.2
S2,light/group,fifo+group+early+lpt,14,0.0290003,0.03125,34723.8,12.1019,13.8,1576.1
S2,light/group,fifo+group+early+lpt,15,0.0336842,0.046875,30073.4,13.6382,13.8,2598.3
S2,light/group,fifo+group+early+lpt,16,0.025156,0.015625,40268.7,10.1548,12.2,1607.6
S2,light/group,fifo+group+early+lpt,17,0.0236838,0.03125,42349.6,9.84646,12.1,1561.6
S2,light/group,fifo+group+early+lpt,18,0.0224949,0.015625,44587.9,9.34995,8.4,1550.3
S2,light/group,fifo+group+early+lpt,19,0.0269764,0.03125,37773.8,11.0718,12.9,1914
S2,light/group,fifo+group+early+lpt,20,0.0257138,0.015625,39278.5,10.3145,10.8,1929.2
S2,light/group,fifo+group+late+first_free,1,0.0239792,0.03125,42828.8,10.9651,18.8,526.1
S2,light/group,fifo+group+late+first_free,2,0.0251563,0.03125,40785,11.5871,23,545.8
S2,light/group,fifo+group+late+first_free,3,0.02349,0.03125,43507.9,11.1536,18.8,514.2
S2,light/group,fifo+group+late+first_free,4,0.0234626,0.03125,43601.3,10.9644,19.3,505.8
S2,light/group,fifo+group+late+first_free,5,0.0238734,0.015625,41971.4,11.2867,22.6,510
S2,light/group,fifo+group+late+first_free,6,0.0224004,0.03125,45445.6,10.5197,19.1,482.3
S2,light/group,fifo+group+late+first_free,7,0.0250127,0.015625,41059.1,11.4419,22.3,517.7
S2,light/group,fifo+group+late+first_free,8,0.0346189,0.046875,29463.7,15.3165,29.9,585.4
S2,light/group,fifo+group+late+first_free,9,0.0321882,0.03125,31409,15.24,28.6,1176.4
S2,light/group,fifo+group+late+first_free,10,0.033825,0.03125,30628.2,15.1791,32.8,633.5
S2,light/group,fifo+group+late+first_free,11,0.0300827,0.03125,34039.5,14.1237,29.6,919.1
S2,light/group,fifo+group+late+first_free,12,0.0286532,0.015625,35737.7,13.1529,29.7,523.3
S2,light/group,fifo+group+late+first_free,13,0.0365622,0.03125,28143.8,16.4297,32.5,560.1
S2,light/group,fifo+group+late+first_free,14,0.0331517,0.03125,31069.3,15.0646,31,525.6
S2,light/group,fifo+group+late+first_free,15,0.0339289,0.046875,30446,15.0928,29.8,550.6
S2,light/group,fifo+group+late+first_free,16,0.0372206,0.03125,27269.8,16.726,32.5,545.4
S2,light/group,fifo+group+late+first_free,17,0.0255464,0.03125,40162.2,11.6285,22.2,527
S2,light/group,fifo+group+late+first_free,18,0.0281028,0.015625,36722.3,12.8995,25,515.3
S2,light/group,fifo+group+late+first_free,19,0.0269616,0.03125,38165.4,12.2399,25.1,575.7
S2,light/group,fifo+group+late+first_free,20,0.028931,0.03125,35463.7,12.4869,28,575.2
S2,light/group,fifo+group+late+least_loaded,1,0.0241587,0.03125,41848.3,11.8403,19.3,795.2
S2,light/group,fifo+group+late+least_loaded,2,0.0287201,0.015625,35480.4,13.599,26.1,868.2
S2,light/group,fifo+group+late+least_loaded,3,0.0248453,0.015625,41376,11.5352,20.1,700.8
S2,light/group,fifo+group+late+least_loaded,4,0.0242806,0.015625,41638.2,11.5312,19.6,862.7
S2,light/group,fifo+group+late+least_loaded,5,0.0284309,0.015625,35806.1,13.3467,28.2,1126.1
S2,light/group,fifo+group+late+least_loaded,6,0.0225963,0.03125,45582.7,10.5264,18.5,700.5
S2,light/group,fifo+group+late+least_loaded,7,0.0309002,0.03125,32718.2,13.8546,30.8,851.8
S2,light/group,fifo+group+late+least_loaded,8,0.0290685,0.03125,34539.1,13.8498,30.5,745.7
S2,light/group,fifo+group+late+least_loaded,9,0.0365368,0.03125,27780.2,17.0916,34.9,1303.5
S2,light/group,fifo+group+late+least_loaded,10,0.0355693,0.015625,28732.6,16.4927,29.1,989.6
S2,light/group,fifo+group+late+least_loaded,11,0.0290592,0.03125,35169.6,13.6982,25.5,761.8
S2,light/group,fifo+group+late+least_loaded,12,0.0296486,0.03125,34133.1,14.0282,28.4,1315.3
S2,light/group,fifo+group+late+least_loaded,13,0.0274252,0.03125,37301.5,12.3763,23.7,773.3
S2,light/group,fifo+group+late+least_loaded,14,0.0278554,0.03125,36904.9,12.9223,25.3,755.5
S2,light/group,fifo+group+late+least_loaded,15,0.0280101,0.03125,36415.4,12.6114,26.1,785.9
S2,light/group,fifo+group+late+least_loaded,16,0.0328077,0.03125,30998.8,15.1232,29.5,902.9
S2,light/group,fifo+group+late+least_loaded,17,0.0259782,0.03125,39340.7,12.0835,24.5,830.7
S2,light/group,fifo+group+late+least_loaded,18,0.0245357,0.03125,41368.3,11.4986,20.4,751.5
S2,light/group,fifo+group+late+least_loaded,19,0.0315288,0.03125,32478.2,14.4296,28.2,1332.5
S2,light/group,fifo+group+late+least_loaded,20,0.0301984,0.03125,33975.3,13.7638,26.9,817.7
S2,light/group,fifo+group+late+lpt,1,0.0299161,0.03125,33594,16.0224,30.4,922
S2,light/group,fifo+group+late+lpt,2,0.0262914,0.03125,38643.8,13.4319,25.7,911.7
S2,light/group,fifo+group+late+lpt,3,0.0263725,0.015625,38752.5,13.3523,25.5,902.4
S2,light/group,fifo+group+late+lpt,4,0.0260253,0.03125,39346.3,13.1183,26.1,913.5
S2,light/group,fifo+group+late+lpt,5,0.0258065,0.03125,39447.4,12.9572,26,871.5
S2,light/group,fifo+group+late+lpt,6,0.0258603,0.015625,39558.7,12.8666,26.3,829.6
S2,light/group,fifo+group+late+lpt,7,0.0361646,0.03125,28397.9,17.5072,41.5,1560.4
S2,light/group,fifo+group+late+lpt,8,0.0377519,0.046875,26859.6,18.9529,42.4,1069.1
S2,light/group,fifo+group+late+lpt,9,0.0311745,0.03125,32687,15.3183,34.1,1051.3
S2,light/group,fifo+group+late+lpt,10,0.0378078,0.03125,27031.5,18.7681,42.2,1599.6
S2,light/group,fifo+group+late+lpt,11,0.0360852,0.03125,28432.7,18.0223,41.8,998.8
S2,light/group,fifo+group+late+lpt,12,0.0325178,0.03125,31551.9,15.8393,34.6,954.5
S2,light/group,fifo+group+late+lpt,13,0.0367393,0.03125,27736,18.2543,40.4,1581.3
S2,light/group,fifo+group+late+lpt,14,0.0289148,0.03125,35137.7,14.8188,28.1,1676.4
S2,light/group,fifo+group+late+lpt,15,0.0301764,0.03125,34165.8,15.1326,28.3,945.1
S2,light/group,fifo+group+late+lpt,16,0.0379928,0.03125,26794.6,18.987,43.6,1037.5
S2,light/group,fifo+group+late+lpt,17,0.0291589,0.03125,35083.6,14.2526,30.3,951.3
S2,light/group,fifo+group+late+lpt,18,0.0370845,0.046875,27585.6,19.4747,44,1220
S2,light/group,fifo+group+late+lpt,19,0.0316576,0.03125,31998.6,15.8716,29.8,1571
S2,light/group,fifo+group+late+lpt,20,0.0380015,0.03125,27025.2,18.6947,44.7,1607.9
S2,light/group,fifo+group+late+round_robin,1,0.023848,0.03125,43064.4,11.1315,19.3,606
S2,light/group,fifo+group+late+round_robin,2,0.0242692,0.03125,42152.2,11.5054,20.4,512.3
S2,light/group,fifo+group+late+round_robin,3,0.0239037,0.03125,42336.5,11.4205,19.7,511.2
S2,light/group,fifo+group+late+round_robin,4,0.024548,0.015625,41917.9,10.8684,19.5,519.1
S2,light/group,fifo+group+late+round_robin,5,0.0294138,0.03125,34575.6,13.9852,28.5,1739.9
S2,light/group,fifo+group+late+round_robin,6,0.0271233,0.03125,37163.6,12.4764,23.8,494.5
S2,light/group,fifo+group+late+round_robin,7,0.0281261,0.03125,36407.5,12.8427,26.8,547.3
S2,light/group,fifo+group+late+round_robin,8,0.028819,0.03125,35532.1,13.1674,24.3,545.4
S2,light/group,fifo+group+late+round_robin,9,0.0361686,0.03125,28256.6,16.2031,32.6,537
S2,light/group,fifo+group+late+round_robin,10,0.0375471,0.03125,27299,16.7596,32.3,773.7
S2,light/group,fifo+group+late+round_robin,11,0.0278153,0.03125,36922.1,13.2499,26.1,1267.3
S2,light/group,fifo+group+late+round_robin,12,0.033567,0.03125,30267.8,15.7197,31.5,1149.4
S2,light/group,fifo+group+late+round_robin,13,0.0336732,0.03125,30202.1,15.5967,31.6,915.5
S2,light/group,fifo+group+late+round_robin,14,0.0306257,0.03125,33436,13.8863,26.1,848.9
S2,light/group,fifo+group+late+round_robin,15,0.0277456,0.03125,37087,12.6515,25.7,757.3
S2,light/group,fifo+group+late+round_robin,16,0.0265637,0.03125,38360.6,12.1792,22.6,935.3
S2,light/group,fifo+group+late+round_robin,17,0.0300391,0,33855.9,13.9206,27.7,710.6
S2,light/group,fifo+group+late+round_robin,18,0.0253612,0.03125,40613.2,12.0508,21.4,547
S2,light/group,fifo+group+late+round_robin,19,0.0281773,0.015625,36412.3,13.2104,26.3,968.9
S2,light/group,fifo+group+late+round_robin,20,0.0377455,0.03125,26917.1,16.5975,32.7,556.9
S2,light/group,fifo+sample+early+least_loaded,1,0.0276633,0.03125,43306.5,11.0188,8.3,3793.2
S2,light/group,fifo+sample+early+least_loaded,2,0.0269929,0.03125,44678.4,10.3608,8.4,3101.9
S2,light/group,fifo+sample+early+least_loaded,3,0.0326363,0.03125,37351,12.0779,12.9,2790.7
S2,light/group,fifo+sample+early+least_loaded,4,0.0267378,0.03125,45703.1,10.0465,8.2,2820.4
S2,light/group,fifo+sample+early+least_loaded,5,0.0262164,0.015625,46001.7,10.5231,8.2,3575.2
S2,light/group,fifo+sample+early+least_loaded,6,0.026809,0.03125,46029.3,10.3586,8.1,3396
S2,light/group,fifo+sample+early+least_loaded,7,0.0383732,0.046875,31949.4,12.9289,14.4,2936.4
S2,light/group,fifo+sample+early+least_loaded,8,0.0319429,0.03125,38161.8,11.4856,13.5,3119.1
S2,light/group,fifo+sample+early+least_loaded,9,0.038706,0.046875,31261.3,14.3097,13.8,4538.8
S2,light/group,fifo+sample+early+least_loaded,10,0.039878,0.03125,30693.6,14.2879,13.7,3878
S2,light/group,fifo+sample+early+least_loaded,11,0.0353754,0.046875,34713.4,12.589,13.4,3836.6
S2,light/group,fifo+sample+early+least_loaded,12,0.0365816,0.03125,33322.8,13.3022,13.8,4011.9
S2,light/group,fifo+sample+early+least_loaded,13,0.0372979,0.046875,32816.9,13.8224,14.1,4557.3
S2,light/group,fifo+sample+early+least_loaded,14,0.0375026,0.046875,32557.7,14.1187,13,5355.2
S2,light/group,fifo+sample+early+least_loaded,15,0.043605,0.03125,28139,16.1277,13.4,7579.2
S2,light/group,fifo+sample+early+least_loaded,16,0.0398245,0.03125,30760,14.2358,14,4298.1
S2,light/group,fifo+sample+early+least_loaded,17,0.0358178,0.03125,34200.9,13.037,12.7,3808.9
S2,light/group,fifo+sample+early+least_loaded,18,0.0304948,0.03125,40203.6,11.4093,11.6,3127.3
S2,light/group,fifo+sample+early+least_loaded,19,0.0340182,0.03125,35804.4,12.4404,13.6,3143.5
S2,light/group,fifo+sample+early+least_loaded,20,0.032455,0.03125,37159.1,11.6704,12.2,3050
S2,light/group,fifo+sample+early+lpt,1,0.0275109,0.03125,44128,10.7197,8.3,3510.4
S2,light/group,fifo+sample+early+lpt,2,0.0277613,0.03125,44234.2,10.6915,8.5,3343.9
S2,light/group,fifo+sample+early+lpt,3,0.0334005,0.03125,36227,12.4963,12.8,3339.7
S2,light/group,fifo+sample+early+lpt,4,0.0269875,0.015625,45687.8,10.3305,8.3,3379.2
S2,light/group,fifo+sample+early+lpt,5,0.0276436,0.03125,44097,10.9999,8.2,4197.2
S2,light/group,fifo+sample+early+lpt,6,0.0273594,0.03125,44664.7,10.9358,8.2,4040.4
S2,light/group,fifo+sample+early+lpt,7,0.0362894,0.046875,33728.9,12.7199,13.8,3645.9
S2,light/group,fifo+sample+early+lpt,8,0.0324692,0.03125,37635.7,12.6784,13.1,4733.3
S2,light/group,fifo+sample+early+lpt,9,0.0365697,0.015625,33114.8,12.7085,12.1,4101.3
S2,light/group,fifo+sample+early+lpt,10,0.0396519,0.03125,30969.5,14.1826,14.4,4210.4
S2,light/group,fifo+sample+early+lpt,11,0.0341299,0.03125,35394.2,12.8209,13.2,4686.4
S2,light/group,fifo+sample+early+lpt,12,0.0373539,0.046875,32526.7,14.748,13.8,6291.6
S2,light/group,fifo+sample+early+lpt,13,0.0337643,0.03125,35866.3,12.3871,13.1,4018.9
S2,light/group,fifo+sample+early+lpt,14,0.0350875,0.03125,34741.7,13.7936,13.2,6265.1
S2,light/group,fifo+sample+early+lpt,15,0.0286532,0.03125,42264,11.0948,12.6,3505.1
S2,light/group,fifo+sample+early+lpt,16,0.0411842,0.03125,29525.9,14.4719,14,4232.7
S2,light/group,fifo+sample+early+lpt,17,0.0329642,0.03125,36767.2,13.9189,8.8,7068.8
S2,light/group,fifo+sample+early+lpt,18,0.0286765,0.03125,41881,11.5463,8.6,4213.8
S2,light/group,fifo+sample+early+lpt,19,0.0365647,0.03125,32955.3,13.6136,13.6,3937
S2,light/group,fifo+sample+early+lpt,20,0.034581,0.03125,34932.5,13.2525,13.3,4572
S2,light/group,fifo+sample+early+round_robin,1,0.0258407,0.015625,46361,9.42947,8.4,1801.7
S2,light/group,fifo+sample+early+round_robin,2,0.0262876,0.03125,45877.1,9.39851,8.3,2054
S2,light/group,fifo+sample+early+round_robin,3,0.031228,0.03125,39035.5,11.5358,13.2,2572.9
S2,light/group,fifo+sample+early+round_robin,4,0.0250926,0.03125,48699.6,9.00033,8,1798.6
S2,light/group,fifo+sample+early+round_robin,5,0.0258869,0.03125,46587.3,9.24552,8.4,1768.3
S2,light/group,fifo+sample+early+round_robin,6,0.0255841,0.015625,48233.1,9.55008,8.1,2413.2
S2,light/group,fifo+sample+early+round_robin,7,0.037969,0.03125,32289.5,12.3901,15.5,2013.1
S2,light/group,fifo+sample+early+round_robin,8,0.0398636,0.03125,30579.3,9.94873,12.4,1847.6
S2,light/group,fifo+sample+early+round_robin,9,0.0370057,0.03125,32697.7,12.6471,14,1928.6
S2,light/group,fifo+sample+early+round_robin,10,0.032478,0.03125,37687,10.9839,12.6,2436.8
S2,light/group,fifo+sample+early+round_robin,11,0.0314643,0.03125,39028.4,11.1067,13.1,2522.2
S2,light/group,fifo+sample+early+round_robin,12,0.0373824,0.046875,32608.9,12.4897,13.3,2118.7
S2,light/group,fifo+sample+early+round_robin,13,0.0307678,0.03125,39781.8,10.4619,12.3,2173.8
S2,light/group,fifo+sample+early+round_robin,14,0.0290332,0.03125,42055.3,9.71556,9.3,1990.9
S2,light/group,fifo+sample+early+round_robin,15,0.0280674,0.03125,43716.2,10.3614,10.4,2839.5
S2,light/group,fifo+sample+early+round_robin,16,0.0384326,0.03125,31874,12.8608,14.5,2815.3
S2,light/group,fifo+sample+early+round_robin,17,0.027075,0.03125,45244.7,9.93037,8.6,2479
S2,light/group,fifo+sample+early+round_robin,18,0.0277011,0.015625,44258.2,10.3023,8.7,2999.9
S2,light/group,fifo+sample+early+round_robin,19,0.0318337,0.03125,38261.3,11.5241,12.3,3305.2
S2,light/group,fifo+sample+early+round_robin,20,0.0295885,0.03125,40759.1,11.0001,10.9,3111.1
S2,light/group,fifo+sample+late+first_free,1,0.0347939,0.046875,32764.4,15.149,27.7,1864.2
S2,light/group,fifo+sample+late+first_free,2,0.0309768,0.03125,37092.3,13.6191,25.4,1581.4
S2,light/group,fifo+sample+late+first_free,3,0.0373623,0.03125,31020.6,16.8847,37.9,2173.6
S2,light/group,fifo+sample+late+first_free,4,0.0390589,0.03125,29161.1,21.3788,24.7,10544.3
S2,light/group,fifo+sample+late+first_free,5,0.0288058,0.03125,39610.1,13.1739,24.6,1756
S2,light/group,fifo+sample+late+first_free,6,0.0299707,0.03125,38204,13.5013,24.1,2092.6
S2,light/group,fifo+sample+late+first_free,7,0.0416104,0.03125,27421,18.4414,41.4,2451.7
S2,light/group,fifo+sample+late+first_free,8,0.0344998,0.03125,33130.6,15.0697,30.4,2198.4
S2,light/group,fifo+sample+late+first_free,9,0.0380004,0.03125,29973.4,17.1368,32.6,3230.8
S2,light/group,fifo+sample+late+first_free,10,0.0417175,0.03125,27662.3,17.6645,39.3,1754.7
S2,light/group,fifo+sample+late+first_free,11,0.0417405,0.046875,27551.2,18.6788,35.5,2984
S2,light/group,fifo+sample+late+first_free,12,0.0439601,0.046875,26364.8,18.9162,40.5,2169.2
S2,light/group,fifo+sample+late+first_free,13,0.0404299,0.046875,28098,17.6026,33.1,2151.7
S2,light/group,fifo+sample+late+first_free,14,0.0353507,0.046875,32672.6,14.9387,28.7,1666.8
S2,light/group,fifo+sample+late+first_free,15,0.0356274,0.03125,32362.7,15.6283,32,1666.7
S2,light/group,fifo+sample+late+first_free,16,0.0413131,0.046875,27836.2,18.4259,35.6,3557.5
S2,light/group,fifo+sample+late+first_free,17,0.0328831,0.03125,35154.8,14.4274,26,1743.9
S2,light/group,fifo+sample+late+first_free,18,0.0377241,0.03125,30245.9,16.628,36.9,1549.9
S2,light/group,fifo+sample+late+first_free,19,0.0402695,0.046875,28358.9,17.4029,39.2,1670.3
S2,light/group,fifo+sample+late+first_free,20,0.0343053,0.03125,33610,15.0413,28.6,2280.5
S2,light/group,fifo+sample+late+least_loaded,1,0.0324579,0.03125,35831,14.6217,25.5,2279.9
S2,light/group,fifo+sample+late+least_loaded,2,0.0357203,0.03125,32334.6,16.4959,30,2247.2
S2,light/group,fifo+sample+late+least_loaded,3,0.0317216,0.03125,35717,14.4484,25.3,2215.6
S2,light/group,fifo+sample+late+least_loaded,4,0.0317738,0.03125,36350.7,14.0578,24.1,2102.9
S2,light/group,fifo+sample+late+least_loaded,5,0.0297238,0.015625,38285.8,13.9324,24.3,2115.9
S2,light/group,fifo+sample+late+least_loaded,6,0.0307968,0.03125,37179.2,14.4283,25,2326.5
S2,light/group,fifo+sample+late+least_loaded,7,0.0423138,0.046875,27367,19.4288,33.8,4567.5
S2,light/group,fifo+sample+late+least_loaded,8,0.037353,0.03125,31001.5,16.4598,27.5,2355.8
S2,light/group,fifo+sample+late+least_loaded,9,0.0358992,0.046875,31282,16.3658,28.8,2311.3
S2,light/group,fifo+sample+late+least_loaded,10,0.0524601,0.0625,21902.4,23.4963,43.9,4262.9
S2,light/group,fifo+sample+late+least_loaded,11,0.0475065,0.046875,24249.3,21.8032,39.5,4730.4
S2,light/group,fifo+sample+late+least_loaded,12,0.0444551,0.03125,25553.9,19.7454,38.8,2415.4
S2,light/group,fifo+sample+late+least_loaded,13,0.038587,0.03125,29751,17.6736,36.9,2689.6
S2,light/group,fifo+sample+late+least_loaded,14,0.0476138,0.046875,24404.7,20.9286,40.2,2350.7
S2,light/group,fifo+sample+late+least_loaded,15,0.0394109,0.046875,28926,17.8872,32.9,2258.7
S2,light/group,fifo+sample+late+least_loaded,16,0.0402983,0.046875,28512.4,17.9399,36.7,2331.6
S2,light/group,fifo+sample+late+least_loaded,17,0.0384994,0.046875,29818.6,17.3727,32.2,2237.7
S2,light/group,fifo+sample+late+least_loaded,18,0.0357099,0.046875,31979.9,16.0118,27.2,2323.2
S2,light/group,fifo+sample+late+least_loaded,19,0.0370136,0.03125,30745.5,16.7313,34.3,2435.6
S2,light/group,fifo+sample+late+least_loaded,20,0.0365063,0.03125,31309.7,16.4892,31.4,2554.5
S2,light/group,fifo+sample+late+lpt,1,0.0354817,0.03125,32580.2,17.2361,34.3,2554.2
S2,light/group,fifo+sample+late+lpt,2,0.0385488,0.046875,29962,18.5013,39.6,2543
S2,light/group,fifo+sample+late+lpt,3,0.0377204,0.03125,29877.7,18.8996,42.8,2805.2
S2,light/group,fifo+sample+late+lpt,4,0.042082,0.046875,27446.4,19.6765,44.4,2401.5
S2,light/group,fifo+sample+late+lpt,5,0.032888,0.03125,34541.5,16.3326,32.6,2537.9
S2,light/group,fifo+sample+late+lpt,6,0.0338922,0.03125,33960.6,16.5375,32.4,2330.4
S2,light/group,fifo+sample+late+lpt,7,0.0446722,0.046875,25922.2,21.4547,50.9,3012.1
S2,light/group,fifo+sample+late+lpt,8,0.0463974,0.046875,24958.3,21.5104,44.4,5403.1
S2,light/group,fifo+sample+late+lpt,9,0.037448,0.046875,29988.3,18.6646,42.3,2582.8
S2,light/group,fifo+sample+late+lpt,10,0.0538037,0.046875,21355.4,25.8831,56.4,3777.1
S2,light/group,fifo+sample+late+lpt,11,0.0420591,0.03125,27461.4,20.3117,41.9,3823.3
S2,light/group,fifo+sample+late+lpt,12,0.0454627,0.046875,24987.5,22.8947,43.4,6008.6
S2,light/group,fifo+sample+late+lpt,13,0.0524091,0.046875,21904.6,25.7777,55.2,4788.4
S2,light/group,fifo+sample+late+lpt,14,0.0576955,0.0625,19984.2,27.6024,57.6,5198.4
S2,light/group,fifo+sample+late+lpt,15,0.0390252,0.03125,29570.6,18.8675,36.5,3000.2
S2,light/group,fifo+sample+late+lpt,16,0.0465698,0.03125,24629.7,22.2868,50.8,2998.6
S2,light/group,fifo+sample+late+lpt,17,0.0397918,0.03125,28624,19.5112,45.3,2645.4
S2,light/group,fifo+sample+late+lpt,18,0.0391889,0.046875,29064.4,18.9676,38.1,3218.9
S2,light/group,fifo+sample+late+lpt,19,0.0442728,0.046875,25772,21.777,48.9,4471.2
S2,light/group,fifo+sample+late+lpt,20,0.0480438,0.046875,23499.4,24.2117,48.2,5074.3
S2,light/group,fifo+sample+late+round_robin,1,0.0334029,0.046875,34787.4,14.9518,26.5,2384
S2,light/group,fifo+sample+late+round_robin,2,0.0320003,0.03125,36093.4,14.309,27,1665.1
S2,light/group,fifo+sample+late+round_robin,3,0.0319959,0.03125,35473.3,14.3956,27,1730
S2,light/group,fifo+sample+late+round_robin,4,0.0366991,0.015625,31335.9,17.0682,30.6,1696.4
S2,light/group,fifo+sample+late+round_robin,5,0.0294164,0.03125,38685.9,13.3113,25.5,1593.9
S2,light/group,fifo+sample+late+round_robin,6,0.0301083,0.03125,38195.4,13.8051,25.6,1599.2
S2,light/group,fifo+sample+late+round_robin,7,0.0355997,0.046875,32640.7,15.8405,28.9,2718.1
S2,light/group,fifo+sample+late+round_robin,8,0.0336831,0.03125,34319.9,14.9902,28.1,2276.1
S2,light/group,fifo+sample+late+round_robin,9,0.0453494,0.046875,24675.1,20.2899,47,2476.3
S2,light/group,fifo+sample+late+round_robin,10,0.0455875,0.046875,25357.8,19.5225,38.2,2734.2
S2,light/group,fifo+sample+late+round_robin,11,0.0351369,0.046875,32786,15.4911,30.5,1729
S2,light/group,fifo+sample+late+round_robin,12,0.0413246,0.046875,27562.3,18.33,40.3,1938.9
S2,light/group,fifo+sample+late+round_robin,13,0.0505499,0.046875,22591.5,22.4854,42.4,3061.2
S2,light/group,fifo+sample+late+round_robin,14,0.0469238,0.046875,24784.9,20.1478,41.7,1841.2
S2,light/group,fifo+sample+late+round_robin,15,0.0347447,0.03125,33069.8,16.0261,32.7,2490.1
S2,light/group,fifo+sample+late+round_robin,16,0.0443336,0.046875,26007.4,19.8059,38,3607.9
S2,light/group,fifo+sample+late+round_robin,17,0.0323616,0.03125,35412.3,14.4687,26.7,1810.7
S2,light/group,fifo+sample+late+round_robin,18,0.0405466,0.03125,28165.1,18.1921,39.2,2125.8
S2,light/group,fifo+sample+late+round_robin,19,0.036692,0.046875,31014.9,16.1886,33,1818
S2,light/group,fifo+sample+late+round_robin,20,0.0391223,0.046875,29037.1,17.1517,37.7,1747.2
S2,light/group,longest_first+group+early+least_loaded,1,0.0223904,0.015625,45510.6,9.57841,8.3,1769
S2,light/group,longest_first+group+early+least_loaded,2,0.0245581,0.03125,41574.9,10.4282,13.1,1755.2
S2,light/group,longest_first+group+early+least_loaded,3,0.0224317,0.03125,44713.5,9.8323,12.7,1814.7
S2,light/group,longest_first+group+early+least_loaded,4,0.0216804,0.015625,47231.6,9.42676,8.3,1782
S2,light/group,longest_first+group+early+least_loaded,5,0.0260762,0.03125,39116.1,11.1281,12.6,1674.2
S2,light/group,longest_first+group+early+least_loaded,6,0.021781,0.015625,46875.7,9.50215,8.1,1926
S2,light/group,longest_first+group+early+least_loaded,7,0.0304578,0.03125,33686,12.9981,13.5,3274.9
S2,light/group,longest_first+group+early+least_loaded,8,0.0227351,0.015625,44776.6,10.0268,8.6,2163.3
S2,light/group,longest_first+group+early+least_loaded,9,0.0353545,0.046875,28454.7,14.5323,14,1873.3
S2,light/group,longest_first+group+early+least_loaded,10,0.0340802,0.03125,29694.7,13.3204,14,2784.9
S2,light/group,longest_first+group+early+least_loaded,11,0.028716,0.03125,35520.3,12.3282,13.4,3265.1
S2,light/group,longest_first+group+early+least_loaded,12,0.0334094,0.03125,29961.6,14.0141,12.7,3205.9
S2,light/group,longest_first+group+early+least_loaded,13,0.0322109,0.03125,31293.8,12.796,14.4,1894.1
S2,light/group,longest_first+group+early+least_loaded,14,0.0354428,0.03125,28412,14.3527,13.2,3115.3
S2,light/group,longest_first+group+early+least_loaded,15,0.0222715,0.03125,45484.1,9.6769,8.4,1828.4
S2,light/group,longest_first+group+early+least_loaded,16,0.0334566,0.03125,30278,14.0134,13.8,2803.3
S2,light/group,longest_first+group+early+least_loaded,17,0.0265848,0.03125,37728.3,11.0328,12.8,1851.8
S2,light/group,longest_first+group+early+least_loaded,18,0.0314164,0.015625,31926,12.929,13.5,2732.3
S2,light/group,longest_first+group+early+least_loaded,19,0.028376,0.03125,35910.6,11.2704,11.6,1944.8
S2,light/group,longest_first+group+early+least_loaded,20,0.0268966,0.015625,37551.2,11.1326,13.2,1970.1
S2,light/group,longest_first+group+early+lpt,1,0.0217304,0.015625,46892.8,9.37419,8.3,1531.4
S2,light/group,longest_first+group+early+lpt,2,0.0213467,0.03125,47829.4,9.24525,8.2,1558.3
S2,light/group,longest_first+group+early+lpt,3,0.0219422,0.015625,45711,9.59182,12.1,1564.9
S2,light/group,longest_first+group+early+lpt,4,0.0281321,0.015625,36399.7,11.7479,12.9,1838
S2,light/group,longest_first+group+early+lpt,5,0.0212272,0.015625,48051.6,8.99343,8.3,1421.4
S2,light/group,longest_first+group+early+lpt,6,0.0204329,0.015625,49968.4,8.87052,7.9,1493.3
S2,light/group,longest_first+group+early+lpt,7,0.0300755,0.03125,34114.1,11.9448,14.3,1801.4
S2,light/group,longest_first+group+early+lpt,8,0.0218314,0.03125,46630.1,9.37711,8.4,1620
S2,light/group,longest_first+group+early+lpt,9,0.0252013,0.015625,39918.6,10.4816,13.6,1511
S2,light/group,longest_first+group+early+lpt,10,0.0321342,0.03125,31492.9,12.7775,13.9,2237.1
S2,light/group,longest_first+group+early+lpt,11,0.0289687,0.03125,35210.4,11.6094,13.6,1627.4
S2,light/group,longest_first+group+early+lpt,12,0.0309639,0.03125,32328,12.5685,13.6,2352.2
S2,light/group,longest_first+group+early+lpt,13,0.0436556,0.015625,23089.8,17.7189,63.3,2189.2
S2,light/group,longest_first+group+early+lpt,14,0.0361636,0.03125,27845.7,14.1388,14.3,2524.4
S2,light/group,longest_first+group+early+lpt,15,0.0381157,0.046875,26577,10.1121,13.3,1555.1
S2,light/group,longest_first+group+early+lpt,16,0.0305057,0.03125,33206.9,12.3455,14,2643.5
S2,light/group,longest_first+group+early+lpt,17,0.0289659,0.03125,34626.9,12.4392,13.3,2630.1
S2,light/group,longest_first+group+early+lpt,18,0.023357,0.015625,42942.2,9.82233,9.9,1622.2
S2,light/group,longest_first+group+early+lpt,19,0.0525021,0.03125,19408.7,14.2412,14,2429.5
S2,light/group,longest_first+group+early+lpt,20,0.0268804,0.03125,37573.8,11.2926,12.1,2573.4
S2,light/group,longest_first+group+early+round_robin,1,0.0208436,0.015625,48504.1,9.01355,8.2,1379.2
S2,light/group,longest_first+group+early+round_robin,2,0.0218629,0.015625,46928.8,9.27661,8.6,1438.4
S2,light/group,longest_first+group+early+round_robin,3,0.0228412,0.03125,44305.9,9.65909,8.9,1328.1
S2,light/group,longest_first+group+early+round_robin,4,0.0204659,0.03125,49594.7,8.80611,8.1,1330
S2,light/group,longest_first+group+early+round_robin,5,0.0212478,0.015625,46922.5,8.95547,8.1,1482.3
S2,light/group,longest_first+group+early+round_robin,6,0.0202852,0.015625,49888.6,8.78271,8,1311
S2,light/group,longest_first+group+early+round_robin,7,0.0251769,0.015625,40592.8,10.347,13,1624.6
S2,light/group,longest_first+group+early+round_robin,8,0.024312,0.03125,41954.6,10.1569,12.6,1471.6
S2,light/group,longest_first+group+early+round_robin,9,0.0246197,0.015625,40983.4,10.0922,12.9,1445.5
S2,light/group,longest_first+group+early+round_robin,10,0.0343584,0.046875,29628.9,13.7696,13.9,2461.5
S2,light/group,longest_first+group+early+round_robin,11,0.0242761,0.015625,41645.9,10.066,10.2,1429.7
S2,light/group,longest_first+group+early+round_robin,12,0.0279331,0.03125,36265.2,10.9739,13.5,1419.1
S2,light/group,longest_first+group+early+round_robin,13,0.0265851,0.03125,38254.5,10.9894,11.5,2113.8
S2,light/group,longest_first+group+early+round_robin,14,0.0360275,0.03125,27978.6,14.3357,13.4,2718.3
S2,light/group,longest_first+group+early+round_robin,15,0.0235349,0.03125,43085,9.76686,10.6,1570.1
S2,light/group,longest_first+group+early+round_robin,16,0.0274089,0.03125,36849.3,11.266,12.9,1786.6
S2,light/group,longest_first+group+early+round_robin,17,0.03246,0.015625,31515.7,13.7096,14,2530.6
S2,light/group,longest_first+group+early+round_robin,18,0.0258338,0.015625,39483.2,10.8194,13.4,2011.1
S2,light/group,longest_first+group+early+round_robin,19,0.0264123,0.03125,38504.8,11.0372,13.2,2231
S2,light/group,longest_first+group+early+round_robin,20,0.0233476,0.03125,43816.1,9.63822,9.3,1427
S2,light/group,longest_first+group+late+first_free,1,0.0259074,0.03125,38907.8,13.2325,26,1371.8
S2,light/group,longest_first+group+late+first_free,2,0.025615,0.015625,39820.4,12.6631,26.4,810.8
S2,light/group,longest_first+group+late+first_free,3,0.0258079,0.015625,39057.8,13.0387,26,811.2
S2,light/group,longest_first+group+late+first_free,4,0.0260138,0.03125,39479,12.7674,25.9,827.9
S2,light/group,longest_first+group+late+first_free,5,0.0307393,0.03125,32987.1,15.0821,39.5,1305.1
S2,light/group,longest_first+group+late+first_free,6,0.0249306,0.03125,40753.1,12.4477,25.6,771
S2,light/group,longest_first+group+late+first_free,7,0.0349622,0.046875,29260.2,16.3617,42.1,822.2
S2,light/group,longest_first+group+late+first_free,8,0.0292416,0.03125,34881.8,14.3803,26.9,831.4
S2,light/group,longest_first+group+late+first_free,9,0.0410349,0.03125,24661.9,20.4286,47.5,2271.2
S2,light/group,longest_first+group+late+first_free,10,0.0380322,0.046875,26687.9,18.6032,39,2069.1
S2,light/group,longest_first+group+late+first_free,11,0.0475073,0.046875,21428.3,17.0898,38.8,2421.8
S2,light/group,longest_first+group+late+first_free,12,0.0379555,0.03125,26557.4,18.3426,45.7,837.3
S2,light/group,longest_first+group+late+first_free,13,0.0279121,0.03125,36507.5,13.9888,31.2,870
S2,light/group,longest_first+group+late+first_free,14,0.0410432,0.03125,24876.2,18.8632,41.7,1473.6
S2,light/group,longest_first+group+late+first_free,15,0.0311895,0.03125,32895.7,15.0428,32.6,1216.6
S2,light/group,longest_first+group+late+first_free,16,0.0350034,0.046875,29025.8,16.9945,40.1,934.4
S2,light/group,longest_first+group+late+first_free,17,0.0316939,0.03125,32182.8,15.2694,32.4,843.3
S2,light/group,longest_first+group+late+first_free,18,0.0319666,0.03125,31877,15.5792,33.4,928
S2,light/group,longest_first+group+late+first_free,19,0.0322235,0.03125,31685,16.1299,41.1,870.6
S2,light/group,longest_first+group+late+first_free,20,0.0400245,0.03125,25534.4,21.6281,40.6,6139
S2,light/group,longest_first+group+late+least_loaded,1,0.0309474,0.03125,33088.4,15.5882,29.1,1140.5
S2,light/group,longest_first+group+late+least_loaded,2,0.0270314,0.03125,37659.9,13.2519,26.5,1185
S2,light/group,longest_first+group+late+least_loaded,3,0.0348998,0.03125,29083.3,18.1753,30.4,3796.8
S2,light/group,longest_first+group+late+least_loaded,4,0.0264999,0.03125,38490.7,13.4478,26.2,1185.9
S2,light/group,longest_first+group+late+least_loaded,5,0.0251335,0.03125,40543.5,12.7521,24.6,1119.4
S2,light/group,longest_first+group+late+least_loaded,6,0.0249439,0.03125,40531,12.6797,25.2,1149.3
S2,light/group,longest_first+group+late+least_loaded,7,0.0395339,0.046875,25648.9,19.195,44.9,1240.6
S2,light/group,longest_first+group+late+least_loaded,8,0.027281,0.03125,37608.6,13.5455,27.2,1239.9
S2,light/group,longest_first+group+late+least_loaded,9,0.03579,0.046875,28443.7,17.58,38.7,1337.1
S2,light/group,longest_first+group+late+least_loaded,10,0.0435151,0.046875,23348.2,20.7578,48.7,1537.3
S2,light/group,longest_first+group+late+least_loaded,11,0.0443941,0.03125,23043.6,22.1457,44.9,2186.3
S2,light/group,longest_first+group+late+least_loaded,12,0.0379903,0.046875,26612.1,19.0611,44.9,1790.5
S2,light/group,longest_first+group+late+least_loaded,13,0.0389662,0.03125,26202.2,19.0705,72.2,1199.9
S2,light/group,longest_first+group+late+least_loaded,14,0.0322657,0.03125,31209.6,15.982,30.3,1448.5
S2,light/group,longest_first+group+late+least_loaded,15,0.0335408,0.03125,30291.5,16.6718,34.4,1210.3
S2,light/group,longest_first+group+late+least_loaded,16,0.0320103,0.03125,32020.9,15.5855,34,1297.5
S2,light/group,longest_first+group+late+least_loaded,17,0.0359892,0.046875,27980.6,18.0091,43.3,2193.4
S2,light/group,longest_first+group+late+least_loaded,18,0.0307614,0.03125,32800.8,15.7082,34.1,1892.7
S2,light/group,longest_first+group+late+least_loaded,19,0.045047,0.046875,22465.4,15.4634,33.5,1233.9
S2,light/group,longest_first+group+late+least_loaded,20,0.0317059,0.03125,31918.3,15.7771,43.2,1294.9
S2,light/group,longest_first+group+late+lpt,1,0.0288944,0.03125,35231.7,15.6725,32.8,1664.4
S2,light/group,longest_first+group+late+lpt,2,0.0292907,0.03125,34686.8,15.6371,34.5,1364.7
S2,light/group,longest_first+group+late+lpt,3,0.0364015,0.03125,27883.5,19.0118,39.4,1206.6
S2,light/group,longest_first+group+late+lpt,4,0.0287812,0.015625,35439.8,15.2696,33.5,1183.2
S2,light/group,longest_first+group+late+lpt,5,0.0277044,0.03125,36925.5,14.9312,31.2,1132.3
S2,light/group,longest_first+group+late+lpt,6,0.0279002,0.03125,36272.1,15.3234,31.3,1664.1
S2,light/group,longest_first+group+late+lpt,7,0.03625,0.046875,28358.6,18.531,41.2,1923.6
S2,light/group,longest_first+group+late+lpt,8,0.0361524,0.03125,28186.2,19.0893,49.5,2087.9
S2,light/group,longest_first+group+late+lpt,9,0.0333135,0.03125,30438.1,17.4145,38.9,2169.3
S2,light/group,longest_first+group+late+lpt,10,0.0393641,0.046875,25810.3,21.006,52,2449
S2,light/group,longest_first+group+late+lpt,11,0.0402391,0.046875,25423,21.0959,55.6,1645.6
S2,light/group,longest_first+group+late+lpt,12,0.0361554,0.03125,27879.7,19.1776,47.7,1370.7
S2,light/group,longest_first+group+late+lpt,13,0.0289895,0.03125,35530.1,15.0253,33,1143
S2,light/group,longest_first+group+late+lpt,14,0.0288285,0.015625,35173.5,15.2464,34.2,1236.9
S2,light/group,longest_first+group+late+lpt,15,0.0380153,0.03125,26726.1,19.5588,47.7,1258.1
S2,light/group,longest_first+group+late+lpt,16,0.0354057,0.046875,29006.6,18.5048,43.5,1980.4
S2,light/group,longest_first+group+late+lpt,17,0.0382494,0.03125,26327.2,19.3646,42.1,1204.5
S2,light/group,longest_first+group+late+lpt,18,0.0345062,0.03125,29125.2,18.066,38.6,1235.9
S2,light/group,longest_first+group+late+lpt,19,0.0488236,0.046875,20707.2,32.5231,41.6,14062.5
S2,light/group,longest_first+group+late+lpt,20,0.031835,0.03125,31788.9,16.6889,37.2,1262.5
S2,light/group,longest_first+group+late+round_robin,1,0.0283255,0.03125,35480.4,14.1108,29.4,953
S2,light/group,longest_first+group+late+round_robin,2,0.0266863,0.03125,38559.1,13.0801,26.4,976.2
S2,light/group,longest_first+group+late+round_robin,3,0.0262623,0.03125,38496.2,13.2947,26.1,949.1
S2,light/group,longest_first+group+late+round_robin,4,0.0258511,0.03125,39534.1,12.9115,25.8,965.1
S2,light/group,longest_first+group+late+round_robin,5,0.0246832,0.03125,41283.1,12.2899,25.6,952
S2,light/group,longest_first+group+late+round_robin,6,0.0244613,0.03125,42148.2,12.1361,24.8,933.6
S2,light/group,longest_first+group+late+round_robin,7,0.0399491,0.03125,25732.7,19.0257,40.5,1190.2
S2,light/group,longest_first+group+late+round_robin,8,0.0294586,0.03125,34624.9,14.7539,34.4,995.9
S2,light/group,longest_first+group+late+round_robin,9,0.0371092,0.03125,27217,18.4784,37,1387.2
S2,light/group,longest_first+group+late+round_robin,10,0.0398588,0.046875,25690.7,19.0174,41.6,1728.5
S2,light/group,longest_first+group+late+round_robin,11,0.0355745,0.03125,28531.7,16.9662,33.1,1028.5
S2,light/group,longest_first+group+late+round_robin,12,0.0309692,0.03125,32580.8,15.5315,34.2,1696
S2,light/group,longest_first+group+late+round_robin,13,0.0268699,0.03125,37737.4,13.6219,27.6,1021.7
S2,light/group,longest_first+group+late+round_robin,14,0.0366307,0.046875,27545.2,17.3471,40.9,1384.6
S2,light/group,longest_first+group+late+round_robin,15,0.02829,0.03125,36373.3,13.8856,27,994.3
S2,light/group,longest_first+group+late+round_robin,16,0.0334828,0.03125,30105,16.7221,44.7,1118.6
S2,light/group,longest_first+group+late+round_robin,17,0.0305768,0.03125,33587.6,14.9814,35.7,1058.7
S2,light/group,longest_first+group+late+round_robin,18,0.0305876,0.03125,33019.9,15.6219,41.9,1746.9
S2,light/group,longest_first+group+late+round_robin,19,0.0339516,0.03125,29718.8,16.7693,33.9,1400.7
S2,light/group,longest_first+group+late+round_robin,20,0.0351936,0.03125,29039.4,16.9118,41.3,1367.6
S2,light/group,longest_first+sample+early+least_loaded,1,0.028103,0.03125,43554.1,10.5256,8.6,3174.1
S2,light/group,longest_first+sample+early+least_loaded,2,0.0309197,0.03125,39424.7,11.5435,8.6,4072.2
S2,light/group,longest_first+sample+early+least_loaded,3,0.0275687,0.03125,43527.6,10.7471,8.3,3425.4
S2,light/group,longest_first+sample+early+least_loaded,4,0.027312,0.03125,45145,10.2494,8,3359.4
S2,light/group,longest_first+sample+early+least_loaded,5,0.0268271,0.03125,45551,10.1208,8.3,3143.4
S2,light/group,longest_first+sample+early+least_loaded,6,0.0310247,0.03125,39097.9,12.257,8.4,3861.4
S2,light/group,longest_first+sample+early+least_loaded,7,0.0518087,0.046875,23335.8,25.8521,13.5,18895.7
S2,light/group,longest_first+sample+early+least_loaded,8,0.0304194,0.03125,40171.7,11.2005,9.8,3354.9
S2,light/group,longest_first+sample+early+least_loaded,9,0.0296852,0.015625,40289.4,11.218,9.2,3663.2
S2,light/group,longest_first+sample+early+least_loaded,10,0.0395828,0.046875,30644.6,14.1397,13.8,4394.3
S2,light/group,longest_first+sample+early+least_loaded,11,0.0402404,0.03125,29969.9,15.0823,13.9,5085.9
S2,light/group,longest_first+sample+early+least_loaded,12,0.0385473,0.03125,31753.2,13.6341,14.1,3522.2
S2,light/group,longest_first+sample+early+least_loaded,13,0.028041,0.03125,43258.1,10.7541,8.7,3349.1
S2,light/group,longest_first+sample+early+least_loaded,14,0.0328201,0.03125,37141.9,12.8144,12.1,4762.8
S2,light/group,longest_first+sample+early+least_loaded,15,0.0304927,0.03125,39944,11.3383,9.1,3570.9
S2,light/group,longest_first+sample+early+least_loaded,16,0.0345923,0.03125,35441.4,13.085,13,4593.6
S2,light/group,longest_first+sample+early+least_loaded,17,0.0369711,0.046875,32782.4,13.3453,13.8,3609.9
S2,light/group,longest_first+sample+early+least_loaded,18,0.0374233,0.03125,32546.6,13.3181,13.8,3664.8
S2,light/group,longest_first+sample+early+least_loaded,19,0.0324966,0.03125,37327,12.042,13.2,3703
S2,light/group,longest_first+sample+early+least_loaded,20,0.033739,0.046875,36011.7,12.8542,12.6,4969.8
S2,light/group,longest_first+sample+early+lpt,1,0.0289455,0.03125,41940.9,10.9097,10.1,3277.7
S2,light/group,longest_first+sample+early+lpt,2,0.0275902,0.03125,44508.6,10.6485,8.3,3477.7
S2,light/group,longest_first+sample+early+lpt,3,0.0315365,0.03125,38368.2,12.964,12.4,5751.4
S2,light/group,longest_first+sample+early+lpt,4,0.0379252,0.03125,32511.4,14.1594,13.3,3413.8
S2,light/group,longest_first+sample+early+lpt,5,0.0275192,0.03125,44296.3,10.2682,8.1,3411.4
S2,light/group,longest_first+sample+early+lpt,6,0.0262022,0.03125,46637.3,10.2048,8,3287.2
S2,light/group,longest_first+sample+early+lpt,7,0.0363602,0.03125,33663.2,13.463,13.4,4937.7
S2,light/group,longest_first+sample+early+lpt,8,0.0290425,0.03125,42076.3,10.9024,8.7,3492
S2,light/group,longest_first+sample+early+lpt,9,0.0401969,0.03125,30126.7,14.0268,14.8,3903.7
S2,light/group,longest_first+sample+early+lpt,10,0.0386827,0.046875,31745.5,14.0574,13.6,5293
S2,light/group,longest_first+sample+early+lpt,11,0.0629993,0.0625,19174.8,17.4419,14.3,7255.9
S2,light/group,longest_first+sample+early+lpt,12,0.0353197,0.03125,34400.1,13.948,12.1,6563.8
S2,light/group,longest_first+sample+early+lpt,13,0.0316672,0.03125,38241.5,12.0394,13.2,3745.5
S2,light/group,longest_first+sample+early+lpt,14,0.0345007,0.03125,35332.6,12.5277,12.8,3728.1
S2,light/group,longest_first+sample+early+lpt,15,0.0430036,0.046875,28160.4,22.706,9.1,17601.7
S2,light/group,longest_first+sample+early+lpt,16,0.0353353,0.03125,34413.2,12.8931,13.3,4144.7
S2,light/group,longest_first+sample+early+lpt,17,0.0351368,0.03125,34493.8,12.7098,13.3,3800
S2,light/group,longest_first+sample+early+lpt,18,0.040637,0.03125,29554.3,14.4947,14.9,3934.7
S2,light/group,longest_first+sample+early+lpt,19,0.0356026,0.046875,33845.8,13.8367,13.2,5443.1
S2,light/group,longest_first+sample+early+lpt,20,0.0359935,0.03125,33561.6,13.3142,12.4,4516.9
S2,light/group,longest_first+sample+early+round_robin,1,0.0263022,0.03125,46536,9.73497,8.3,2378.6
S2,light/group,longest_first+sample+early+round_robin,2,0.0277457,0.03125,43934.7,10.4877,9.5,2953.3
S2,light/group,longest_first+sample+early+round_robin,3,0.0432584,0.03125,27740.3,21.4352,13.3,14953.1
S2,light/group,longest_first+sample+early+round_robin,4,0.0266869,0.015625,46202.4,10.0465,8.3,2849.4
S2,light/group,longest_first+sample+early+round_robin,5,0.0253734,0.03125,48160.7,9.35884,8.2,2169.8
S2,light/group,longest_first+sample+early+round_robin,6,0.0259527,0.03125,46738.9,9.78211,8.3,2670
S2,light/group,longest_first+sample+early+round_robin,7,0.0490566,0.046875,24645,12.5093,13.6,3581.9
S2,light/group,longest_first+sample+early+round_robin,8,0.0328561,0.03125,37192.5,11.2997,13.5,2360.8
S2,light/group,longest_first+sample+early+round_robin,9,0.0357678,0.03125,33437.9,13.1907,13.9,4149
S2,light/group,longest_first+sample+early+round_robin,10,0.0355578,0.03125,34113.5,12.7723,13.7,3885.2
S2,light/group,longest_first+sample+early+round_robin,11,0.0395651,0.046875,30481.4,14.0242,14,4125.1
S2,light/group,longest_first+sample+early+round_robin,12,0.0340546,0.03125,35942.3,11.5158,13.7,2544.6
S2,light/group,longest_first+sample+early+round_robin,13,0.0269714,0.015625,44973.6,9.80124,8.7,2242.4
S2,light/group,longest_first+sample+early+round_robin,14,0.0361006,0.046875,33766.8,12.5969,13.7,2855.9
S2,light/group,longest_first+sample+early+round_robin,15,0.043964,0.03125,27704.5,15.7545,15.1,2648.4
S2,light/group,longest_first+sample+early+round_robin,16,0.0327064,0.03125,37485,11.9413,13.5,3519
S2,light/group,longest_first+sample+early+round_robin,17,0.0366522,0.046875,33067.6,13.6163,13.7,3711
S2,light/group,longest_first+sample+early+round_robin,18,0.0326201,0.03125,37338.9,11.9674,13.2,3091.8
S2,light/group,longest_first+sample+early+round_robin,19,0.0300328,0.03125,40389.2,10.8231,12.6,2528.3
S2,light/group,longest_first+sample+early+round_robin,20,0.0317784,0.03125,38233.5,11.702,12.6,3417.3
S2,light/group,longest_first+sample+late+first_free,1,0.036298,0.03125,31434.2,16.3677,33,2555.1
S2,light/group,longest_first+sample+late+first_free,2,0.0330891,0.03125,34815.1,14.7913,26.5,2275.9
S2,light/group,longest_first+sample+late+first_free,3,0.0487053,0.03125,23282.9,26.0875,33.6,13085.4
S2,light/group,longest_first+sample+late+first_free,4,0.0313661,0.03125,36887,14.1285,25.4,1974.8
S2,light/group,longest_first+sample+late+first_free,5,0.0320722,0.015625,34983.6,14.7294,27.5,2027.8
S2,light/group,longest_first+sample+late+first_free,6,0.0299914,0.03125,37744.2,13.7887,24,1954.7
S2,light/group,longest_first+sample+late+first_free,7,0.0442433,0.046875,25970,19.5239,39.3,3025.8
S2,light/group,longest_first+sample+late+first_free,8,0.0389875,0.046875,29368.4,16.8891,33.2,2127.5
S2,light/group,longest_first+sample+late+first_free,9,0.0442524,0.046875,25716.1,19.3881,41.6,2727.8
S2,light/group,longest_first+sample+late+first_free,10,0.0413838,0.046875,27740.3,18.7103,38.2,3226.9
S2,light/group,longest_first+sample+late+first_free,11,0.0377811,0.03125,29856.2,17.2831,34.4,2212.7
S2,light/group,longest_first+sample+late+first_free,12,0.0355044,0.03125,32024.2,16.0319,32.1,2523.9
S2,light/group,longest_first+sample+late+first_free,13,0.0366179,0.046875,31268.9,17.1438,33.3,3760.3
S2,light/group,longest_first+sample+late+first_free,14,0.0321703,0.03125,35249.9,14.289,25.5,2117.4
S2,light/group,longest_first+sample+late+first_free,15,0.0407602,0.046875,28140.2,18.0739,36.7,2122.4
S2,light/group,longest_first+sample+late+first_free,16,0.0466211,0.046875,24538.2,20.9173,38.6,3755.7
S2,light/group,longest_first+sample+late+first_free,17,0.0333505,0.03125,35022,14.8896,26.9,2146.6
S2,light/group,longest_first+sample+late+first_free,18,0.048624,0.046875,23506.9,22.1234,44.3,2870.5
S2,light/group,longest_first+sample+late+first_free,19,0.046285,0.046875,24457.2,20.7856,49,2933.9
S2,light/group,longest_first+sample+late+first_free,20,0.0354174,0.046875,32215.8,15.7482,30.7,2275.3
S2,light/group,longest_first+sample+late+least_loaded,1,0.0391705,0.03125,29256.7,18.0037,31.5,4176.3
S2,light/group,longest_first+sample+late+least_loaded,2,0.0337419,0.03125,33874.8,15.7139,26.8,2920.1
S2,light/group,longest_first+sample+late+least_loaded,3,0.0375905,0.03125,29981,17.6892,36.9,2705
S2,light/group,longest_first+sample+late+least_loaded,4,0.033438,0.03125,34092.9,15.6007,25.8,2738.2
S2,light/group,longest_first+sample+late+least_loaded,5,0.0388247,0.03125,29105.2,18.0888,35.8,2527.3
S2,light/group,longest_first+sample+late+least_loaded,6,0.0377266,0.03125,29925.8,18.0117,36.5,3375.7
S2,light/group,longest_first+sample+late+least_loaded,7,0.0650273,0.0625,17623.4,37.0379,52.6,19945.1
S2,light/group,longest_first+sample+late+least_loaded,8,0.0486141,0.046875,23573.4,21.4709,37.2,4991.3
S2,light/group,longest_first+sample+late+least_loaded,9,0.0445907,0.046875,25543.4,20.2147,41.3,3352.2
S2,light/group,longest_first+sample+late+least_loaded,10,0.0446812,0.046875,25827.4,20.223,40.3,3722.1
S2,light/group,longest_first+sample+late+least_loaded,11,0.0385635,0.03125,29587.6,17.9368,36.5,3540.9
S2,light/group,longest_first+sample+late+least_loaded,12,0.0366896,0.046875,30962.5,16.6665,27.6,2819.7
S2,light/group,longest_first+sample+late+least_loaded,13,0.0375568,0.03125,30433.9,18.5866,27.5,5954.3
S2,light/group,longest_first+sample+late+least_loaded,14,0.037483,0.03125,30280.4,17.2167,33.6,2720.2
S2,light/group,longest_first+sample+late+least_loaded,15,0.0508062,0.03125,22595.7,23.1998,43.9,3466.3
S2,light/group,longest_first+sample+late+least_loaded,16,0.0426271,0.03125,26720.1,19.7135,39.9,3545.8
S2,light/group,longest_first+sample+late+least_loaded,17,0.0379707,0.046875,30444.5,16.7076,31.4,2901.2
S2,light/group,longest_first+sample+late+least_loaded,18,0.0477426,0.046875,23878,22.1808,40.1,3675.4
S2,light/group,longest_first+sample+late+least_loaded,19,0.0493444,0.0625,23143.5,23.2343,44.2,4888.2
S2,light/group,longest_first+sample+late+least_loaded,20,0.0457188,0.046875,25088.1,20.5024,39.6,3058.4
S2,light/group,longest_first+sample+late+lpt,1,0.0385225,0.03125,29748.8,18.8357,43.6,3077.1
S2,light/group,longest_first+sample+late+lpt,2,0.0371204,0.03125,30791.7,18.3979,34,3654.1
S2,light/group,longest_first+sample+late+lpt,3,0.0414789,0.03125,27170.4,20.4988,46,3844.6
S2,light/group,longest_first+sample+late+lpt,4,0.0421832,0.03125,27025,21.5024,34.3,5824.3
S2,light/group,longest_first+sample+late+lpt,5,0.0339321,0.03125,33301.8,17.0574,32.1,3095.8
S2,light/group,longest_first+sample+late+lpt,6,0.0365734,0.03125,30869.4,18.2843,35.3,3080.4
S2,light/group,longest_first+sample+late+lpt,7,0.0483833,0.046875,23685.9,24.3075,52.5,5051.1
S2,light/group,longest_first+sample+late+lpt,8,0.0425717,0.046875,26919.3,20.7777,48.5,3040.9
S2,light/group,longest_first+sample+late+lpt,9,0.0517148,0.046875,22024.6,25.1208,54,3735.6
S2,light/group,longest_first+sample+late+lpt,10,0.0435744,0.03125,26483.4,21.1094,48.8,3522.1
S2,light/group,longest_first+sample+late+lpt,11,0.0600071,0.046875,19014.4,34.6951,48.7,19002.8
S2,light/group,longest_first+sample+late+lpt,12,0.0387789,0.03125,29294.3,19.318,37.7,3392.8
S2,light/group,longest_first+sample+late+lpt,13,0.0369416,0.046875,30940.7,17.8881,33.7,2992.3
S2,light/group,longest_first+sample+late+lpt,14,0.0355684,0.03125,31910.3,17.6278,34.2,2885.9
S2,light/group,longest_first+sample+late+lpt,15,0.0475028,0.046875,24167,23.1834,50,4938.6
S2,light/group,longest_first+sample+late+lpt,16,0.0395135,0.046875,28825.6,19.9108,42.4,3792
S2,light/group,longest_first+sample+late+lpt,17,0.0382833,0.046875,30195.9,18.6589,38.5,3156.1
S2,light/group,longest_first+sample+late+lpt,18,0.0429449,0.03125,26545.6,20.7317,39.1,3237.9
S2,light/group,longest_first+sample+late+lpt,19,0.0555917,0.046875,20542.6,26.7412,53.2,3941.1
S2,light/group,longest_first+sample+late+lpt,20,0.0418066,0.046875,27435.9,19.982,44.5,3230.6
S2,light/group,longest_first+sample+late+round_robin,1,0.0385281,0.03125,29770.5,17.3724,37.7,2194.4
S2,light/group,longest_first+sample+late+round_robin,2,0.0350069,0.046875,32850.7,15.6554,31,2360.6
S2,light/group,longest_first+sample+late+round_robin,3,0.0475563,0.046875,24013.6,25.9373,36.4,12672.4
S2,light/group,longest_first+sample+late+round_robin,4,0.0350235,0.03125,32977.9,15.7986,34.6,1988
S2,light/group,longest_first+sample+late+round_robin,5,0.0309292,0.03125,37117,14.1475,25.4,2440
S2,light/group,longest_first+sample+late+round_robin,6,0.0364344,0.03125,31371.5,16.2413,29.5,1872.7
S2,light/group,longest_first+sample+late+round_robin,7,0.0462898,0.046875,24929.9,20.579,46.4,2490.2
S2,light/group,longest_first+sample+late+round_robin,8,0.0346109,0.03125,33342.1,15.5856,27.3,2543.8
S2,light/group,longest_first+sample+late+round_robin,9,0.0444039,0.03125,25020.3,20.0759,40.3,2073.5
S2,light/group,longest_first+sample+late+round_robin,10,0.0378581,0.046875,30112.4,17.017,37.6,2135.2
S2,light/group,longest_first+sample+late+round_robin,11,0.0400116,0.046875,28266.8,17.95,39.4,2173.5
S2,light/group,longest_first+sample+late+round_robin,12,0.037561,0.03125,30776.6,17.1313,28.9,3288
S2,light/group,longest_first+sample+late+round_robin,13,0.0349413,0.03125,32597.5,16.1299,30.3,2897.7
S2,light/group,longest_first+sample+late+round_robin,14,0.0363713,0.03125,31260.9,16.4847,28.9,2020.1
S2,light/group,longest_first+sample+late+round_robin,15,0.0489251,0.0625,23730.2,16.1453,28.1,2990.8
S2,light/group,longest_first+sample+late+round_robin,16,0.0386914,0.046875,29412.2,17.6987,37,3135.3
S2,light/group,longest_first+sample+late+round_robin,17,0.0412282,0.03125,27893.5,18.6088,37.6,4313.3
S2,light/group,longest_first+sample+late+round_robin,18,0.0436024,0.046875,26214.2,19.3378,41.4,2987.2
S2,light/group,longest_first+sample+late+round_robin,19,0.0595294,0.046875,19083,33.5919,39.9,19087.5
S2,light/group,longest_first+sample+late+round_robin,20,0.0394591,0.046875,29042.7,17.4271,36.1,2118.3
S2,light/group,online_adaptive,1,0.0471109,0.046875,24325.6,23.1758,47.3,3963.7
S2,light/group,online_adaptive,2,0.0391062,0.03125,29228.1,19.4018,35.7,4419.8
S2,light/group,online_adaptive,3,0.0363401,0.03125,31232.7,18.3705,35.1,3493.5
S2,light/group,online_adaptive,4,0.0447039,0.046875,25702.5,24.978,35.5,10671.1
S2,light/group,online_adaptive,5,0.0351859,0.046875,32115.1,17.4986,34,2973.4
S2,light/group,online_adaptive,6,0.0386834,0.046875,29237.3,19.8566,42.5,4144.6
S2,light/group,online_adaptive,7,0.0464268,0.046875,24684,23.2275,53.3,4209.8
S2,light/group,online_adaptive,8,0.0429108,0.046875,26706.6,21.9978,45.6,4896.5
S2,light/group,online_adaptive,9,0.053349,0.0625,21350,25.9759,57.9,4335
S2,light/group,online_adaptive,10,0.0465689,0.046875,24716.1,22.4871,50,4106.3
S2,light/group,online_adaptive,11,0.0481867,0.046875,23658,23.846,48.6,5361.8
S2,light/group,online_adaptive,12,0.0382165,0.046875,29725.4,18.871,36.7,3362.3
S2,light/group,online_adaptive,13,0.0387485,0.046875,29497.9,19.05,34.9,3197
S2,light/group,online_adaptive,14,0.0374511,0.03125,30306.2,19.098,37.1,3586.1
S2,light/group,online_adaptive,15,0.0428978,0.046875,26761.3,20.8516,50,3452.6
S2,light/group,online_adaptive,16,0.0465124,0.046875,24488.1,22.5486,48,3510
S2,light/group,online_adaptive,17,0.038422,0.03125,29930.8,18.9942,37.7,3195.6
S2,light/group,online_adaptive,18,0.048872,0.0625,23530.9,24.3025,55.9,3632.6
S2,light/group,online_adaptive,19,0.0519783,0.046875,21970.7,26.1657,55.4,4810.2
S2,light/group,online_adaptive,20,0.0485657,0.046875,23638.1,25.0825,54.6,5707.1
S2,light/group,online_eb,1,0.0521641,0.046875,21911.6,29.3455,68.7,4203.6
S2,light/group,online_eb,2,0.0500876,0.046875,22640.3,29.7803,62.2,4588.6
S2,light/group,online_eb,3,0.050191,0.046875,22613.6,29.9138,63,5213.2
S2,light/group,online_eb,4,0.0491724,0.046875,23448.1,28.8266,62.2,4804.8
S2,light/group,online_eb,5,0.0455369,0.046875,24793.1,27.2244,59.4,3898.2
S2,light/group,online_eb,6,0.066687,0.0625,17019.8,39.8168,80.1,9334.2
S2,light/group,online_eb,7,0.0696292,0.078125,16401.2,40.9676,91.7,6167.7
S2,light/group,online_eb,8,0.072889,0.078125,15708.8,42.2468,100.5,7478.6
S2,light/group,online_eb,9,0.0696131,0.0625,16261.3,40.5547,102.6,6902.9
S2,light/group,online_eb,10,0.0629786,0.0625,18276,36.0009,86.6,5014.7
S2,light/group,online_eb,11,0.084852,0.046875,13411.6,33.0596,78.1,5156
S2,light/group,online_eb,12,0.0559734,0.046875,20366.8,32.7043,79.1,4641.2
S2,light/group,online_eb,13,0.0534059,0.0625,21402.1,32.0465,77.2,4910.8
S2,light/group,online_eb,14,0.0554177,0.0625,20553,31.9813,75.1,4211.4
S2,light/group,online_eb,15,0.0583709,0.046875,19684.5,33.8883,84.4,6916.5
S2,light/group,online_eb,16,0.0625893,0.0625,18086.2,36.575,93.3,4382.6
S2,light/group,online_eb,17,0.0547913,0.046875,20678.5,32.5583,75.7,4721.8
S2,light/group,online_eb,18,0.0638102,0.0625,17975.2,37.8365,88.7,6024.9
S2,light/group,online_eb,19,0.0564195,0.046875,20152.6,32.6888,79.8,4595.9
S2,light/group,online_eb,20,0.0640799,0.046875,17868.3,36.8454,89.3,4569.3
S2,light/group,oracle_lpt,1,0.0469787,0.046875,25117.8,22.7019,48.9,3938.1
S2,light/group,oracle_lpt,2,0.0364205,0.03125,32481.7,17.6535,31.7,3445.4
S2,light/group,oracle_lpt,3,0.0396203,0.046875,29277.9,19.7255,44.3,3605
S2,light/group,oracle_lpt,4,0.045361,0.046875,26476.5,21.4418,46,3329.9
S2,light/group,oracle_lpt,5,0.0352405,0.03125,33001.8,17.2172,31.3,3335.8
S2,light/group,oracle_lpt,6,0.0421453,0.046875,28140.7,19.9835,44,3494.5
S2,light/group,oracle_lpt,7,0.0460706,0.046875,25460.9,21.8662,48.1,3864.3
S2,light/group,oracle_lpt,8,0.0495705,0.046875,23824.7,22.9369,48.4,3683.4
S2,light/group,oracle_lpt,9,0.0507145,0.0625,23326.7,24.1878,49.2,4711.3
S2,light/group,oracle_lpt,10,0.0442239,0.046875,26592,20.7317,42.6,3703
S2,light/group,oracle_lpt,11,0.0437164,0.046875,26717.7,20.9851,45.4,3983.5
S2,light/group,oracle_lpt,12,0.0505993,0.03125,23063.6,24.3577,54.7,3761.4
S2,light/group,oracle_lpt,13,0.040172,0.046875,29547.9,19.312,43.4,3462.6
S2,light/group,oracle_lpt,14,0.0434824,0.03125,27022.4,20.0213,34.9,3982.1
S2,light/group,oracle_lpt,15,0.0582564,0.046875,20100.8,21.4384,44.5,3975.5
S2,light/group,oracle_lpt,16,0.0512382,0.0625,23166.3,23.5827,56.3,3419.9
S2,light/group,oracle_lpt,17,0.0381476,0.03125,30460.6,18.4651,34.5,3403.7
S2,light/group,oracle_lpt,18,0.0552366,0.046875,21235.9,26.8142,49.8,6301.5
S2,light/group,oracle_lpt,19,0.0418092,0.046875,28247.4,19.8522,39.4,3697.7
S2,light/group,oracle_lpt,20,0.0514124,0.046875,22582.1,25.3022,52.7,5823.8
S2,light/group,reference,1,0.020347,0.03125,49638.8,8.49911,8.3,787.4
S2,light/group,reference,2,0.0279595,0.03125,36338.3,11.0761,10.8,883.3
S2,light/group,reference,3,0.0212613,0.015625,48068.6,8.88376,8.2,1209.8
S2,light/group,reference,4,0.021265,0.015625,48295.3,8.43145,8.3,795
S2,light/group,reference,5,0.02372,0.015625,42790.9,9.70384,12.5,754
S2,light/group,reference,6,0.0204667,0.015625,50130.2,8.65068,8.1,1188.8
S2,light/group,reference,7,0.0234405,0.015625,43557.1,9.36572,12.7,744.6
S2,light/group,reference,8,0.0274019,0.03125,36895.3,10.7854,13.3,1149.9
S2,light/group,reference,9,0.0254933,0.015625,40049.7,10.5647,11.4,2010.9
S2,light/group,reference,10,0.0319533,0.03125,32015.5,12.4897,13.6,1315.9
S2,light/group,reference,11,0.0230952,0.015625,44165,9.0248,9.9,813.2
S2,light/group,reference,12,0.0247332,0.015625,40997.5,9.72821,13.2,911.1
S2,light/group,reference,13,0.0267714,0.03125,38175.1,10.6466,13.5,1288.4
S2,light/group,reference,14,0.021131,0.03125,48554.3,8.54688,8.3,743.9
S2,light/group,reference,15,0.0255346,0.03125,40024.1,9.94139,13.1,764.3
S2,light/group,reference,16,0.0248047,0.015625,40798.7,9.59723,12.3,837.6
S2,light/group,reference,17,0.0293283,0.015625,35051.5,11.1063,13.7,1480.2
S2,light/group,reference,18,0.0217982,0.03125,47389.2,8.77425,9.1,818.5
S2,light/group,reference,19,0.0311115,0.03125,32592.4,11.6868,13.9,999.1
S2,light/group,reference,20,0.0246075,0.015625,41206.9,9.6073,11.4,808
S2,light/none,fifo+group+early+least_loaded,1,0.0275733,0.03125,36629.6,10.6319,20.4,1258.4
S2,light/none,fifo+group+early+least_loaded,2,0.0230891,0.03125,44003.4,9.64016,10.8,1240.3
S2,light/none,fifo+group+early+least_loaded,3,0.0249827,0.03125,40908.3,10.2849,13.3,1280.7
S2,light/none,fifo+group+early+least_loaded,4,0.0213378,0.03125,48130.5,9.11246,8.3,1232.6
S2,light/none,fifo+group+early+least_loaded,5,0.0294766,0.015625,34434.1,11.5795,24.9,1194.6
S2,light/none,fifo+group+early+least_loaded,6,0.0215382,0.03125,47636.3,9.11355,8.5,1209.2
S2,light/none,fifo+group+early+least_loaded,7,0.0214618,0.015625,47572.9,9.10852,8.3,1347.8
S2,light/none,fifo+group+early+least_loaded,8,0.0219114,0.015625,46140.4,9.22868,8.7,1201.4
S2,light/none,fifo+group+early+least_loaded,9,0.0212896,0.015625,47957.7,9.18012,8.2,1171.8
S2,light/none,fifo+group+early+least_loaded,10,0.0207539,0.015625,49291.9,8.56334,8,1151.6
S2,light/none,fifo+group+early+least_loaded,11,0.0255362,0.03125,39943.3,10.2452,13.3,1192.6
S2,light/none,fifo+group+early+least_loaded,12,0.0213575,0.03125,47477.5,9.05118,8.6,1129.5
S2,light/none,fifo+group+early+least_loaded,13,0.0292705,0.015625,34915.7,14.4853,13.2,5644.3
S2,light/none,fifo+group+early+least_loaded,14,0.0232819,0.03125,44068.6,9.45312,8.4,1201.9
S2,light/none,fifo+group+early+least_loaded,15,0.0214056,0.03125,47744.5,9.01497,8.2,1243.3
S2,light/none,fifo+group+early+least_loaded,16,0.021021,0.03125,48142.3,8.90958,8.5,1165.9
S2,light/none,fifo+group+early+least_loaded,17,0.0214415,0.015625,47944.4,9.0142,8.6,1206.3
S2,light/none,fifo+group+early+least_loaded,18,0.0240161,0.015625,43012.8,9.91142,12.7,1173.4
S2,light/none,fifo+group+early+least_loaded,19,0.020291,0.015625,49972.9,8.66243,8.1,1151.8
S2,light/none,fifo+group+early+least_loaded,20,0.031514,0.03125,32176.2,9.2286,8.5,1197.7
S2,light/none,fifo+group+early+lpt,1,0.0283872,0.03125,35579.4,11.6911,13.5,1527.3
S2,light/none,fifo+group+early+lpt,2,0.0303265,0.03125,33502.1,12.3566,13.8,1593.7
S2,light/none,fifo+group+early+lpt,3,0.0263249,0.03125,38822.6,10.785,13.2,1480.1
S2,light/none,fifo+group+early+lpt,4,0.0225631,0.015625,45516.8,9.38315,8.9,1496.2
S2,light/none,fifo+group+early+lpt,5,0.026456,0.03125,38365.6,11.1857,12.8,2497.7
S2,light/none,fifo+group+early+lpt,6,0.0217852,0.015625,47096.2,9.31316,8.9,1499.9
S2,light/none,fifo+group+early+lpt,7,0.0206564,0.03125,49427.8,8.9617,8.1,1480
S2,light/none,fifo+group+early+lpt,8,0.0340885,0.046875,29658.1,20.2142,9.4,12108.2
S2,light/none,fifo+group+early+lpt,9,0.0226693,0.015625,45038.9,9.60392,8.7,1506.3
S2,light/none,fifo+group+early+lpt,10,0.0246442,0.03125,41510.8,10.2063,12.3,1464.8
S2,light/none,fifo+group+early+lpt,11,0.0306155,0.03125,33316.5,13.1404,13.8,1585.5
S2,light/none,fifo+group+early+lpt,12,0.0330394,0.03125,30690.6,10.3789,12.8,1624.8
S2,light/none,fifo+group+early+lpt,13,0.0213094,0.015625,47960.1,9.17896,8.3,1511.5
S2,light/none,fifo+group+early+lpt,14,0.0232287,0.015625,44169.5,10.1004,8.6,2123.4
S2,light/none,fifo+group+early+lpt,15,0.0298147,0.03125,34278.4,12.6219,13.8,2164.6
S2,light/none,fifo+group+early+lpt,16,0.0296802,0.03125,34096.8,12.9811,9.3,1604.5
S2,light/none,fifo+group+early+lpt,17,0.0220108,0.03125,46704.3,9.77656,8.3,2068.5
S2,light/none,fifo+group+early+lpt,18,0.0216376,0.03125,47741,8.9151,8.2,1447.9
S2,light/none,fifo+group+early+lpt,19,0.0208124,0.015625,48721,9.05,8.2,1492.4
S2,light/none,fifo+group+early+lpt,20,0.0324282,0.03125,31269.1,13.0935,13.4,2629.4
S2,light/none,fifo+group+late+first_free,1,0.0304828,0.03125,33691.1,13.8955,29,842.6
S2,light/none,fifo+group+late+first_free,2,0.027032,0.03125,37955,12.0117,23,881.7
S2,light/none,fifo+group+late+first_free,3,0.0266028,0.03125,38417,12.8686,24.7,1224.8
S2,light/none,fifo+group+late+first_free,4,0.0246758,0.015625,41457.6,11.869,19.4,725.4
S2,light/none,fifo+group+late+first_free,5,0.0236811,0.015625,42312.2,11.284,19.7,567.2
S2,light/none,fifo+group+late+first_free,6,0.0236329,0.015625,43075.5,11.0528,19.4,516.2
S2,light/none,fifo+group+late+first_free,7,0.0230182,0.015625,44616.9,10.8105,18.8,494.3
S2,light/none,fifo+group+late+first_free,8,0.0281641,0.03125,36216.3,13.1308,23.9,482
S2,light/none,fifo+group+late+first_free,9,0.0241168,0.015625,41921,10.9849,20.4,521.8
S2,light/none,fifo+group+late+first_free,10,0.0239584,0.03125,43241.6,10.7639,19.2,541.4
S2,light/none,fifo+group+late+first_free,11,0.032812,0.03125,31208.1,15.0391,31,878.5
S2,light/none,fifo+group+late+first_free,12,0.0245939,0.03125,41636.3,11.742,19.3,1200.7
S2,light/none,fifo+group+late+first_free,13,0.0308534,0.03125,33351.3,14.2296,26.5,861.7
S2,light/none,fifo+group+late+first_free,14,0.0270262,0.03125,38111.2,11.9635,22.3,646.3
S2,light/none,fifo+group+late+first_free,15,0.0257265,0.015625,40153.1,11.7883,22.1,548.6
S2,light/none,fifo+group+late+first_free,16,0.0236524,0.03125,42913.2,11.1601,20.8,551
S2,light/none,fifo+group+late+first_free,17,0.0304835,0.03125,33657.6,14.2947,24.9,687.8
S2,light/none,fifo+group+late+first_free,18,0.029714,0.03125,34731.1,13.4015,26.6,828.3
S2,light/none,fifo+group+late+first_free,19,0.0239456,0.015625,42972.4,10.9418,19.2,631.2
S2,light/none,fifo+group+late+first_free,20,0.0232965,0.015625,44041,10.6999,19,513.5
S2,light/none,fifo+group+late+least_loaded,1,0.0313857,0.03125,32721.9,14.4413,29.8,770
S2,light/none,fifo+group+late+least_loaded,2,0.0269773,0.03125,37920.8,12.8674,24.9,1295.9
S2,light/none,fifo+group+late+least_loaded,3,0.0294495,0.03125,34363.9,14.0683,28.2,1299
S2,light/none,fifo+group+late+least_loaded,4,0.0248138,0.03125,41468.9,11.2834,19.3,756.4
S2,light/none,fifo+group+late+least_loaded,5,0.0234716,0.015625,43329,11.2482,18.8,792.9
S2,light/none,fifo+group+late+least_loaded,6,0.0239255,0.03125,42130.8,11.3828,19.5,745.9
S2,light/none,fifo+group+late+least_loaded,7,0.0245733,0.015625,41671.2,11.5154,19.4,740.2
S2,light/none,fifo+group+late+least_loaded,8,0.0283559,0.03125,36112.4,12.6874,26,777.7
S2,light/none,fifo+group+late+least_loaded,9,0.0241494,0.03125,42319.9,11.2834,18.7,737
S2,light/none,fifo+group+late+least_loaded,10,0.0248122,0.015625,41310.3,11.8328,21.6,1254.8
S2,light/none,fifo+group+late+least_loaded,11,0.0245322,0.03125,41863.3,11.4217,20,753.9
S2,light/none,fifo+group+late+least_loaded,12,0.024757,0.015625,41038.9,11.4935,19.6,749.5
S2,light/none,fifo+group+late+least_loaded,13,0.0252952,0.015625,40205.3,12.0394,22.9,719.4
S2,light/none,fifo+group+late+least_loaded,14,0.0248705,0.015625,41173.3,11.628,20.7,730.2
S2,light/none,fifo+group+late+least_loaded,15,0.0256479,0.015625,40120.2,11.7117,20,792.5
S2,light/none,fifo+group+late+least_loaded,16,0.0241178,0.03125,42251,11.6152,19.5,1113.9
S2,light/none,fifo+group+late+least_loaded,17,0.0252642,0.015625,40254.6,12.0129,19.9,1079.9
S2,light/none,fifo+group+late+least_loaded,18,0.0293642,0.015625,35076.7,13.775,24.6,1195.5
S2,light/none,fifo+group+late+least_loaded,19,0.0241785,0.03125,42434.4,11.2364,19.3,721.1
S2,light/none,fifo+group+late+least_loaded,20,0.0240448,0.03125,42254.5,11.4715,19.2,776.8
S2,light/none,fifo+group+late+lpt,1,0.0349519,0.03125,29383.2,17.6287,43,919.5
S2,light/none,fifo+group+late+lpt,2,0.0273606,0.015625,37389.5,13.7834,26.3,915
S2,light/none,fifo+group+late+lpt,3,0.0272634,0.03125,37119.4,14.0189,26.2,912.5
S2,light/none,fifo+group+late+lpt,4,0.0273381,0.03125,37639.8,13.5765,28.5,926.6
S2,light/none,fifo+group+late+lpt,5,0.0254946,0.03125,39890.8,12.9339,26.3,868.2
S2,light/none,fifo+group+late+lpt,6,0.026488,0.03125,38055,13.4563,26.9,940.4
S2,light/none,fifo+group+late+lpt,7,0.0291965,0.03125,35072.7,14.9575,27.2,855
S2,light/none,fifo+group+late+lpt,8,0.0310928,0.03125,32933.7,15.8883,37.3,1456.9
S2,light/none,fifo+group+late+lpt,9,0.0280899,0.015625,36383.2,14.544,28.7,1191.8
S2,light/none,fifo+group+late+lpt,10,0.0257201,0.03125,39852.1,13.0373,26,963.4
S2,light/none,fifo+group+late+lpt,11,0.0313812,0.03125,32726.6,15.5445,31.3,910
S2,light/none,fifo+group+late+lpt,12,0.0286339,0.03125,35482.4,14.62,27.1,883.4
S2,light/none,fifo+group+late+lpt,13,0.0269924,0.015625,37677.3,13.7382,30.2,902.4
S2,light/none,fifo+group+late+lpt,14,0.0274304,0.015625,37330.8,13.7758,31.6,959.1
S2,light/none,fifo+group+late+lpt,15,0.0328133,0.046875,31359.2,16.5015,39.9,895.9
S2,light/none,fifo+group+late+lpt,16,0.0319243,0.03125,31919.3,15.3529,29.3,851.4
S2,light/none,fifo+group+late+lpt,17,0.034612,0.03125,29382.9,17.8669,41.5,1579.4
S2,light/none,fifo+group+late+lpt,18,0.0349613,0.03125,29461.1,17.6243,38.5,1488.5
S2,light/none,fifo+group+late+lpt,19,0.0297666,0.03125,34468.2,14.7112,31.7,1391
S2,light/none,fifo+group+late+lpt,20,0.0276063,0.03125,36803.2,13.7773,27.3,916.1
S2,light/none,fifo+group+late+round_robin,1,0.0332421,0.03125,30894.6,14.9923,31,551.8
S2,light/none,fifo+group+late+round_robin,2,0.0294337,0.03125,34756.1,13.422,28.1,645
S2,light/none,fifo+group+late+round_robin,3,0.0267324,0.03125,37856.7,12.5782,24.5,882.1
S2,light/none,fifo+group+late+round_robin,4,0.0252466,0.03125,40758,11.5152,22.7,536.8
S2,light/none,fifo+group+late+round_robin,5,0.0257958,0.03125,39425,11.5786,20.8,920.3
S2,light/none,fifo+group+late+round_robin,6,0.0237023,0.015625,42527.5,11.0966,19.7,529.1
S2,light/none,fifo+group+late+round_robin,7,0.0242092,0.015625,42298,11.1428,18.5,457.2
S2,light/none,fifo+group+late+round_robin,8,0.0272561,0.03125,37569.6,12.3788,26,514.9
S2,light/none,fifo+group+late+round_robin,9,0.0253469,0.03125,40320.5,11.7013,23.5,532.3
S2,light/none,fifo+group+late+round_robin,10,0.0293065,0.03125,34975.2,13.3548,24.6,827.2
S2,light/none,fifo+group+late+round_robin,11,0.0307298,0.03125,33420.3,14.1125,28.1,917.3
S2,light/none,fifo+group+late+round_robin,12,0.0305291,0.03125,33279.7,14.1105,28.1,547
S2,light/none,fifo+group+late+round_robin,13,0.0264348,0.015625,38472,12.2264,25.6,852
S2,light/none,fifo+group+late+round_robin,14,0.0277286,0.03125,36929.4,12.9724,26.8,742.7
S2,light/none,fifo+group+late+round_robin,15,0.0273855,0.03125,37574.6,12.5594,29.9,542.8
S2,light/none,fifo+group+late+round_robin,16,0.0240246,0.015625,42414.9,10.9985,19.9,542.8
S2,light/none,fifo+group+late+round_robin,17,0.0271415,0.015625,37470.3,12.6504,28.2,533.8
S2,light/none,fifo+group+late+round_robin,18,0.0305068,0.03125,33763,14.4032,30,510.8
S2,light/none,fifo+group+late+round_robin,19,0.0255336,0.03125,40182.3,11.5994,22.2,611.1
S2,light/none,fifo+group+late+round_robin,20,0.0308502,0.03125,32933.3,14.4151,29.1,857.3
S2,light/none,fifo+sample+early+least_loaded,1,0.0273947,0.03125,43731.1,10.9478,8.5,3507.7
S2,light/none,fifo+sample+early+least_loaded,2,0.0271758,0.03125,44377.7,10.8328,8.4,3541.1
S2,light/none,fifo+sample+early+least_loaded,3,0.0273698,0.03125,44538.1,10.3135,8.5,2877.8
S2,light/none,fifo+sample+early+least_loaded,4,0.0524094,0.046875,23316.4,23.8705,13.8,14402.9
S2,light/none,fifo+sample+early+least_loaded,5,0.0262289,0.015625,45979.8,10.2235,8.3,2843.1
S2,light/none,fifo+sample+early+least_loaded,6,0.0280491,0.015625,43994.3,10.2015,8.5,2824.6
S2,light/none,fifo+sample+early+least_loaded,7,0.027628,0.03125,44375.3,10.2679,9.1,2803.7
S2,light/none,fifo+sample+early+least_loaded,8,0.0287174,0.03125,42448.1,11.2157,8.8,3859.5
S2,light/none,fifo+sample+early+least_loaded,9,0.0303784,0.03125,39830.9,11.5013,12.8,3295.4
S2,light/none,fifo+sample+early+least_loaded,10,0.029029,0.03125,42164.7,10.8596,13,2887.8
S2,light/none,fifo+sample+early+least_loaded,11,0.0310845,0.03125,39505.2,11.548,13.3,2950.6
S2,light/none,fifo+sample+early+least_loaded,12,0.0375754,0.015625,32441.4,14.1211,8.7,6125.1
S2,light/none,fifo+sample+early+least_loaded,13,0.0277975,0.015625,44032.7,10.5369,8.6,3176.4
S2,light/none,fifo+sample+early+least_loaded,14,0.0283918,0.03125,43005.4,10.4093,10.8,2888.1
S2,light/none,fifo+sample+early+least_loaded,15,0.0311603,0.03125,39377,11.1169,9,2949.3
S2,light/none,fifo+sample+early+least_loaded,16,0.0294559,0.03125,41587.6,12.0477,8.5,5103.3
S2,light/none,fifo+sample+early+least_loaded,17,0.0292255,0.03125,41915.5,10.5451,13.3,2808.1
S2,light/none,fifo+sample+early+least_loaded,18,0.0294227,0.03125,41668.5,10.8733,8.7,3080.1
S2,light/none,fifo+sample+early+least_loaded,19,0.0283563,0.03125,42953.4,10.3264,8.4,2957.6
S2,light/none,fifo+sample+early+least_loaded,20,0.0282006,0.03125,42765,10.8235,9.1,3264.6
S2,light/none,fifo+sample+early+lpt,1,0.0328901,0.03125,36424.3,13.7548,12.8,6181.2
S2,light/none,fifo+sample+early+lpt,2,0.0281638,0.015625,42820.9,10.977,8.6,3472.7
S2,light/none,fifo+sample+early+lpt,3,0.0273631,0.03125,44549,10.5941,8.3,3504.2
S2,light/none,fifo+sample+early+lpt,4,0.0400138,0.046875,30539.5,15.1401,13.4,5333.6
S2,light/none,fifo+sample+early+lpt,5,0.032028,0.046875,37654.6,11.8289,13,3195.5
S2,light/none,fifo+sample+early+lpt,6,0.0301198,0.03125,40969.7,11.8369,8.5,4085.5
S2,light/none,fifo+sample+early+lpt,7,0.0289135,0.03125,42402.3,10.8838,10.8,3225.2
S2,light/none,fifo+sample+early+lpt,8,0.0311083,0.03125,39185.7,11.7594,13.1,4226.8
S2,light/none,fifo+sample+early+lpt,9,0.0408733,0.015625,29603.7,14.6664,11.7,3887.6
S2,light/none,fifo+sample+early+lpt,10,0.030533,0.03125,40087.8,11.3981,12.9,3246.5
S2,light/none,fifo+sample+early+lpt,11,0.0280536,0.03125,43773.3,11.3669,8.4,4427.4
S2,light/none,fifo+sample+early+lpt,12,0.0265341,0.03125,45940.9,10.3752,8.3,3389.3
S2,light/none,fifo+sample+early+lpt,13,0.046456,0.046875,26347.5,18.9846,16.4,6921.2
S2,light/none,fifo+sample+early+lpt,14,0.0289926,0.03125,42114.2,10.83,8.7,3389.7
S2,light/none,fifo+sample+early+lpt,15,0.028842,0.03125,42542.1,11.1283,8.9,3652.3
S2,light/none,fifo+sample+early+lpt,16,0.031664,0.03125,38687.5,12.5953,10.7,5179.8
S2,light/none,fifo+sample+early+lpt,17,0.0294828,0.03125,41549.6,11.0935,13,3447
S2,light/none,fifo+sample+early+lpt,18,0.0280683,0.03125,43679.2,11.1713,8.3,4266.1
S2,light/none,fifo+sample+early+lpt,19,0.0297441,0.03125,40949.3,11.8585,8.5,4680.5
S2,light/none,fifo+sample+early+lpt,20,0.0407027,0.046875,29629.5,20.1797,10.6,14067.3
S2,light/none,fifo+sample+early+round_robin,1,0.0303837,0.03125,39429,11.376,12.2,3321
S2,light/none,fifo+sample+early+round_robin,2,0.0259852,0.03125,46411,9.43085,8.4,1849.5
S2,light/none,fifo+sample+early+round_robin,3,0.0397664,0.046875,30654,14.0586,41.9,1805.6
S2,light/none,fifo+sample+early+round_robin,4,0.0349078,0.046875,35006.5,9.76637,10.3,1865.7
S2,light/none,fifo+sample+early+round_robin,5,0.0250501,0.03125,48143.5,9.14063,8.3,1733.7
S2,light/none,fifo+sample+early+round_robin,6,0.0258586,0.03125,47721.1,9.23841,8.3,1797.6
S2,light/none,fifo+sample+early+round_robin,7,0.0307794,0.03125,39831.8,11.2029,13.3,2385.4
S2,light/none,fifo+sample+early+round_robin,8,0.0292028,0.03125,41742.6,10.2047,10.7,1893.7
S2,light/none,fifo+sample+early+round_robin,9,0.0260181,0.03125,46506.1,9.93107,8.4,2475.6
S2,light/none,fifo+sample+early+round_robin,10,0.0258921,0.03125,47273.1,9.14518,8.3,1681.4
S2,light/none,fifo+sample+early+round_robin,11,0.0263842,0.03125,46543,9.81523,8.4,2506.6
S2,light/none,fifo+sample+early+round_robin,12,0.0349644,0.046875,34864,12.9092,13.4,3108
S2,light/none,fifo+sample+early+round_robin,13,0.039983,0.046875,30613,13.8882,13.6,2521.1
S2,light/none,fifo+sample+early+round_robin,14,0.0271102,0.03125,45038.4,9.95692,8.5,2396.8
S2,light/none,fifo+sample+early+round_robin,15,0.0325687,0.03125,37674.2,11.6387,13.3,3214.8
S2,light/none,fifo+sample+early+round_robin,16,0.041231,0.046875,29710.7,11.1904,13.5,1799.4
S2,light/none,fifo+sample+early+round_robin,17,0.026302,0.03125,46574.4,9.83176,8.2,2634.7
S2,light/none,fifo+sample+early+round_robin,18,0.0265433,0.03125,46188.7,9.55416,8.6,1841.4
S2,light/none,fifo+sample+early+round_robin,19,0.0285625,0.03125,42643.3,10.3409,8.9,2616.7
S2,light/none,fifo+sample+early+round_robin,20,0.0270305,0.015625,44616.3,9.75854,12,1807.4
S2,light/none,fifo+sample+late+first_free,1,0.0311106,0.03125,36643.5,13.8531,25.5,1626
S2,light/none,fifo+sample+late+first_free,2,0.0305063,0.03125,37664.4,13.5631,25.7,1583.6
S2,light/none,fifo+sample+late+first_free,3,0.0308011,0.03125,37628.5,13.7048,26.2,1617.9
S2,light/none,fifo+sample+late+first_free,4,0.032686,0.03125,34846.7,14.9032,29.3,1622.5
S2,light/none,fifo+sample+late+first_free,5,0.0342345,0.03125,33329,15.1978,27.7,1732.4
S2,light/none,fifo+sample+late+first_free,6,0.0325462,0.03125,35180.8,14.5558,25.8,2246.5
S2,light/none,fifo+sample+late+first_free,7,0.0317438,0.03125,35944,14.1216,26.3,1608.5
S2,light/none,fifo+sample+late+first_free,8,0.0300823,0.03125,37995.8,13.4749,25,1591.6
S2,light/none,fifo+sample+late+first_free,9,0.0321434,0.03125,35435,14.5318,27.4,1663.1
S2,light/none,fifo+sample+late+first_free,10,0.0304378,0.03125,37913.4,13.8552,25.2,2158.9
S2,light/none,fifo+sample+late+first_free,11,0.0340032,0.03125,33820.3,14.6398,29.7,1532
S2,light/none,fifo+sample+late+first_free,12,0.0314229,0.03125,36883.9,13.8411,26.5,1589.3
S2,light/none,fifo+sample+late+first_free,13,0.0317949,0.03125,35729,13.8548,27.2,1725.4
S2,light/none,fifo+sample+late+first_free,14,0.0319654,0.03125,36132.8,14.1645,27,1655.8
S2,light/none,fifo+sample+late+first_free,15,0.0323284,0.03125,35665.2,14.6343,26.4,2268.4
S2,light/none,fifo+sample+late+first_free,16,0.0365,0.03125,31506.8,16.3472,37.5,1652.4
S2,light/none,fifo+sample+late+first_free,17,0.0309075,0.03125,37401.9,13.6538,26,1606
S2,light/none,fifo+sample+late+first_free,18,0.0300731,0.03125,37940.9,13.4119,24.7,1616.1
S2,light/none,fifo+sample+late+first_free,19,0.0305207,0.03125,37417.2,13.7772,26.1,1651.2
S2,light/none,fifo+sample+late+first_free,20,0.0309855,0.03125,37211,13.6595,26.1,1737
S2,light/none,fifo+sample+late+least_loaded,1,0.0334887,0.03125,34728.1,15.1254,27.6,2229.1
S2,light/none,fifo+sample+late+least_loaded,2,0.0342382,0.03125,33734.3,15.7517,26.7,2937.7
S2,light/none,fifo+sample+late+least_loaded,3,0.0417404,0.015625,27215.8,19.3582,45.9,2210.7
S2,light/none,fifo+sample+late+least_loaded,4,0.0321207,0.03125,35958.1,14.525,25.2,2314.1
S2,light/none,fifo+sample+late+least_loaded,5,0.0405382,0.03125,28072.3,17.925,32.6,2170.5
S2,light/none,fifo+sample+late+least_loaded,6,0.0327785,0.03125,35023,15.2213,26.4,2299.7
S2,light/none,fifo+sample+late+least_loaded,7,0.0349223,0.046875,33245.2,15.458,28.9,2222.5
S2,light/none,fifo+sample+late+least_loaded,8,0.0334707,0.03125,34597.4,14.8797,26.5,2246.2
S2,light/none,fifo+sample+late+least_loaded,9,0.0339911,0.03125,32979.2,15.8716,28.6,2554.4
S2,light/none,fifo+sample+late+least_loaded,10,0.0366396,0.046875,31550.6,16.5945,37,2269.9
S2,light/none,fifo+sample+late+least_loaded,11,0.0348938,0.03125,33014.5,15.8916,29.9,2687.6
S2,light/none,fifo+sample+late+least_loaded,12,0.0405902,0.03125,27987.1,22.3359,26,11131.7
S2,light/none,fifo+sample+late+least_loaded,13,0.0327325,0.03125,35072.2,14.9507,26.9,2263.6
S2,light/none,fifo+sample+late+least_loaded,14,0.0343049,0.03125,33901.9,15.2983,26.9,2261.7
S2,light/none,fifo+sample+late+least_loaded,15,0.0409694,0.03125,27825.6,18.2599,37.3,2979.8
S2,light/none,fifo+sample+late+least_loaded,16,0.0328111,0.03125,35018.6,14.9978,25.9,2247.5
S2,light/none,fifo+sample+late+least_loaded,17,0.0335442,0.03125,34193.7,15.7221,26.9,3066.7
S2,light/none,fifo+sample+late+least_loaded,18,0.0308707,0.03125,36993,14.273,25.1,2079.4
S2,light/none,fifo+sample+late+least_loaded,19,0.0395631,0.03125,28738.9,18.4705,40.4,2243.1
S2,light/none,fifo+sample+late+least_loaded,20,0.0311428,0.03125,36701.9,14.3634,25.8,2235.2
S2,light/none,fifo+sample+late+lpt,1,0.0367709,0.03125,31628.3,17.4279,34.9,2585.4
S2,light/none,fifo+sample+late+lpt,2,0.0384471,0.03125,30041.3,18.6506,40.8,2909.9
S2,light/none,fifo+sample+late+lpt,3,0.0355222,0.03125,31980,17.4974,39,2537.1
S2,light/none,fifo+sample+late+lpt,4,0.0418894,0.046875,27572.6,20.4159,43.8,4408.7
S2,light/none,fifo+sample+late+lpt,5,0.0415281,0.03125,27403.1,20.4825,48.2,2571.9
S2,light/none,fifo+sample+late+lpt,6,0.037887,0.046875,30300.6,18.9062,37.9,2716.9
S2,light/none,fifo+sample+late+lpt,7,0.0397074,0.03125,29238.9,18.8095,38.5,2534
S2,light/none,fifo+sample+late+lpt,8,0.0410052,0.046875,28240.3,19.4573,36.8,2404.8
S2,light/none,fifo+sample+late+lpt,9,0.0383865,0.03125,29203,19.2263,43.4,2489.4
S2,light/none,fifo+sample+late+lpt,10,0.0376771,0.03125,30681.8,18.2263,41.5,2493.6
S2,light/none,fifo+sample+late+lpt,11,0.0396035,0.015625,29088.3,19.2338,40.4,2566.8
S2,light/none,fifo+sample+late+lpt,12,0.0352258,0.03125,32249.1,17.2279,36.6,2496.3
S2,light/none,fifo+sample+late+lpt,13,0.0357104,0.03125,32147.5,17.2921,36.1,2553.6
S2,light/none,fifo+sample+late+lpt,14,0.0358125,0.03125,32474.7,17.3507,34.9,2604.1
S2,light/none,fifo+sample+late+lpt,15,0.0374698,0.046875,30424.5,18.1764,36.8,2750.7
S2,light/none,fifo+sample+late+lpt,16,0.0374809,0.03125,30655.6,18.1554,39.1,2870.2
S2,light/none,fifo+sample+late+lpt,17,0.0354425,0.03125,32362.3,17.365,33.5,2850.8
S2,light/none,fifo+sample+late+lpt,18,0.0341643,0.03125,33426.7,16.8741,33.3,2533.7
S2,light/none,fifo+sample+late+lpt,19,0.034571,0.03125,32888.8,17.023,35,2641.7
S2,light/none,fifo+sample+late+lpt,20,0.0426797,0.046875,26780.9,21.1473,46.7,3664.5
S2,light/none,fifo+sample+late+round_robin,1,0.0354051,0.03125,32820.1,16.1221,26.9,3264.4
S2,light/none,fifo+sample+late+round_robin,2,0.0343369,0.03125,33637.3,15.0496,26.7,2056.7
S2,light/none,fifo+sample+late+round_robin,3,0.0313351,0.03125,36221.4,14.1047,27.4,1691.4
S2,light/none,fifo+sample+late+round_robin,4,0.031219,0.03125,36836.5,14.1118,26.4,1731.4
S2,light/none,fifo+sample+late+round_robin,5,0.0371831,0.046875,30605.3,16.5824,31.4,1727.1
S2,light/none,fifo+sample+late+round_robin,6,0.0355527,0.046875,32346.3,15.9443,27.4,1706.4
S2,light/none,fifo+sample+late+round_robin,7,0.0313724,0.03125,37038.9,13.9267,26.1,1723.5
S2,light/none,fifo+sample+late+round_robin,8,0.0319596,0.03125,36170.7,14.1463,26,1698.7
S2,light/none,fifo+sample+late+round_robin,9,0.0369035,0.046875,30322.3,17.008,31.3,2925.8
S2,light/none,fifo+sample+late+round_robin,10,0.0367102,0.03125,31489.9,15.9884,29.5,1642.2
S2,light/none,fifo+sample+late+round_robin,11,0.0333061,0.03125,34588.3,14.6984,29.1,1652.5
S2,light/none,fifo+sample+late+round_robin,12,0.0312677,0.03125,36427.4,14.1718,27.1,1703.1
S2,light/none,fifo+sample+late+round_robin,13,0.0310812,0.03125,36742.5,14.0728,26.5,1699.2
S2,light/none,fifo+sample+late+round_robin,14,0.0343499,0.03125,33857.4,14.7479,28.2,1745.9
S2,light/none,fifo+sample+late+round_robin,15,0.0355307,0.03125,32338.2,15.7395,32.7,1712.6
S2,light/none,fifo+sample+late+round_robin,16,0.0419432,0.03125,27489.6,18.5971,35.4,3008
S2,light/none,fifo+sample+late+round_robin,17,0.0320259,0.03125,35783.5,14.5249,27.6,1742.3
S2,light/none,fifo+sample+late+round_robin,18,0.0362488,0.03125,31504.5,15.8014,27.2,1964
S2,light/none,fifo+sample+late+round_robin,19,0.0386088,0.046875,29475.1,17.3604,39.7,1730.7
S2,light/none,fifo+sample+late+round_robin,20,0.0302911,0.015625,37502.8,13.7784,26.2,1676.9
S2,light/none,longest_first+group+early+least_loaded,1,0.0218342,0.03125,46257.7,9.25782,8.5,1339.7
S2,light/none,longest_first+group+early+least_loaded,2,0.0207606,0.03125,48938.9,8.91122,8.2,1224.1
S2,light/none,longest_first+group+early+least_loaded,3,0.0222125,0.015625,46010.1,8.98757,8.6,1127.9
S2,light/none,longest_first+group+early+least_loaded,4,0.0219274,0.015625,46836.4,9.15453,9.7,1227.7
S2,light/none,longest_first+group+early+least_loaded,5,0.0223883,0.015625,45336.2,9.27044,8.7,1270.2
S2,light/none,longest_first+group+early+least_loaded,6,0.0241821,0.015625,42428.1,9.76988,8.9,1177.7
S2,light/none,longest_first+group+early+least_loaded,7,0.0318941,0.03125,32012.2,12.8345,13.8,1246.2
S2,light/none,longest_first+group+early+least_loaded,8,0.0354668,0.03125,28505.5,9.27329,11.2,1228.7
S2,light/none,longest_first+group+early+least_loaded,9,0.0223107,0.015625,45762.8,9.14535,8.4,1173.9
S2,light/none,longest_first+group+early+least_loaded,10,0.0210432,0.03125,48614.3,8.86061,8.1,1294.6
S2,light/none,longest_first+group+early+least_loaded,11,0.0209421,0.015625,48705.7,8.81373,8.2,1213.4
S2,light/none,longest_first+group+early+least_loaded,12,0.0247844,0.015625,40912.8,10.5107,12.9,1257.4
S2,light/none,longest_first+group+early+least_loaded,13,0.0239697,0,42637.2,9.58395,8.4,1233.8
S2,light/none,longest_first+group+early+least_loaded,14,0.0239846,0.015625,42777.4,9.74503,11.9,1251.1
S2,light/none,longest_first+group+early+least_loaded,15,0.0275813,0.03125,37054.1,11.3315,13.4,1634.6
S2,light/none,longest_first+group+early+least_loaded,16,0.0255868,0.03125,39551.6,10.8313,12.6,2044
S2,light/none,longest_first+group+early+least_loaded,17,0.0218746,0.03125,46995.1,9.4572,8.3,1724.2
S2,light/none,longest_first+group+early+least_loaded,18,0.0238301,0.015625,43348.5,9.83824,8.7,1225.9
S2,light/none,longest_first+group+early+least_loaded,19,0.028938,0.03125,35040.4,11.5832,13.5,1233.3
S2,light/none,longest_first+group+early+least_loaded,20,0.0220752,0.015625,45933.9,9.14763,9.6,1225.1
S2,light/none,longest_first+group+early+lpt,1,0.0222557,0.03125,45381.6,9.51139,8.5,1569.7
S2,light/none,longest_first+group+early+lpt,2,0.0217708,0.015625,46668,9.33829,8.5,1553
S2,light/none,longest_first+group+early+lpt,3,0.0305914,0.03125,33408.1,12.528,13.6,1547.1
S2,light/none,longest_first+group+early+lpt,4,0.0298166,0.03125,34443.9,9.31986,8.4,1522.9
S2,light/none,longest_first+group+early+lpt,5,0.023303,0.03125,43556.6,9.98522,9.2,1667.2
S2,light/none,longest_first+group+early+lpt,6,0.0228863,0.015625,44830.3,9.89337,9.1,1906.4
S2,light/none,longest_first+group+early+lpt,7,0.0316741,0.03125,32234.5,12.6838,13.5,1815
S2,light/none,longest_first+group+early+lpt,8,0.0254118,0.03125,39784.7,10.817,8.8,2058.1
S2,light/none,longest_first+group+early+lpt,9,0.021457,0.03125,47583.5,9.21596,8.3,1524.6
S2,light/none,longest_first+group+early+lpt,10,0.0219499,0.015625,46606.1,9.24761,8.4,1527.4
S2,light/none,longest_first+group+early+lpt,11,0.0213497,0.015625,47775.8,9.19392,8.4,1532.9
S2,light/none,longest_first+group+early+lpt,12,0.027905,0.015625,36337.6,11.363,13.2,1594.7
S2,light/none,longest_first+group+early+lpt,13,0.0219461,0.03125,46568.6,9.63894,8.4,1841.3
S2,light/none,longest_first+group+early+lpt,14,0.0229853,0.03125,44637.2,9.74786,12.8,1551.1
S2,light/none,longest_first+group+early+lpt,15,0.026535,0.03125,38515.2,11.4981,13.1,2687.4
S2,light/none,longest_first+group+early+lpt,16,0.0291928,0.015625,34666.1,11.9659,13.8,1533.7
S2,light/none,longest_first+group+early+lpt,17,0.0274373,0.03125,37467.2,12.1276,12.5,3218.3
S2,light/none,longest_first+group+early+lpt,18,0.0213713,0.015625,48335.9,9.08238,8.2,1513.1
S2,light/none,longest_first+group+early+lpt,19,0.0251099,0.03125,40382.5,10.1468,12,1579.3
S2,light/none,longest_first+group+early+lpt,20,0.0221097,0.015625,45862.2,9.58669,8.5,1683.1
S2,light/none,longest_first+group+early+round_robin,1,0.0222425,0.015625,45408.6,9.13871,8.7,790.5
S2,light/none,longest_first+group+early+round_robin,2,0.0214677,0.015625,47326.9,8.76083,8.7,833
S2,light/none,longest_first+group+early+round_robin,3,0.0232542,0.015625,43949.1,8.88053,12.5,874.6
S2,light/none,longest_first+group+early+round_robin,4,0.0247701,0.015625,41461.3,10.0719,13.1,1390.8
S2,light/none,longest_first+group+early+round_robin,5,0.0251828,0.03125,40305.3,9.85113,12.9,1410.2
S2,light/none,longest_first+group+early+round_robin,6,0.0241549,0.015625,42475.9,9.69805,13.2,800.2
S2,light/none,longest_first+group+early+round_robin,7,0.0222537,0.015625,45880,9.10911,10.9,815.4
S2,light/none,longest_first+group+early+round_robin,8,0.0211038,0.015625,47906.1,8.81177,8.6,822.8
S2,light/none,longest_first+group+early+round_robin,9,0.0351152,0.03125,29075.7,14.2633,12.7,1355.4
S2,light/none,longest_first+group+early+round_robin,10,0.0200477,0.015625,51028.3,8.31329,8.1,786.4
S2,light/none,longest_first+group+early+round_robin,11,0.0214147,0.03125,47630.8,8.76941,8.8,833.3
S2,light/none,longest_first+group+early+round_robin,12,0.0323256,0.03125,31368.3,8.91647,8.5,822
S2,light/none,longest_first+group+early+round_robin,13,0.0250218,0.015625,40844.4,10.4159,8.7,1344.8
S2,light/none,longest_first+group+early+round_robin,14,0.0216628,0.015625,47362.3,8.65984,8.4,821.2
S2,light/none,longest_first+group+early+round_robin,15,0.0218074,0.015625,46864.8,8.8911,8.6,819.3
S2,light/none,longest_first+group+early+round_robin,16,0.0267683,0,37805.9,11.0887,9.1,809.1
S2,light/none,longest_first+group+early+round_robin,17,0.0282756,0.03125,36356.4,11.4601,12.9,1397.9
S2,light/none,longest_first+group+early+round_robin,18,0.0214154,0.03125,48236.3,8.36796,8.3,768.2
S2,light/none,longest_first+group+early+round_robin,19,0.0204646,0.015625,49549,8.52002,8.3,809.3
S2,light/none,longest_first+group+early+round_robin,20,0.0207408,0.03125,48889.1,8.66095,8.5,849.6
S2,light/none,longest_first+group+late+first_free,1,0.033659,0.015625,30511.9,14.944,38.4,537.2
S2,light/none,longest_first+group+late+first_free,2,0.0297052,0.03125,34539.4,13.4405,28.7,551.9
S2,light/none,longest_first+group+late+first_free,3,0.024854,0.015625,41120.1,11.91,21,536.4
S2,light/none,longest_first+group+late+first_free,4,0.0288509,0.03125,35458.2,13.5128,26.2,837.3
S2,light/none,longest_first+group+late+first_free,5,0.0248208,0.03125,40369.4,11.8219,22.8,550.7
S2,light/none,longest_first+group+late+first_free,6,0.0239268,0.03125,42546.4,11.226,21.1,533.6
S2,light/none,longest_first+group+late+first_free,7,0.0244817,0.03125,41949.7,11.4988,20.6,548.1
S2,light/none,longest_first+group+late+first_free,8,0.0267575,0.03125,38120.2,12.7888,23,1084.9
S2,light/none,longest_first+group+late+first_free,9,0.0244892,0.03125,41283.5,11.4127,21.6,552.4
S2,light/none,longest_first+group+late+first_free,10,0.0247399,0.03125,41875.7,11.3056,20.4,511.8
S2,light/none,longest_first+group+late+first_free,11,0.027683,0.03125,36990.2,12.8443,23.8,509.6
S2,light/none,longest_first+group+late+first_free,12,0.0262968,0.015625,38940.1,12.426,25.6,544
S2,light/none,longest_first+group+late+first_free,13,0.0256429,0.03125,40128.1,11.6031,21.3,519.1
S2,light/none,longest_first+group+late+first_free,14,0.027943,0.03125,36860.8,12.8203,25.6,559.8
S2,light/none,longest_first+group+late+first_free,15,0.0248116,0.03125,41633.8,11.5195,20.9,536.3
S2,light/none,longest_first+group+late+first_free,16,0.0407283,0.03125,24921.2,13.2678,27.9,891.5
S2,light/none,longest_first+group+late+first_free,17,0.0251895,0.03125,40731.3,11.841,23.5,529.2
S2,light/none,longest_first+group+late+first_free,18,0.0246194,0.03125,41918.2,11.4812,20.8,544.7
S2,light/none,longest_first+group+late+first_free,19,0.0286569,0.03125,35907.6,13.2384,32.7,547.4
S2,light/none,longest_first+group+late+first_free,20,0.026565,0.03125,38622.2,11.9255,30,523.3
S2,light/none,longest_first+group+late+least_loaded,1,0.0247209,0.03125,41543.8,11.6839,20.3,971.4
S2,light/none,longest_first+group+late+least_loaded,2,0.0245865,0.015625,41608.2,11.9423,20.3,749.8
S2,light/none,longest_first+group+late+least_loaded,3,0.0262935,0.015625,38488.6,12.8721,24.3,736.4
S2,light/none,longest_first+group+late+least_loaded,4,0.0366199,0.03125,28099.5,13.0829,27.9,1187.1
S2,light/none,longest_first+group+late+least_loaded,5,0.0251523,0.015625,40433.7,11.6877,21.1,752.7
S2,light/none,longest_first+group+late+least_loaded,6,0.0242244,0.015625,41610.9,11.3311,21.5,722.9
S2,light/none,longest_first+group+late+least_loaded,7,0.026219,0.015625,39055.6,12.5047,22,752
S2,light/none,longest_first+group+late+least_loaded,8,0.0272158,0.03125,37625.2,12.8934,28.4,735.5
S2,light/none,longest_first+group+late+least_loaded,9,0.0262764,0.015625,38894.2,12.0479,21.6,755.5
S2,light/none,longest_first+group+late+least_loaded,10,0.0262573,0.03125,39036.8,12.1647,22.7,704.8
S2,light/none,longest_first+group+late+least_loaded,11,0.02694,0.03125,38121.8,12.7331,24.3,766.6
S2,light/none,longest_first+group+late+least_loaded,12,0.0277341,0.015625,36633.6,13.4225,24.6,1381.1
S2,light/none,longest_first+group+late+least_loaded,13,0.0248408,0.015625,40940.7,11.8583,21.5,736
S2,light/none,longest_first+group+late+least_loaded,14,0.0351193,0.046875,29157.8,16.2046,32.6,965.5
S2,light/none,longest_first+group+late+least_loaded,15,0.0256371,0.03125,40137.1,11.9712,21.6,767.1
S2,light/none,longest_first+group+late+least_loaded,16,0.0257066,0.03125,39639.6,12.3801,24.4,742
S2,light/none,longest_first+group+late+least_loaded,17,0.0316048,0.03125,32178.7,14.2698,28.7,741.4
S2,light/none,longest_first+group+late+least_loaded,18,0.0253196,0.03125,40679.9,12.1857,21.2,734.8
S2,light/none,longest_first+group+late+least_loaded,19,0.0302084,0.03125,33964.1,14.1333,32.7,738.3
S2,light/none,longest_first+group+late+least_loaded,20,0.025252,0.015625,40234.4,11.8486,21.7,762.3
S2,light/none,longest_first+group+late+lpt,1,0.0266672,0.015625,38511.7,13.5192,27.2,911.4
S2,light/none,longest_first+group+late+lpt,2,0.0331605,0.03125,30850,16.8674,35.6,1014.1
S2,light/none,longest_first+group+late+lpt,3,0.0279409,0.03125,36219.3,14.5552,31.7,918.7
S2,light/none,longest_first+group+late+lpt,4,0.0274537,0.03125,37481.3,14.2986,27.5,1055.7
S2,light/none,longest_first+group+late+lpt,5,0.0265647,0.03125,38283.9,13.6242,28.8,937.9
S2,light/none,longest_first+group+late+lpt,6,0.02632,0.03125,38297.9,13.5249,27.5,888.6
S2,light/none,longest_first+group+late+lpt,7,0.0413411,0.03125,24769.5,20.6271,58.7,947
S2,light/none,longest_first+group+late+lpt,8,0.0264757,0.03125,38677,13.5068,27.9,843.1
S2,light/none,longest_first+group+late+lpt,9,0.0292901,0.03125,34892.3,14.7233,30.3,1644.9
S2,light/none,longest_first+group+late+lpt,10,0.0299451,0.03125,34229.3,15.3409,34.1,1651.4
S2,light/none,longest_first+group+late+lpt,11,0.0302003,0.03125,34006.3,15.0609,34.1,908.4
S2,light/none,longest_first+group+late+lpt,12,0.028735,0.03125,35357.6,14.8071,31.6,952.2
S2,light/none,longest_first+group+late+lpt,13,0.0275519,0.03125,36912.2,14.439,29.1,1450.5
S2,light/none,longest_first+group+late+lpt,14,0.0284631,0.03125,35976.4,14.6001,31,1359.8
S2,light/none,longest_first+group+late+lpt,15,0.0282836,0.015625,36381.5,14.3879,31.5,1237.5
S2,light/none,longest_first+group+late+lpt,16,0.0262561,0.015625,38810,13.4821,27.4,931.6
S2,light/none,longest_first+group+late+lpt,17,0.0288413,0.03125,35261.9,14.8748,32.8,1030.6
S2,light/none,longest_first+group+late+lpt,18,0.0267154,0.03125,38554.5,13.8763,26.7,904.6
S2,light/none,longest_first+group+late+lpt,19,0.0305941,0.03125,33535.9,15.2461,40.2,949.2
S2,light/none,longest_first+group+late+lpt,20,0.0267002,0.03125,38052.1,13.5278,27.5,868.9
S2,light/none,longest_first+group+late+round_robin,1,0.0244655,0.015625,41977.5,11.4368,21.4,546.8
S2,light/none,longest_first+group+late+round_robin,2,0.0244248,0.03125,41883.7,11.6793,21.1,526.6
S2,light/none,longest_first+group+late+round_robin,3,0.0342671,0.03125,29532.7,16.2827,32.6,739.8
S2,light/none,longest_first+group+late+round_robin,4,0.0261157,0.03125,39401.6,12.3803,27,539.1
S2,light/none,longest_first+group+late+round_robin,5,0.0247647,0.015625,41066.5,11.7941,20.8,940.9
S2,light/none,longest_first+group+late+round_robin,6,0.0233659,0.015625,43139.8,11.0882,20.3,547.3
S2,light/none,longest_first+group+late+round_robin,7,0.0349021,0.015625,29339.2,16.9461,29.6,628.1
S2,light/none,longest_first+group+late+round_robin,8,0.0335689,0.03125,30504.4,11.9736,20.6,1137.5
S2,light/none,longest_first+group+late+round_robin,9,0.0268802,0.015625,38020.6,12.6405,29.5,546.3
S2,light/none,longest_first+group+late+round_robin,10,0.0292012,0.03125,35101.3,13.2435,25.7,539.4
S2,light/none,longest_first+group+late+round_robin,11,0.0265666,0.03125,38657.6,12.5378,31.8,532.8
S2,light/none,longest_first+group+late+round_robin,12,0.0246169,0.015625,41272.5,11.6397,20.7,554.6
S2,light/none,longest_first+group+late+round_robin,13,0.0244884,0.03125,41529.9,11.8944,20.6,1001.4
S2,light/none,longest_first+group+late+round_robin,14,0.0245332,0.015625,41739.4,11.4358,21.2,557.4
S2,light/none,longest_first+group+late+round_robin,15,0.0294382,0.015625,34954.6,13.4824,28.2,539.4
S2,light/none,longest_first+group+late+round_robin,16,0.025058,0.03125,40665.7,11.855,25,533.3
S2,light/none,longest_first+group+late+round_robin,17,0.0265409,0.03125,38318.2,12.4562,25.8,912.6
S2,light/none,longest_first+group+late+round_robin,18,0.0247193,0.03125,41667.8,11.904,20.4,534.8
S2,light/none,longest_first+group+late+round_robin,19,0.0305339,0.046875,33602,14.1454,29.7,907.2
S2,light/none,longest_first+group+late+round_robin,20,0.0281749,0.03125,36060.5,13.6032,28.3,531.5
S2,light/none,longest_first+sample+early+least_loaded,1,0.0268303,0.03125,44651,10.6824,8.6,3369.6
S2,light/none,longest_first+sample+early+least_loaded,2,0.0268031,0.03125,44994.8,10.1959,8.2,3061.7
S2,light/none,longest_first+sample+early+least_loaded,3,0.0321269,0.03125,37943.3,12.5937,12.2,5162.6
S2,light/none,longest_first+sample+early+least_loaded,4,0.027287,0.03125,44783.2,10.7889,8.4,3695.6
S2,light/none,longest_first+sample+early+least_loaded,5,0.0305864,0.03125,39429.3,11.4624,13,2883.9
S2,light/none,longest_first+sample+early+least_loaded,6,0.0274177,0.03125,45007.4,10.1828,8.4,2739.8
S2,light/none,longest_first+sample+early+least_loaded,7,0.0277361,0.03125,44202.3,10.8095,8.3,3652.8
S2,light/none,longest_first+sample+early+least_loaded,8,0.032802,0.046875,37162.4,11.887,13.3,2973.3
S2,light/none,longest_first+sample+early+least_loaded,9,0.0281973,0.015625,42911.9,10.58,8.6,3010.3
S2,light/none,longest_first+sample+early+least_loaded,10,0.0284444,0.015625,43031.3,11.1493,8.5,3752.7
S2,light/none,longest_first+sample+early+least_loaded,11,0.0406574,0.03125,30203.6,15.6998,13.6,5871.3
S2,light/none,longest_first+sample+early+least_loaded,12,0.027127,0.03125,44936.8,10.3473,8.3,3045.5
S2,light/none,longest_first+sample+early+least_loaded,13,0.0273277,0.03125,44789.7,10.2718,8.6,2818.2
S2,light/none,longest_first+sample+early+least_loaded,14,0.0351839,0.046875,34703.4,12.6972,13.3,3553.5
S2,light/none,longest_first+sample+early+least_loaded,15,0.0293809,0.03125,41761.8,11.3904,12,3802.7
S2,light/none,longest_first+sample+early+least_loaded,16,0.0277655,0.015625,44119.5,10.4741,8.5,2998.3
S2,light/none,longest_first+sample+early+least_loaded,17,0.0303402,0.03125,40375.5,10.5688,8.4,3073.7
S2,light/none,longest_first+sample+early+least_loaded,18,0.0395006,0.015625,31037.5,14.3732,26.7,2905.3
S2,light/none,longest_first+sample+early+least_loaded,19,0.0329838,0.03125,36927.2,12.2739,12.4,3659.2
S2,light/none,longest_first+sample+early+least_loaded,20,0.0268389,0.03125,44934.8,10.1155,8.3,2866.3
S2,light/none,longest_first+sample+early+lpt,1,0.0333729,0.03125,35897.4,12.5596,13.5,3371.3
S2,light/none,longest_first+sample+early+lpt,2,0.0273029,0.03125,44171.1,11.0408,8.4,3909.5
S2,light/none,longest_first+sample+early+lpt,3,0.0308255,0.03125,39545.2,12.5627,8.4,5688.1
S2,light/none,longest_first+sample+early+lpt,4,0.0271308,0.03125,45041.1,10.5826,8.3,3383.7
S2,light/none,longest_first+sample+early+lpt,5,0.0341402,0.046875,35324.9,12.7647,13.7,3432.6
S2,light/none,longest_first+sample+early+lpt,6,0.0304331,0.03125,40548,12.4613,8.3,5867.5
S2,light/none,longest_first+sample+early+lpt,7,0.027986,0.015625,43807.6,10.8687,8.5,3483.1
S2,light/none,longest_first+sample+early+lpt,8,0.0315809,0.03125,38599.3,11.6652,12.8,3395.4
S2,light/none,longest_first+sample+early+lpt,9,0.0298608,0.03125,40521.4,11.3777,12.7,3462
S2,light/none,longest_first+sample+early+lpt,10,0.0301037,0.03125,40659.5,11.5998,13.3,3647.6
S2,light/none,longest_first+sample+early+lpt,11,0.0344983,0.03125,35596,12.6942,13.7,3987.2
S2,light/none,longest_first+sample+early+lpt,12,0.0296834,0.03125,41066.7,11.194,8.6,3513.2
S2,light/none,longest_first+sample+early+lpt,13,0.0283753,0.03125,43136.1,11.2055,8.7,4038.8
S2,light/none,longest_first+sample+early+lpt,14,0.0300777,0.03125,40594.9,11.57,9,4195.9
S2,light/none,longest_first+sample+early+lpt,15,0.0331468,0.03125,37017.1,12.2061,13.4,3587.2
S2,light/none,longest_first+sample+early+lpt,16,0.0288202,0.03125,42504.9,11.3261,8.7,4072.6
S2,light/none,longest_first+sample+early+lpt,17,0.0360009,0.015625,34026.9,14.7358,8.4,8065.7
S2,light/none,longest_first+sample+early+lpt,18,0.02723,0.03125,45023.9,10.694,8.3,3650.3
S2,light/none,longest_first+sample+early+lpt,19,0.0331795,0.03125,36709.4,12.9965,13,5075.7
S2,light/none,longest_first+sample+early+lpt,20,0.0263971,0.03125,45686.8,10.4629,8.2,3414.1
S2,light/none,longest_first+sample+early+round_robin,1,0.0334376,0.046875,35827.9,12.1464,13.3,2349.6
S2,light/none,longest_first+sample+early+round_robin,2,0.0265255,0.03125,45465.7,9.32512,8.2,1851.5
S2,light/none,longest_first+sample+early+round_robin,3,0.0312106,0.03125,39057.2,11.3167,9,2933.6
S2,light/none,longest_first+sample+early+round_robin,4,0.0249951,0.03125,48889.6,9.0964,8.2,1826.7
S2,light/none,longest_first+sample+early+round_robin,5,0.0319879,0.03125,37701.8,11.2425,13.3,1933.8
S2,light/none,longest_first+sample+early+round_robin,6,0.0311198,0.03125,39653.2,11.2061,12.9,2408.3
S2,light/none,longest_first+sample+early+round_robin,7,0.0369875,0.03125,33146.3,14.9598,8.5,8610
S2,light/none,longest_first+sample+early+round_robin,8,0.0256825,0.03125,47464.2,9.42814,9,1967.5
S2,light/none,longest_first+sample+early+round_robin,9,0.0262279,0.03125,46134.1,9.43843,8.4,1870.3
S2,light/none,longest_first+sample+early+round_robin,10,0.0273754,0.03125,44711.7,10.11,8.8,2489.6
S2,light/none,longest_first+sample+early+round_robin,11,0.0342238,0.046875,35881.5,11.3971,13.3,2115.4
S2,light/none,longest_first+sample+early+round_robin,12,0.0273692,0.03125,44539.1,9.97424,8.6,2287.9
S2,light/none,longest_first+sample+early+round_robin,13,0.0270249,0.03125,45291.6,9.98219,8.6,2484.5
S2,light/none,longest_first+sample+early+round_robin,14,0.0263413,0.03125,46353.1,9.87477,8.4,2453.4
S2,light/none,longest_first+sample+early+round_robin,15,0.0257042,0.015625,47735.4,9.37229,8.3,1879.8
S2,light/none,longest_first+sample+early+round_robin,16,0.0308309,0.03125,39732.9,10.6775,11.7,1765.1
S2,light/none,longest_first+sample+early+round_robin,17,0.0289432,0.03125,42324.3,10.3274,8.8,2409.8
S2,light/none,longest_first+sample+early+round_robin,18,0.025876,0.015625,47379.8,9.28091,8.4,1777.8
S2,light/none,longest_first+sample+early+round_robin,19,0.061738,0.0625,19728.5,16.9294,21,4228.3
S2,light/none,longest_first+sample+early+round_robin,20,0.0255448,0.015625,47211.2,9.29196,8.2,1847.5
S2,light/none,longest_first+sample+late+first_free,1,0.0297512,0.015625,38317.8,13.5741,25.4,1636.7
S2,light/none,longest_first+sample+late+first_free,2,0.0300589,0.03125,38225,13.4733,25.3,1619
S2,light/none,longest_first+sample+late+first_free,3,0.0308334,0.03125,37589.1,13.6733,25.5,1678.5
S2,light/none,longest_first+sample+late+first_free,4,0.0349064,0.015625,32630.1,15.6061,34.9,1606
S2,light/none,longest_first+sample+late+first_free,5,0.0392136,0.03125,29097,16.6475,33.3,2469.7
S2,light/none,longest_first+sample+late+first_free,6,0.0302742,0.03125,37821,13.4655,24.6,1564.2
S2,light/none,longest_first+sample+late+first_free,7,0.036628,0.03125,31151,17.1554,26.4,2802.5
S2,light/none,longest_first+sample+late+first_free,8,0.0393156,0.03125,29072.4,17.8632,35.6,2796.8
S2,light/none,longest_first+sample+late+first_free,9,0.0306829,0.03125,37121.7,13.8856,25.8,1582.7
S2,light/none,longest_first+sample+late+first_free,10,0.036904,0.03125,31270.3,16.0468,26,1640.6
S2,light/none,longest_first+sample+late+first_free,11,0.0436095,0.03125,26370.4,15.2413,26.2,2880.6
S2,light/none,longest_first+sample+late+first_free,12,0.0323611,0.03125,35814.6,14.3754,26.9,1870.5
S2,light/none,longest_first+sample+late+first_free,13,0.0357951,0.03125,31736.2,15.83,27.3,1650.6
S2,light/none,longest_first+sample+late+first_free,14,0.0353102,0.03125,32710.1,15.2882,34,1661
S2,light/none,longest_first+sample+late+first_free,15,0.0556657,0.046875,20712.9,18.6195,38.4,2998.1
S2,light/none,longest_first+sample+late+first_free,16,0.0365017,0.03125,31505.4,15.5002,30.6,1660.7
S2,light/none,longest_first+sample+late+first_free,17,0.0308697,0.03125,37447.7,13.8672,26,1934.6
S2,light/none,longest_first+sample+late+first_free,18,0.0308113,0.03125,37031.9,13.5708,25.5,1655
S2,light/none,longest_first+sample+late+first_free,19,0.0343629,0.03125,33233.5,15.3666,33.8,1752.6
S2,light/none,longest_first+sample+late+first_free,20,0.0298197,0.03125,38665.7,13.3138,25.3,1559.5
S2,light/none,longest_first+sample+late+least_loaded,1,0.0322718,0.03125,36037.7,14.8502,25.6,2537.7
S2,light/none,longest_first+sample+late+least_loaded,2,0.0314942,0.03125,36673.4,14.4603,26.1,2245.6
S2,light/none,longest_first+sample+late+least_loaded,3,0.0374479,0.046875,30335.5,17.397,36.9,2477.7
S2,light/none,longest_first+sample+late+least_loaded,4,0.0357101,0.046875,32343.8,16.5883,27,3944.5
S2,light/none,longest_first+sample+late+least_loaded,5,0.0377915,0.046875,30112.6,18.3138,37.2,2490.4
S2,light/none,longest_first+sample+late+least_loaded,6,0.0312905,0.03125,36688.5,14.5263,25.2,2116.4
S2,light/none,longest_first+sample+late+least_loaded,7,0.0353499,0.03125,32843.1,15.6689,27.9,2657.3
S2,light/none,longest_first+sample+late+least_loaded,8,0.0362761,0.03125,31921.8,16.4878,34.5,2679.9
S2,light/none,longest_first+sample+late+least_loaded,9,0.0361713,0.03125,30991.4,17.5342,32.6,4081.3
S2,light/none,longest_first+sample+late+least_loaded,10,0.0389711,0.015625,29663,17.7837,40.2,2275.3
S2,light/none,longest_first+sample+late+least_loaded,11,0.0323579,0.03125,35601.8,14.5615,26.7,2276.7
S2,light/none,longest_first+sample+late+least_loaded,12,0.0350651,0.03125,32396.9,15.8695,31.3,2277.3
S2,light/none,longest_first+sample+late+least_loaded,13,0.0334063,0.03125,34364.8,15.2019,27.9,2290.3
S2,light/none,longest_first+sample+late+least_loaded,14,0.0386567,0.03125,30085.3,17.1567,30,2538.3
S2,light/none,longest_first+sample+late+least_loaded,15,0.034621,0.03125,32928,15.869,28.3,2378.9
S2,light/none,longest_first+sample+late+least_loaded,16,0.0391384,0.03125,29357.4,17.9311,38.2,2340.6
S2,light/none,longest_first+sample+late+least_loaded,17,0.0328338,0.03125,34933.5,15.2384,26.4,2247.9
S2,light/none,longest_first+sample+late+least_loaded,18,0.0319983,0.03125,35689.4,14.8257,25.4,2702.5
S2,light/none,longest_first+sample+late+least_loaded,19,0.0410989,0.046875,27665,19.916,35.8,2717.1
S2,light/none,longest_first+sample+late+least_loaded,20,0.0331115,0.03125,34519.7,15.2317,27,2278.5
S2,light/none,longest_first+sample+late+lpt,1,0.0348878,0.03125,33335.4,16.9576,32.6,2925
S2,light/none,longest_first+sample+late+lpt,2,0.0388467,0.03125,29732.3,19.2596,34.3,5047.7
S2,light/none,longest_first+sample+late+lpt,3,0.0362244,0.03125,31360.1,18.0809,36.2,3323.5
S2,light/none,longest_first+sample+late+lpt,4,0.0353592,0.03125,32664.8,17.0408,34.6,2419.3
S2,light/none,longest_first+sample+late+lpt,5,0.0350046,0.03125,32510,17.3716,34.3,2558.2
S2,light/none,longest_first+sample+late+lpt,6,0.0343317,0.046875,33438.5,16.9339,32.9,2369.3
S2,light/none,longest_first+sample+late+lpt,7,0.0514431,0.046875,22568.6,28.6512,43.3,13149.2
S2,light/none,longest_first+sample+late+lpt,8,0.0418663,0.046875,27659.5,19.7019,42.4,3088.7
S2,light/none,longest_first+sample+late+lpt,9,0.0379996,0.03125,29500.3,19.0433,34.3,4489
S2,light/none,longest_first+sample+late+lpt,10,0.036482,0.03125,31686.9,17.28,35.1,2541.9
S2,light/none,longest_first+sample+late+lpt,11,0.0394168,0.03125,29226.1,18.6592,42.6,2607.4
S2,light/none,longest_first+sample+late+lpt,12,0.0365578,0.03125,31074.1,17.9904,40.6,2440.3
S2,light/none,longest_first+sample+late+lpt,13,0.036003,0.046875,31886.2,17.6361,34.5,2932.6
S2,light/none,longest_first+sample+late+lpt,14,0.042345,0.046875,27464.9,19.7873,43.4,2683.1
S2,light/none,longest_first+sample+late+lpt,15,0.0421928,0.046875,27018.8,20.8906,49.6,2666.2
S2,light/none,longest_first+sample+late+lpt,16,0.0417192,0.046875,27541.3,20.836,44.5,4472.2
S2,light/none,longest_first+sample+late+lpt,17,0.0450357,0.03125,25468.7,21.8946,43.5,2476.9
S2,light/none,longest_first+sample+late+lpt,18,0.0374618,0.03125,30484.4,18.6165,43.2,3008.7
S2,light/none,longest_first+sample+late+lpt,19,0.0400012,0.03125,28424.1,19.361,47.3,2583.1
S2,light/none,longest_first+sample+late+lpt,20,0.040579,0.03125,28167.3,18.8003,39,2530.5
S2,light/none,longest_first+sample+late+round_robin,1,0.0301993,0.03125,38477.7,13.5301,25.4,1696.2
S2,light/none,longest_first+sample+late+round_robin,2,0.0313891,0.03125,36796.2,13.9268,26,1709.2
S2,light/none,longest_first+sample+late+round_robin,3,0.0371679,0.03125,30537.1,16.4719,37.4,1688.9
S2,light/none,longest_first+sample+late+round_robin,4,0.0312074,0.03125,36850.2,14.0193,25.8,1710.1
S2,light/none,longest_first+sample+late+round_robin,5,0.032605,0.03125,34902.6,14.9367,27.2,2271.5
S2,light/none,longest_first+sample+late+round_robin,6,0.0299029,0.03125,38457.8,13.6175,25.5,1616.6
S2,light/none,longest_first+sample+late+round_robin,7,0.0369889,0.03125,31414.8,16.2633,33,2457.2
S2,light/none,longest_first+sample+late+round_robin,8,0.0354194,0.03125,32637.5,16.0395,33.2,2738.5
S2,light/none,longest_first+sample+late+round_robin,9,0.0327543,0.03125,34163.5,15.1578,30,1838.3
S2,light/none,longest_first+sample+late+round_robin,10,0.0329624,0.03125,35070.3,14.8597,31.5,1777.2
S2,light/none,longest_first+sample+late+round_robin,11,0.0317845,0.03125,36244.1,14.1582,26.4,1694
S2,light/none,longest_first+sample+late+round_robin,12,0.0376492,0.046875,30253,16.2761,30.7,1853.4
S2,light/none,longest_first+sample+late+round_robin,13,0.0373607,0.03125,30566.9,16.8922,39.7,1723.7
S2,light/none,longest_first+sample+late+round_robin,14,0.0422504,0.03125,27526.4,18.8314,40.8,1737.4
S2,light/none,longest_first+sample+late+round_robin,15,0.0377504,0.03125,30436.8,16.8067,33.8,2503.1
S2,light/none,longest_first+sample+late+round_robin,16,0.034297,0.046875,33618.1,15.1902,28.3,1719.9
S2,light/none,longest_first+sample+late+round_robin,17,0.0318649,0.03125,35964.3,14.3373,26.6,1708
S2,light/none,longest_first+sample+late+round_robin,18,0.0309411,0.046875,36908.8,14.2338,25.6,2206.4
S2,light/none,longest_first+sample+late+round_robin,19,0.0388948,0.046875,29258.4,17.3023,35.8,1786.1
S2,light/none,longest_first+sample+late+round_robin,20,0.0307089,0.03125,36992.5,13.7665,26.5,1597
S2,light/none,online_adaptive,1,0.039063,0.03125,29772.4,18.8991,36.1,3057
S2,light/none,online_adaptive,2,0.0348938,0.03125,33100.4,17.1882,34.9,2522.5
S2,light/none,online_adaptive,3,0.0432467,0.046875,26267.9,20.5534,45,2591.4
S2,light/none,online_adaptive,4,0.0361509,0.046875,31949.4,17.7485,34.9,2685.2
S2,light/none,online_adaptive,5,0.0377973,0.03125,30108,18.812,39.7,2659.1
S2,light/none,online_adaptive,6,0.0355833,0.046875,32262.3,17.9841,34.3,3062.4
S2,light/none,online_adaptive,7,0.0461992,0.046875,25130.3,21.5134,44.9,2769.8
S2,light/none,online_adaptive,8,0.0361935,0.03125,31994.7,18.1196,35.3,3288.4
S2,light/none,online_adaptive,9,0.0345204,0.03125,32473.6,17.6415,35.2,2644.5
S2,light/none,online_adaptive,10,0.0478147,0.046875,24176.7,23.5386,52.6,5049.7
S2,light/none,online_adaptive,11,0.0363187,0.03125,31719.2,17.6016,35,2817.1
S2,light/none,online_adaptive,12,0.0369995,0.03125,30703.1,18.3713,35.9,3235.2
S2,light/none,online_adaptive,13,0.0471259,0.03125,24360.3,24.4572,45.4,7999.9
S2,light/none,online_adaptive,14,0.0422756,0.046875,27510,19.985,45.7,2814.5
S2,light/none,online_adaptive,15,0.0473349,0.046875,24083.7,17.9786,36.2,2676.6
S2,light/none,online_adaptive,16,0.0392415,0.046875,29280.2,19.3993,37.1,2749.4
S2,light/none,online_adaptive,17,0.0404946,0.046875,28176.6,20.0416,35.8,3225.4
S2,light/none,online_adaptive,18,0.0482793,0.03125,23633.3,23.2558,55.6,2527.4
S2,light/none,online_adaptive,19,0.037687,0.03125,30169.6,18.6869,35.9,3577
S2,light/none,online_adaptive,20,0.0347264,0.03125,32914.4,17.3282,35.2,2971.1
S2,light/none,online_eb,1,0.0590242,0.046875,19636,33.5786,74.9,3744.5
S2,light/none,online_eb,2,0.0515825,0.0625,22294.4,29.6883,61.3,4147
S2,light/none,online_eb,3,0.0548609,0.0625,20542.9,33.465,87.1,3773.6
S2,light/none,online_eb,4,0.0499132,0.0625,23040,28.0166,62.3,3650.3
S2,light/none,online_eb,5,0.057153,0.03125,19806.5,34.8438,70.5,3794.5
S2,light/none,online_eb,6,0.0495308,0.046875,23116.9,29.6064,65.4,3538.4
S2,light/none,online_eb,7,0.0622156,0.046875,18612.7,36.4225,95.5,5228.7
S2,light/none,online_eb,8,0.0471029,0.046875,24520.8,27.2087,60.9,3600.9
S2,light/none,online_eb,9,0.0482898,0.046875,23255.4,29.2394,61.6,4295.5
S2,light/none,online_eb,10,0.0565645,0.0625,20454.5,32.9195,83.9,5424.9
S2,light/none,online_eb,11,0.0528225,0.03125,21884.6,30.3007,66.6,3785.2
S2,light/none,online_eb,12,0.0498186,0.046875,22963.3,28.9746,64.2,3906
S2,light/none,online_eb,13,0.0497438,0.0625,22997.8,28.9068,62.3,4090.5
S2,light/none,online_eb,14,0.0641231,0.046875,18074.6,36.8386,89.4,8498.1
S2,light/none,online_eb,15,0.0561145,0.0625,20636.4,32.7471,74.4,3808.3
S2,light/none,online_eb,16,0.0576384,0.046875,19813.2,33.8609,81.7,4162.8
S2,light/none,online_eb,17,0.0540539,0.0625,21053.1,32.9822,77.1,3688
S2,light/none,online_eb,18,0.0547925,0.046875,20970,30.6855,62.9,3516
S2,light/none,online_eb,19,0.0632141,0.0625,17828.3,40.8697,70.4,14197.7
S2,light/none,online_eb,20,0.0464212,0.046875,24493.1,27.1214,63.1,3628.3
S2,light/none,oracle_lpt,1,0.04193,0.046875,28142.1,20.3486,47.6,3673.6
S2,light/none,oracle_lpt,2,0.0365072,0.046875,32404.6,17.6017,31.7,3289.9
S2,light/none,oracle_lpt,3,0.0381861,0.03125,30377.5,18.7437,34.7,3584
S2,light/none,oracle_lpt,4,0.040212,0.03125,29866.7,18.6845,32.3,3283.2
S2,light/none,oracle_lpt,5,0.0379385,0.03125,30654.9,18.4701,33.3,3420.1
S2,light/none,oracle_lpt,6,0.0370777,0.03125,31986.9,17.7038,32.3,3295.7
S2,light/none,oracle_lpt,7,0.0548115,0.046875,21400.6,26.6668,50.9,5046
S2,light/none,oracle_lpt,8,0.0367334,0.046875,32150.6,17.5395,31.7,3342.8
S2,light/none,oracle_lpt,9,0.0359221,0.03125,32932.4,17.2827,32.1,3347.6
S2,light/none,oracle_lpt,10,0.0412749,0.046875,28491.9,19.6786,34.5,3454.8
S2,light/none,oracle_lpt,11,0.0360367,0.03125,32411.4,17.5258,32.6,3194.7
S2,light/none,oracle_lpt,12,0.0380203,0.03125,30694.1,18.4566,33.9,3363.7
S2,light/none,oracle_lpt,13,0.0392174,0.03125,30267.2,18.6676,33.1,3619.5
S2,light/none,oracle_lpt,14,0.045566,0.046875,25786.8,22.2528,55.2,4288.7
S2,light/none,oracle_lpt,15,0.0369806,0.046875,31665.3,17.8785,33.1,3363.5
S2,light/none,oracle_lpt,16,0.0370622,0.046875,32027.2,17.8411,33,3297.6
S2,light/none,oracle_lpt,17,0.0357433,0.03125,32509.6,17.5701,31.4,3681.6
S2,light/none,oracle_lpt,18,0.045746,0.046875,25641.6,21.8637,48.6,3742.9
S2,light/none,oracle_lpt,19,0.0406986,0.046875,29018.2,19.7513,46.2,3493.8
S2,light/none,oracle_lpt,20,0.0389902,0.046875,29776.7,19.2716,43.7,3344.8
S2,light/none,reference,1,0.0214391,0.015625,47110.2,8.79861,8.6,803.8
S2,light/none,reference,2,0.024476,0.015625,41510.1,9.71398,12.1,1050.7
S2,light/none,reference,3,0.0204774,0.015625,49908.7,8.46487,8.2,758.4
S2,light/none,reference,4,0.0208945,0.03125,49151.7,8.55161,8.3,776.3
S2,light/none,reference,5,0.021849,0.015625,46455.2,8.88542,9.8,799.8
S2,light/none,reference,6,0.0217269,0.03125,47222.6,9.23236,8.4,1363.5
S2,light/none,reference,7,0.0249622,0.03125,40901.8,10.3731,8.8,1496.8
S2,light/none,reference,8,0.0319492,0.03125,31644,12.8007,13.8,1293.6
S2,light/none,reference,9,0.0215344,0.015625,47412.5,8.69461,8.4,805.2
S2,light/none,reference,10,0.0237301,0.015625,43109.8,9.39638,8.3,966
S2,light/none,reference,11,0.0234052,0.015625,43580.1,9.06559,9.1,780.7
S2,light/none,reference,12,0.020764,0.03125,48834.5,8.3715,8.2,751.6
S2,light/none,reference,13,0.0226647,0.03125,45092.1,9.81448,8.6,1699.2
S2,light/none,reference,14,0.0210712,0.015625,48692.1,8.61004,8.4,792.6
S2,light/none,reference,15,0.0216897,0.015625,47119.1,8.87935,8.9,883.5
S2,light/none,reference,16,0.0209438,0.03125,48319.8,8.57283,8.6,770.3
S2,light/none,reference,17,0.0212813,0.015625,48305.3,8.59621,8.4,786.9
S2,light/none,reference,18,0.0209466,0.015625,49315.9,8.55586,10.5,760.7
S2,light/none,reference,19,0.0204292,0.015625,49634.8,8.42249,8.3,764.6
S2,light/none,reference,20,0.0263785,0.03125,38440.4,10.2281,13.4,828.8
S3,eta0,best_s2+carry,1,1.57252,1.54688,22090,21.8278,46.1,9790.7
S3,eta0,best_s2+carry,2,1.70392,1.64062,20390.7,23.7501,47.5,39728.5
S3,eta0,best_s2+carry,3,1.52032,1.4375,22934.6,20.6543,44.2,10020.7
S3,eta0,best_s2+carry,4,1.54648,1.46875,22518.2,21.5192,44.6,35088.4
S3,eta0,best_s2+carry,5,1.54973,1.51562,22421.4,21.6094,43.9,50256.3
S3,eta0,best_s2+carry,6,1.55028,1.53125,22390.8,21.8448,44.5,37776.7
S3,eta0,best_s2+carry,7,1.56083,1.51562,22363.8,21.4914,42.5,38208.3
S3,eta0,best_s2+carry,8,1.45645,1.42188,23810.7,21.1636,43.6,37119.7
S3,eta0,best_s2+carry,9,1.69201,1.64062,20577.3,24.0905,47.1,49418.3
S3,eta0,best_s2+carry,10,1.60925,1.57812,21613.8,22.2052,44.6,53749.4
S3,eta0,best_s2+carry,11,1.47209,1.46875,23675.8,19.5254,41.9,13432.1
S3,eta0,best_s2+carry,12,1.96044,1.90625,17768.9,26.559,48.2,10686.3
S3,eta0,best_s2+carry,13,2.35625,2.26562,14753.1,31.7987,53.4,99890.8
S3,eta0,best_s2+carry,14,2.21533,2.17188,15709.6,30.4315,50.2,79618.4
S3,eta0,best_s2+carry,15,2.2186,2.125,15682.4,30.7186,51.7,79852.8
S3,eta0,best_s2+carry,16,2.20368,2.14062,15792.2,30.4745,49.7,82925.1
S3,eta0,best_s2+carry,17,2.28725,2.21875,15241.9,28.6436,51.3,14820.8
S3,eta0,best_s2+carry,18,2.32641,2.23438,14970.2,31.1307,50.8,88567.8
S3,eta0,best_s2+carry,19,2.2291,2.125,15548.9,28.7141,52.8,15374.1
S3,eta0,best_s2+carry,20,2.26324,2.17188,15358.9,31.3488,55.3,89686.9
S3,eta0,best_s2+wait,1,1.20454,1.15625,23316,21.1385,40.2,36907.4
S3,eta0,best_s2+wait,2,1.33011,1.29688,21163.7,22.3158,42.3,46049.7
S3,eta0,best_s2+wait,3,1.30593,1.21875,21495.8,20.8315,41.3,15912.9
S3,eta0,best_s2+wait,4,1.17062,1.15625,24032.6,19.6587,38.2,35229.4
S3,eta0,best_s2+wait,5,1.1881,1.17188,23704.2,19.5984,40.1,10505.1
S3,eta0,best_s2+wait,6,1.25398,1.20312,22423.8,21.0302,40.9,35004.5
S3,eta0,best_s2+wait,7,1.29863,1.25,21650.5,20.3547,40.6,13600
S3,eta0,best_s2+wait,8,1.11305,1.09375,25298.2,17.6839,32.7,9400.4
S3,eta0,best_s2+wait,9,1.38543,1.34375,20315,23.1601,42.6,40933
S3,eta0,best_s2+wait,10,1.33919,1.34375,21005.2,22.1098,41.6,50755.7
S3,eta0,best_s2+wait,11,1.20063,1.20312,23380.2,20.403,38.1,46997.7
S3,eta0,best_s2+wait,12,1.33806,1.29688,20981.1,22.5132,40.5,39959.7
S3,eta0,best_s2+wait,13,1.66981,1.64062,16850.4,26.509,43.4,14521.4
S3,eta0,best_s2+wait,14,1.70472,1.64062,16509.4,26.9297,44.6,14569.7
S3,eta0,best_s2+wait,15,1.74964,1.64062,16071.3,28.6431,42.6,81459.2
S3,eta0,best_s2+wait,16,1.75082,1.67188,16069.7,26.7306,44.1,14834.1
S3,eta0,best_s2+wait,17,1.7327,1.65625,16232.4,26.2091,43.2,14035.1
S3,eta0,best_s2+wait,18,1.76208,1.71875,15951.6,29.2706,44.1,85536.3
S3,eta0,best_s2+wait,19,1.74042,1.64062,16193.2,28.524,43.1,75317.9
S3,eta0,best_s2+wait,20,1.80803,1.71875,15543.4,29.5991,45.1,80365.1
S3,eta0,reference,1,0.853647,0.84375,29309.6,11.7437,13.7,7876.1
S3,eta0,reference,2,0.832882,0.8125,30066.7,11.5938,13.8,8992
S3,eta0,reference,3,0.875719,0.828125,28559.4,11.3123,13.6,7369.7
S3,eta0,reference,4,0.834745,0.8125,29952.8,12.1429,13.6,36264.3
S3,eta0,reference,5,0.850316,0.84375,29370.2,12.3443,13.6,37968
S3,eta0,reference,6,0.85211,0.84375,29417.6,12.1017,13.5,39181.8
S3,eta0,reference,7,0.883957,0.859375,28370.2,11.4498,13.7,7765.1
S3,eta0,reference,8,0.851136,0.859375,29427.7,11.0201,13.4,7804.5
S3,eta0,reference,9,0.764992,0.734375,32728.5,10.2941,13.3,6834.6
S3,eta0,reference,10,0.966135,0.953125,25894.9,13.6738,14.1,44081.8
S3,eta0,reference,11,0.850247,0.828125,29443.2,12.1411,13.4,44197.5
S3,eta0,reference,12,0.850273,0.828125,29414.1,11.0914,13.5,7756.9
S3,eta0,reference,13,1.0259,1,24355.2,13.1951,13.5,8076.2
S3,eta0,reference,14,1.25339,1.23438,19976.2,14.6655,13.7,11117.1
S3,eta0,reference,15,1.27076,1.1875,19692.2,14.8388,13.8,10859.7
S3,eta0,reference,16,1.20147,1.15625,20816.9,14.7338,13.7,11214.3
S3,eta0,reference,17,1.27583,1.20312,19657.7,17.4078,13.7,82041
S3,eta0,reference,18,1.26145,1.25,19861.2,14.4463,13.7,11148.9
S3,eta0,reference,19,1.287,1.23438,19464.6,14.8054,14,11598.9
S3,eta0,reference,20,1.37553,1.34375,18177.7,14.6246,13.9,10772.4
S3,eta1,best_s2+carry,1,2.01511,1.98438,16753,26.3021,56.9,93198.6
S3,eta1,best_s2+carry,2,1.9882,1.9375,17013.4,25.4744,54.5,79699.8
S3,eta1,best_s2+carry,3,2.03705,1.98438,16473.3,25.8796,54.3,86430.2
S3,eta1,best_s2+carry,4,1.99962,1.9375,16865.2,23.9812,56.5,14479.1
S3,eta1,best_s2+carry,5,1.98944,1.90625,16945,23.4142,52.4,14104.3
S3,eta1,best_s2+carry,6,1.98687,1.96875,16827,26.1412,55.9,97717.1
S3,eta1,best_s2+carry,7,2.10967,2.07812,16134.8,23.9134,57.9,14388.6
S3,eta1,best_s2+carry,8,2.04918,1.9375,16657.4,26.2504,56.1,83239.2
S3,eta1,best_s2+carry,9,1.96606,1.85938,17215.7,23.3715,53,15147
S3,eta1,best_s2+carry,10,1.9499,1.9375,17520.9,25.2929,53,84912.2
S3,eta1,best_s2+carry,11,1.97421,1.82812,17314.8,25.3881,52.2,89839
S3,eta1,best_s2+carry,12,1.94479,1.90625,17119,25.4789,53.8,88454.8
S3,eta1,best_s2+carry,13,1.98625,1.96875,16934.4,23.363,54,15666
S3,eta1,best_s2+carry,14,2.00065,1.98438,17005,23.4627,53,13516.8
S3,eta1,best_s2+carry,15,1.98119,1.84375,17101.8,23.4726,53.2,13841.4
S3,eta1,best_s2+carry,16,2.06794,2,16252.9,23.4483,54.3,13565
S3,eta1,best_s2+carry,17,1.95058,1.89062,17531.7,24.6025,48.1,85322.4
S3,eta1,best_s2+carry,18,1.88556,1.8125,17899.2,26.319,48.8,111255
S3,eta1,best_s2+carry,19,1.98467,1.79688,17177.7,25.2827,51.7,87518.5
S3,eta1,best_s2+carry,20,1.91888,1.82812,17536.2,25.0425,49.3,90421.8
S3,eta1,best_s2+wait,1,1.86115,1.75,15691.9,24.93,44.4,14897.5
S3,eta1,best_s2+wait,2,1.75347,1.6875,16691.4,24.6021,43.7,14616.2
S3,eta1,best_s2+wait,3,1.75577,1.70312,16583,27.0195,44.1,87145.9
S3,eta1,best_s2+wait,4,1.71565,1.64062,17001.7,26.5821,43,91622.3
S3,eta1,best_s2+wait,5,1.76697,1.70312,16536.8,24.2346,43.8,13910.6
S3,eta1,best_s2+wait,6,1.74194,1.70312,16780.2,24.1329,43.6,14211.8
S3,eta1,best_s2+wait,7,1.84016,1.8125,15870.3,27.4504,43.5,89919.7
S3,eta1,best_s2+wait,8,1.74237,1.71875,16812.7,26.5474,43.6,83715.5
S3,eta1,best_s2+wait,9,1.75854,1.6875,16666.1,24.2747,43.4,14897.3
S3,eta1,best_s2+wait,10,1.69987,1.6875,17119.6,26.6654,42.7,96233.3
S3,eta1,best_s2+wait,11,1.78949,1.65625,16325.9,27.1435,43,97813.4
S3,eta1,best_s2+wait,12,1.73947,1.625,16743.1,26.8817,42.9,94830.4
S3,eta1,best_s2+wait,13,1.7639,1.70312,16529.3,24.2993,43.6,14674.3
S3,eta1,best_s2+wait,14,1.75,1.70312,16802.3,26.7943,43.6,89303.5
S3,eta1,best_s2+wait,15,1.74897,1.64062,16753.9,24.3665,43.1,14107.7
S3,eta1,best_s2+wait,16,1.85106,1.75,15826,24.2283,43.4,14808
S3,eta1,best_s2+wait,17,1.73074,1.6875,16912.5,23.7205,42.1,15075.9
S3,eta1,best_s2+wait,18,1.69244,1.67188,17301,26.4821,41.7,100058
S3,eta1,best_s2+wait,19,1.72619,1.60938,16987.7,26.4303,42.4,91744.4
S3,eta1,best_s2+wait,20,1.72598,1.5625,16915.6,26.5992,42.2,96286.4
S3,eta1,reference,1,1.36417,1.34375,18973.4,14.9037,14.2,10891.2
S3,eta1,reference,2,1.36743,1.32812,19040.9,15.1148,14.2,11844.1
S3,eta1,reference,3,1.31768,1.21875,19639.1,17.4469,13.9,83066.5
S3,eta1,reference,4,1.34489,1.32812,19341.4,18.0781,14,94393.1
S3,eta1,reference,5,1.32063,1.29688,19605.7,17.6449,13.8,89377.4
S3,eta1,reference,6,1.33358,1.21875,19588.6,18.1974,13.8,103365
S3,eta1,reference,7,1.35164,1.3125,19318.1,17.8803,14,93822.7
S3,eta1,reference,8,1.32763,1.29688,19547.6,17.8803,14,90987.8
S3,eta1,reference,9,1.33238,1.26562,19487.7,17.7522,13.7,90645.6
S3,eta1,reference,10,1.30757,1.26562,19847.4,17.3666,13.5,88494.3
S3,eta1,reference,11,1.29528,1.25,20059.7,17.7044,13.7,93569.5
S3,eta1,reference,12,1.29184,1.20312,20021.1,17.5403,13.6,87739.5
S3,eta1,reference,13,1.31541,1.28125,19698,14.7034,13.8,11003.2
S3,eta1,reference,14,1.32243,1.28125,19688.1,14.8454,13.8,10363.5
S3,eta1,reference,15,1.32024,1.29688,19788.9,14.5849,13.6,10848.9
S3,eta1,reference,16,1.40672,1.29688,18504.7,14.7009,13.7,11324.2
S3,eta1,reference,17,1.35207,1.32812,19296.3,14.733,13.8,10573.4
S3,eta1,reference,18,1.27575,1.28125,20479.7,14.3384,13.4,10795.5
S3,eta1,reference,19,1.31097,1.26562,19807.5,18.1795,13.2,110607
S3,eta1,reference,20,1.29034,1.23438,20165.3,17.414,13.5,91438.6
S3,eta1-interrupt,best_s2+carry,1,2.09887,2.07812,16474.1,26.4012,50.3,14535.8
S3,eta1-interrupt,best_s2+carry,2,2.09734,2.09375,16596.2,28.4926,48.6,94507.6
S3,eta1-interrupt,best_s2+carry,3,2.10121,2,16488.6,28.6361,48.9,83148.3
S3,eta1-interrupt,best_s2+carry,4,2.14777,2.0625,16028.7,29.0594,51.3,95981.6
S3,eta1-interrupt,best_s2+carry,5,2.18686,2.14062,15841.9,29.1146,49,87420.2
S3,eta1-interrupt,best_s2+carry,6,2.09433,2.03125,16494.6,28.9896,49.5,95103.9
S3,eta1-interrupt,best_s2+carry,7,2.0974,2.07812,16548.6,26.1834,47.5,14230.4
S3,eta1-interrupt,best_s2+carry,8,2.11993,2.10938,16396.3,28.9488,49.5,93909.4
S3,eta1-interrupt,best_s2+carry,9,2.12372,2.09375,16286.5,26.6416,49.4,13225.4
S3,eta1-interrupt,best_s2+carry,10,2.12174,2.03125,16435.1,28.4399,48,81955.4
S3,eta1-interrupt,best_s2+carry,11,2.18784,2.15625,15774.5,29.3916,49.3,108104
S3,eta1-interrupt,best_s2+carry,12,2.12226,2.03125,16320.8,28.9401,51.3,86424.1
S3,eta1-interrupt,best_s2+carry,13,2.13582,2.0625,16155.4,29.1607,50.1,90379.5
S3,eta1-interrupt,best_s2+carry,14,2.14652,2.09375,16081.4,29.4179,50.5,105263
S3,eta1-interrupt,best_s2+carry,15,2.1884,2.04688,15837.1,29.2538,50.3,94321.7
S3,eta1-interrupt,best_s2+carry,16,2.23423,2.15625,15441.1,29.7127,52.1,97670.1
S3,eta1-interrupt,best_s2+carry,17,2.15053,2.04688,16103,26.8613,49.9,13361.7
S3,eta1-interrupt,best_s2+carry,18,2.11935,2,16251.2,29.2839,52,101285
S3,eta1-interrupt,best_s2+carry,19,2.19455,2.07812,15820.6,29.8383,54.7,95608.4
S3,eta1-interrupt,best_s2+carry,20,2.18441,2.07812,15955.3,29.2071,51.3,83468.9
S3,eta1-interrupt,best_s2+wait,1,1.7497,1.73438,16697.7,28.297,41.5,91785.7
S3,eta1-interrupt,best_s2+wait,2,1.82618,1.79688,16036.2,25.3642,40.9,13839.3
S3,eta1-interrupt,best_s2+wait,3,1.81548,1.79688,16013.4,25.4426,41.5,13859.1
S3,eta1-interrupt,best_s2+wait,4,1.76611,1.70312,16512.5,25.8768,42.3,12789.8
S3,eta1-interrupt,best_s2+wait,5,1.7555,1.73438,16657.9,28.5086,41.6,93656.9
S3,eta1-interrupt,best_s2+wait,6,1.76127,1.67188,16582.9,28.4632,41.5,95503.4
S3,eta1-interrupt,best_s2+wait,7,1.77153,1.75,16476.2,25.5855,41.7,13262
S3,eta1-interrupt,best_s2+wait,8,1.84814,1.8125,15845.1,28.6042,41.1,102393
S3,eta1-interrupt,best_s2+wait,9,1.87993,1.79688,15558.6,29.1927,41.8,105367
S3,eta1-interrupt,best_s2+wait,10,1.78023,1.71875,16342.9,28.6842,41.8,97166.5
S3,eta1-interrupt,best_s2+wait,11,1.73567,1.67188,16813.1,28.0587,41.5,94027.4
S3,eta1-interrupt,best_s2+wait,12,1.78309,1.76562,16302.6,28.9387,42,98414.9
S3,eta1-interrupt,best_s2+wait,13,1.7759,1.6875,16404.7,25.7616,41.7,14300.3
S3,eta1-interrupt,best_s2+wait,14,1.7878,1.70312,16424.1,26.228,41.9,13789
S3,eta1-interrupt,best_s2+wait,15,1.75389,1.64062,16673.8,25.6153,41.4,13717.3
S3,eta1-interrupt,best_s2+wait,16,1.80427,1.6875,16226,28.8172,42.4,92482.5
S3,eta1-interrupt,best_s2+wait,17,1.81682,1.75,16122.7,26.1387,42.4,13843.5
S3,eta1-interrupt,best_s2+wait,18,1.78832,1.73438,16341.1,28.7126,42.2,85779.1
S3,eta1-interrupt,best_s2+wait,19,1.92714,1.8125,15187.3,30.4799,42.5,119809
S3,eta1-interrupt,best_s2+wait,20,1.86072,1.73438,15655.8,30.0662,43.7,97426.9
S3,eta1-interrupt,reference,1,1.25454,1.25,20623.5,14.1474,13.4,9839.6
S3,eta1-interrupt,reference,2,1.35039,1.35938,19270,14.1887,13.3,10246.8
S3,eta1-interrupt,reference,3,1.26595,1.26562,20456.5,14.1021,13.3,10037.2
S3,eta1-interrupt,reference,4,1.30088,1.25,19989.5,14.2273,13.5,10243.1
S3,eta1-interrupt,reference,5,1.29126,1.26562,20043.2,14.3201,13.5,10061.6
S3,eta1-interrupt,reference,6,1.27615,1.1875,20460,17.1358,13.3,91552
S3,eta1-interrupt,reference,7,1.30062,1.29688,20059.7,17.1335,13.4,85156.9
S3,eta1-interrupt,reference,8,1.27636,1.21875,20314.1,17.5136,13.3,98114.7
S3,eta1-interrupt,reference,9,1.27198,1.25,20403.6,17.2331,13.3,86707.4
S3,eta1-interrupt,reference,10,1.31144,1.26562,19786.7,17.718,13.6,94824.9
S3,eta1-interrupt,reference,11,1.26447,1.1875,20554,16.986,13.3,84697.1
S3,eta1-interrupt,reference,12,1.25132,1.25,20665.4,16.8606,13.1,83459.8
S3,eta1-interrupt,reference,13,1.32364,1.26562,19550.6,14.6713,13.5,11042
S3,eta1-interrupt,reference,14,1.28206,1.23438,20310.3,14.2329,13.3,9717.7
S3,eta1-interrupt,reference,15,1.31678,1.26562,19843.1,14.3837,13.4,11447.7
S3,eta1-interrupt,reference,16,1.28145,1.23438,20321.5,14.4126,13.3,11399.9
S3,eta1-interrupt,reference,17,1.3189,1.26562,19766.4,14.5914,13.4,10522.5
S3,eta1-interrupt,reference,18,1.2803,1.1875,20400,14.316,13.2,10438.5
S3,eta1-interrupt,reference,19,1.36977,1.29688,18971.8,14.4722,13.4,10348.5
S3,eta1-interrupt,reference,20,1.36099,1.29688,19101.6,15.1598,13.8,10424.1
S3,eta1-swap,best_s2+carry,1,1.37185,1.375,25273.9,18.9679,41.4,40217
S3,eta1-swap,best_s2+carry,2,1.58472,1.54688,21993.1,22.0727,45.5,52812.9
S3,eta1-swap,best_s2+carry,3,2.04458,1.98438,16881.2,27.4354,55.3,13587.3
S3,eta1-swap,best_s2+carry,4,2.11684,2.125,16351.3,28.9443,49.6,91664.3
S3,eta1-swap,best_s2+carry,5,2.11139,2.0625,16264.2,28.8326,49.2,98655.2
S3,eta1-swap,best_s2+carry,6,2.19363,2.10938,15515.8,29.4341,50.4,88584.9
S3,eta1-swap,best_s2+carry,7,2.12921,2.125,16166.1,29.4069,50.7,106824
S3,eta1-swap,best_s2+carry,8,2.10815,2.09375,16438.1,26.1581,48.2,12881.9
S3,eta1-swap,best_s2+carry,9,2.11592,2.09375,16179.3,26.4857,50,13078.4
S3,eta1-swap,best_s2+carry,10,2.14049,2.0625,16168.3,27.0145,52.4,13874
S3,eta1-swap,best_s2+carry,11,2.11696,2.10938,16444.8,28.6703,49.5,86014.7
S3,eta1-swap,best_s2+carry,12,2.1163,2.04688,16366.3,28.8602,50.3,90640.6
S3,eta1-swap,best_s2+carry,13,2.08588,2.0625,16670.7,28.3075,48.1,89625.8
S3,eta1-swap,best_s2+carry,14,2.16478,2.125,15995.6,28.9144,48.5,97059.4
S3,eta1-swap,best_s2+carry,15,2.19496,2.1875,15816.3,26.228,48.6,13796.9
S3,eta1-swap,best_s2+carry,16,2.11657,2.09375,16428.5,28.6303,48.4,95764.6
S3,eta1-swap,best_s2+carry,17,2.12525,2.07812,16250.8,29.2168,52,94446.5
S3,eta1-swap,best_s2+carry,18,2.11607,2.10938,16441.8,28.921,49.3,97533.3
S3,eta1-swap,best_s2+carry,19,2.15076,2.125,16260.3,28.8727,49.2,86251.4
S3,eta1-swap,best_s2+carry,20,2.08514,2.0625,16635.3,26.0527,49.4,13795.2
S3,eta1-swap,best_s2+wait,1,1.22938,1.21875,23715.1,19.2124,34.8,46458.2
S3,eta1-swap,best_s2+wait,2,1.17178,1.17188,24934.8,19.1202,34.5,59961.9
S3,eta1-swap,best_s2+wait,3,1.58333,1.5625,18323.4,26.5715,42.9,52438.4
S3,eta1-swap,best_s2+wait,4,1.83632,1.8125,15849.7,29.0252,41.9,107391
S3,eta1-swap,best_s2+wait,5,1.75404,1.75,16633.6,25.5009,41.8,13448
S3,eta1-swap,best_s2+wait,6,1.79226,1.73438,16271.6,28.8805,42.5,90996.6
S3,eta1-swap,best_s2+wait,7,1.90513,1.85938,15291.8,29.838,42.5,110263
S3,eta1-swap,best_s2+wait,8,1.88148,1.85938,15524,25.6021,41.5,14253.5
S3,eta1-swap,best_s2+wait,9,1.78283,1.78125,16375.6,28.3912,41.8,88472.1
S3,eta1-swap,best_s2+wait,10,1.80178,1.73438,16124.6,29.1831,42.7,103984
S3,eta1-swap,best_s2+wait,11,1.79366,1.75,16247.2,28.9167,41.9,101738
S3,eta1-swap,best_s2+wait,12,1.84921,1.79688,15690.5,25.8021,41.8,13555.4
S3,eta1-swap,best_s2+wait,13,1.7465,1.64062,16637.8,25.4086,41.3,13593.7
S3,eta1-swap,best_s2+wait,14,1.74455,1.6875,16797.4,25.2131,40.8,13718.7
S3,eta1-swap,best_s2+wait,15,1.75543,1.71875,16627.3,28.1131,41.2,95160.8
S3,eta1-swap,best_s2+wait,16,1.75544,1.73438,16637.4,28.2789,41.6,82993.5
S3,eta1-swap,best_s2+wait,17,1.81536,1.78125,16093.2,26.0648,42.7,13631.5
S3,eta1-swap,best_s2+wait,18,1.90565,1.90625,15303.4,29.2426,42.3,104171
S3,eta1-swap,best_s2+wait,19,1.75645,1.73438,16626.2,28.3699,41.2,94720.6
S3,eta1-swap,best_s2+wait,20,1.76689,1.76562,16461.1,28.286,41.5,93641
S3,eta1-swap,reference,1,0.847144,0.84375,30471.8,12.1878,13.2,55427.8
S3,eta1-swap,reference,2,0.875969,0.875,29643.8,12.6701,13.3,62497.4
S3,eta1-swap,reference,3,0.996638,1,25909.1,14.2381,13.4,52622.4
S3,eta1-swap,reference,4,1.36106,1.34375,19065.2,14.6215,13.7,11055
S3,eta1-swap,reference,5,1.2012,1.1875,21487.8,14.318,13.5,10155.1
S3,eta1-swap,reference,6,1.31608,1.28125,19802,14.4184,13.5,10228.1
S3,eta1-swap,reference,7,1.33325,1.32812,19528.2,14.4355,13.5,10757.1
S3,eta1-swap,reference,8,1.31574,1.3125,19680.1,14.2249,13.3,13227.3
S3,eta1-swap,reference,9,1.28485,1.29688,20155.7,17.8812,13.3,107201
S3,eta1-swap,reference,10,1.31707,1.3125,19662.6,17.7162,13.6,93969
S3,eta1-swap,reference,11,1.31569,1.29688,19702.9,18.0307,13.4,101235
S3,eta1-swap,reference,12,1.29912,1.28125,19853.4,17.5511,13.5,94159.9
S3,eta1-swap,reference,13,1.28873,1.23438,20041.4,17.4725,13.3,97956.5
S3,eta1-swap,reference,14,1.25882,1.25,20640,17.1783,13.1,91184.2
S3,eta1-swap,reference,15,1.28058,1.25,20352.5,17.439,13.4,93785.2
S3,eta1-swap,reference,16,1.26167,1.21875,20587,17.2265,13.2,91609
S3,eta1-swap,reference,17,1.28553,1.26562,20246.2,14.2237,13.4,10307.3
S3,eta1-swap,reference,18,1.32062,1.3125,19724.8,14.5745,13.8,10888.8
S3,eta1-swap,reference,19,1.27886,1.21875,20268,14.2847,13.3,10300.6
S3,eta1-swap,reference,20,1.25357,1.25,20705.7,14.1154,13.3,9733.6
S3,eta2,best_s2+carry,1,2.00979,1.96875,15569.3,30.2401,67.4,94771
S3,eta2,best_s2+carry,2,2.00864,1.95312,15272.5,27.6243,67.1,14075.1
S3,eta2,best_s2+carry,3,1.97837,1.9375,15440,29.7031,63.7,100509
S3,eta2,best_s2+carry,4,1.95858,1.95312,15585.8,27.0787,64.2,13624.2
S3,eta2,best_s2+carry,5,1.9767,1.92188,15654.9,27.1372,64.1,14654.8
S3,eta2,best_s2+carry,6,2.09064,2.0625,14748.1,30.591,65.5,100484
S3,eta2,best_s2+carry,7,2.04777,2.03125,15204.9,30.4878,67.7,80493.7
S3,eta2,best_s2+carry,8,2.11205,2.09375,14696.2,30.6033,64,106068
S3,eta2,best_s2+carry,9,2.01039,1.9375,15141.9,30.4668,65.7,100282
S3,eta2,best_s2+carry,10,2.00419,1.92188,15334.9,27.3901,65.7,13939.8
S3,eta2,best_s2+carry,11,1.98302,1.875,15538.9,29.9433,61.4,100031
S3,eta2,best_s2+carry,12,1.97641,1.82812,15640.5,29.5126,63.8,87538
S3,eta2,best_s2+carry,13,1.98198,1.95312,15555.7,29.9123,65.3,90717.7
S3,eta2,best_s2+carry,14,1.99357,1.95312,15590.6,29.8662,65.6,86841
S3,eta2,best_s2+carry,15,1.97696,1.98438,15527.8,29.779,65.9,99426.4
S3,eta2,best_s2+carry,16,1.98457,1.96875,15463.3,27.3236,66.6,13507.5
S3,eta2,best_s2+carry,17,2.06619,2.01562,14952.1,31.0948,68.5,110809
S3,eta2,best_s2+carry,18,2.01263,1.9375,15425.1,27.2797,63.6,14964.5
S3,eta2,best_s2+carry,19,1.97678,1.95312,15473.6,27.2191,64.2,13770.7
S3,eta2,best_s2+carry,20,1.96112,1.90625,15573.8,26.8029,65.6,13716.3
S3,eta2,best_s2+wait,1,1.7065,1.6875,17113.9,26.5036,42,94769.8
S3,eta2,best_s2+wait,2,1.72348,1.70312,16981.9,26.843,42.5,101967
S3,eta2,best_s2+wait,3,1.71303,1.67188,16996.8,23.9365,43.3,12956.8
S3,eta2,best_s2+wait,4,1.71236,1.67188,17034.4,26.4782,42.2,96501
S3,eta2,best_s2+wait,5,1.71013,1.67188,17086.4,23.5571,42.5,13642.7
S3,eta2,best_s2+wait,6,1.77944,1.70312,16426.5,23.4866,42.5,14989.3
S3,eta2,best_s2+wait,7,1.72907,1.71875,16890,23.7477,42.7,14681.6
S3,eta2,best_s2+wait,8,1.75576,1.70312,16684.5,23.6104,42.5,14402.6
S3,eta2,best_s2+wait,9,1.75381,1.70312,16711,23.7181,42.9,14054.1
S3,eta2,best_s2+wait,10,1.77099,1.6875,16432.1,24.0423,43.6,15084.7
S3,eta2,best_s2+wait,11,1.7358,1.65625,16830.9,26.5073,42.9,93581.8
S3,eta2,best_s2+wait,12,1.69777,1.60938,17154.3,26.2492,42.2,95808.3
S3,eta2,best_s2+wait,13,1.79932,1.76562,16203.9,26.7763,41.7,100605
S3,eta2,best_s2+wait,14,1.71383,1.71875,17156.8,26.2919,42,101069
S3,eta2,best_s2+wait,15,1.72145,1.71875,17021.7,23.4489,41.8,13490.6
S3,eta2,best_s2+wait,16,1.70011,1.6875,17231.3,26.2582,42,99497.2
S3,eta2,best_s2+wait,17,1.72928,1.71875,16926.7,26.3518,42.7,91772.5
S3,eta2,best_s2+wait,18,1.74607,1.70312,16769.6,23.8082,43.7,13994.7
S3,eta2,best_s2+wait,19,1.70872,1.70312,17161.4,26.2784,42,95497.5
S3,eta2,best_s2+wait,20,1.71342,1.64062,17039.6,23.6569,42.5,13917.2
S3,eta2,reference,1,1.30218,1.29688,19876.7,17.8417,13.5,102471
S3,eta2,reference,2,1.2954,1.29688,20099.6,14.4356,13.6,10240.8
S3,eta2,reference,3,1.30598,1.23438,19815,17.6336,13.8,90773
S3,eta2,reference,4,1.29189,1.26562,20134.8,14.1626,13.5,10989.9
S3,eta2,reference,5,1.30899,1.3125,19780.1,17.7211,13.7,95914.1
S3,eta2,reference,6,1.29767,1.25,20130.7,17.4065,13.6,91800.3
S3,eta2,reference,7,1.32811,1.32812,19660.3,14.5747,14.1,10893.1
S3,eta2,reference,8,1.34667,1.3125,19271.2,14.7012,14,10645.1
S3,eta2,reference,9,1.31346,1.3125,19768.5,17.8143,13.6,101112
S3,eta2,reference,10,1.33501,1.28125,19439.6,17.7508,13.8,95609.5
S3,eta2,reference,11,1.34297,1.23438,19347.4,17.8726,13.7,101174
S3,eta2,reference,12,1.27972,1.25,20210.7,14.3118,13.5,11439.8
S3,eta2,reference,13,1.31682,1.26562,19677,17.3594,13.4,92269.1
S3,eta2,reference,14,1.30513,1.29688,19949,17.5957,13.5,97017.9
S3,eta2,reference,15,1.31317,1.3125,19895.4,17.5378,13.5,95495.1
S3,eta2,reference,16,1.2823,1.28125,20300.3,17.0258,13.4,84259.4
S3,eta2,reference,17,1.3288,1.3125,19634.3,18.1598,13.9,106109
S3,eta2,reference,18,1.3279,1.3125,19675.4,14.4672,13.8,10189.3
S3,eta2,reference,19,1.26884,1.28125,20465.2,14.2766,13.5,10741.9
S3,eta2,reference,20,1.37331,1.34375,18947,14.3134,13.4,10774.3
S3,eta4,best_s2+carry,1,2.0941,2.07812,14749.1,30.8322,67.2,97247.7
S3,eta4,best_s2+carry,2,2.02969,1.98438,15097.9,30.7082,67.7,92968.5
S3,eta4,best_s2+carry,3,2.05574,2,14795.2,30.3931,65.1,96036.4
S3,eta4,best_s2+carry,4,1.95491,1.89062,15522.4,29.1769,65.4,96368.3
S3,eta4,best_s2+carry,5,2.04635,1.90625,14870.9,30.7961,69.9,102816
S3,eta4,best_s2+carry,6,2.05858,2,14951.1,30.8497,65.8,101074
S3,eta4,best_s2+carry,7,2.03106,1.98438,15157.6,30.4613,66.3,97615.9
S3,eta4,best_s2+carry,8,1.9977,2,15485.3,27.3567,64.8,13520
S3,eta4,best_s2+carry,9,1.93864,1.9375,15672.3,29.7902,62.4,99251.5
S3,eta4,best_s2+carry,10,1.9392,1.89062,15671.9,29.8215,65.1,93502.6
S3,eta4,best_s2+carry,11,2.04212,2.03125,15010.8,31.0849,69,97952.6
S3,eta4,best_s2+carry,12,2.17426,2.10938,14023.6,31.7373,71.2,107636
S3,eta4,best_s2+carry,13,2.09372,2,14644.3,28.907,71.3,14149.3
S3,eta4,best_s2+carry,14,2.03356,2.01562,15261.9,30.5132,66.7,97518.6
S3,eta4,best_s2+carry,15,1.6896,1.64062,18299.6,22.4966,55,15225.5
S3,eta4,best_s2+carry,16,1.48009,1.39062,20596.7,22.9842,53.4,61453.5
S3,eta4,best_s2+carry,17,1.4509,1.4375,21316.4,21.7731,51.5,48701.3
S3,eta4,best_s2+carry,18,1.31773,1.3125,23430.5,18.9967,49.4,10655.7
S3,eta4,best_s2+carry,19,1.38659,1.39062,21911.3,21.2898,51.8,52502.7
S3,eta4,best_s2+carry,20,1.39924,1.39062,21805.4,21.2868,50.6,68189.8
S3,eta4,best_s2+wait,1,1.72522,1.71875,16928.3,23.866,42.1,14613.7
S3,eta4,best_s2+wait,2,1.75434,1.71875,16683.2,24.0209,43,14377.2
S3,eta4,best_s2+wait,3,1.73953,1.67188,16737.9,26.8089,43,93295.1
S3,eta4,best_s2+wait,4,1.73646,1.6875,16798,26.6172,42.7,93553.2
S3,eta4,best_s2+wait,5,1.86364,1.75,15679,24.3896,43.1,13255.8
S3,eta4,best_s2+wait,6,1.82332,1.70312,16031.2,24.6922,43.2,14426.6
S3,eta4,best_s2+wait,7,1.76538,1.73438,16542.6,26.8948,42.3,101270
S3,eta4,best_s2+wait,8,1.73132,1.6875,16920,26.6433,41.7,110385
S3,eta4,best_s2+wait,9,1.68001,1.65625,17445.1,25.8428,41.6,90677.5
S3,eta4,best_s2+wait,10,1.69745,1.60938,17144,26.1624,42.1,91397.7
S3,eta4,best_s2+wait,11,1.71942,1.6875,16991.2,23.84,42.4,14512.8
S3,eta4,best_s2+wait,12,1.78531,1.71875,16313.1,24.826,44.5,15062.4
S3,eta4,best_s2+wait,13,1.84377,1.73438,15813.3,28.2102,45.4,105295
S3,eta4,best_s2+wait,14,1.7883,1.75,16442.4,27.0831,42.8,108758
S3,eta4,best_s2+wait,15,1.60645,1.60938,18240.2,21.832,41.5,15652.7
S3,eta4,best_s2+wait,16,1.25984,1.20312,23253,17.6006,38.7,14887.2
S3,eta4,best_s2+wait,17,1.25531,1.21875,23317.8,17.9369,39.8,9498.8
S3,eta4,best_s2+wait,18,1.11678,1.10938,26219.2,17.4598,36.2,52729.9
S3,eta4,best_s2+wait,19,1.12289,1.125,26114.7,17.4238,35.2,53938
S3,eta4,best_s2+wait,20,1.31721,1.29688,22165,17.9029,39.7,11764.6
S3,eta4,reference,1,1.29873,1.25,19929.4,14.4721,13.6,10695.5
S3,eta4,reference,2,1.31018,1.3125,19872.9,14.4821,13.6,10990.5
S3,eta4,reference,3,1.28616,1.25,20120.4,14.3963,13.5,10573.1
S3,eta4,reference,4,1.29744,1.26562,20048.7,14.44,13.5,11135.8
S3,eta4,reference,5,1.32056,1.25,19606.9,14.3595,13.5,10303.3
S3,eta4,reference,6,1.3875,1.32812,18827.4,18.4879,13.7,104108
S3,eta4,reference,7,1.33906,1.28125,19499.5,17.7508,13.5,98178.9
S3,eta4,reference,8,1.30909,1.28125,19824.4,17.4489,13.3,90065.6
S3,eta4,reference,9,1.28498,1.28125,20206.5,17.5456,13.3,95919.8
S3,eta4,reference,10,1.27354,1.26562,20377.8,14.2493,13.4,10039.4
S3,eta4,reference,11,1.2925,1.29688,20102.8,17.6358,13.4,93575
S3,eta4,reference,12,1.34175,1.29688,19276.3,18.0588,13.8,95928
S3,eta4,reference,13,1.40018,1.375,18505.5,18.6612,14.4,101505
S3,eta4,reference,14,1.37982,1.29688,18869.1,14.9055,13.9,11435
S3,eta4,reference,15,1.25614,1.25,20798.6,13.9115,13.5,10328.5
S3,eta4,reference,16,0.959132,0.96875,27140.2,11.4753,13.7,7372.3
S3,eta4,reference,17,0.904082,0.90625,28858,10.8801,13.4,8317.8
S3,eta4,reference,18,0.864648,0.875,30216.9,10.6104,13.4,7032.2
S3,eta4,reference,19,0.794865,0.78125,32668.4,9.71835,12.4,6827.4
S3,eta4,reference,20,0.954356,0.9375,27264.5,11.609,13.4,10820.2
S4,eta2,best_s2+abort(1.25),1,1.96353,1.90625,17278.6,25.2941,48.1,77409
S4,eta2,best_s2+abort(1.25),2,1.91433,1.90625,17736.8,24.8535,46.4,93101.5
S4,eta2,best_s2+abort(1.25),3,1.9055,1.89062,17817.9,24.714,45.4,93100.6
S4,eta2,best_s2+abort(1.25),4,1.94791,1.9375,17598.3,24.9008,47.2,93766.2
S4,eta2,best_s2+abort(1.25),5,1.99245,1.9375,17113.6,22.2869,46.2,12752.7
S4,eta2,best_s2+abort(1.25),6,1.91839,1.90625,17734.6,24.5737,46.7,90473.2
S4,eta2,best_s2+abort(1.25),7,1.88673,1.89062,18221.5,21.7222,45.1,12956.1
S4,eta2,best_s2+abort(1.25),8,1.91067,1.84375,17909.4,24.4454,45,92288
S4,eta2,best_s2+abort(1.25),9,1.88288,1.85938,18172.1,21.7676,44.9,13357.7
S4,eta2,best_s2+abort(1.25),10,2.03154,1.9375,16864,25.6812,50.7,90921
S4,eta2,best_s2+abort(1.25),11,1.39496,1.39062,24435.2,16.5672,43.6,11170.1
S4,eta2,best_s2+abort(1.25),12,1.34926,1.32812,25133.1,16.3927,43,13315.7
S4,eta2,best_s2+abort(1.25),13,1.38303,1.375,24644.5,18.313,43.3,64847.5
S4,eta2,best_s2+abort(1.25),14,1.34935,1.35938,25123.9,16.5201,43.1,12701.8
S4,eta2,best_s2+abort(1.25),15,1.35806,1.34375,25232.4,16.0256,41.5,13480.1
S4,eta2,best_s2+abort(1.25),16,1.36943,1.32812,25068.9,17.6926,42.7,54900.1
S4,eta2,best_s2+abort(1.25),17,1.39819,1.39062,24338.6,18.5145,43.9,65553.9
S4,eta2,best_s2+abort(1.25),18,1.41196,1.375,24114,18.5063,43,57536.6
S4,eta2,best_s2+abort(1.25),19,1.36196,1.35938,25030.8,17.5374,43.4,44763.1
S4,eta2,best_s2+abort(1.25),20,1.4249,1.40625,24010.7,18.4165,43.6,64417.2
S4,eta2,best_s2+abort(1.5),1,1.99106,1.89062,17510.8,22.5416,47.7,13677.5
S4,eta2,best_s2+abort(1.5),2,1.96319,1.90625,17874.4,22.4284,47.5,13249.8
S4,eta2,best_s2+abort(1.5),3,1.97336,1.96875,17715.4,22.5962,48,13336
S4,eta2,best_s2+abort(1.5),4,2.07036,2.01562,17084,23.4172,51,15007.2
S4,eta2,best_s2+abort(1.5),5,2.02189,2,17368.9,25.5942,48.5,98857
S4,eta2,best_s2+abort(1.5),6,1.96907,1.9375,17650.5,24.9032,48.2,99774.6
S4,eta2,best_s2+abort(1.5),7,1.976,1.89062,17817.3,24.7027,47.5,96671.9
S4,eta2,best_s2+abort(1.5),8,1.99966,1.9375,17713.5,24.6716,48.1,87956.8
S4,eta2,best_s2+abort(1.5),9,1.9532,1.82812,17937.7,22.3166,47.2,13717.7
S4,eta2,best_s2+abort(1.5),10,2.23584,2.17188,15678.7,26.8088,52.8,105760
S4,eta2,best_s2+abort(1.5),11,1.39625,1.39062,25383.7,17.5545,42,55638.6
S4,eta2,best_s2+abort(1.5),12,1.44207,1.40625,24387.9,18.1937,44.3,58961.3
S4,eta2,best_s2+abort(1.5),13,1.45131,1.42188,24335.2,18.4376,44.8,61220.4
S4,eta2,best_s2+abort(1.5),14,1.38263,1.35938,25294.6,17.7116,43.7,62393.9
S4,eta2,best_s2+abort(1.5),15,1.42626,1.40625,24556.5,17.0865,44.9,11220.5
S4,eta2,best_s2+abort(1.5),16,1.47726,1.46875,23561.8,18.781,45.2,61198.3
S4,eta2,best_s2+abort(1.5),17,1.47981,1.46875,23684.2,17.5672,45.9,13434.6
S4,eta2,best_s2+abort(1.5),18,1.43207,1.4375,24422,18.2205,43.8,43684.9
S4,eta2,best_s2+abort(1.5),19,1.43916,1.4375,24460.9,17.0382,45.8,8899.3
S4,eta2,best_s2+abort(1.5),20,1.4611,1.40625,23921.6,18.8523,46,59298.6
S4,eta2,best_s2+abort(2),1,2.01977,1.98438,17578.7,25.3596,50.2,101665
S4,eta2,best_s2+abort(2),2,1.98083,1.96875,17852.6,23.0365,50.6,13039.8
S4,eta2,best_s2+abort(2),3,2.04213,2.01562,17250.6,25.8381,51.5,104888
S4,eta2,best_s2+abort(2),4,2.0711,1.96875,17172,23.2399,51.3,14004.5
S4,eta2,best_s2+abort(2),5,2.02336,2.01562,17492.7,22.9769,50.3,14802.6
S4,eta2,best_s2+abort(2),6,1.99089,1.98438,17686.1,25.0385,50.6,92629.8
S4,eta2,best_s2+abort(2),7,2.17722,2.14062,16680.4,26.3036,51.2,111749
S4,eta2,best_s2+abort(2),8,2.04122,1.98438,17448.9,25.5803,49.8,92606.5
S4,eta2,best_s2+abort(2),9,2.12151,2.0625,16819.2,25.7984,50.2,96289
S4,eta2,best_s2+abort(2),10,2.10814,2,16646.9,26.0736,54.4,100296
S4,eta2,best_s2+abort(2),11,1.45404,1.42188,24215.2,16.9121,44.2,11356
S4,eta2,best_s2+abort(2),12,1.4926,1.48438,23743.1,18.0578,44.4,50484.7
S4,eta2,best_s2+abort(2),13,1.47241,1.46875,24370.3,18.4375,46,65471.2
S4,eta2,best_s2+abort(2),14,1.47186,1.45312,23694.4,18.2825,44.8,54905.5
S4,eta2,best_s2+abort(2),15,1.53883,1.51562,22916.8,19.5887,46.2,64773.7
S4,eta2,best_s2+abort(2),16,1.49108,1.48438,23845.1,17.3077,46.4,11564.7
S4,eta2,best_s2+abort(2),17,1.51265,1.4375,23561.3,18.9284,45.7,67121.1
S4,eta2,best_s2+abort(2),18,1.53065,1.53125,23043.2,18.2604,46.7,13477.9
S4,eta2,best_s2+abort(2),19,1.44665,1.4375,24423.3,18.2407,45,44759.6
S4,eta2,best_s2+abort(2),20,1.55059,1.51562,23078.9,19.7752,46.2,92596.2
S4,eta2,best_s2+carry(1.25),1,1.70454,1.60938,16783.4,22.6557,47.9,14068
S4,eta2,best_s2+carry(1.25),2,1.67572,1.65625,17035.7,25.1034,46.2,87861.7
S4,eta2,best_s2+carry(1.25),3,1.64714,1.64062,17372,21.7999,45.2,13932.1
S4,eta2,best_s2+carry(1.25),4,1.6356,1.59375,17165.5,21.795,45.5,14025.2
S4,eta2,best_s2+carry(1.25),5,1.6365,1.60938,17253.9,24.7671,45,107025
S4,eta2,best_s2+carry(1.25),6,1.65758,1.60938,17167.2,24.9935,47.1,90745.3
S4,eta2,best_s2+carry(1.25),7,1.60582,1.60938,17746.7,21.6017,44.7,13432.5
S4,eta2,best_s2+carry(1.25),8,1.59861,1.53125,17454.5,21.3787,45,13052.9
S4,eta2,best_s2+carry(1.25),9,1.65282,1.65625,16884.5,24.9081,44.9,87309.1
S4,eta2,best_s2+carry(1.25),10,1.72665,1.67188,16315.4,22.7829,47.5,14304.9
S4,eta2,best_s2+carry(1.25),11,1.20856,1.21875,23280.6,18.452,43.5,63491.2
S4,eta2,best_s2+carry(1.25),12,1.2381,1.21875,22935.9,18.9506,43.6,57938.8
S4,eta2,best_s2+carry(1.25),13,1.09927,1.09375,25517,15.0498,41.1,8726.9
S4,eta2,best_s2+carry(1.25),14,1.13843,1.125,24793.7,17.3837,41.3,60536.4
S4,eta2,best_s2+carry(1.25),15,1.15444,1.07812,24518.3,15.9779,41.8,9448.3
S4,eta2,best_s2+carry(1.25),16,1.25631,1.23438,22844,18.9386,44.7,44227.7
S4,eta2,best_s2+carry(1.25),17,1.2488,1.23438,22561.7,18.9826,43.3,58288.7
S4,eta2,best_s2+carry(1.25),18,1.21435,1.20312,23019.7,18.767,44.6,53115.6
S4,eta2,best_s2+carry(1.25),19,1.18123,1.15625,24007.1,18.3176,43.5,54292
S4,eta2,best_s2+carry(1.25),20,1.26446,1.23438,22469.7,19.452,45.6,72880.8
S4,eta2,best_s2+carry(1.5),1,1.83672,1.76562,15906.6,28.1372,52.2,107308
S4,eta2,best_s2+carry(1.5),2,1.76835,1.75,16431.2,27.1057,49.9,103310
S4,eta2,best_s2+carry(1.5),3,1.77468,1.70312,16329.7,24.4219,50.8,13818.3
S4,eta2,best_s2+carry(1.5),4,1.81386,1.70312,16042.6,25.2425,53.2,14221.1
S4,eta2,best_s2+carry(1.5),5,1.75334,1.75,16814.2,23.4699,50.7,13637.3
S4,eta2,best_s2+carry(1.5),6,1.83076,1.8125,15860.1,24.0466,49.5,13474.9
S4,eta2,best_s2+carry(1.5),7,1.75965,1.75,16603.3,27.3472,50.2,83267.6
S4,eta2,best_s2+carry(1.5),8,1.78022,1.73438,16374.4,27.0623,50.1,89356.6
S4,eta2,best_s2+carry(1.5),9,1.74299,1.73438,16573.3,26.8099,49.4,91447.4
S4,eta2,best_s2+carry(1.5),10,1.91121,1.85938,15218.7,29.5029,61.9,117138
S4,eta2,best_s2+carry(1.5),11,1.2982,1.28125,22995.7,20.0394,46.7,66871.3
S4,eta2,best_s2+carry(1.5),12,1.2795,1.23438,22657.3,18.3267,47.2,8666.6
S4,eta2,best_s2+carry(1.5),13,1.26004,1.23438,23084.9,18.1612,46.4,9264.3
S4,eta2,best_s2+carry(1.5),14,1.27095,1.26562,22997,19.3365,45.6,50842.9
S4,eta2,best_s2+carry(1.5),15,1.28901,1.28125,22639.8,19.9533,47.3,48637.8
S4,eta2,best_s2+carry(1.5),16,1.30444,1.29688,22255.6,20.3006,48.3,60480.7
S4,eta2,best_s2+carry(1.5),17,1.31688,1.3125,22119.7,20.0437,48.5,54186.7
S4,eta2,best_s2+carry(1.5),18,1.30803,1.26562,22308.4,20.0441,47,58489.3
S4,eta2,best_s2+carry(1.5),19,1.24133,1.25,23278.2,17.6194,46.9,8445.5
S4,eta2,best_s2+carry(1.5),20,1.29081,1.26562,22233.4,19.1931,45.6,57942.2
S4,eta2,best_s2+carry(2),1,1.98554,1.875,15759.4,27.3318,64.1,14110.9
S4,eta2,best_s2+carry(2),2,1.92619,1.8125,15926.2,29.4711,61.4,82284.8
S4,eta2,best_s2+carry(2),3,1.94775,1.9375,15682.7,29.6383,65.5,91395.2
S4,eta2,best_s2+carry(2),4,1.96415,1.89062,15541.6,29.452,63.9,92635.4
S4,eta2,best_s2+carry(2),5,1.97202,1.95312,15692,29.6576,60.9,99393.2
S4,eta2,best_s2+carry(2),6,1.93263,1.92188,15953.9,26.7497,61.9,14020.8
S4,eta2,best_s2+carry(2),7,1.92716,1.89062,16156.4,26.5979,58,12995.4
S4,eta2,best_s2+carry(2),8,2.03083,1.98438,15283.9,29.7383,60.3,93043.8
S4,eta2,best_s2+carry(2),9,1.91944,1.85938,15859.3,29.5033,59,82781.7
S4,eta2,best_s2+carry(2),10,2.03889,2.01562,15073.9,31.2936,68,104281
S4,eta2,best_s2+carry(2),11,1.38794,1.39062,22201.3,21.3465,50.3,62823.9
S4,eta2,best_s2+carry(2),12,1.40199,1.40625,22048.7,21.1935,50.4,57765.8
S4,eta2,best_s2+carry(2),13,1.39259,1.375,22139.4,19.8244,50.7,9970.7
S4,eta2,best_s2+carry(2),14,1.44923,1.4375,21446.6,20.5234,52,8308.2
S4,eta2,best_s2+carry(2),15,1.45562,1.4375,21089.3,20.5717,52.3,8907.2
S4,eta2,best_s2+carry(2),16,1.44145,1.4375,21289.6,22.0799,51.6,46772.2
S4,eta2,best_s2+carry(2),17,1.49843,1.4375,20617.5,22.8582,53,58546
S4,eta2,best_s2+carry(2),18,1.45622,1.45312,21319,22.0438,51.3,59812.6
S4,eta2,best_s2+carry(2),19,1.38717,1.39062,22050.6,21.3919,51.2,56219.7
S4,eta2,best_s2+carry(2),20,1.4355,1.42188,21276.2,21.814,51.2,60598.2
S4,eta2,best_s2+wait,1,1.7399,1.64062,16785.5,26.9442,42.5,101317
S4,eta2,best_s2+wait,2,1.68876,1.65625,17331.1,23.4339,41.3,14116.3
S4,eta2,best_s2+wait,3,1.68711,1.64062,17258,23.498,41.5,14692.6
S4,eta2,best_s2+wait,4,1.7838,1.75,16352.1,26.5122,41.5,94246.5
S4,eta2,best_s2+wait,5,1.70158,1.65625,17172.2,23.2737,41.7,13589.6
S4,eta2,best_s2+wait,6,1.66852,1.64062,17518.5,22.952,41.2,13344.6
S4,eta2,best_s2+wait,7,1.6566,1.65625,17628.9,25.5619,41.1,90219.6
S4,eta2,best_s2+wait,8,1.68833,1.625,17350.9,25.8828,41.2,90894.9
S4,eta2,best_s2+wait,9,1.65983,1.64062,17657.2,25.4846,40.9,87221.9
S4,eta2,best_s2+wait,10,1.71093,1.67188,17008.8,23.8965,42.1,13982.1
S4,eta2,best_s2+wait,11,1.32072,1.29688,22120.4,18.1582,39.8,16174.1
S4,eta2,best_s2+wait,12,1.14442,1.125,25448.6,17.9278,37.4,49111
S4,eta2,best_s2+wait,13,1.17303,1.15625,24855.3,18.1069,37.7,51455.7
S4,eta2,best_s2+wait,14,1.19703,1.15625,24564.2,18.8917,38.9,66750.2
S4,eta2,best_s2+wait,15,1.23317,1.21875,23761.4,19.3955,38.8,60643.7
S4,eta2,best_s2+wait,16,1.26116,1.26562,23228.7,19.9352,40.5,59293.6
S4,eta2,best_s2+wait,17,1.21339,1.1875,24123.3,17.2667,38.3,11719.7
S4,eta2,best_s2+wait,18,1.32507,1.3125,22097.8,18.4411,41,14845.7
S4,eta2,best_s2+wait,19,1.22634,1.20312,23911.8,16.947,37.9,11056.6
S4,eta2,best_s2+wait,20,1.26976,1.28125,22993.3,17.7886,39,11138.4
S4,eta2,online_adaptive+abort(1.25),1,2.16191,2.125,15664.8,27.7713,63.4,13930.9
S4,eta2,online_adaptive+abort(1.25),2,2.10053,2.07812,16187.8,29.8645,64.3,85467.5
S4,eta2,online_adaptive+abort(1.25),3,2.12079,2.09375,16123.2,30.2001,64.4,98985.6
S4,eta2,online_adaptive+abort(1.25),4,2.18549,2.14062,15684.8,30.8605,65.1,103897
S4,eta2,online_adaptive+abort(1.25),5,2.10217,2.09375,16232.3,27.8338,63.2,14113.5
S4,eta2,online_adaptive+abort(1.25),6,2.07319,2.03125,16442.7,27.5613,63,14955.8
S4,eta2,online_adaptive+abort(1.25),7,2.1118,2.09375,16316.4,27.6536,62.5,14241.4
S4,eta2,online_adaptive+abort(1.25),8,2.10934,2.09375,16071.8,30.3869,62.1,95052.1
S4,eta2,online_adaptive+abort(1.25),9,2.14869,2.07812,15869.2,27.9968,65,14537.6
S4,eta2,online_adaptive+abort(1.25),10,2.1527,2.09375,15666.9,30.3816,65.3,100655
S4,eta2,online_adaptive+abort(1.25),11,1.51015,1.48438,22554.1,21.1942,57.6,51134.6
S4,eta2,online_adaptive+abort(1.25),12,1.51821,1.5,22597,21.5304,58.9,51743.9
S4,eta2,online_adaptive+abort(1.25),13,1.53995,1.53125,22145.6,20.9913,59,10080.8
S4,eta2,online_adaptive+abort(1.25),14,1.48942,1.42188,22630.9,20.3474,57.9,9508.7
S4,eta2,online_adaptive+abort(1.25),15,1.62625,1.57812,20779.1,22.8366,58.9,51621.3
S4,eta2,online_adaptive+abort(1.25),16,1.6545,1.57812,20747.1,23.8722,60.2,77361.5
S4,eta2,online_adaptive+abort(1.25),17,1.55745,1.53125,21917.9,22.1865,58.8,54345.1
S4,eta2,online_adaptive+abort(1.25),18,1.54086,1.53125,22168.8,22.3059,58.2,75110.8
S4,eta2,online_adaptive+abort(1.25),19,1.45133,1.42188,23452.2,19.8214,57.4,8914.1
S4,eta2,online_adaptive+abort(1.25),20,1.58697,1.48438,21609.7,22.6902,58.8,69602.1
S4,eta2,online_adaptive+abort(1.5),1,2.2292,2.17188,15849.6,30.9266,66.1,95485.5
S4,eta2,online_adaptive+abort(1.5),2,2.19782,2.17188,15959,30.6868,65.5,94940.6
S4,eta2,online_adaptive+abort(1.5),3,2.18195,2.15625,16108.5,28.171,65.4,14814.5
S4,eta2,online_adaptive+abort(1.5),4,2.34974,2.28125,14839.5,29.0541,68.4,14971.1
S4,eta2,online_adaptive+abort(1.5),5,2.29773,2.26562,15377.8,31.0647,65.3,95177.3
S4,eta2,online_adaptive+abort(1.5),6,2.21636,2.15625,15926.5,30.9917,67.3,98474.8
S4,eta2,online_adaptive+abort(1.5),7,2.18069,2.125,16008.2,30.589,64.3,91591.9
S4,eta2,online_adaptive+abort(1.5),8,2.20394,2.15625,15787.2,30.6959,65.6,96168.7
S4,eta2,online_adaptive+abort(1.5),9,2.21853,2.14062,15612.2,31.1371,64.9,102315
S4,eta2,online_adaptive+abort(1.5),10,2.00128,1.96875,17726.2,24.7904,62.2,14691.2
S4,eta2,online_adaptive+abort(1.5),11,1.64009,1.60938,21065.4,21.1678,59.2,12451.4
S4,eta2,online_adaptive+abort(1.5),12,1.71083,1.6875,20573.1,23.3816,60.5,55799.1
S4,eta2,online_adaptive+abort(1.5),13,1.64993,1.60938,21352.4,21.7224,60.1,10809.8
S4,eta2,online_adaptive+abort(1.5),14,1.63286,1.60938,21409.7,23.1167,60.6,53559.7
S4,eta2,online_adaptive+abort(1.5),15,1.63705,1.59375,21428.2,22.905,59.6,75565.3
S4,eta2,online_adaptive+abort(1.5),16,1.69002,1.64062,20486.2,24.0358,62.1,57039.5
S4,eta2,online_adaptive+abort(1.5),17,1.60997,1.59375,21748.2,21.0104,59.1,16028.3
S4,eta2,online_adaptive+abort(1.5),18,1.66119,1.65625,21280,21.883,61.1,12708.2
S4,eta2,online_adaptive+abort(1.5),19,1.67965,1.6875,21080,21.2806,59.9,10072.1
S4,eta2,online_adaptive+abort(1.5),20,1.61651,1.59375,21679.4,21.3702,59.1,9487
S4,eta2,online_adaptive+abort(2),1,2.22892,2.21875,15827,28.5685,68.2,14704.9
S4,eta2,online_adaptive+abort(2),2,2.25616,2.23438,15655.3,31.6376,69.7,94319.5
S4,eta2,online_adaptive+abort(2),3,2.24109,2.21875,15600,31.5989,69,97190.6
S4,eta2,online_adaptive+abort(2),4,2.24447,2.21875,15513.7,31.2761,67.2,97341.7
S4,eta2,online_adaptive+abort(2),5,2.17154,2.14062,15980.8,28.5608,66.1,15097.6
S4,eta2,online_adaptive+abort(2),6,2.28162,2.23438,15414.1,31.3652,66.7,91287.1
S4,eta2,online_adaptive+abort(2),7,2.36415,2.26562,15237.6,29.1254,67.6,14529.3
S4,eta2,online_adaptive+abort(2),8,2.22581,2.1875,15823,31.2736,67.3,106040
S4,eta2,online_adaptive+abort(2),9,2.36074,2.34375,15307.1,32.5143,69.9,101737
S4,eta2,online_adaptive+abort(2),10,1.68391,1.67188,21234.5,22.9053,59.7,63204.1
S4,eta2,online_adaptive+abort(2),11,1.59781,1.5625,22065.3,22.3845,59.3,57852.3
S4,eta2,online_adaptive+abort(2),12,1.58567,1.57812,22268.2,20.8927,58.6,12384.2
S4,eta2,online_adaptive+abort(2),13,1.66319,1.65625,21594.6,22.6669,58.6,55761.9
S4,eta2,online_adaptive+abort(2),14,1.65217,1.64062,21120.1,22.719,60,56165.4
S4,eta2,online_adaptive+abort(2),15,1.66123,1.64062,21408.2,23.167,60,53588.2
S4,eta2,online_adaptive+abort(2),16,1.66264,1.60938,20747.1,23.9997,61.4,63194.4
S4,eta2,online_adaptive+abort(2),17,1.70983,1.70312,21099.8,23.4228,60.8,59618.1
S4,eta2,online_adaptive+abort(2),18,1.69458,1.6875,21122.6,23.443,61.1,53078.1
S4,eta2,online_adaptive+abort(2),19,1.65796,1.65625,21405.2,21.8095,60.7,9438.6
S4,eta2,online_adaptive+abort(2),20,1.72039,1.65625,21070.8,22.2534,61.4,8883.2
S4,eta2,online_adaptive+carry(1.25),1,1.82204,1.82812,15799.3,27.706,63.7,14002.4
S4,eta2,online_adaptive+carry(1.25),2,1.89447,1.85938,15171,29.8154,62.1,90018.3
S4,eta2,online_adaptive+carry(1.25),3,1.89784,1.82812,15090.8,30.6486,64.4,91005.6
S4,eta2,online_adaptive+carry(1.25),4,1.84379,1.67188,15169.3,30.907,64.1,111934
S4,eta2,online_adaptive+carry(1.25),5,1.77451,1.76562,15821.3,29.4311,63.1,90230.8
S4,eta2,online_adaptive+carry(1.25),6,1.77568,1.76562,15969.7,29.593,62.5,96334.1
S4,eta2,online_adaptive+carry(1.25),7,1.79626,1.70312,15684.2,26.9155,62.3,15532.9
S4,eta2,online_adaptive+carry(1.25),8,1.77331,1.75,16005.1,26.4022,61.9,13686.4
S4,eta2,online_adaptive+carry(1.25),9,1.77797,1.76562,15750,26.9171,61.9,14637.5
S4,eta2,online_adaptive+carry(1.25),10,1.88692,1.79688,14923.8,31.4668,67.3,87653
S4,eta2,online_adaptive+carry(1.25),11,1.24567,1.23438,22351.9,21.0367,57,61578.3
S4,eta2,online_adaptive+carry(1.25),12,1.34531,1.32812,21354.9,21.8857,58.1,49232.8
S4,eta2,online_adaptive+carry(1.25),13,1.28891,1.23438,21689.7,21.6056,58.2,50955.8
S4,eta2,online_adaptive+carry(1.25),14,1.32886,1.32812,21144.4,22.6514,57.4,75484.8
S4,eta2,online_adaptive+carry(1.25),15,1.38701,1.375,20302.7,21.4979,59.4,8726.5
S4,eta2,online_adaptive+carry(1.25),16,1.34521,1.32812,21230.8,20.9153,59.2,14046.5
S4,eta2,online_adaptive+carry(1.25),17,1.27708,1.28125,22047.9,20.8457,55.1,49769.8
S4,eta2,online_adaptive+carry(1.25),18,1.32283,1.32812,21326.9,22.3187,58.8,53171.9
S4,eta2,online_adaptive+carry(1.25),19,1.24439,1.23438,22446.3,21.2455,57.1,58620
S4,eta2,online_adaptive+carry(1.25),20,1.33083,1.28125,21270.2,22.3116,59.2,54055.4
S4,eta2,online_adaptive+carry(1.5),1,1.9638,1.95312,14881.9,32.7222,68.5,91398.1
S4,eta2,online_adaptive+carry(1.5),2,2.02724,2,14369.8,32.9224,67.7,93565.3
S4,eta2,online_adaptive+carry(1.5),3,1.91173,1.875,15123.5,32.3552,68.3,103336
S4,eta2,online_adaptive+carry(1.5),4,2.0245,1.96875,14382.3,30.8282,74.8,14344.4
S4,eta2,online_adaptive+carry(1.5),5,1.93666,1.92188,15045.5,32.3482,68.2,106404
S4,eta2,online_adaptive+carry(1.5),6,1.90393,1.79688,15041,29.0084,70.9,14293.3
S4,eta2,online_adaptive+carry(1.5),7,1.95737,1.95312,14920.5,32.921,66.7,83507.4
S4,eta2,online_adaptive+carry(1.5),8,1.95477,1.9375,14799.2,33.0478,68.3,106843
S4,eta2,online_adaptive+carry(1.5),9,1.95034,1.82812,14743.5,32.4879,67.7,89044.3
S4,eta2,online_adaptive+carry(1.5),10,1.80726,1.78125,16039.8,30.1552,65.3,103834
S4,eta2,online_adaptive+carry(1.5),11,1.42314,1.40625,20373.9,22.1661,61.3,13335.4
S4,eta2,online_adaptive+carry(1.5),12,1.47754,1.45312,19743.6,24.6928,63.5,50529.5
S4,eta2,online_adaptive+carry(1.5),13,1.37515,1.375,20825.4,23.0728,60.2,75130.4
S4,eta2,online_adaptive+carry(1.5),14,1.50674,1.48438,19451.3,25.6019,62.6,56811.6
S4,eta2,online_adaptive+carry(1.5),15,1.41659,1.40625,20579,23.8148,60.7,75017.4
S4,eta2,online_adaptive+carry(1.5),16,1.49247,1.45312,19546.2,25.072,63.3,55575.5
S4,eta2,online_adaptive+carry(1.5),17,1.4214,1.40625,20510.1,24.2587,61.2,67033.7
S4,eta2,online_adaptive+carry(1.5),18,1.39531,1.375,20793.9,21.9136,60.8,15955.6
S4,eta2,online_adaptive+carry(1.5),19,1.43275,1.42188,20018.8,24.7448,63.3,57254.7
S4,eta2,online_adaptive+carry(1.5),20,1.44945,1.4375,20494.7,23.7377,60.6,63375
S4,eta2,online_adaptive+carry(2),1,2.25363,2.14062,13832.8,36.3601,82.2,93039.5
S4,eta2,online_adaptive+carry(2),2,2.17545,2.14062,14118.9,36.2399,85,81944.6
S4,eta2,online_adaptive+carry(2),3,2.13222,2.10938,14372.4,35.7169,81.5,82527.4
S4,eta2,online_adaptive+carry(2),4,2.19329,2.15625,13927,36.7639,84.6,96263.8
S4,eta2,online_adaptive+carry(2),5,2.12544,2.09375,14411.1,35.5142,77.6,95013.7
S4,eta2,online_adaptive+carry(2),6,2.17578,2.03125,14214.2,35.8255,82.5,93095
S4,eta2,online_adaptive+carry(2),7,2.17079,2.14062,14262.6,33.3261,80.7,13676.3
S4,eta2,online_adaptive+carry(2),8,2.13579,2.09375,14475.2,33.3853,79.4,13917.2
S4,eta2,online_adaptive+carry(2),9,2.26432,2.21875,13489.7,36.7532,79.2,93185.8
S4,eta2,online_adaptive+carry(2),10,1.72846,1.65625,17797.9,28.6285,66.2,92785.1
S4,eta2,online_adaptive+carry(2),11,1.62563,1.54688,18944.1,27.1226,66.9,54456.3
S4,eta2,online_adaptive+carry(2),12,1.67268,1.65625,18420.8,27.8614,68.2,58535.7
S4,eta2,online_adaptive+carry(2),13,1.56789,1.54688,19670.4,26.1892,65.3,63268
S4,eta2,online_adaptive+carry(2),14,1.6837,1.65625,18534.2,26.1288,66.4,16112.8
S4,eta2,online_adaptive+carry(2),15,1.62872,1.57812,19080.7,26.4373,65.4,51472.7
S4,eta2,online_adaptive+carry(2),16,1.65645,1.65625,18659.7,26.0135,67.8,16340.4
S4,eta2,online_adaptive+carry(2),17,1.61397,1.60938,19159.5,26.7627,65.8,48749.5
S4,eta2,online_adaptive+carry(2),18,1.64435,1.57812,18867.6,27.3237,67.1,59493.9
S4,eta2,online_adaptive+carry(2),19,1.64041,1.59375,18613,27.5575,67.2,67960.1
S4,eta2,online_adaptive+carry(2),20,1.68979,1.625,18210.6,28.4148,68.7,57660.3
S4,eta2,online_adaptive+wait,1,1.84016,1.82812,15889.9,31.1457,58.4,88893.9
S4,eta2,online_adaptive+wait,2,1.81192,1.8125,16146.4,30.9081,58.4,89626.8
S4,eta2,online_adaptive+wait,3,1.83811,1.76562,15853.2,28.831,58.8,14903.5
S4,eta2,online_adaptive+wait,4,1.83689,1.78125,15877.9,28.6939,58.4,14232.5
S4,eta2,online_adaptive+wait,5,1.8683,1.875,15648.5,28.6808,58.9,14419.1
S4,eta2,online_adaptive+wait,6,1.82408,1.78125,16021.3,30.8665,57.7,88779.4
S4,eta2,online_adaptive+wait,7,1.8252,1.79688,16013.6,31.2475,58.8,91675.3
S4,eta2,online_adaptive+wait,8,1.83897,1.82812,15904.5,31.4356,58.1,103963
S4,eta2,online_adaptive+wait,9,1.84255,1.73438,15904,30.9844,58.2,94196
S4,eta2,online_adaptive+wait,10,1.91256,1.82812,15240.9,32.4617,60.6,102873
S4,eta2,online_adaptive+wait,11,1.27201,1.25,23013.9,21.6493,51.2,58370.1
S4,eta2,online_adaptive+wait,12,1.27498,1.25,22841.1,20.2771,52.1,9413.2
S4,eta2,online_adaptive+wait,13,1.32444,1.29688,22007,20.438,53.5,10385.7
S4,eta2,online_adaptive+wait,14,1.27942,1.28125,22957.3,21.841,52.9,52962.5
S4,eta2,online_adaptive+wait,15,1.42356,1.4375,20563.9,24.4448,56.2,60111.6
S4,eta2,online_adaptive+wait,16,1.3648,1.32812,21456.6,23.3662,54.8,60554.4
S4,eta2,online_adaptive+wait,17,1.2778,1.26562,22911.3,20.1526,51.8,12137.9
S4,eta2,online_adaptive+wait,18,1.31068,1.28125,22317.4,20.8051,54.2,9048.8
S4,eta2,online_adaptive+wait,19,1.25371,1.25,23408.9,20.1902,49.9,15459.6
S4,eta2,online_adaptive+wait,20,1.34174,1.32812,21744.8,20.4629,52.3,9025.3
S4,eta2,reference,1,1.30111,1.21875,19893.1,14.3099,13.4,10782.2
S4,eta2,reference,2,1.26406,1.26562,20598,17.2976,13.4,91697.9
S4,eta2,reference,3,1.31238,1.3125,19718.3,14.4238,13.4,10326.5
S4,eta2,reference,4,1.30874,1.26562,19875.6,17.5801,13.5,90206.2
S4,eta2,reference,5,1.27374,1.26562,20327.6,14.3241,13.2,11939
S4,eta2,reference,6,1.27038,1.23438,20563.1,17.2465,13.2,86774.4
S4,eta2,reference,7,1.251,1.20312,20872.1,14.0791,13.2,10394
S4,eta2,reference,8,1.27013,1.23438,20432.6,17.4277,13.3,92892.9
S4,eta2,reference,9,1.25317,1.23438,20719.4,14.2481,13.3,10140.3
S4,eta2,reference,10,1.29695,1.29688,20010,14.3266,13.3,9768.1
S4,eta2,reference,11,0.931587,0.890625,27891.1,13.2204,13.7,54922
S4,eta2,reference,12,0.876292,0.84375,29515.3,10.6141,13.3,6898.9
S4,eta2,reference,13,0.922462,0.921875,28089,13.3691,13.5,65753.3
S4,eta2,reference,14,0.897338,0.90625,29014.7,10.8536,13.4,8176.1
S4,eta2,reference,15,0.905297,0.90625,28859,10.8045,13.4,7220.7
S4,eta2,reference,16,0.881723,0.890625,29522.9,12.5322,13.5,55475.8
S4,eta2,reference,17,0.984514,0.96875,26500.4,11.6197,13.9,11493.9
S4,eta2,reference,18,0.950512,0.953125,27487.3,13.447,13.9,54973.1
S4,eta2,reference,19,0.885261,0.859375,29332.6,10.7855,13.5,12859.3
S4,eta2,reference,20,0.968638,0.96875,26862.4,13.5768,13.7,56957.9
S5,servers16,best_s2+v_fifo,1,1.13897,1.125,25693.5,16.9301,37.9,8730.8
S5,servers16,best_s2+v_fifo,2,1.2071,1.17188,24226.6,17.4268,38.8,8567.4
S5,servers16,best_s2+v_fifo,3,1.14984,1.14062,25467.9,16.7927,35.8,15267.6
S5,servers16,best_s2+v_fifo,4,1.10121,1.10938,26520.8,16.2307,34.1,8931.4
S5,servers16,best_s2+v_fifo,5,1.1379,1.14062,25688.6,16.139,33.4,10104.6
S5,servers16,best_s2+v_fifo,6,1.07971,1.03125,27164.7,15.8099,28,8720.8
S5,servers16,best_s2+v_fifo,7,1.13928,1.125,25691.7,17.06,35,10896.2
S5,servers16,best_s2+v_fifo,8,1.10292,1.07812,26542.3,16.1454,32.2,14679.4
S5,servers16,best_s2+v_fifo,9,1.20521,1.09375,24347.6,16.9918,35.7,9682.4
S5,servers16,best_s2+v_fifo,10,1.18894,1.15625,24666.5,17.542,36.7,8152.7
S5,servers16,best_s2+v_fifo,11,1.14583,1.14062,25581.4,16.3777,35.6,7937
S5,servers16,best_s2+v_fifo,12,1.12909,1.09375,25850.1,16.791,34.8,8636.8
S5,servers16,best_s2+v_fifo,13,1.13667,1.09375,25713.7,16.4053,31.9,9521
S5,servers16,best_s2+v_fifo,14,1.13406,1.0625,25886.7,16.296,34.6,11479.6
S5,servers16,best_s2+v_fifo,15,1.07864,1.07812,27140.8,15.8963,32,8024.9
S5,servers16,best_s2+v_fifo,16,1.10725,1.07812,26463,16.0296,34.6,8137.2
S5,servers16,best_s2+v_fifo,17,1.13358,1.09375,25877.2,16.4098,35.4,8393.3
S5,servers16,best_s2+v_fifo,18,1.11927,1.10938,26238.5,16.012,33.6,8409.8
S5,servers16,best_s2+v_fifo,19,1.19539,1.14062,24529.1,17.8072,37.2,18979.1
S5,servers16,best_s2+v_fifo,20,1.15322,1.14062,25324.8,16.9517,37.9,8386.1
S5,servers16,best_s2+v_group_first,1,1.45717,1.4375,20097.8,17.9942,37.9,12596.4
S5,servers16,best_s2+v_group_first,2,1.39557,1.39062,20962.1,17.1176,37.1,8993.7
S5,servers16,best_s2+v_group_first,3,1.33416,1.34375,21955.3,16.4103,34.5,10400.6
S5,servers16,best_s2+v_group_first,4,1.32991,1.29688,21959.4,16.5427,32.6,14258.4
S5,servers16,best_s2+v_group_first,5,1.31851,1.29688,22169.7,15.9031,33.5,8282.6
S5,servers16,best_s2+v_group_first,6,1.36993,1.35938,21398.9,16.878,34.9,8555.1
S5,servers16,best_s2+v_group_first,7,1.36112,1.3125,21494.8,16.8592,35.6,8231.8
S5,servers16,best_s2+v_group_first,8,1.34292,1.32812,21785.3,16.6426,35.2,8455.2
S5,servers16,best_s2+v_group_first,9,1.39212,1.375,21085.9,16.9539,34.7,8387.8
S5,servers16,best_s2+v_group_first,10,1.39054,1.39062,21089.6,17.1204,37.7,8148
S5,servers16,best_s2+v_group_first,11,1.36139,1.34375,21505.9,16.354,33.7,8233.9
S5,servers16,best_s2+v_group_first,12,1.40942,1.35938,20707.8,17.2453,36.9,8726
S5,servers16,best_s2+v_group_first,13,1.32893,1.29688,21974,16.565,34.1,8102.2
S5,servers16,best_s2+v_group_first,14,1.31215,1.25,22351.8,16.0779,31.1,8118.5
S5,servers16,best_s2+v_group_first,15,1.3741,1.375,21286.6,16.9873,35.3,8689.6
S5,servers16,best_s2+v_group_first,16,1.33403,1.32812,21945.5,16.3487,34.1,8114.5
S5,servers16,best_s2+v_group_first,17,1.349,1.28125,21749.4,16.5671,35.9,8243.3
S5,servers16,best_s2+v_group_first,18,1.38683,1.35938,21165.5,17.0214,36.9,8442
S5,servers16,best_s2+v_group_first,19,1.4031,1.375,20887.4,17.208,34.7,8632.6
S5,servers16,best_s2+v_group_first,20,1.39107,1.35938,21018.3,16.9242,36,8065.8
S5,servers16,best_s2+v_shortest_first,1,1.36378,1.375,21451.3,17.7648,39.3,11628.8
S5,servers16,best_s2+v_shortest_first,2,1.25839,1.26562,23240.8,16.2876,34.9,11448.4
S5,servers16,best_s2+v_shortest_first,3,1.24598,1.20312,23517.2,16.4364,35.9,8985.8
S5,servers16,best_s2+v_shortest_first,4,1.26831,1.23438,23018.7,16.4731,33.8,12770.1
S5,servers16,best_s2+v_shortest_first,5,1.19087,1.1875,24561,15.5619,32.3,8234.5
S5,servers16,best_s2+v_shortest_first,6,1.23077,1.1875,23795.6,16.1419,33.5,8002.2
S5,servers16,best_s2+v_shortest_first,7,1.2864,1.25,22755,16.4049,34.8,8865.5
S5,servers16,best_s2+v_shortest_first,8,1.25563,1.21875,23352.5,16.7021,35.5,8575.4
S5,servers16,best_s2+v_shortest_first,9,1.25852,1.20312,23310.7,16.9369,37.2,14461.3
S5,servers16,best_s2+v_shortest_first,10,1.26525,1.23438,23186.7,16.4807,35,9747
S5,servers16,best_s2+v_shortest_first,11,1.27501,1.26562,22964.6,16.5766,34.6,8018.2
S5,servers16,best_s2+v_shortest_first,12,1.26574,1.25,23078.2,16.7875,35.9,8533.2
S5,servers16,best_s2+v_shortest_first,13,1.28114,1.20312,22787.5,16.615,35.2,8675.5
S5,servers16,best_s2+v_shortest_first,14,1.23614,1.21875,23797.4,16.3858,35.1,8474.1
S5,servers16,best_s2+v_shortest_first,15,1.24499,1.25,23525.4,16.236,34.4,8182.1
S5,servers16,best_s2+v_shortest_first,16,1.26692,1.26562,23112,16.4493,34.4,8102.1
S5,servers16,best_s2+v_shortest_first,17,1.2764,1.21875,23000.6,16.3124,30.9,9473.9
S5,servers16,best_s2+v_shortest_first,18,1.31194,1.28125,22399.7,17.1329,36.3,9144
S5,servers16,best_s2+v_shortest_first,19,1.35485,1.32812,21646.7,17.5627,39.3,9520.3
S5,servers16,best_s2+v_shortest_first,20,1.30466,1.28125,22427.3,16.9627,37,9671.5
S5,servers16,reference,1,0.830063,0.828125,31298.8,10.1445,13.1,6828.6
S5,servers16,reference,2,0.902585,0.875,28841.6,11.1217,13.5,10283.3
S5,servers16,reference,3,0.859961,0.859375,30218.8,10.3439,13.2,6833.8
S5,servers16,reference,4,0.794905,0.796875,32673.1,9.72472,12.5,9835.1
S5,servers16,reference,5,0.839156,0.84375,30846.5,10.1497,13.2,7616.5
S5,servers16,reference,6,0.807901,0.796875,32205.7,9.63133,12.6,7345.1
S5,servers16,reference,7,0.820652,0.78125,31689.4,9.9602,12.1,6764.3
S5,servers16,reference,8,0.820566,0.828125,31681.8,9.91097,12.7,7209.8
S5,servers16,reference,9,0.836898,0.828125,31019.3,9.8195,12.9,8168
S5,servers16,reference,10,0.765128,0.765625,34004.8,10.3404,13,6773
S5,servers16,reference,11,0.849993,0.828125,30575.6,10.3327,12.9,10881.4
S5,servers16,reference,12,0.851542,0.828125,30449.5,9.9693,12.8,8805.3
S5,servers16,reference,13,0.816276,0.796875,31724.6,9.81689,12.6,6557.1
S5,servers16,reference,14,0.845379,0.75,30773.2,10.1757,12.9,6632.4
S5,servers16,reference,15,0.781879,0.765625,33363.2,9.67821,11.8,8024.5
S5,servers16,reference,16,0.814393,0.78125,31966.1,9.78234,12.3,6619.4
S5,servers16,reference,17,0.830903,0.796875,31433.3,10.0969,12.8,7367.9
S5,servers16,reference,18,0.840059,0.765625,31076.4,9.99797,12.6,6951.8
S5,servers16,reference,19,0.890324,0.875,29171.4,10.8366,13.3,8491.1
S5,servers16,reference,20,0.876702,0.875,29654.3,10.6882,13.3,6830.8
S5,servers32,best_s2+v_fifo,1,1.1832,1.1875,24716.1,16.2396,35.6,14105.8
S5,servers32,best_s2+v_fifo,2,1.18738,1.14062,24645,16.2381,35.5,8710.7
S5,servers32,best_s2+v_fifo,3,1.28448,1.26562,22740,17.8629,39.6,9322.3
S5,servers32,best_s2+v_fifo,4,1.32637,1.29688,21995.3,17.8989,39.6,12490.5
S5,servers32,best_s2+v_fifo,5,1.24426,1.21875,23483,17.1289,36.4,13616
S5,servers32,best_s2+v_fifo,6,1.2733,1.26562,22983.7,17.4109,39,9933.3
S5,servers32,best_s2+v_fifo,7,1.3243,1.3125,22084.9,17.9494,39.4,8983.8
S5,servers32,best_s2+v_fifo,8,1.22163,1.20312,23975.3,17.0078,37.5,11897.8
S5,servers32,best_s2+v_fifo,9,1.28693,1.25,22803,17.7146,39.2,9949.8
S5,servers32,best_s2+v_fifo,10,1.26921,1.26562,23097.1,17.295,39.1,8731.9
S5,servers32,best_s2+v_fifo,11,1.24037,1.20312,23603.5,17.0235,37.8,12615.7
S5,servers32,best_s2+v_fifo,12,1.23619,1.20312,23639.6,17.0124,37,14203.1
S5,servers32,best_s2+v_fifo,13,1.258,1.23438,23228.1,17.4894,39.1,9212.5
S5,servers32,best_s2+v_fifo,14,1.27589,1.26562,23016.1,17.5777,39.3,9063.7
S5,servers32,best_s2+v_fifo,15,1.20633,1.20312,24320.9,16.6833,36,14709.8
S5,servers32,best_s2+v_fifo,16,1.2772,1.28125,22897.7,17.5876,38.5,10152.8
S5,servers32,best_s2+v_fifo,17,1.25213,1.25,23479.9,16.8956,37.8,11035.7
S5,servers32,best_s2+v_fifo,18,1.30319,1.28125,22564.7,17.8794,39.1,11326.7
S5,servers32,best_s2+v_fifo,19,1.30439,1.29688,22448,17.691,38.5,10664.2
S5,servers32,best_s2+v_fifo,20,1.32072,1.3125,22122,17.8191,39.5,10661.7
S5,servers32,best_s2+v_group_first,1,1.21322,1.17188,24073.9,15.9573,34.6,8824
S5,servers32,best_s2+v_group_first,2,1.36309,1.35938,21471.1,18.3993,41.1,10492.1
S5,servers32,best_s2+v_group_first,3,1.36403,1.3125,21430.6,18.195,40.1,9781
S5,servers32,best_s2+v_group_first,4,1.39653,1.375,20909.7,18.166,39.9,9852.8
S5,servers32,best_s2+v_group_first,5,1.34885,1.3125,21654.7,17.6837,39.5,9982.6
S5,servers32,best_s2+v_group_first,6,1.4163,1.39062,20673.6,18.5921,40.9,9278.9
S5,servers32,best_s2+v_group_first,7,1.3685,1.375,21369.3,17.3622,37.6,12073.5
S5,servers32,best_s2+v_group_first,8,1.33632,1.29688,21904.9,17.6019,39.6,11448
S5,servers32,best_s2+v_group_first,9,1.37763,1.35938,21293.1,17.8509,39.6,10233.2
S5,servers32,best_s2+v_group_first,10,1.35939,1.32812,21562.7,17.8314,40.1,11916.3
S5,servers32,best_s2+v_group_first,11,1.29172,1.28125,22652.8,17.178,37.1,15487.8
S5,servers32,best_s2+v_group_first,12,1.38562,1.375,21063.5,18.0167,39,9409.6
S5,servers32,best_s2+v_group_first,13,1.2778,1.25,22838.5,17.0613,37,13447.1
S5,servers32,best_s2+v_group_first,14,1.43078,1.42188,20512.6,19.0134,41.6,11304
S5,servers32,best_s2+v_group_first,15,1.36477,1.3125,21484.2,17.5635,39,10102.7
S5,servers32,best_s2+v_group_first,16,1.2846,1.25,22793.8,16.6925,36.8,9164.2
S5,servers32,best_s2+v_group_first,17,1.35923,1.35938,21633.6,17.5526,39,10443.2
S5,servers32,best_s2+v_group_first,18,1.38402,1.32812,21229.4,17.9299,39.4,13265.9
S5,servers32,best_s2+v_group_first,19,1.37731,1.35938,21234.9,17.355,38.6,13253.7
S5,servers32,best_s2+v_group_first,20,1.34734,1.34375,21698.3,17.0085,37.4,10510.2
S5,servers32,best_s2+v_shortest_first,1,1.15061,1.14062,25410.8,15.5031,30.7,8373.6
S5,servers32,best_s2+v_shortest_first,2,1.31006,1.28125,22356.1,17.073,38.2,15148.4
S5,servers32,best_s2+v_shortest_first,3,1.36549,1.29688,21395.2,18.4959,39.3,9087.9
S5,servers32,best_s2+v_shortest_first,4,1.35388,1.3125,21566.1,17.8235,39.2,10930.9
S5,servers32,best_s2+v_shortest_first,5,1.31645,1.3125,22192.9,17.7396,38.4,15063
S5,servers32,best_s2+v_shortest_first,6,1.33884,1.32812,21875,17.6444,39.8,8554.9
S5,servers32,best_s2+v_shortest_first,7,1.36133,1.35938,21493,17.8891,39.8,11759.9
S5,servers32,best_s2+v_shortest_first,8,1.30759,1.28125,22390.1,17.3647,38.7,9283.3
S5,servers32,best_s2+v_shortest_first,9,1.31654,1.28125,22260.7,17.2383,38.5,11381
S5,servers32,best_s2+v_shortest_first,10,1.30537,1.26562,22442.7,17.4543,38.7,11617.3
S5,servers32,best_s2+v_shortest_first,11,1.29559,1.28125,22601.3,17.6024,38.1,8744.3
S5,servers32,best_s2+v_shortest_first,12,1.31927,1.29688,22128.8,17.4843,39.3,9509.2
S5,servers32,best_s2+v_shortest_first,13,1.30608,1.3125,22354.6,17.258,39,8643.6
S5,servers32,best_s2+v_shortest_first,14,1.37822,1.35938,21331.1,18.6252,39.9,14466.1
S5,servers32,best_s2+v_shortest_first,15,1.34414,1.3125,21793.8,17.6548,38.4,8706.2
S5,servers32,best_s2+v_shortest_first,16,1.34011,1.32812,21843.8,17.3658,38.4,14022.1
S5,servers32,best_s2+v_shortest_first,17,1.29632,1.29688,22680.3,17.2664,38.7,10213.8
S5,servers32,best_s2+v_shortest_first,18,1.3734,1.32812,21394.4,18.2216,39.4,12669.5
S5,servers32,best_s2+v_shortest_first,19,1.32028,1.29688,22145.3,17.172,37.6,12561.5
S5,servers32,best_s2+v_shortest_first,20,1.2906,1.29688,22653,17.0908,38.9,8733.2
S5,servers32,reference,1,0.901194,0.875,28824,10.8223,13.1,12258.7
S5,servers32,reference,2,0.842313,0.8125,30923.2,10.0751,12.9,6737.7
S5,servers32,reference,3,0.973142,0.9375,26748.4,11.349,13.5,10652.9
S5,servers32,reference,4,1.03469,0.96875,25112.9,11.7066,13.8,10146.1
S5,servers32,reference,5,0.997014,1,25979.6,11.5424,13.7,8950.7
S5,servers32,reference,6,0.960362,0.9375,27134.6,10.7863,13.2,11403.2
S5,servers32,reference,7,1.02896,0.984375,25308.1,11.6797,13.9,7316.3
S5,servers32,reference,8,0.934037,0.90625,27844.7,10.678,13.4,9394.8
S5,servers32,reference,9,1.00081,0.984375,25940.1,11.5084,13.6,10098.2
S5,servers32,reference,10,0.955134,0.953125,27289.4,11.2836,13.6,8379.3
S5,servers32,reference,11,0.985058,0.953125,26407.6,11.3023,13.7,9361.8
S5,servers32,reference,12,0.967314,0.96875,26840.3,11.3957,13.4,11823.4
S5,servers32,reference,13,0.946012,0.90625,27380.2,11.0981,13.6,6889.2
S5,servers32,reference,14,0.954,0.953125,27262.1,10.9315,13.5,7790.4
S5,servers32,reference,15,1.01944,1,25663.1,11.666,13.8,11858.9
S5,servers32,reference,16,0.960153,0.921875,27160.2,11.0127,13.6,7161.3
S5,servers32,reference,17,0.963276,0.953125,27131.4,10.7405,13.2,7108.2
S5,servers32,reference,18,0.952254,0.921875,27436,10.9835,13.5,10029.8
S5,servers32,reference,19,0.991894,0.953125,26201.4,11.077,13.4,9191.9
S5,servers32,reference,20,0.981484,0.96875,26500.7,11.0737,13.4,8264.7
S5,servers4,best_s2+v_fifo,1,1.30908,1.26562,22403.5,24.3971,40.6,51752.3
S5,servers4,best_s2+v_fifo,2,1.31637,1.3125,22237.7,24.0036,39.9,59421
S5,servers4,best_s2+v_fifo,3,1.31836,1.28125,22216.2,22.5321,39.9,8458.8
S5,servers4,best_s2+v_fifo,4,1.21568,1.21875,24045,21.0571,38.6,8659.7
S5,servers4,best_s2+v_fifo,5,1.29897,1.29688,22519.5,23.3941,39.1,58900.9
S5,servers4,best_s2+v_fifo,6,1.26898,1.23438,23119.4,21.3012,38.4,8625.1
S5,servers4,best_s2+v_fifo,7,1.34275,1.32812,21802.3,22.6279,40.5,8761.5
S5,servers4,best_s2+v_fifo,8,1.3126,1.29688,22303.8,23.5525,38.9,65461.8
S5,servers4,best_s2+v_fifo,9,1.28619,1.28125,22807.7,23.6973,39,70901.6
S5,servers4,best_s2+v_fifo,10,1.3291,1.3125,22053.3,21.8604,38.8,14316.3
S5,servers4,best_s2+v_fifo,11,1.35391,1.34375,21655.7,22.6025,40,9729.9
S5,servers4,best_s2+v_fifo,12,1.33156,1.3125,21943.5,22.0023,39.5,10037.4
S5,servers4,best_s2+v_fifo,13,1.33227,1.34375,21949.7,22.6329,39.9,10687.9
S5,servers4,best_s2+v_fifo,14,1.36353,1.35938,21537.5,24.5341,41.5,72568.6
S5,servers4,best_s2+v_fifo,15,1.33284,1.29688,21965.8,23.963,39.2,70320.3
S5,servers4,best_s2+v_fifo,16,1.32316,1.29688,22119.7,21.5949,38.9,9412.3
S5,servers4,best_s2+v_fifo,17,1.31464,1.29688,22330.1,23.6834,38.8,62456.5
S5,servers4,best_s2+v_fifo,18,1.33426,1.3125,21997.3,23.9068,38.9,75935.4
S5,servers4,best_s2+v_fifo,19,1.33701,1.32812,21923.5,23.7549,38.6,71906.4
S5,servers4,best_s2+v_fifo,20,1.37999,1.34375,21231.3,25.107,40.7,88890.4
S5,servers4,best_s2+v_group_first,1,1.80266,1.75,16265.4,22.5052,40.4,10495
S5,servers4,best_s2+v_group_first,2,1.76652,1.75,16566.5,23.8386,39.6,50003.4
S5,servers4,best_s2+v_group_first,3,1.77294,1.76562,16522.8,22.044,39.8,12929.4
S5,servers4,best_s2+v_group_first,4,1.72814,1.67188,16931.5,21.29,37.5,8634.7
S5,servers4,best_s2+v_group_first,5,1.76051,1.76562,16620.2,22.0845,39.4,10699.9
S5,servers4,best_s2+v_group_first,6,1.85365,1.82812,15830.4,23.2096,40.6,9917.8
S5,servers4,best_s2+v_group_first,7,1.91922,1.84375,15269.8,25.2069,39.8,73723.5
S5,servers4,best_s2+v_group_first,8,1.79677,1.79688,16296.5,22.0732,39.5,9338.2
S5,servers4,best_s2+v_group_first,9,1.76099,1.70312,16646.9,23.8005,37.5,66038.5
S5,servers4,best_s2+v_group_first,10,1.82718,1.8125,16037.8,24.29,38,77371.3
S5,servers4,best_s2+v_group_first,11,1.82506,1.79688,16074,24.2511,38.2,68000.9
S5,servers4,best_s2+v_group_first,12,1.84322,1.82812,15847.8,23.3649,40.4,12672.9
S5,servers4,best_s2+v_group_first,13,1.82082,1.78125,16058.1,24.5249,39.8,69252.7
S5,servers4,best_s2+v_group_first,14,1.83441,1.8125,16012.2,22.8861,40,13914.4
S5,servers4,best_s2+v_group_first,15,1.74395,1.73438,16782.6,21.4608,38.7,9376.3
S5,servers4,best_s2+v_group_first,16,1.85631,1.8125,15761.9,24.3755,38.9,73724.7
S5,servers4,best_s2+v_group_first,17,1.83416,1.82812,16001.9,22.5812,39.9,9772.1
S5,servers4,best_s2+v_group_first,18,1.79754,1.79688,16328.4,24.3187,39.5,72922.5
S5,servers4,best_s2+v_group_first,19,1.76197,1.73438,16641.6,21.8876,39.2,11073.7
S5,servers4,best_s2+v_group_first,20,1.85498,1.82812,15789.9,25.2003,40.7,71363.2
S5,servers4,best_s2+v_shortest_first,1,1.60212,1.5625,18318.2,23.2065,40.5,60022.5
S5,servers4,best_s2+v_shortest_first,2,1.60598,1.53125,18221.3,21.9912,41.1,8674.7
S5,servers4,best_s2+v_shortest_first,3,1.49956,1.46875,19525.8,22.1208,37.8,63786.1
S5,servers4,best_s2+v_shortest_first,4,1.53221,1.53125,19073.1,22.8912,38.7,64512.1
S5,servers4,best_s2+v_shortest_first,5,1.51699,1.48438,19296.8,22.213,38.4,59719.7
S5,servers4,best_s2+v_shortest_first,6,1.62161,1.625,18101.2,24.8194,41.9,80435.6
S5,servers4,best_s2+v_shortest_first,7,1.4933,1.46875,19612.3,20.5188,37.7,12624.7
S5,servers4,best_s2+v_shortest_first,8,1.58446,1.5625,18494,20.5495,37.3,12226.7
S5,servers4,best_s2+v_shortest_first,9,1.55387,1.5625,18892.8,22.8588,38.6,72659.7
S5,servers4,best_s2+v_shortest_first,10,1.56686,1.53125,18731.1,23.224,39,77340.2
S5,servers4,best_s2+v_shortest_first,11,1.51073,1.46875,19405.2,19.7748,36.8,12812.2
S5,servers4,best_s2+v_shortest_first,12,1.57958,1.57812,18503.7,21.5054,39.3,13127.9
S5,servers4,best_s2+v_shortest_first,13,1.64569,1.625,17766.4,22.9951,40.4,9467.2
S5,servers4,best_s2+v_shortest_first,14,1.61705,1.59375,18193,23.5879,40.2,72415.4
S5,servers4,best_s2+v_shortest_first,15,1.53003,1.53125,19168.2,21.1213,38.3,9159.9
S5,servers4,best_s2+v_shortest_first,16,1.56024,1.54688,18789.4,23.1779,39.6,75698.1
S5,servers4,best_s2+v_shortest_first,17,1.59086,1.57812,18469.2,20.9186,38.6,11087.8
S5,servers4,best_s2+v_shortest_first,18,1.59312,1.57812,18444.3,21.164,39.7,9024.5
S5,servers4,best_s2+v_shortest_first,19,1.54614,1.51562,18972.4,20.9168,39.5,8734.4
S5,servers4,best_s2+v_shortest_first,20,1.55987,1.53125,18798.9,21.3172,39.5,9614.3
S5,servers4,reference,1,0.93283,0.890625,27894.7,13.8808,13.7,60573.2
S5,servers4,reference,2,0.826102,0.796875,31492.5,10.9833,13.4,7018.7
S5,servers4,reference,3,0.827325,0.828125,31407.3,11.0153,13.5,8536.4
S5,servers4,reference,4,0.863404,0.859375,30090.2,10.2369,13.1,9893.5
S5,servers4,reference,5,0.84423,0.84375,30700.2,10.6523,13.3,7216
S5,servers4,reference,6,0.854268,0.828125,30468.2,10.8584,13.5,7247.3
S5,servers4,reference,7,0.89305,0.890625,29149.5,12.9428,13.5,64699.5
S5,servers4,reference,8,0.922569,0.921875,28199.5,13.6688,13.6,75351.8
S5,servers4,reference,9,0.852984,0.84375,30415.6,10.4533,13.3,7261.1
S5,servers4,reference,10,0.87258,0.875,29792.1,10.6587,13.5,7389.6
S5,servers4,reference,11,0.864775,0.875,30049.5,12.9944,13.5,64244.6
S5,servers4,reference,12,0.885864,0.859375,29235.9,10.8979,13.5,8766.1
S5,servers4,reference,13,0.91022,0.890625,28473.3,13.3735,13.7,62037.9
S5,servers4,reference,14,0.802554,0.8125,32407.8,11.2058,13.5,9883.7
S5,servers4,reference,15,0.878258,0.875,29658.7,10.8083,13.3,7236.3
S5,servers4,reference,16,0.860035,0.84375,30241.8,10.591,13.3,8183.1
S5,servers4,reference,17,0.881585,0.875,29587.6,11.5152,13.7,7412.4
S5,servers4,reference,18,0.895373,0.90625,29110.8,13.5189,13.4,82407.9
S5,servers4,reference,19,0.945312,0.9375,27473.5,11.626,13.5,10645.8
S5,servers4,reference,20,0.895622,0.890625,29031.2,13.5014,13.4,76626.1
S5,servers8,best_s2+v_fifo,1,1.32283,1.3125,22144.2,21.1783,39.6,9874.4
S5,servers8,best_s2+v_fifo,2,1.29511,1.29688,22606.5,20.7332,40,9070.5
S5,servers8,best_s2+v_fifo,3,1.31946,1.3125,22202.3,20.8593,39.3,8973.3
S5,servers8,best_s2+v_fifo,4,1.23183,1.23438,23720.9,19.8871,37.2,12595
S5,servers8,best_s2+v_fifo,5,1.31117,1.29688,22296.1,21.4283,40.3,10572.2
S5,servers8,best_s2+v_fifo,6,1.24752,1.23438,23494.6,20.029,38.4,8372.8
S5,servers8,best_s2+v_fifo,7,1.33762,1.34375,21885.9,23.3006,39.5,73523.4
S5,servers8,best_s2+v_fifo,8,1.28278,1.28125,22816.1,19.5525,36.5,12739.8
S5,servers8,best_s2+v_fifo,9,1.30241,1.29688,22514.5,20.3153,38.3,11096
S5,servers8,best_s2+v_fifo,10,1.28053,1.28125,22889.8,21.2092,39,14287.7
S5,servers8,best_s2+v_fifo,11,1.24261,1.25,23579.4,20.393,38,8896.8
S5,servers8,best_s2+v_fifo,12,1.37428,1.35938,21249.7,21.7971,39.7,8982.8
S5,servers8,best_s2+v_fifo,13,1.27231,1.25,22975.5,20.7564,39.1,9378.6
S5,servers8,best_s2+v_fifo,14,1.30903,1.28125,22424.9,23.5607,40.5,78810.2
S5,servers8,best_s2+v_fifo,15,1.31624,1.28125,22237.6,21.6036,39.7,10973.9
S5,servers8,best_s2+v_fifo,16,1.17177,1.17188,24969.9,20.0025,37.9,11949.1
S5,servers8,best_s2+v_fifo,17,1.22631,1.20312,23934.4,19.1121,35.5,13850.9
S5,servers8,best_s2+v_fifo,18,1.2202,1.1875,24055.9,19.5002,37.6,10802.7
S5,servers8,best_s2+v_fifo,19,1.1667,1.17188,25123.9,23.0631,35.3,127337
S5,servers8,best_s2+v_fifo,20,1.25902,1.1875,23245.9,19.7367,39.9,8370.2
S5,servers8,best_s2+v_group_first,1,1.62008,1.59375,18093.5,19.8318,37.2,12921.6
S5,servers8,best_s2+v_group_first,2,1.70739,1.70312,17127.3,21.1527,39.8,9351.2
S5,servers8,best_s2+v_group_first,3,1.66212,1.64062,17617.3,20.5375,38.7,9199.8
S5,servers8,best_s2+v_group_first,4,1.70692,1.6875,17121.5,21.4817,40.3,8933.6
S5,servers8,best_s2+v_group_first,5,1.67394,1.67188,17468.9,20.1372,38.2,13120.4
S5,servers8,best_s2+v_group_first,6,1.62709,1.625,18023.5,20.3956,37.6,10011.6
S5,servers8,best_s2+v_group_first,7,1.73697,1.71875,16853.5,21.5043,40.1,8823
S5,servers8,best_s2+v_group_first,8,1.59775,1.59375,18336.4,19.6064,38.8,9185.3
S5,servers8,best_s2+v_group_first,9,1.68119,1.6875,17417.4,20.3639,37,14746.7
S5,servers8,best_s2+v_group_first,10,1.64436,1.64062,17811.2,20.4193,38.8,8827.3
S5,servers8,best_s2+v_group_first,11,1.74549,1.73438,16786.7,21.7149,39.3,14898.9
S5,servers8,best_s2+v_group_first,12,1.69032,1.64062,17277.2,21.2407,40.2,12077
S5,servers8,best_s2+v_group_first,13,1.75268,1.71875,16664.2,21.3523,40.2,8778.9
S5,servers8,best_s2+v_group_first,14,1.77454,1.76562,16544,22.1573,41.8,15350
S5,servers8,best_s2+v_group_first,15,1.70455,1.67188,17175.2,21.0228,39.2,8463.7
S5,servers8,best_s2+v_group_first,16,1.62583,1.60938,18014.1,20.3183,38.9,8233.6
S5,servers8,best_s2+v_group_first,17,1.54842,1.51562,18952.9,19.2684,37.2,13691.4
S5,servers8,best_s2+v_group_first,18,1.56913,1.5625,18705.3,19.2869,36.7,8240.7
S5,servers8,best_s2+v_group_first,19,1.59424,1.53125,18380.5,19.5428,36.9,11933.9
S5,servers8,best_s2+v_group_first,20,1.52908,1.51562,19146.8,18.6362,35.4,8058.5
S5,servers8,best_s2+v_shortest_first,1,1.52975,1.51562,19156,19.7561,38.3,9812.5
S5,servers8,best_s2+v_shortest_first,2,1.478,1.46875,19798.4,19.8832,38.8,9111.3
S5,servers8,best_s2+v_shortest_first,3,1.51726,1.5,19278.2,20.1429,39,9856.7
S5,servers8,best_s2+v_shortest_first,4,1.49894,1.5,19504.4,20.3839,37.8,9927.8
S5,servers8,best_s2+v_shortest_first,5,1.45411,1.45312,20118.2,19.6951,40.1,8811.4
S5,servers8,best_s2+v_shortest_first,6,1.5087,1.48438,19460.5,20.1597,38.7,8915.1
S5,servers8,best_s2+v_shortest_first,7,1.53171,1.51562,19116.6,20.647,39.1,9083.5
S5,servers8,best_s2+v_shortest_first,8,1.44898,1.4375,20223.8,19.3487,37.1,8864.2
S5,servers8,best_s2+v_shortest_first,9,1.47663,1.48438,19867.5,19.4843,39,8771.8
S5,servers8,best_s2+v_shortest_first,10,1.48419,1.46875,19767,19.5188,38.4,11525.3
S5,servers8,best_s2+v_shortest_first,11,1.55495,1.54688,18851.4,20.9379,38.8,9929.9
S5,servers8,best_s2+v_shortest_first,12,1.50769,1.5,19387.3,20.1235,39.2,8445.5
S5,servers8,best_s2+v_shortest_first,13,1.58379,1.53125,18458.9,20.9975,40.3,13089.4
S5,servers8,best_s2+v_shortest_first,14,1.52653,1.53125,19238.4,20.0946,39.6,8953.3
S5,servers8,best_s2+v_shortest_first,15,1.48828,1.46875,19693.2,19.7017,39.4,9185.6
S5,servers8,best_s2+v_shortest_first,16,1.45395,1.40625,20131.4,19.2775,39.1,9486.1
S5,servers8,best_s2+v_shortest_first,17,1.3848,1.35938,21218.9,19.0328,37.7,12292.4
S5,servers8,best_s2+v_shortest_first,18,1.43012,1.40625,20540.9,18.9784,35.7,8645.3
S5,servers8,best_s2+v_shortest_first,19,1.35209,1.34375,21685.7,18.2065,35.7,8434
S5,servers8,best_s2+v_shortest_first,20,1.33986,1.29688,21869.4,17.9574,35.8,8092.6
S5,servers8,reference,1,0.932919,0.921875,27872.7,11.3455,13.6,9129.7
S5,servers8,reference,2,0.945159,0.9375,27545.6,11.1959,13.6,7593
S5,servers8,reference,3,0.739756,0.734375,35133.2,10.3463,13.2,6971.5
S5,servers8,reference,4,0.869034,0.859375,29933.2,11.2944,13.6,11568.8
S5,servers8,reference,5,0.898655,0.875,28820.8,11.1528,13.2,7495.2
S5,servers8,reference,6,0.7776,0.78125,33486.4,10.7488,13.6,7357
S5,servers8,reference,7,0.782708,0.78125,33230.8,10.8968,13.5,7783.9
S5,servers8,reference,8,0.894366,0.875,29085.4,10.5243,13.2,8920.9
S5,servers8,reference,9,0.841751,0.84375,30839.3,10.3656,13.1,10594.1
S5,servers8,reference,10,0.882418,0.875,29483.7,10.7958,13.4,9059.4
S5,servers8,reference,11,0.885688,0.875,29335.4,10.7606,13.3,6900.6
S5,servers8,reference,12,0.820174,0.8125,31573.8,11.3879,13.4,6731.8
S5,servers8,reference,13,0.788325,0.78125,32868.4,10.8954,13.3,6765.7
S5,servers8,reference,14,0.982171,0.96875,26471,11.8398,13.6,12352
S5,servers8,reference,15,0.953076,0.953125,27337.8,11.2871,13.6,10117.5
S5,servers8,reference,16,0.885622,0.875,29372.6,10.5563,13.3,9310
S5,servers8,reference,17,0.927141,0.90625,28142.4,11.2688,13.6,11252
S5,servers8,reference,18,0.85168,0.84375,30589,10.494,12.9,7171.4
S5,servers8,reference,19,0.748676,0.71875,34686.6,10.467,13,7112
S5,servers8,reference,20,0.850463,0.796875,30589.2,10.6567,13.2,8014.1
S6,colocated,best_s2+wait,1,1.10391,1.09375,21775.3,21.9078,24.8,17387.6
S6,colocated,best_s2+wait,2,1.12653,1.09375,21322.9,21.9703,23,15500.9
S6,colocated,best_s2+wait,3,1.13728,1.0625,21110,21.7197,25.6,15540.7
S6,colocated,best_s2+wait,4,1.14609,1.10938,20945.2,25.1328,26.3,73000.7
S6,colocated,best_s2+wait,5,1.24505,1.20312,19258.6,23.2796,26.9,13567.9
S6,colocated,best_s2+wait,6,1.23357,1.21875,19495.4,22.7588,26.1,13516.1
S6,colocated,best_s2+wait,7,1.24426,1.21875,19332.7,26.1802,27.1,73042.9
S6,colocated,best_s2+wait,8,1.22511,1.20312,19631.7,23.2944,26.9,20127.5
S6,colocated,best_s2+wait,9,1.36359,1.34375,17629.2,28.4606,28,80961.9
S6,colocated,best_s2+wait,10,1.35978,1.35938,17716.1,28.0453,27.9,91306.8
S6,colocated,best_s2+wait,11,1.311,1.28125,18297.5,23.1569,26.9,13616.6
S6,colocated,best_s2+wait,12,1.35521,1.34375,17757.4,24.306,27.3,18789.8
S6,colocated,best_s2+wait,13,1.26886,1.23438,18964.2,23.0467,27.2,14361.7
S6,colocated,best_s2+wait,14,1.35866,1.35938,17718.9,24.5292,27.2,21058.3
S6,colocated,best_s2+wait,15,1.37261,1.375,17468.1,28.1903,27.7,83852.3
S6,colocated,best_s2+wait,16,1.23063,1.21875,19511.9,26.7106,27,97959.4
S6,colocated,best_s2+wait,17,1.24539,1.21875,19369.9,26.8294,27.1,88406.6
S6,colocated,best_s2+wait,18,1.30272,1.29688,18485.2,27.8036,27.4,86644.8
S6,colocated,best_s2+wait,19,1.3488,1.34375,17837.4,23.6142,26.9,19681.7
S6,colocated,best_s2+wait,20,1.25969,1.23438,19090.5,24.1453,27,19665.3
S6,colocated,reference,1,0.847581,0.828125,28625,10.7452,13.2,7058.3
S6,colocated,reference,2,0.809431,0.796875,30001.3,10.0384,12.4,6699.4
S6,colocated,reference,3,0.772792,0.75,31394,14.3911,12.4,109837
S6,colocated,reference,4,0.88117,0.796875,27531.6,10.9538,13.1,6742.5
S6,colocated,reference,5,0.836166,0.796875,28975.1,10.6099,12.8,7619.3
S6,colocated,reference,6,0.82155,0.765625,29541.7,11.1913,13.1,14676.6
S6,colocated,reference,7,0.855799,0.84375,28380.5,10.695,13.2,6874.8
S6,colocated,reference,8,0.845042,0.84375,28720.5,11.0234,13.2,7748.5
S6,colocated,reference,9,0.869997,0.828125,27944.9,11.2314,13.5,6992.1
S6,colocated,reference,10,0.875869,0.875,27718.8,11.7858,13.5,7072.1
S6,colocated,reference,11,0.936807,0.9375,25928.5,11.374,13.5,7663.5
S6,colocated,reference,12,0.878798,0.859375,27653.7,11.4814,13.4,8821.1
S6,colocated,reference,13,0.853802,0.828125,28445.7,11.3337,13.5,8714.5
S6,colocated,reference,14,0.871497,0.84375,27896.8,11.4272,13.5,8084.5
S6,colocated,reference,15,0.903361,0.90625,26894,16.2393,13.8,113972
S6,colocated,reference,16,0.906901,0.90625,26754.8,16.4508,13.7,117211
S6,colocated,reference,17,0.885242,0.859375,27451.3,15.9834,13.6,116615
S6,colocated,reference,18,0.865183,0.859375,28121.2,11.4341,13.4,9893.1
S6,colocated,reference,19,0.917211,0.890625,26466.1,11.0749,13.5,7010.3
S6,colocated,reference,20,0.921988,0.90625,26321.4,11.3076,13.2,12525.9
S6,rollout10,best_s2+wait,1,1.29128,1.28125,22216.7,19.4026,37.8,15495.2
S6,rollout10,best_s2+wait,2,1.25962,1.23438,22766.3,18.9722,38.2,9842
S6,rollout10,best_s2+wait,3,1.19526,1.1875,23881.7,18.4187,35.5,11951.1
S6,rollout10,best_s2+wait,4,1.19439,1.20312,23965.5,17.8305,36,11127.3
S6,rollout10,best_s2+wait,5,1.16087,1.15625,24685,17.6166,33.9,9284.3
S6,rollout10,best_s2+wait,6,1.21061,1.21875,23696.3,18.5733,36.7,10309.7
S6,rollout10,best_s2+wait,7,1.19191,1.1875,23998.4,18.3762,34.5,13004.1
S6,rollout10,best_s2+wait,8,1.22117,1.20312,23463.6,18.4174,35.6,15756.3
S6,rollout10,best_s2+wait,9,1.22988,1.1875,23312.1,18.1717,34.5,10219.3
S6,rollout10,best_s2+wait,10,1.20573,1.17188,23643.8,18.6228,35.4,14833.9
S6,rollout10,best_s2+wait,11,1.22248,1.17188,23484.2,18.717,36.1,10871.7
S6,rollout10,best_s2+wait,12,1.19674,1.10938,23925.8,17.9596,33.5,16988.9
S6,rollout10,best_s2+wait,13,1.13487,1.125,25235.5,17.3684,34.2,11909.9
S6,rollout10,best_s2+wait,14,1.14306,1.07812,25177.9,17.4327,31.3,10906.2
S6,rollout10,best_s2+wait,15,1.22715,1.17188,23382.7,18.8758,37.1,12131.1
S6,rollout10,best_s2+wait,16,1.31952,1.28125,21772.3,19.9358,38.4,13002
S6,rollout10,best_s2+wait,17,1.26072,1.23438,22800.4,19.0926,37.7,15373.7
S6,rollout10,best_s2+wait,18,1.22368,1.21875,23448.9,18.5017,35.6,12831.1
S6,rollout10,best_s2+wait,19,1.19557,1.17188,24019.5,18.0659,36.1,11138.7
S6,rollout10,best_s2+wait,20,1.21847,1.21875,23466.4,18.0129,34.7,10110.7
S6,rollout10,reference,1,0.913542,0.90625,28300.8,10.8585,13.5,7705.9
S6,rollout10,reference,2,0.968578,0.96875,26812.5,11.4055,13.8,7637.9
S6,rollout10,reference,3,0.961824,0.9375,26973.8,11.4173,13.6,7107.5
S6,rollout10,reference,4,0.873644,0.875,29786.7,10.3142,13.1,7143.4
S6,rollout10,reference,5,0.870501,0.859375,29826.5,10.3491,13.2,7103.7
S6,rollout10,reference,6,0.859377,0.84375,30277.7,10.2476,13.1,7089.8
S6,rollout10,reference,7,0.873188,0.875,29830.9,10.5903,13.3,6826.6
S6,rollout10,reference,8,0.843173,0.84375,30751.7,10.3219,13.1,7026.7
S6,rollout10,reference,9,0.902635,0.90625,28731.4,10.8889,13.3,8661.6
S6,rollout10,reference,10,0.899929,0.875,28754.5,10.6714,13.3,6863
S6,rollout10,reference,11,0.889928,0.875,29123.7,10.8527,13.3,11651.2
S6,rollout10,reference,12,0.870271,0.84375,29830.9,10.4951,13.2,12544.2
S6,rollout10,reference,13,0.898367,0.890625,28909.1,10.6279,13.4,6834.8
S6,rollout10,reference,14,0.838598,0.84375,31067.3,10.0019,13,7462.8
S6,rollout10,reference,15,0.876818,0.859375,29708.5,10.7394,13.3,7552.9
S6,rollout10,reference,16,0.926668,0.875,28059.7,11.2997,13.6,10359
S6,rollout10,reference,17,0.979944,0.96875,26592.3,11.8125,13.7,9374.8
S6,rollout10,reference,18,0.963818,0.921875,27045.6,10.7664,13.4,9222.3
S6,rollout10,reference,19,0.880982,0.828125,29478.5,10.7099,13.5,10268.2
S6,rollout10,reference,20,0.874234,0.859375,29806.6,10.5158,13.1,10886.9
S6,rollout12,best_s2+wait,1,1.25302,1.23438,22132.8,20.7874,34.6,14472.3
S6,rollout12,best_s2+wait,2,1.32726,1.32812,20883.7,20.4992,33.5,10793
S6,rollout12,best_s2+wait,3,1.37015,1.32812,20274.4,21.1414,35.4,13411.8
S6,rollout12,best_s2+wait,4,1.28957,1.25,21512.6,20.9297,35.4,11102
S6,rollout12,best_s2+wait,5,1.28173,1.26562,21620.7,20.7507,35.2,11074.9
S6,rollout12,best_s2+wait,6,1.28957,1.26562,21520.3,23.5161,34.7,83983.6
S6,rollout12,best_s2+wait,7,1.2705,1.28125,21871,23.0917,32.6,86852.5
S6,rollout12,best_s2+wait,8,1.29408,1.25,21400.6,21.3789,34.5,14929
S6,rollout12,best_s2+wait,9,1.22737,1.20312,22586.5,20.2942,32.4,10694
S6,rollout12,best_s2+wait,10,1.29357,1.23438,21357.9,21.2413,34.2,11764.2
S6,rollout12,best_s2+wait,11,1.27542,1.26562,21755.2,22.9818,36,75511.6
S6,rollout12,best_s2+wait,12,1.30845,1.26562,21166.2,21.2848,34.4,18204.6
S6,rollout12,best_s2+wait,13,1.31416,1.3125,21148.9,21.5507,36.8,14078
S6,rollout12,best_s2+wait,14,1.27616,1.26562,21786.5,20.7836,33.5,11346.7
S6,rollout12,best_s2+wait,15,1.27036,1.23438,21852.1,23.0704,31.3,84581
S6,rollout12,best_s2+wait,16,1.23282,1.23438,22462.3,20.2702,34.1,16751.8
S6,rollout12,best_s2+wait,17,1.23216,1.21875,22588.8,20.0517,32.4,12250.8
S6,rollout12,best_s2+wait,18,1.18749,1.1875,23445.3,19.4735,29.5,10886.8
S6,rollout12,best_s2+wait,19,1.2006,1.17188,23085.1,19.1093,27.8,19120.7
S6,rollout12,best_s2+wait,20,1.19573,1.20312,23199.3,21.0711,27.5,72981.7
S6,rollout12,reference,1,0.898329,0.90625,28699.9,10.8356,13.5,8669.4
S6,rollout12,reference,2,0.898498,0.84375,28815.9,11.0054,13.4,7535.2
S6,rollout12,reference,3,0.87721,0.828125,29527.7,10.8332,13.4,10115.1
S6,rollout12,reference,4,0.917056,0.859375,28245.8,10.936,13.5,7132.6
S6,rollout12,reference,5,0.88537,0.84375,29187.8,15.6297,13.7,119123
S6,rollout12,reference,6,0.876357,0.875,29598.7,15.4055,13.5,114315
S6,rollout12,reference,7,0.892381,0.875,29071.7,10.9862,13.6,7216.9
S6,rollout12,reference,8,0.943495,0.9375,27452.2,11.4095,13.3,8035
S6,rollout12,reference,9,0.910533,0.921875,28375.7,11.1038,13.5,12576.3
S6,rollout12,reference,10,0.915322,0.90625,28242.5,13.7437,13.5,80660.4
S6,rollout12,reference,11,0.932086,0.9375,27741,11.1319,13.6,6861.6
S6,rollout12,reference,12,0.908757,0.875,28469.7,10.8343,13.4,7915.6
S6,rollout12,reference,13,0.907736,0.859375,28548,11.2886,13.4,11411.4
S6,rollout12,reference,14,0.936744,0.90625,27682.1,13.8174,13.3,83615.7
S6,rollout12,reference,15,0.95725,0.953125,27108.9,11.6395,13.5,9744
S6,rollout12,reference,16,0.927375,0.90625,27939.1,10.9321,13.4,7766.2
S6,rollout12,reference,17,0.920326,0.921875,28186.8,11.3612,13.7,7742.1
S6,rollout12,reference,18,0.890078,0.84375,29228.9,13.0663,13.1,72269
S6,rollout12,reference,19,0.861377,0.859375,30056.5,10.516,13.2,11484.1
S6,rollout12,reference,20,0.845393,0.8125,30597.6,10.4116,13.2,7047.5
S6,rollout4,best_s2+wait,1,1.23372,1.20312,22201.2,15.8744,39.3,7498.1
S6,rollout4,best_s2+wait,2,1.25825,1.25,21835.1,16.6553,40.1,9415.8
S6,rollout4,best_s2+wait,3,1.18594,1.17188,23096.5,15.685,38.2,7261.4
S6,rollout4,best_s2+wait,4,1.22366,1.21875,22338.7,15.3821,37.9,7378.6
S6,rollout4,best_s2+wait,5,1.09486,1.09375,24919.2,14.032,35.1,7636.7
S6,rollout4,best_s2+wait,6,1.1595,1.14062,23669.8,14.9737,37.4,7279.9
S6,rollout4,best_s2+wait,7,1.13977,1.14062,24071.6,15.181,37,9711.5
S6,rollout4,best_s2+wait,8,1.1408,1.14062,24138.4,14.7597,37.7,7443
S6,rollout4,best_s2+wait,9,1.12621,1.125,24238.9,14.7106,36.7,7959.2
S6,rollout4,best_s2+wait,10,1.14092,1.14062,23966.6,14.5464,36.8,7853.2
S6,rollout4,best_s2+wait,11,1.21628,1.17188,22523.6,15.7033,38.5,7471.1
S6,rollout4,best_s2+wait,12,1.15208,1.125,23738.9,14.8798,36.5,9904.8
S6,rollout4,best_s2+wait,13,1.13317,1.125,24152.5,14.7638,36.2,9493.9
S6,rollout4,best_s2+wait,14,1.18193,1.1875,23287.3,15.1551,37.1,7213.5
S6,rollout4,best_s2+wait,15,1.1743,1.17188,23419.8,15.1785,37.4,11134.6
S6,rollout4,best_s2+wait,16,1.19294,1.20312,23056.4,15.2402,37.5,7357.5
S6,rollout4,best_s2+wait,17,1.20215,1.17188,22815.8,15.953,37.4,8538.5
S6,rollout4,best_s2+wait,18,1.17041,1.14062,23590.9,14.9628,37,7560
S6,rollout4,best_s2+wait,19,1.12668,1.125,24369.9,14.753,36.5,7139.4
S6,rollout4,best_s2+wait,20,1.13393,1.14062,24193.7,14.6345,36.6,8912.4
S6,rollout4,reference,1,0.968432,0.96875,26420,11.3148,13.5,9070.1
S6,rollout4,reference,2,1.06869,1.03125,24068.8,12.0969,13.9,7940.8
S6,rollout4,reference,3,1.02971,1,24904.1,11.3601,13.7,7442.9
S6,rollout4,reference,4,1.02444,1.03125,25079.9,11.3989,13.8,7901.1
S6,rollout4,reference,5,0.990304,0.953125,25877.9,11.3663,13.6,7033.4
S6,rollout4,reference,6,0.963344,0.953125,26744.4,10.7811,13.4,7385.5
S6,rollout4,reference,7,0.987388,0.96875,26052.6,11.7417,13.5,12165.3
S6,rollout4,reference,8,0.949777,0.90625,26954.7,10.5566,13.3,8303
S6,rollout4,reference,9,0.953179,0.953125,26879.5,10.8317,13.5,7323.3
S6,rollout4,reference,10,1.02474,1.03125,25078.6,11.8203,13.6,8539
S6,rollout4,reference,11,0.92204,0.921875,27886,10.734,13.5,7019.4
S6,rollout4,reference,12,0.969529,0.96875,26409.7,11.001,13.6,7731.4
S6,rollout4,reference,13,0.973576,0.953125,26357.5,11.0112,13.6,7023.5
S6,rollout4,reference,14,1.00283,0.984375,25541.7,11.1963,13.6,8101.6
S6,rollout4,reference,15,0.952579,0.953125,27034,10.7439,13.5,8073.2
S6,rollout4,reference,16,0.991498,0.96875,25920.4,11.2785,13.7,10173.4
S6,rollout4,reference,17,1.00088,0.984375,25644.5,11.6098,13.8,7856.5
S6,rollout4,reference,18,0.931459,0.90625,27600.8,10.6662,13.3,9051.1
S6,rollout4,reference,19,0.988236,0.953125,25963.4,11.2549,13.7,12568.4
S6,rollout4,reference,20,0.958593,0.9375,26870.6,11.0214,13.5,12543.7
S6,rollout6,best_s2+wait,1,1.23326,1.23438,23134.7,16.6026,39.1,11130.6
S6,rollout6,best_s2+wait,2,1.22148,1.20312,23383.1,16.2708,37.3,11917.5
S6,rollout6,best_s2+wait,3,1.1999,1.1875,23681.2,15.8962,37.5,14542.6
S6,rollout6,best_s2+wait,4,1.21389,1.1875,23403.4,15.7566,38.1,7647.2
S6,rollout6,best_s2+wait,5,1.16151,1.14062,24411.4,15.7469,37.8,8442.4
S6,rollout6,best_s2+wait,6,1.19324,1.17188,23873.7,15.6815,37.4,12894.6
S6,rollout6,best_s2+wait,7,1.19539,1.20312,23773,15.3158,36.3,7892.2
S6,rollout6,best_s2+wait,8,1.21008,1.1875,23484.5,15.9296,37.4,9782.1
S6,rollout6,best_s2+wait,9,1.17637,1.15625,24197.3,15.5416,37.1,8277
S6,rollout6,best_s2+wait,10,1.19357,1.1875,23858.7,15.8718,37.8,8642.5
S6,rollout6,best_s2+wait,11,1.14832,1.14062,24875.4,15.4228,37.8,8988.9
S6,rollout6,best_s2+wait,12,1.14927,1.14062,24669.6,15.0411,36.4,8513.1
S6,rollout6,best_s2+wait,13,1.20918,1.20312,23501,16.0963,37.1,8294.2
S6,rollout6,best_s2+wait,14,1.21119,1.20312,23711.5,15.8845,37.9,7963.1
S6,rollout6,best_s2+wait,15,1.17224,1.1875,24341.4,15.5742,37.1,11467.5
S6,rollout6,best_s2+wait,16,1.13838,1.14062,25118.1,15.1416,36,13661
S6,rollout6,best_s2+wait,17,1.20009,1.17188,23800.8,16.0935,37.8,7822.4
S6,rollout6,best_s2+wait,18,1.21548,1.1875,23531.4,16.0845,37.6,8081.2
S6,rollout6,best_s2+wait,19,1.19172,1.15625,23841.9,15.8638,37.6,8750.8
S6,rollout6,best_s2+wait,20,1.23583,1.23438,23114.8,16.212,38.8,8144
S6,rollout6,reference,1,0.920358,0.921875,27977.2,10.5937,13.3,6914.5
S6,rollout6,reference,2,1.01336,1.01562,25619.6,11.7665,13.7,8377.8
S6,rollout6,reference,3,0.985076,0.984375,26179.7,11.1731,13.6,7689.9
S6,rollout6,reference,4,0.944689,0.9375,27414.3,10.6874,13.4,7858.9
S6,rollout6,reference,5,0.989268,0.984375,26113.3,11.4593,13.5,8988.4
S6,rollout6,reference,6,0.960199,0.953125,27054.8,10.9687,13.4,8879.7
S6,rollout6,reference,7,0.985388,0.96875,26350,11.3043,13.6,7223.2
S6,rollout6,reference,8,0.982755,0.953125,26280.2,11.2642,13.5,11953.5
S6,rollout6,reference,9,0.968209,0.96875,26686.4,10.8955,13.6,7937.1
S6,rollout6,reference,10,0.941611,0.9375,27356.3,10.7249,13.5,6950.2
S6,rollout6,reference,11,0.936915,0.9375,27645,10.9996,13.6,8771.8
S6,rollout6,reference,12,0.948355,0.921875,27211.3,10.7242,13.5,7133.4
S6,rollout6,reference,13,0.938526,0.921875,27559.2,11.0843,13.4,12034.9
S6,rollout6,reference,14,1.00692,1.01562,25754.9,11.6079,13.6,7433.7
S6,rollout6,reference,15,0.947934,0.953125,27461.8,10.935,13.5,7114
S6,rollout6,reference,16,0.936294,0.921875,27734.9,10.6583,13.4,7974.9
S6,rollout6,reference,17,0.972484,0.984375,26646.2,11.1321,13.5,7008.8
S6,rollout6,reference,18,0.926166,0.9375,28081.4,10.6147,13.3,7220.3
S6,rollout6,reference,19,0.962443,0.9375,26898.2,11.1673,13.6,9726.7
S6,rollout6,reference,20,0.990425,0.96875,26213,11.2467,13.6,9674.9
S6,rollout8,best_s2+wait,1,1.24824,1.25,23397,17.1795,36.7,13515.5
S6,rollout8,best_s2+wait,2,1.23044,1.23438,23786.7,17.0459,38.5,8716.2
S6,rollout8,best_s2+wait,3,1.27862,1.26562,22771.4,18.2784,40.3,9153.8
S6,rollout8,best_s2+wait,4,1.24593,1.21875,23411.4,17.4364,39.4,8761.1
S6,rollout8,best_s2+wait,5,1.20642,1.1875,24220.4,16.8565,37.7,8150.7
S6,rollout8,best_s2+wait,6,1.24779,1.23438,23425.3,17.341,38.6,13733.7
S6,rollout8,best_s2+wait,7,1.23932,1.21875,23564.6,17.3813,38.2,10481.2
S6,rollout8,best_s2+wait,8,1.19975,1.20312,24416.7,16.5436,36.9,9038.5
S6,rollout8,best_s2+wait,9,1.24735,1.23438,23496.1,17.6482,38.8,9216.4
S6,rollout8,best_s2+wait,10,1.25693,1.23438,23152.4,17.6001,39.2,14202.2
S6,rollout8,best_s2+wait,11,1.21456,1.21875,24054,17.3109,38.2,13513.4
S6,rollout8,best_s2+wait,12,1.26751,1.25,22977.3,17.4603,39,16265.5
S6,rollout8,best_s2+wait,13,1.26644,1.25,23021.9,17.6182,40.2,9370.1
S6,rollout8,best_s2+wait,14,1.26338,1.26562,23274.1,17.8723,39.1,9604.7
S6,rollout8,best_s2+wait,15,1.20796,1.1875,24257.3,17.2217,37.6,11813.6
S6,rollout8,best_s2+wait,16,1.25931,1.26562,23262.8,17.5753,39.4,15674.1
S6,rollout8,best_s2+wait,17,1.30872,1.3125,22366.1,18.077,40.2,8515.6
S6,rollout8,best_s2+wait,18,1.2825,1.29688,22831.2,18.0812,39.7,8493
S6,rollout8,best_s2+wait,19,1.20974,1.20312,24240,16.6707,36.6,10391.8
S6,rollout8,best_s2+wait,20,1.27323,1.26562,22930.7,17.5035,38.3,10789.4
S6,rollout8,reference,1,0.949397,0.9375,27262.6,11.2366,13.7,8505.1
S6,rollout8,reference,2,0.964122,0.96875,27005.9,11.0544,13.5,9667.9
S6,rollout8,reference,3,0.933121,0.9375,27732.7,10.7461,13.3,7177.6
S6,rollout8,reference,4,0.934806,0.921875,27826.1,10.7785,13.5,10409.5
S6,rollout8,reference,5,0.922029,0.921875,28081.5,10.9978,13.7,7079.8
S6,rollout8,reference,6,0.926293,0.90625,28201.6,10.7272,13.4,11033.9
S6,rollout8,reference,7,0.940481,0.921875,27763.5,11.0537,13.4,11505.6
S6,rollout8,reference,8,0.92116,0.90625,28173.2,10.5849,13.6,7727.1
S6,rollout8,reference,9,0.916007,0.921875,28345.8,10.6523,13.5,7208.6
S6,rollout8,reference,10,0.913669,0.90625,28404.2,10.8718,13.5,7631.6
S6,rollout8,reference,11,0.947466,0.9375,27423.7,11.1975,13.6,7258.7
S6,rollout8,reference,12,0.997376,1,25932.1,11.2652,13.5,13066.3
S6,rollout8,reference,13,0.899398,0.859375,28809.3,10.4743,13.3,7767.8
S6,rollout8,reference,14,0.987034,0.984375,26378,11.4183,13.8,7300.7
S6,rollout8,reference,15,0.975055,0.984375,26794.4,11.5241,13.7,8150.7
S6,rollout8,reference,16,0.949113,0.953125,27426.7,10.6983,13.4,7945.2
S6,rollout8,reference,17,0.929716,0.921875,28062.3,10.7433,13.4,7006.4
S6,rollout8,reference,18,0.925916,0.90625,28217.5,10.7764,13.4,7853.4
S6,rollout8,reference,19,0.937305,0.9375,27703.9,11.1475,13.7,6858.7
S6,rollout8,reference,20,0.946804,0.921875,27481.9,10.6823,13.2,7548.4
S8,eta2/estimates_degrade,best_s2+abort(1.5),1,1.35299,1.32812,25698.6,16.3597,44.1,9217
S8,eta2/estimates_degrade,best_s2+abort(1.5),2,1.40284,1.39062,25126.9,17.768,43.9,39150.4
S8,eta2/estimates_degrade,best_s2+abort(1.5),3,1.45165,1.42188,24233.8,17.4046,45.9,14680.3
S8,eta2/estimates_degrade,best_s2+abort(1.5),4,1.3964,1.375,25098.7,18.3918,45.9,37378.7
S8,eta2/estimates_degrade,best_s2+abort(1.5),5,1.43931,1.42188,24120.6,18.5468,45.5,44669.2
S8,eta2/estimates_degrade,best_s2+abort(1.5),6,1.38577,1.39062,25266.8,17.6561,44.1,45922.2
S8,eta2/estimates_degrade,best_s2+abort(1.5),7,1.37878,1.35938,25722,18.0768,44.8,44550.4
S8,eta2/estimates_degrade,best_s2+abort(1.5),8,1.35276,1.3125,25859.6,17.3355,43.9,46485.7
S8,eta2/estimates_degrade,best_s2+abort(1.5),9,1.35168,1.32812,25913.7,16.8008,43.4,40391.4
S8,eta2/estimates_degrade,best_s2+abort(1.5),10,1.32845,1.26562,26305.2,15.522,41.8,9264.5
S8,eta2/estimates_degrade,best_s2+abort(1.5),11,1.4762,1.46875,24130.1,18.6768,45.1,58962.3
S8,eta2/estimates_degrade,best_s2+abort(1.5),12,1.44577,1.40625,24308.2,18.074,44.5,54115.5
S8,eta2/estimates_degrade,best_s2+abort(1.5),13,1.43488,1.34375,24372.1,18.2847,45.8,49543.7
S8,eta2/estimates_degrade,best_s2+abort(1.5),14,1.35002,1.26562,26001,17.4439,44.2,49668.7
S8,eta2/estimates_degrade,best_s2+abort(1.5),15,1.3951,1.35938,25286.3,16.3083,44.6,9433.4
S8,eta2/estimates_degrade,best_s2+abort(1.5),16,1.41859,1.35938,24382.7,18.376,45,60811
S8,eta2/estimates_degrade,best_s2+abort(1.5),17,1.42642,1.4375,24335.7,16.9969,45.2,9104.1
S8,eta2/estimates_degrade,best_s2+abort(1.5),18,1.46151,1.40625,24177.1,18.1842,43.5,55682.8
S8,eta2/estimates_degrade,best_s2+abort(1.5),19,1.39914,1.35938,25061.8,18.029,43.7,66326.9
S8,eta2/estimates_degrade,best_s2+abort(1.5),20,1.43884,1.39062,24506.5,17.0692,45,13183.9
S8,eta2/estimates_degrade,best_s2+wait,1,1.14437,1.125,25521.4,16.7581,36.9,9676.4
S8,eta2/estimates_degrade,best_s2+wait,2,1.1916,1.17188,24548.5,18.8542,39.9,44071.2
S8,eta2/estimates_degrade,best_s2+wait,3,1.17491,1.10938,24773.8,18.5548,37.9,45926.5
S8,eta2/estimates_degrade,best_s2+wait,4,1.10132,1.0625,26506.3,16.4507,36.4,9447.1
S8,eta2/estimates_degrade,best_s2+wait,5,1.2636,1.23438,23092.8,19.8124,40.9,60742.2
S8,eta2/estimates_degrade,best_s2+wait,6,1.13076,1.125,25857.9,17.776,35.4,54373.5
S8,eta2/estimates_degrade,best_s2+wait,7,1.11036,1.10938,26282.4,18.2627,37.7,41897.7
S8,eta2/estimates_degrade,best_s2+wait,8,1.10583,1.09375,26525,17.3636,35.4,45663.7
S8,eta2/estimates_degrade,best_s2+wait,9,1.10664,1.09375,26414.2,17.5145,35.9,49165
S8,eta2/estimates_degrade,best_s2+wait,10,1.11116,1.03125,26191.6,18.6371,37.9,57044.6
S8,eta2/estimates_degrade,best_s2+wait,11,1.10131,1.09375,26585.5,17.5251,35.7,46014.6
S8,eta2/estimates_degrade,best_s2+wait,12,1.10539,1.07812,26355.4,16.2762,36.6,10442.8
S8,eta2/estimates_degrade,best_s2+wait,13,1.16365,1.10938,25022.2,17.5429,37.2,15730
S8,eta2/estimates_degrade,best_s2+wait,14,1.13278,1.0625,25993.6,17.6012,36.3,42225.3
S8,eta2/estimates_degrade,best_s2+wait,15,1.15716,1.07812,25261.1,16.9695,36.5,10117.6
S8,eta2/estimates_degrade,best_s2+wait,16,1.12291,1.125,26023.4,16.6712,37.9,9529.9
S8,eta2/estimates_degrade,best_s2+wait,17,1.15542,1.14062,25395,18.2565,38,52259
S8,eta2/estimates_degrade,best_s2+wait,18,1.28625,1.21875,22811.3,19.9757,38.2,76735.4
S8,eta2/estimates_degrade,best_s2+wait,19,1.16648,1.125,25134.6,18.2787,35.9,72050.9
S8,eta2/estimates_degrade,best_s2+wait,20,1.17046,1.17188,24907.3,18.5754,37.9,56634.4
S8,eta2/estimates_degrade,online_adaptive+abort(1.5),1,1.48476,1.45312,23458.4,20.6552,55.6,43353.4
S8,eta2/estimates_degrade,online_adaptive+abort(1.5),2,1.48983,1.48438,23272.4,21.0787,57.1,40756.7
S8,eta2/estimates_degrade,online_adaptive+abort(1.5),3,1.55208,1.5625,22667.6,21.7795,58.7,50457.3
S8,eta2/estimates_degrade,online_adaptive+abort(1.5),4,1.57845,1.57812,21711.2,22.1663,59.6,38929.1
S8,eta2/estimates_degrade,online_adaptive+abort(1.5),5,1.62284,1.57812,21543.7,22.9684,60.1,56208.1
S8,eta2/estimates_degrade,online_adaptive+abort(1.5),6,1.51462,1.51562,23185.4,20.023,57.2,9803.8
S8,eta2/estimates_degrade,online_adaptive+abort(1.5),7,1.53819,1.53125,22722.8,21.4455,57.6,46737.2
S8,eta2/estimates_degrade,online_adaptive+abort(1.5),8,1.54619,1.51562,22702.3,21.9541,58.4,50237.5
S8,eta2/estimates_degrade,online_adaptive+abort(1.5),9,1.41058,1.40625,24433.9,18.9496,54.7,9601
S8,eta2/estimates_degrade,online_adaptive+abort(1.5),10,1.45955,1.39062,24084.9,20.3815,56.6,47128.3
S8,eta2/estimates_degrade,online_adaptive+abort(1.5),11,1.55565,1.53125,22208.7,22.0638,58.3,57989.7
S8,eta2/estimates_degrade,online_adaptive+abort(1.5),12,1.5736,1.53125,22234.4,20.9008,59.7,9408.5
S8,eta2/estimates_degrade,online_adaptive+abort(1.5),13,1.58054,1.5,22417.7,22.0637,58.9,46826.8
S8,eta2/estimates_degrade,online_adaptive+abort(1.5),14,1.51678,1.4375,23032.4,20.4612,59.3,8884.7
S8,eta2/estimates_degrade,online_adaptive+abort(1.5),15,1.62968,1.51562,21558.8,22.0991,59.6,43733.7
S8,eta2/estimates_degrade,online_adaptive+abort(1.5),16,1.58595,1.5625,21947.1,22.1484,58.8,47025.7
S8,eta2/estimates_degrade,online_adaptive+abort(1.5),17,1.62718,1.60938,21680.5,22.7723,59.4,53498.1
S8,eta2/estimates_degrade,online_adaptive+abort(1.5),18,1.59866,1.5625,22147.9,22.223,59.4,51658.9
S8,eta2/estimates_degrade,online_adaptive+abort(1.5),19,1.55183,1.54688,23020.5,21.5232,57.8,60148.7
S8,eta2/estimates_degrade,online_adaptive+abort(1.5),20,1.57174,1.53125,22474.4,20.1692,57.3,9778
S8,eta2/estimates_degrade,online_adaptive+wait,1,1.34168,1.3125,21798.8,23.1474,53.8,45365.6
S8,eta2/estimates_degrade,online_adaptive+wait,2,1.2513,1.25,23367.7,21.518,51.6,46413.6
S8,eta2/estimates_degrade,online_adaptive+wait,3,1.27692,1.28125,22822.1,21.4377,53.3,13480
S8,eta2/estimates_degrade,online_adaptive+wait,4,1.26794,1.23438,23002.7,20.8406,53.3,9388.8
S8,eta2/estimates_degrade,online_adaptive+wait,5,1.32194,1.3125,22079,22.7035,54.1,49514.8
S8,eta2/estimates_degrade,online_adaptive+wait,6,1.26858,1.26562,23046.3,20.8412,51.5,14149.9
S8,eta2/estimates_degrade,online_adaptive+wait,7,1.32784,1.3125,21995.2,20.9281,54.1,11761.8
S8,eta2/estimates_degrade,online_adaptive+wait,8,1.15789,1.125,25279.7,20.0561,45.9,45149.2
S8,eta2/estimates_degrade,online_adaptive+wait,9,1.20221,1.1875,24317,19.2293,47.8,9369.6
S8,eta2/estimates_degrade,online_adaptive+wait,10,1.16685,1.09375,24968.1,19.2975,45.3,9967.4
S8,eta2/estimates_degrade,online_adaptive+wait,11,1.27487,1.23438,22980.5,22.0562,50.5,49859.4
S8,eta2/estimates_degrade,online_adaptive+wait,12,1.32061,1.25,22043.7,20.7199,51,14203.9
S8,eta2/estimates_degrade,online_adaptive+wait,13,1.21773,1.14062,23939.7,22.0797,50.7,65297.9
S8,eta2/estimates_degrade,online_adaptive+wait,14,1.29556,1.14062,22689,22.3339,50.6,55351.3
S8,eta2/estimates_degrade,online_adaptive+wait,15,1.34881,1.26562,21683.6,20.6474,51.7,9393.6
S8,eta2/estimates_degrade,online_adaptive+wait,16,1.36634,1.29688,21420.8,23.4452,54.9,55543.1
S8,eta2/estimates_degrade,online_adaptive+wait,17,1.31248,1.26562,22325.6,22.2948,53,59410.3
S8,eta2/estimates_degrade,online_adaptive+wait,18,1.27429,1.25,22982.3,20.2115,51.1,13208.8
S8,eta2/estimates_degrade,online_adaptive+wait,19,1.24557,1.25,23533.1,21.2956,49.8,55886.1
S8,eta2/estimates_degrade,online_adaptive+wait,20,1.29526,1.29688,22502.8,20.6339,52.2,11517.9
S8,eta2/estimates_degrade,online_eb+abort_pred(1.5),1,1.81703,1.73438,16074.6,37.7344,102.7,40651.1
S8,eta2/estimates_degrade,online_eb+abort_pred(1.5),2,1.76538,1.73438,16553.4,36.3229,98.3,41426.9
S8,eta2/estimates_degrade,online_eb+abort_pred(1.5),3,1.76282,1.71875,16526.3,35.3358,100.6,13097.4
S8,eta2/estimates_degrade,online_eb+abort_pred(1.5),4,1.86475,1.82812,15637.5,38.6974,105.4,37055
S8,eta2/estimates_degrade,online_eb+abort_pred(1.5),5,1.96271,1.9375,15077.1,40.1733,106.7,75353.4
S8,eta2/estimates_degrade,online_eb+abort_pred(1.5),6,1.74363,1.73438,16717.4,34.7821,98.7,12771.7
S8,eta2/estimates_degrade,online_eb+abort_pred(1.5),7,1.7139,1.71875,16991.6,35.476,96.4,37050.2
S8,eta2/estimates_degrade,online_eb+abort_pred(1.5),8,1.75107,1.71875,16592.1,34.8279,98.8,11061.3
S8,eta2/estimates_degrade,online_eb+abort_pred(1.5),9,1.68753,1.65625,17198,34.0399,96.6,10615
S8,eta2/estimates_degrade,online_eb+abort_pred(1.5),10,1.73501,1.6875,16757.8,35.86,96.1,38811.4
S8,eta2/estimates_degrade,online_eb+abort_pred(1.5),11,1.7972,1.76562,16500.2,34.9871,97.7,18461.6
S8,eta2/estimates_degrade,online_eb+abort_pred(1.5),12,1.77561,1.75,16436.6,36.3097,98.6,49942.8
S8,eta2/estimates_degrade,online_eb+abort_pred(1.5),13,1.72917,1.70312,16751.4,35.9577,97.4,57772.5
S8,eta2/estimates_degrade,online_eb+abort_pred(1.5),14,1.82066,1.76562,16093.1,37.6262,100.9,64517.9
S8,eta2/estimates_degrade,online_eb+abort_pred(1.5),15,1.81425,1.76562,16074.4,37.1269,98.7,44006.2
S8,eta2/estimates_degrade,online_eb+abort_pred(1.5),16,1.84294,1.8125,15841,37.5279,100.4,60711.3
S8,eta2/estimates_degrade,online_eb+abort_pred(1.5),17,1.81724,1.79688,16089.2,37.3135,100.7,57241.7
S8,eta2/estimates_degrade,online_eb+abort_pred(1.5),18,1.82516,1.75,15826.5,37.3943,101.9,64040.6
S8,eta2/estimates_degrade,online_eb+abort_pred(1.5),19,1.75795,1.73438,16796.3,35.5925,97.3,56901.8
S8,eta2/estimates_degrade,online_eb+abort_pred(1.5),20,1.81524,1.79688,16220.5,35.5753,102.1,10153.9
S8,eta2/estimates_degrade,online_eb+wait,1,1.62083,1.59375,18019.2,33.7332,87.9,36181.7
S8,eta2/estimates_degrade,online_eb+wait,2,1.61117,1.59375,18189.9,31.9854,88.7,15294.6
S8,eta2/estimates_degrade,online_eb+wait,3,1.63466,1.60938,17801.8,34.0381,89.5,51229.5
S8,eta2/estimates_degrade,online_eb+wait,4,1.72689,1.65625,16899.2,35.2238,90.5,43236.6
S8,eta2/estimates_degrade,online_eb+wait,5,1.66849,1.67188,17478.7,34.85,91.3,46026.5
S8,eta2/estimates_degrade,online_eb+wait,6,1.57405,1.57812,18579.5,31.6302,87.2,10190.1
S8,eta2/estimates_degrade,online_eb+wait,7,1.65152,1.65625,17673.4,33.3134,87.3,53947.3
S8,eta2/estimates_degrade,online_eb+wait,8,1.63038,1.57812,17967,33.6587,88.5,53975.2
S8,eta2/estimates_degrade,online_eb+wait,9,1.58072,1.54688,18513.8,31.0212,85.4,12230.4
S8,eta2/estimates_degrade,online_eb+wait,10,1.56382,1.5,18614,32.3314,85.8,44643.6
S8,eta2/estimates_degrade,online_eb+wait,11,1.68513,1.67188,17398.7,34.7676,90.6,49727
S8,eta2/estimates_degrade,online_eb+wait,12,1.70437,1.67188,17101.3,33.9099,91.4,10686.2
S8,eta2/estimates_degrade,online_eb+wait,13,1.5842,1.5,18389.7,32.936,87.2,46325.2
S8,eta2/estimates_degrade,online_eb+wait,14,1.59012,1.5625,18492.9,32.9997,87.1,46342.9
S8,eta2/estimates_degrade,online_eb+wait,15,1.55506,1.5,18790.2,30.9904,84.7,12059.2
S8,eta2/estimates_degrade,online_eb+wait,16,1.68359,1.59375,17375.4,33.1017,90.2,12561.6
S8,eta2/estimates_degrade,online_eb+wait,17,1.66414,1.59375,17637.9,32.7019,90.9,14448.6
S8,eta2/estimates_degrade,online_eb+wait,18,1.68281,1.65625,17420.2,33.14,86.6,54264.4
S8,eta2/estimates_degrade,online_eb+wait,19,1.61076,1.57812,18180.8,32.7782,85.1,62965.7
S8,eta2/estimates_degrade,online_eb+wait,20,1.59977,1.57812,18215.8,32.844,86.3,56741.5
S8,eta2/estimates_degrade,reference,1,0.832864,0.796875,31077.1,10.9607,13.5,7356.9
S8,eta2/estimates_degrade,reference,2,0.879789,0.859375,29594.6,11.2993,13.8,7440
S8,eta2/estimates_degrade,reference,3,0.857313,0.84375,30185,12.5661,13.3,50707.2
S8,eta2/estimates_degrade,reference,4,0.859102,0.828125,30278.1,10.9492,13.3,12384.2
S8,eta2/estimates_degrade,reference,5,0.898801,0.859375,28807.3,12.5194,14.1,37563.8
S8,eta2/estimates_degrade,reference,6,0.863,0.859375,30270,10.7668,13.5,7430.7
S8,eta2/estimates_degrade,reference,7,0.850091,0.84375,30715.5,10.742,13.4,10109.5
S8,eta2/estimates_degrade,reference,8,0.832959,0.828125,31156.4,11.8375,13.2,50634.7
S8,eta2/estimates_degrade,reference,9,0.827724,0.8125,31369.1,10.3251,13.3,7123.1
S8,eta2/estimates_degrade,reference,10,0.865599,0.875,29981.6,12.2098,13.4,43544.2
S8,eta2/estimates_degrade,reference,11,0.867755,0.828125,29942.8,12.4717,13,51398.8
S8,eta2/estimates_degrade,reference,12,0.815481,0.8125,31716.2,11.6513,11.3,50332.8
S8,eta2/estimates_degrade,reference,13,0.86019,0.84375,30122.4,12.3839,13,49523.4
S8,eta2/estimates_degrade,reference,14,0.913614,0.875,28497.8,13.2084,13.5,52574.1
S8,eta2/estimates_degrade,reference,15,0.878441,0.828125,29741.3,10.9103,13.2,10956.3
S8,eta2/estimates_degrade,reference,16,0.833557,0.8125,31228.8,10.5242,13.2,7415.7
S8,eta2/estimates_degrade,reference,17,0.879691,0.859375,29658.1,10.8195,13.3,11891.1
S8,eta2/estimates_degrade,reference,18,0.930947,0.90625,28065,11.3124,13.7,7188.7
S8,eta2/estimates_degrade,reference,19,0.883415,0.859375,29393.9,10.1708,12.8,7437.4
S8,eta2/estimates_degrade,reference,20,0.859466,0.859375,30274.6,12.2412,13,60883.3
S8,eta2/none,best_s2+abort(1.5),1,1.46969,1.42188,23722.7,16.8991,45.9,9600.7
S8,eta2/none,best_s2+abort(1.5),2,1.47824,1.45312,23738.4,17.038,45.3,9536.2
S8,eta2/none,best_s2+abort(1.5),3,1.45716,1.45312,23991.2,16.6808,44,11398.5
S8,eta2/none,best_s2+abort(1.5),4,1.48662,1.48438,23792.3,17.0095,45.2,9028
S8,eta2/none,best_s2+abort(1.5),5,1.51465,1.51562,23185.6,17.6756,45.4,10579.3
S8,eta2/none,best_s2+abort(1.5),6,1.55996,1.54688,22279.4,18.1908,45.7,12424.9
S8,eta2/none,best_s2+abort(1.5),7,1.46734,1.45312,23993.7,16.9403,44.7,8663
S8,eta2/none,best_s2+abort(1.5),8,1.48429,1.46875,23863.9,18.8866,45.6,74933.3
S8,eta2/none,best_s2+abort(1.5),9,1.5355,1.48438,22817.3,17.6902,45.8,10122.9
S8,eta2/none,best_s2+abort(1.5),10,1.58293,1.5625,22145.7,18.0325,46.6,10158.5
S8,eta2/none,best_s2+abort(1.5),11,1.44639,1.42188,24503.8,16.5002,43.4,8556.7
S8,eta2/none,best_s2+abort(1.5),12,1.49908,1.45312,23460.4,19.1186,45.6,79022.5
S8,eta2/none,best_s2+abort(1.5),13,1.4717,1.46875,23998.1,16.8711,45.6,9590.7
S8,eta2/none,best_s2+abort(1.5),14,1.5735,1.51562,22226.2,17.7651,45.5,14804.2
S8,eta2/none,best_s2+abort(1.5),15,1.4767,1.40625,23717.7,16.9751,45,12049.5
S8,eta2/none,best_s2+abort(1.5),16,1.33349,1.29688,26102.1,15.6523,42.5,14549.7
S8,eta2/none,best_s2+abort(1.5),17,1.24967,1.21875,28045.8,16.2258,38.4,64265.5
S8,eta2/none,best_s2+abort(1.5),18,1.36816,1.29688,25562.8,17.4854,42.8,67557.9
S8,eta2/none,best_s2+abort(1.5),19,1.39889,1.35938,25164.9,16.3038,43.3,8418
S8,eta2/none,best_s2+abort(1.5),20,1.45705,1.4375,23988.1,18.9514,45.4,74377.4
S8,eta2/none,best_s2+wait,1,1.25463,1.26562,23277.9,17.5158,38.6,9464.8
S8,eta2/none,best_s2+wait,2,1.22831,1.21875,23827.9,17.1803,37.7,9060.8
S8,eta2/none,best_s2+wait,3,1.2862,1.25,22637.2,18.342,40.5,9300.8
S8,eta2/none,best_s2+wait,4,1.22217,1.21875,23866.5,17.2187,37.1,11580.9
S8,eta2/none,best_s2+wait,5,1.22263,1.21875,23899.4,18.2382,39.6,10173.9
S8,eta2/none,best_s2+wait,6,1.24203,1.25,23534.1,17.1062,39.1,9750.6
S8,eta2/none,best_s2+wait,7,1.18188,1.17188,24709.8,16.4547,35.1,8535.5
S8,eta2/none,best_s2+wait,8,1.27079,1.26562,23051.8,18.0844,40.2,8168.1
S8,eta2/none,best_s2+wait,9,1.36677,1.375,21443.3,21.2137,40.1,81354.7
S8,eta2/none,best_s2+wait,10,1.24509,1.23438,23372.5,17.1676,38.2,8854.3
S8,eta2/none,best_s2+wait,11,1.27769,1.28125,22865.4,17.3912,38.6,13813
S8,eta2/none,best_s2+wait,12,1.13976,1.10938,25552.8,16.8408,35.5,8566.5
S8,eta2/none,best_s2+wait,13,1.23628,1.23438,23583.7,19.4278,37.1,75450.2
S8,eta2/none,best_s2+wait,14,1.2579,1.25,23375.5,17.3091,39.2,12199.8
S8,eta2/none,best_s2+wait,15,1.20203,1.17188,24377.2,16.596,36.9,8833.4
S8,eta2/none,best_s2+wait,16,1.24909,1.17188,23453,19.8487,39,79239.3
S8,eta2/none,best_s2+wait,17,1.07262,1.04688,27289.2,15.2154,32.4,9962.9
S8,eta2/none,best_s2+wait,18,1.08658,1.04688,26947.8,17.3895,33.9,59839.8
S8,eta2/none,best_s2+wait,19,1.13414,1.125,25855.7,16.745,37.5,8530
S8,eta2/none,best_s2+wait,20,1.18306,1.14062,24678.4,16.5175,35.7,8783
S8,eta2/none,online_adaptive+abort(1.5),1,1.69063,1.70312,20898.7,22.8098,57.7,84202.8
S8,eta2/none,online_adaptive+abort(1.5),2,1.56948,1.53125,22348.2,20.2305,58.6,11934.8
S8,eta2/none,online_adaptive+abort(1.5),3,1.59154,1.59375,22084.3,20.2824,58.4,8835.4
S8,eta2/none,online_adaptive+abort(1.5),4,1.64282,1.625,21225.1,22.5184,58.2,77835.1
S8,eta2/none,online_adaptive+abort(1.5),5,1.64875,1.65625,21430.8,21.1933,59.3,10202
S8,eta2/none,online_adaptive+abort(1.5),6,1.66823,1.65625,21159.5,23.8439,60.2,91962.3
S8,eta2/none,online_adaptive+abort(1.5),7,1.57435,1.54688,22173.6,20.6017,58.7,14301.7
S8,eta2/none,online_adaptive+abort(1.5),8,1.64747,1.625,21119.6,21.536,60,12454.7
S8,eta2/none,online_adaptive+abort(1.5),9,1.65317,1.625,20951.3,23.4321,60.3,62412.4
S8,eta2/none,online_adaptive+abort(1.5),10,1.84895,1.84375,19186.5,22.4527,61.4,9236.7
S8,eta2/none,online_adaptive+abort(1.5),11,1.59841,1.60938,21614.6,20.87,59.1,10195.9
S8,eta2/none,online_adaptive+abort(1.5),12,1.67785,1.67188,20977.4,21.9155,60.3,9683.8
S8,eta2/none,online_adaptive+abort(1.5),13,1.6143,1.59375,21823.7,22.5642,58.3,73135.2
S8,eta2/none,online_adaptive+abort(1.5),14,1.57925,1.57812,22136.4,20.3423,57.6,16814.4
S8,eta2/none,online_adaptive+abort(1.5),15,1.63449,1.57812,21461.7,22.6359,58.5,82694.3
S8,eta2/none,online_adaptive+abort(1.5),16,1.51785,1.48438,22810,19.8267,57.5,8874
S8,eta2/none,online_adaptive+abort(1.5),17,1.37758,1.34375,25417,18.1623,53.4,8637.7
S8,eta2/none,online_adaptive+abort(1.5),18,1.47073,1.42188,24035.7,20.223,54.4,59269.8
S8,eta2/none,online_adaptive+abort(1.5),19,1.52581,1.51562,23205.4,19.5472,56.6,10092.1
S8,eta2/none,online_adaptive+abort(1.5),20,1.54971,1.46875,22614,20.1673,58.1,9491.3
S8,eta2/none,online_adaptive+wait,1,1.25881,1.25,23228.2,20.3709,52.8,9327.5
S8,eta2/none,online_adaptive+wait,2,1.34519,1.34375,21748.5,20.8669,55.1,9837.8
S8,eta2/none,online_adaptive+wait,3,1.42815,1.42188,20404,22.1236,55.5,17562.9
S8,eta2/none,online_adaptive+wait,4,1.34181,1.34375,21736.3,21.0685,52.1,15129.4
S8,eta2/none,online_adaptive+wait,5,1.35892,1.32812,21514.1,26.1136,54.5,137854
S8,eta2/none,online_adaptive+wait,6,1.36122,1.35938,21469.1,21.3409,54,8843
S8,eta2/none,online_adaptive+wait,7,1.32419,1.29688,22072.4,22.4783,52.2,76619.2
S8,eta2/none,online_adaptive+wait,8,1.33679,1.3125,21879.3,20.6965,53.5,9176.5
S8,eta2/none,online_adaptive+wait,9,1.42329,1.42188,20588.9,21.8418,55.4,10477.6
S8,eta2/none,online_adaptive+wait,10,1.32775,1.32812,21953.7,22.5689,51.3,67086
S8,eta2/none,online_adaptive+wait,11,1.29762,1.28125,22559.7,24.816,53,126220
S8,eta2/none,online_adaptive+wait,12,1.35384,1.34375,21510.7,21.0626,52.7,16307.4
S8,eta2/none,online_adaptive+wait,13,1.27811,1.26562,22804.8,20.4638,51.3,9031.1
S8,eta2/none,online_adaptive+wait,14,1.43625,1.40625,20450.5,24.3213,55,86106
S8,eta2/none,online_adaptive+wait,15,1.25622,1.20312,23303.2,19.554,49,9092.5
S8,eta2/none,online_adaptive+wait,16,1.20361,1.17188,24330.2,23.0696,47.9,113122
S8,eta2/none,online_adaptive+wait,17,1.15106,1.09375,25434,17.5252,36.8,8404.2
S8,eta2/none,online_adaptive+wait,18,1.16504,1.125,25107.4,18.4508,41.9,8676.5
S8,eta2/none,online_adaptive+wait,19,1.30445,1.28125,22498.3,22.896,52.6,70416.3
S8,eta2/none,online_adaptive+wait,20,1.28963,1.25,22623.6,20.1609,49.6,12104.6
S8,eta2/none,online_eb+abort_pred(1.5),1,1.85466,1.84375,15685.3,36.6643,102.9,11588.6
S8,eta2/none,online_eb+abort_pred(1.5),2,1.94077,1.9375,15032.2,37.9393,106.7,10368.8
S8,eta2/none,online_eb+abort_pred(1.5),3,1.83967,1.82812,15788.7,35.739,101.8,10248.2
S8,eta2/none,online_eb+abort_pred(1.5),4,1.75947,1.76562,16516.9,34.2982,98.7,9858.3
S8,eta2/none,online_eb+abort_pred(1.5),5,1.86572,1.82812,15714,38.5296,104,69164.7
S8,eta2/none,online_eb+abort_pred(1.5),6,1.85906,1.84375,15696.1,35.8917,101,16744.6
S8,eta2/none,online_eb+abort_pred(1.5),7,1.97317,1.95312,14761.5,40.8839,105.8,87270.3
S8,eta2/none,online_eb+abort_pred(1.5),8,1.99074,1.98438,14572,39.2265,108.6,10431.9
S8,eta2/none,online_eb+abort_pred(1.5),9,1.91569,1.875,15128.8,37.0238,103.7,10513.6
S8,eta2/none,online_eb+abort_pred(1.5),10,1.94999,1.89062,14922.7,39.486,104.6,75021.5
S8,eta2/none,online_eb+abort_pred(1.5),11,1.92811,1.90625,15320.7,39.4123,104.8,79463.1
S8,eta2/none,online_eb+abort_pred(1.5),12,1.84784,1.84375,15898,35.8666,102.6,13083.4
S8,eta2/none,online_eb+abort_pred(1.5),13,1.82063,1.75,15902.2,35.6717,102.3,10460.5
S8,eta2/none,online_eb+abort_pred(1.5),14,1.87073,1.82812,15556,38.5256,101.3,87478.4
S8,eta2/none,online_eb+abort_pred(1.5),15,1.7935,1.75,16163.4,35.1281,97.9,10810.8
S8,eta2/none,online_eb+abort_pred(1.5),16,1.73684,1.67188,16837.4,35.8917,95.4,68271.7
S8,eta2/none,online_eb+abort_pred(1.5),17,1.68132,1.65625,17400.6,32.402,89.1,10927.3
S8,eta2/none,online_eb+abort_pred(1.5),18,1.56616,1.53125,18408.1,31.0186,89.6,9831.8
S8,eta2/none,online_eb+abort_pred(1.5),19,1.74812,1.71875,16370.8,36.3761,99.8,75822.1
S8,eta2/none,online_eb+abort_pred(1.5),20,1.84865,1.78125,15919.7,35.7482,101.6,9958.1
S8,eta2/none,online_eb+wait,1,1.7072,1.70312,17108.7,32.6551,89.9,10946.1
S8,eta2/none,online_eb+wait,2,1.68244,1.65625,17424.7,37.2442,88.9,146111
S8,eta2/none,online_eb+wait,3,1.71997,1.71875,16916,35.4764,90.9,77970.2
S8,eta2/none,online_eb+wait,4,1.70986,1.70312,17072.1,32.2875,87.7,10408.6
S8,eta2/none,online_eb+wait,5,1.73386,1.73438,16836.4,33.5566,90.9,11076.5
S8,eta2/none,online_eb+wait,6,1.75851,1.75,16632.8,34.0243,93.8,10206.8
S8,eta2/none,online_eb+wait,7,1.73355,1.67188,16857.4,33.1814,92,14545.1
S8,eta2/none,online_eb+wait,8,1.70938,1.65625,17150.6,32.7779,90.3,17596.3
S8,eta2/none,online_eb+wait,9,1.75911,1.70312,16640.3,33.6815,91.7,10406.2
S8,eta2/none,online_eb+wait,10,1.76558,1.75,16494.8,34.0655,93,16314.3
S8,eta2/none,online_eb+wait,11,1.77393,1.75,16515.9,33.1371,90,13344.9
S8,eta2/none,online_eb+wait,12,1.69064,1.6875,17228.4,33.0365,89.1,14742
S8,eta2/none,online_eb+wait,13,1.69845,1.6875,17185.1,32.7267,89.1,11075.5
S8,eta2/none,online_eb+wait,14,1.7848,1.75,16451.2,34.1033,92.3,16081.2
S8,eta2/none,online_eb+wait,15,1.63847,1.59375,17863.7,31.6541,87.4,10857.9
S8,eta2/none,online_eb+wait,16,1.61002,1.59375,18204.1,31.1981,86.2,10395.4
S8,eta2/none,online_eb+wait,17,1.45342,1.40625,20169,28.4283,75.9,9880.6
S8,eta2/none,online_eb+wait,18,1.5436,1.48438,18973.2,30.3934,83.5,13543.7
S8,eta2/none,online_eb+wait,19,1.59986,1.60938,18296,31.5666,86.3,10478.6
S8,eta2/none,online_eb+wait,20,1.64756,1.59375,17693.5,32.2871,89,9761.1
S8,eta2/none,reference,1,0.94956,0.953125,27257.9,10.9752,13.4,7779.2
S8,eta2/none,reference,2,0.905064,0.90625,28768.1,10.8558,13.3,9549.9
S8,eta2/none,reference,3,0.952836,0.953125,27158.9,13.7503,13.5,76570.6
S8,eta2/none,reference,4,0.918382,0.921875,28323.7,13.3537,13.3,77336.5
S8,eta2/none,reference,5,0.915244,0.875,28289.7,10.8242,13.5,7328.9
S8,eta2/none,reference,6,0.924978,0.921875,28241.8,10.4706,13.4,7083.9
S8,eta2/none,reference,7,0.89667,0.890625,29120,10.621,13.2,7228.2
S8,eta2/none,reference,8,0.894944,0.890625,28998.5,10.5524,13.4,7289
S8,eta2/none,reference,9,1.02222,1.01562,25400.5,11.7849,13.7,7836.1
S8,eta2/none,reference,10,0.971065,0.96875,26725.3,10.9248,13.4,8976.2
S8,eta2/none,reference,11,0.960413,0.953125,27054,11.1885,13.4,13147.4
S8,eta2/none,reference,12,0.855963,0.859375,30216.3,10.3965,12.8,8737.3
S8,eta2/none,reference,13,0.948462,0.953125,27319,10.8564,13.4,8446.5
S8,eta2/none,reference,14,0.987921,0.9375,26354.3,11.4511,13.6,7336.3
S8,eta2/none,reference,15,0.898927,0.875,29063.5,10.5657,13.3,7007.3
S8,eta2/none,reference,16,0.865233,0.828125,30085.5,10.2535,13,8075.9
S8,eta2/none,reference,17,0.839685,0.8125,31071.2,10.0272,12.8,8500.3
S8,eta2/none,reference,18,0.841642,0.78125,31042.9,10.2868,12.7,9290.2
S8,eta2/none,reference,19,0.843874,0.796875,30771.2,10.2924,12.9,6759.3
S8,eta2/none,reference,20,0.849643,0.84375,30624.6,9.83862,12.3,7865.8
S8,eta2/tail_heavier,best_s2+abort(1.5),1,1.42051,1.34375,24799.6,16.5315,43.7,9655.2
S8,eta2/tail_heavier,best_s2+abort(1.5),2,1.48597,1.45312,23822.8,16.8057,44.5,9644.5
S8,eta2/tail_heavier,best_s2+abort(1.5),3,1.47561,1.46875,24026,18.9549,43.9,77174.4
S8,eta2/tail_heavier,best_s2+abort(1.5),4,1.43477,1.4375,24742.6,16.6261,43.9,9313.9
S8,eta2/tail_heavier,best_s2+abort(1.5),5,1.37356,1.35938,25794.3,16.2061,43.3,8573.7
S8,eta2/tail_heavier,best_s2+abort(1.5),6,1.49307,1.46875,23907.8,16.7858,44.8,9846.6
S8,eta2/tail_heavier,best_s2+abort(1.5),7,1.52908,1.51562,23610.2,17.2731,44.8,11621.3
S8,eta2/tail_heavier,best_s2+abort(1.5),8,1.43559,1.42188,24749.4,16.4298,43.7,8817.2
S8,eta2/tail_heavier,best_s2+abort(1.5),9,1.5132,1.5,23313.5,17.5249,45.2,8974.1
S8,eta2/tail_heavier,best_s2+abort(1.5),10,1.51646,1.46875,23460.6,19.6767,44.4,110381
S8,eta2/tail_heavier,best_s2+abort(1.5),11,1.4844,1.48438,24236.1,21.2171,44.9,147345
S8,eta2/tail_heavier,best_s2+abort(1.5),12,1.4499,1.4375,24327.3,18.6031,43.8,80221
S8,eta2/tail_heavier,best_s2+abort(1.5),13,1.51403,1.48438,23551.1,16.9702,44.9,10441.4
S8,eta2/tail_heavier,best_s2+abort(1.5),14,1.35426,1.34375,25931.6,16.0724,42.7,11180.3
S8,eta2/tail_heavier,best_s2+abort(1.5),15,1.49298,1.48438,23609.2,17.4694,45.1,11029.1
S8,eta2/tail_heavier,best_s2+abort(1.5),16,1.36033,1.34375,26032.7,17.2494,43.6,38189.6
S8,eta2/tail_heavier,best_s2+abort(1.5),17,1.34766,1.34375,26606.8,16.9725,44.1,34901.2
S8,eta2/tail_heavier,best_s2+abort(1.5),18,1.34493,1.3125,26320.4,16.0861,42.4,9360.9
S8,eta2/tail_heavier,best_s2+abort(1.5),19,1.37774,1.375,26108.1,18.1484,44.8,33993
S8,eta2/tail_heavier,best_s2+abort(1.5),20,1.35151,1.29688,26229.1,16.4924,44.2,8543.2
S8,eta2/tail_heavier,best_s2+wait,1,1.22492,1.21875,23875.9,19.603,38.1,83058.5
S8,eta2/tail_heavier,best_s2+wait,2,1.11172,1.10938,26209.9,17.2824,38.3,12117.8
S8,eta2/tail_heavier,best_s2+wait,3,1.20696,1.1875,24136.6,17.4555,39.1,9374.7
S8,eta2/tail_heavier,best_s2+wait,4,1.12809,1.125,25865.8,16.3789,35.4,11636.8
S8,eta2/tail_heavier,best_s2+wait,5,1.17564,1.15625,24832.4,16.2298,36.7,9469.9
S8,eta2/tail_heavier,best_s2+wait,6,1.25966,1.23438,23226.8,17.7593,38.8,8290.2
S8,eta2/tail_heavier,best_s2+wait,7,1.21967,1.20312,23981.9,16.9783,37.6,9333.9
S8,eta2/tail_heavier,best_s2+wait,8,1.18665,1.17188,24659.3,16.7933,36.2,14268.8
S8,eta2/tail_heavier,best_s2+wait,9,1.20804,1.1875,24266.5,18.6554,36.3,83499.9
S8,eta2/tail_heavier,best_s2+wait,10,1.23711,1.23438,23518.6,16.6791,36.1,11431.5
S8,eta2/tail_heavier,best_s2+wait,11,1.20687,1.20312,24204.9,16.1348,34.5,9418.9
S8,eta2/tail_heavier,best_s2+wait,12,1.2278,1.23438,23694.5,19.3627,36.9,75672.9
S8,eta2/tail_heavier,best_s2+wait,13,1.15004,1.15625,25390.4,16.7289,37.1,13270
S8,eta2/tail_heavier,best_s2+wait,14,1.25989,1.25,23316.2,16.8029,37.3,9171.8
S8,eta2/tail_heavier,best_s2+wait,15,1.27735,1.25,22964.7,20.4398,39.4,90510
S8,eta2/tail_heavier,best_s2+wait,16,1.13389,1.09375,25763.6,16.9691,36.2,9058.8
S8,eta2/tail_heavier,best_s2+wait,17,1.20246,1.20312,24330.9,18.7672,39,37182.5
S8,eta2/tail_heavier,best_s2+wait,18,1.11221,1.10938,26325.1,16.3363,35.5,13506.7
S8,eta2/tail_heavier,best_s2+wait,19,1.11004,1.09375,26389.2,17.3679,34.5,39116.1
S8,eta2/tail_heavier,best_s2+wait,20,1.12927,1.14062,25831.7,18.1766,37.8,42675.7
S8,eta2/tail_heavier,online_adaptive+abort(1.5),1,1.66003,1.625,21782.1,22.6991,58.3,69360.1
S8,eta2/tail_heavier,online_adaptive+abort(1.5),2,1.61221,1.57812,22047.4,20.9176,58.9,9250.3
S8,eta2/tail_heavier,online_adaptive+abort(1.5),3,1.58956,1.54688,22284.8,20.6826,59.4,9000
S8,eta2/tail_heavier,online_adaptive+abort(1.5),4,1.54713,1.53125,22757.6,20.0746,58,10344.8
S8,eta2/tail_heavier,online_adaptive+abort(1.5),5,1.55239,1.5625,22884.6,19.8736,57.1,9064.4
S8,eta2/tail_heavier,online_adaptive+abort(1.5),6,1.60844,1.5625,22044.3,20.9648,59,9194.3
S8,eta2/tail_heavier,online_adaptive+abort(1.5),7,1.63453,1.60938,22180.8,22.7028,58.5,83128.8
S8,eta2/tail_heavier,online_adaptive+abort(1.5),8,1.61038,1.60938,21991.6,22.3302,57.8,90127.3
S8,eta2/tail_heavier,online_adaptive+abort(1.5),9,1.69976,1.6875,20971.2,23.3598,58.9,91596.3
S8,eta2/tail_heavier,online_adaptive+abort(1.5),10,1.60317,1.60938,22462.4,22.3916,57.6,87257.2
S8,eta2/tail_heavier,online_adaptive+abort(1.5),11,1.59237,1.57812,22341.5,21.1155,59,14230.4
S8,eta2/tail_heavier,online_adaptive+abort(1.5),12,1.60347,1.59375,22032.3,22.6605,58.5,80390.6
S8,eta2/tail_heavier,online_adaptive+abort(1.5),13,1.6213,1.60938,22098.3,22.1688,58,82184.3
S8,eta2/tail_heavier,online_adaptive+abort(1.5),14,1.59243,1.57812,22184.4,22.5167,56.8,99531.4
S8,eta2/tail_heavier,online_adaptive+abort(1.5),15,1.70488,1.6875,20765.7,23.9616,60.1,87826.2
S8,eta2/tail_heavier,online_adaptive+abort(1.5),16,1.65056,1.625,21828.9,22.526,60.3,31711.5
S8,eta2/tail_heavier,online_adaptive+abort(1.5),17,1.54444,1.54688,23111.9,21.711,58.6,42007.5
S8,eta2/tail_heavier,online_adaptive+abort(1.5),18,1.54189,1.53125,23278.5,21.4634,58.1,33291.5
S8,eta2/tail_heavier,online_adaptive+abort(1.5),19,1.58781,1.59375,22646.2,21.0695,59.1,10755
S8,eta2/tail_heavier,online_adaptive+abort(1.5),20,1.51221,1.48438,23533.7,21.3419,58.6,40391.2
S8,eta2/tail_heavier,online_adaptive+wait,1,1.22594,1.17188,23856,20.7099,51,12396
S8,eta2/tail_heavier,online_adaptive+wait,2,1.32174,1.28125,22055,22.7493,51.7,73184.8
S8,eta2/tail_heavier,online_adaptive+wait,3,1.19587,1.17188,24366.3,20.614,51.9,13112.3
S8,eta2/tail_heavier,online_adaptive+wait,4,1.17013,1.15625,24921.1,19.7241,45.4,8840
S8,eta2/tail_heavier,online_adaptive+wait,5,1.21737,1.15625,23992.8,20.6648,51.2,9037.2
S8,eta2/tail_heavier,online_adaptive+wait,6,1.38442,1.375,21133,21.041,52.6,16512.3
S8,eta2/tail_heavier,online_adaptive+wait,7,1.36818,1.3125,21385.3,21.4034,54,10776.1
S8,eta2/tail_heavier,online_adaptive+wait,8,1.33994,1.29688,21830.2,20.7936,53.9,10501.2
S8,eta2/tail_heavier,online_adaptive+wait,9,1.33706,1.32812,21900.3,20.5043,52.1,11603.6
S8,eta2/tail_heavier,online_adaptive+wait,10,1.32474,1.28125,21971.8,19.7448,49.1,8916
S8,eta2/tail_heavier,online_adaptive+wait,11,1.32069,1.3125,22152.8,22.8507,49.2,93973.6
S8,eta2/tail_heavier,online_adaptive+wait,12,1.37808,1.34375,21154.8,21.1671,53.1,16308.2
S8,eta2/tail_heavier,online_adaptive+wait,13,1.24443,1.21875,23445.3,20.3725,52.1,9281.5
S8,eta2/tail_heavier,online_adaptive+wait,14,1.34131,1.34375,21876.3,22.8844,52.8,86811.7
S8,eta2/tail_heavier,online_adaptive+wait,15,1.37072,1.35938,21423.7,23.4094,50,104157
S8,eta2/tail_heavier,online_adaptive+wait,16,1.28879,1.26562,22669.4,20.9031,52.6,9652.6
S8,eta2/tail_heavier,online_adaptive+wait,17,1.28562,1.28125,22768.8,21.8728,53.6,36975.9
S8,eta2/tail_heavier,online_adaptive+wait,18,1.24864,1.23438,23410.2,20.5704,53.5,9620.6
S8,eta2/tail_heavier,online_adaptive+wait,19,1.19304,1.20312,24514.7,20.6765,49.2,40437.4
S8,eta2/tail_heavier,online_adaptive+wait,20,1.23492,1.20312,23620.1,21.4805,51.1,43988
S8,eta2/tail_heavier,online_eb+abort_pred(1.5),1,1.81203,1.75,16018.5,35.4439,100.7,10665.6
S8,eta2/tail_heavier,online_eb+abort_pred(1.5),2,1.7759,1.75,16462.1,37.1253,97.1,79321.5
S8,eta2/tail_heavier,online_eb+abort_pred(1.5),3,1.76521,1.73438,16449.6,34.1919,97.6,14882.7
S8,eta2/tail_heavier,online_eb+abort_pred(1.5),4,1.78352,1.78125,16323.9,34.8252,99.6,10287.2
S8,eta2/tail_heavier,online_eb+abort_pred(1.5),5,1.7751,1.71875,16470,34.5554,99,9723
S8,eta2/tail_heavier,online_eb+abort_pred(1.5),6,1.79409,1.73438,16266.7,34.2671,97.4,10808.2
S8,eta2/tail_heavier,online_eb+abort_pred(1.5),7,1.76892,1.73438,16438.9,34.3661,99,11787.4
S8,eta2/tail_heavier,online_eb+abort_pred(1.5),8,1.75947,1.76562,16379.9,36.4732,97.9,76871.8
S8,eta2/tail_heavier,online_eb+abort_pred(1.5),9,1.88509,1.85938,15699.5,38.0928,101.8,89003.3
S8,eta2/tail_heavier,online_eb+abort_pred(1.5),10,1.7927,1.75,16182.8,35.7498,101.7,10398
S8,eta2/tail_heavier,online_eb+abort_pred(1.5),11,1.79115,1.79688,16095.3,36.6078,98.4,85123.2
S8,eta2/tail_heavier,online_eb+abort_pred(1.5),12,1.8068,1.79688,16144.6,36.8299,99.5,87848.1
S8,eta2/tail_heavier,online_eb+abort_pred(1.5),13,1.79909,1.75,16108.2,34.755,100,10753.2
S8,eta2/tail_heavier,online_eb+abort_pred(1.5),14,1.76226,1.71875,16512.4,34.9848,100.5,10530
S8,eta2/tail_heavier,online_eb+abort_pred(1.5),15,1.83059,1.82812,15813.5,36.8123,104.4,13163.4
S8,eta2/tail_heavier,online_eb+abort_pred(1.5),16,1.76382,1.75,16455.2,36.7354,101.7,47323.1
S8,eta2/tail_heavier,online_eb+abort_pred(1.5),17,1.76515,1.75,16567.4,37.0256,103.5,36389.1
S8,eta2/tail_heavier,online_eb+abort_pred(1.5),18,1.75012,1.71875,16680.6,35.4409,101.7,11989.7
S8,eta2/tail_heavier,online_eb+abort_pred(1.5),19,1.69678,1.67188,16859,35.4497,99.5,38802.6
S8,eta2/tail_heavier,online_eb+abort_pred(1.5),20,1.7818,1.70312,16060.7,37.1855,103.2,44265.7
S8,eta2/tail_heavier,online_eb+wait,1,1.68054,1.64062,17390.8,32.5253,88.5,10317
S8,eta2/tail_heavier,online_eb+wait,2,1.67994,1.64062,17374.5,32.3536,87.9,15143.1
S8,eta2/tail_heavier,online_eb+wait,3,1.68289,1.625,17305.4,33.1834,91.3,16892.5
S8,eta2/tail_heavier,online_eb+wait,4,1.63634,1.54688,17820.2,31.0942,85,10148.7
S8,eta2/tail_heavier,online_eb+wait,5,1.63024,1.625,17932.9,32.1086,89.1,12615.7
S8,eta2/tail_heavier,online_eb+wait,6,1.71741,1.6875,17021,32.7216,90.2,10381.6
S8,eta2/tail_heavier,online_eb+wait,7,1.66491,1.64062,17560.7,32.0892,89,10016.5
S8,eta2/tail_heavier,online_eb+wait,8,1.70233,1.65625,17193.5,35.4464,88.8,93192.7
S8,eta2/tail_heavier,online_eb+wait,9,1.72379,1.6875,17002.1,35.3446,89.3,84645.3
S8,eta2/tail_heavier,online_eb+wait,10,1.74754,1.71875,16665.2,35.4391,88.1,101285
S8,eta2/tail_heavier,online_eb+wait,11,1.70034,1.67188,17204.8,34.9566,87.1,98157.1
S8,eta2/tail_heavier,online_eb+wait,12,1.67699,1.65625,17354.3,33.5699,82.9,87599.2
S8,eta2/tail_heavier,online_eb+wait,13,1.67979,1.64062,17386.7,34.4235,86.4,86692.5
S8,eta2/tail_heavier,online_eb+wait,14,1.66388,1.65625,17660.6,33.7035,84.9,91438.8
S8,eta2/tail_heavier,online_eb+wait,15,1.74722,1.71875,16801,35.4139,89.6,94836.8
S8,eta2/tail_heavier,online_eb+wait,16,1.68325,1.67188,17353.3,37.467,89.3,135964
S8,eta2/tail_heavier,online_eb+wait,17,1.58844,1.57812,18439.5,32.2843,90.5,11997.1
S8,eta2/tail_heavier,online_eb+wait,18,1.57824,1.54688,18537.8,31.3138,86.1,10219.9
S8,eta2/tail_heavier,online_eb+wait,19,1.59687,1.59375,18271.4,32.4804,88.9,11077.9
S8,eta2/tail_heavier,online_eb+wait,20,1.59008,1.53125,18341.8,32.7735,87.1,35899.4
S8,eta2/tail_heavier,reference,1,0.876202,0.875,29528.6,10.3258,12.9,8665.8
S8,eta2/tail_heavier,reference,2,0.960153,0.875,27060.3,11.4589,13.3,7411.6
S8,eta2/tail_heavier,reference,3,0.765996,0.765625,33827.9,10.2158,12.9,9411.2
S8,eta2/tail_heavier,reference,4,0.91752,0.90625,28279.5,10.5916,13.2,7501.3
S8,eta2/tail_heavier,reference,5,0.804284,0.765625,32182.7,10.7136,13.3,7038
S8,eta2/tail_heavier,reference,6,0.928354,0.890625,28083,10.86,13.5,9843.4
S8,eta2/tail_heavier,reference,7,0.911066,0.921875,28579.7,10.6407,13.3,6950.7
S8,eta2/tail_heavier,reference,8,0.892182,0.875,29146.5,10.4009,13.2,7480.5
S8,eta2/tail_heavier,reference,9,0.918649,0.90625,28147.8,10.3723,13.1,7735.6
S8,eta2/tail_heavier,reference,10,0.928942,0.921875,27887.6,13.7475,13.2,93305.3
S8,eta2/tail_heavier,reference,11,0.9409,0.9375,27641.6,10.4574,13.3,6705.9
S8,eta2/tail_heavier,reference,12,0.93397,0.9375,27678.6,13.7856,13.4,79108.8
S8,eta2/tail_heavier,reference,13,0.855885,0.859375,30203.8,10.4979,13.3,8651.5
S8,eta2/tail_heavier,reference,14,0.943931,0.9375,27560.3,10.5735,13.2,8218.7
S8,eta2/tail_heavier,reference,15,0.94982,0.921875,27455.7,10.8959,13.6,6860
S8,eta2/tail_heavier,reference,16,0.977579,0.984375,26560.5,10.8349,13.6,7699.1
S8,eta2/tail_heavier,reference,17,0.882621,0.875,29560.8,11.3049,13.5,10763.4
S8,eta2/tail_heavier,reference,18,0.796561,0.796875,32703.1,10.3257,13.3,7884.9
S8,eta2/tail_heavier,reference,19,0.801365,0.796875,32402.2,10.763,13.5,8989.2
S8,eta2/tail_heavier,reference,20,0.831095,0.8125,31268.4,11.5906,13.3,32877.2
SENS,S3eta1/est_high,best_s2+carry,1,1.99269,1.95312,16989.6,26.0005,52.2,101396
SENS,S3eta1/est_high,best_s2+carry,2,1.92592,1.85938,17596.8,23.0425,50.5,15026.9
SENS,S3eta1/est_high,best_s2+carry,3,1.91195,1.8125,17592,24.7751,56.1,78858.5
SENS,S3eta1/est_high,best_s2+carry,4,1.82481,1.73438,18472.6,22.2879,57.9,16025.9
SENS,S3eta1/est_high,best_s2+carry,5,1.86857,1.78125,18112.8,24.6714,59.5,72425.8
SENS,S3eta1/est_high,best_s2+carry,6,1.71349,1.65625,19467.2,23.2075,55.4,51977.8
SENS,S3eta1/est_high,best_s2+carry,7,1.86442,1.78125,18175.7,24.1367,58.8,59234.1
SENS,S3eta1/est_high,best_s2+carry,8,2.00353,1.8125,16720,26.3015,66.8,73123.3
SENS,S3eta1/est_high,best_s2+carry,9,1.83155,1.8125,18356.6,23.8923,55.4,77461.9
SENS,S3eta1/est_high,best_s2+carry,10,1.89705,1.79688,17993.7,22.2154,56,13166.7
SENS,S3eta1/est_high,best_s2+wait,1,1.77246,1.71875,16529,27.2719,43.9,87771.8
SENS,S3eta1/est_high,best_s2+wait,2,1.69553,1.67188,17233.6,25.8861,43,75457.7
SENS,S3eta1/est_high,best_s2+wait,3,1.65688,1.64062,17633.2,25.5591,42.6,78336.5
SENS,S3eta1/est_high,best_s2+wait,4,1.58287,1.48438,18390.6,23.4966,48.9,14811.2
SENS,S3eta1/est_high,best_s2+wait,5,1.51017,1.48438,19360.7,21.7673,46.2,11922.7
SENS,S3eta1/est_high,best_s2+wait,6,1.52535,1.42188,19210.1,22.1434,47.3,15790
SENS,S3eta1/est_high,best_s2+wait,7,1.56139,1.5625,18760.2,24.5865,48.3,72832.5
SENS,S3eta1/est_high,best_s2+wait,8,1.69781,1.60938,17256.9,26.0938,52.1,68162.1
SENS,S3eta1/est_high,best_s2+wait,9,1.72409,1.65625,16984.6,24.0356,50.8,21782.2
SENS,S3eta1/est_high,best_s2+wait,10,1.52226,1.45312,19138.6,25.1648,47.9,74037.9
SENS,S3eta1/est_high,reference,1,1.31757,1.28125,19644.6,17.498,14,81844.5
SENS,S3eta1/est_high,reference,2,1.31364,1.28125,19820.5,17.4821,13.8,85523.4
SENS,S3eta1/est_high,reference,3,1.25997,1.20312,20538.6,16.9039,13.6,77082.2
SENS,S3eta1/est_high,reference,4,1.26355,1.25,20586.4,14.1068,14.7,10696.1
SENS,S3eta1/est_high,reference,5,1.12112,1.07812,23094.8,13.2932,14.6,12767.9
SENS,S3eta1/est_high,reference,6,1.17071,1.10938,22313.8,14.1189,15.3,13396.7
SENS,S3eta1/est_high,reference,7,1.14092,1.07812,22885.8,13.9294,15.8,12066.6
SENS,S3eta1/est_high,reference,8,1.225,1.15625,21185.3,14.6819,16.1,11454.6
SENS,S3eta1/est_high,reference,9,1.30596,1.26562,19881.9,15.3564,18.9,13478.5
SENS,S3eta1/est_high,reference,10,1.18564,1.15625,21888.5,14.4542,15.4,13447.2
SENS,S3eta1/est_none,best_s2+carry,1,1.56474,1.53125,21879.6,17.9147,46.1,8624.7
SENS,S3eta1/est_none,best_s2+carry,2,1.5722,1.54688,21510.6,20.8136,47.6,43487.5
SENS,S3eta1/est_none,best_s2+carry,3,1.94033,1.92188,17239.9,27.3093,48.7,167168
SENS,S3eta1/est_none,best_s2+carry,4,1.86238,1.8125,18124.1,23.9747,48.6,62257.1
SENS,S3eta1/est_none,best_s2+carry,5,1.82493,1.67188,18611.7,24.8615,49.2,69628.4
SENS,S3eta1/est_none,best_s2+carry,6,1.83741,1.79688,18158.2,22.4785,47.9,14360.4
SENS,S3eta1/est_none,best_s2+carry,7,1.83916,1.84375,18504.6,24.9867,48.8,70914.5
SENS,S3eta1/est_none,best_s2+carry,8,1.94923,1.9375,17400.2,24.9013,48.5,78791.6
SENS,S3eta1/est_none,best_s2+carry,9,1.89695,1.90625,17751.6,24.5729,48.1,78416.4
SENS,S3eta1/est_none,best_s2+carry,10,1.91595,1.89062,17575.1,24.8765,51.8,72815.3
SENS,S3eta1/est_none,best_s2+wait,1,1.33404,1.26562,21858.4,21.0853,43.2,34416
SENS,S3eta1/est_none,best_s2+wait,2,1.32685,1.3125,22055.3,21.5489,40.4,106851
SENS,S3eta1/est_none,best_s2+wait,3,1.5613,1.54688,18683.8,27.7338,42.4,158764
SENS,S3eta1/est_none,best_s2+wait,4,1.64057,1.60938,17787.1,23.5808,41.9,14292.5
SENS,S3eta1/est_none,best_s2+wait,5,1.65677,1.5625,17664.5,25.3717,42.1,72940.6
SENS,S3eta1/est_none,best_s2+wait,6,1.62051,1.54688,18021.4,23.2582,42,13273.9
SENS,S3eta1/est_none,best_s2+wait,7,1.6598,1.65625,17586.5,23.846,42.8,14711.9
SENS,S3eta1/est_none,best_s2+wait,8,1.73269,1.73438,16925.2,25.8127,42.3,78010.8
SENS,S3eta1/est_none,best_s2+wait,9,1.66957,1.65625,17498.6,25.3065,41.6,69497.8
SENS,S3eta1/est_none,best_s2+wait,10,1.67845,1.64062,17329.1,25.8144,42.5,73832.7
SENS,S3eta1/est_none,reference,1,1.01827,0.984375,25418.6,15.5665,13.7,116237
SENS,S3eta1/est_none,reference,2,1.04438,1.03125,24930.6,11.9199,13.6,9017.7
SENS,S3eta1/est_none,reference,3,1.01733,0.984375,25437.1,17.8117,13.6,152136
SENS,S3eta1/est_none,reference,4,1.21246,1.21875,21454,16.2985,13.4,62800.7
SENS,S3eta1/est_none,reference,5,1.31052,1.23438,19757,24.3288,13.5,269728
SENS,S3eta1/est_none,reference,6,1.18979,1.14062,21956,16.197,13.3,63767.3
SENS,S3eta1/est_none,reference,7,1.23533,1.17188,21136.9,16.3972,13.6,67036.8
SENS,S3eta1/est_none,reference,8,1.26934,1.26562,20445.3,16.9246,14.2,77549.4
SENS,S3eta1/est_none,reference,9,1.22407,1.21875,21212,14.2304,13.3,11388.7
SENS,S3eta1/est_none,reference,10,1.25706,1.26562,20645.1,14.5239,13.7,10822.4
SENS,S3eta1/mfu0.2,best_s2+carry,1,1.93251,1.89062,20095.1,23.2847,52.4,50790.3
SENS,S3eta1/mfu0.2,best_s2+carry,2,1.93272,1.90625,19870.5,23.7517,53.1,73045
SENS,S3eta1/mfu0.2,best_s2+carry,3,1.89537,1.84375,20568.5,22.7034,50.2,65534.5
SENS,S3eta1/mfu0.2,best_s2+carry,4,1.99038,1.9375,19417.4,23.8799,52.5,68675.4
SENS,S3eta1/mfu0.2,best_s2+carry,5,1.98584,1.92188,19435.1,24.159,54.4,77198.1
SENS,S3eta1/mfu0.2,best_s2+carry,6,2.08761,1.98438,18367.4,25.2585,58.5,83103.4
SENS,S3eta1/mfu0.2,best_s2+carry,7,2.18004,2.14062,17826.3,25.9283,59.3,74721
SENS,S3eta1/mfu0.2,best_s2+carry,8,2.29007,2.21875,16954.5,24.8766,63.4,13052.8
SENS,S3eta1/mfu0.2,best_s2+carry,9,2.24041,2.15625,17338.8,26.3885,59.9,95005.3
SENS,S3eta1/mfu0.2,best_s2+carry,10,2.14303,2.07812,17997.4,26.5794,62.2,73414.2
SENS,S3eta1/mfu0.2,best_s2+wait,1,1.47179,1.45312,19988.5,23.8733,44.2,65692.6
SENS,S3eta1/mfu0.2,best_s2+wait,2,1.4448,1.42188,20397.9,23.2223,43.4,62449.3
SENS,S3eta1/mfu0.2,best_s2+wait,3,1.44342,1.4375,20348.8,23.5812,42.6,73126.4
SENS,S3eta1/mfu0.2,best_s2+wait,4,1.47731,1.4375,19918.6,23.6621,41.8,73023.9
SENS,S3eta1/mfu0.2,best_s2+wait,5,1.47256,1.45312,20011.4,21.9464,43.5,13627
SENS,S3eta1/mfu0.2,best_s2+wait,6,1.55992,1.54688,18868.9,26.195,48.2,68737.6
SENS,S3eta1/mfu0.2,best_s2+wait,7,1.6498,1.64062,17822.2,26.7498,48.6,84446.4
SENS,S3eta1/mfu0.2,best_s2+wait,8,1.62697,1.57812,18115.3,26.3511,48,69984.7
SENS,S3eta1/mfu0.2,best_s2+wait,9,1.68431,1.5625,17517.6,24.1925,48.2,13727.6
SENS,S3eta1/mfu0.2,best_s2+wait,10,1.68168,1.57812,17437.9,24.886,48.9,14354.5
SENS,S3eta1/mfu0.2,reference,1,1.13664,1.14062,22991.5,12.992,14.5,12477
SENS,S3eta1/mfu0.2,reference,2,1.04086,1.04688,25182,14.7767,14.4,62052.3
SENS,S3eta1/mfu0.2,reference,3,1.07995,1.09375,24183.6,13.0424,14.2,10729.3
SENS,S3eta1/mfu0.2,reference,4,1.04419,1.04688,25087.5,12.7661,13.9,12430.5
SENS,S3eta1/mfu0.2,reference,5,1.06913,1.04688,24422.7,12.4654,14,10713.2
SENS,S3eta1/mfu0.2,reference,6,1.11189,1.10938,23626.5,15.4097,14.3,67298.6
SENS,S3eta1/mfu0.2,reference,7,1.15146,1.125,22794.6,16.1059,14.7,76832.1
SENS,S3eta1/mfu0.2,reference,8,1.18093,1.07812,22191,16.215,15.6,64924.9
SENS,S3eta1/mfu0.2,reference,9,1.21326,1.15625,21551.8,17.086,15.4,79938
SENS,S3eta1/mfu0.2,reference,10,1.16768,1.14062,22374.3,14.0001,14.6,10233.6
SENS,S3eta1/mfu0.5,best_s2+carry,1,1.52054,1.46875,21051.7,20.6249,47.6,76667.6
SENS,S3eta1/mfu0.5,best_s2+carry,2,1.55156,1.53125,20684.9,20.9824,47.7,65161.2
SENS,S3eta1/mfu0.5,best_s2+carry,3,1.5942,1.60938,19960.4,21.9562,50.6,69887.6
SENS,S3eta1/mfu0.5,best_s2+carry,4,1.70861,1.65625,18875.6,22.7954,52.3,84104
SENS,S3eta1/mfu0.5,best_s2+carry,5,1.73393,1.70312,18194.5,23.5848,52.8,82949.2
SENS,S3eta1/mfu0.5,best_s2+carry,6,1.72512,1.73438,18304.8,23.4753,53.5,86529
SENS,S3eta1/mfu0.5,best_s2+carry,7,1.64871,1.625,19441.8,20.1174,50.1,16093.7
SENS,S3eta1/mfu0.5,best_s2+carry,8,1.6734,1.64062,19101.3,21.0318,54,13123.4
SENS,S3eta1/mfu0.5,best_s2+carry,9,1.77305,1.73438,18065,23.8292,55.9,71622.4
SENS,S3eta1/mfu0.5,best_s2+carry,10,1.78089,1.75,17894.4,24.5616,54.2,87662.1
SENS,S3eta1/mfu0.5,best_s2+wait,1,1.4251,1.40625,20370.4,20.006,43.9,13209.5
SENS,S3eta1/mfu0.5,best_s2+wait,2,1.4445,1.42188,20091.4,19.1074,41.7,15587.9
SENS,S3eta1/mfu0.5,best_s2+wait,3,1.40654,1.40625,20555.4,21.6453,43.3,84494.2
SENS,S3eta1/mfu0.5,best_s2+wait,4,1.49621,1.48438,19297.4,23.1868,44.6,92106.3
SENS,S3eta1/mfu0.5,best_s2+wait,5,1.53389,1.4375,18829.9,23.3737,45.9,83427
SENS,S3eta1/mfu0.5,best_s2+wait,6,1.60364,1.57812,18054.5,21.9917,47.3,15791.1
SENS,S3eta1/mfu0.5,best_s2+wait,7,1.52838,1.46875,18942.2,23.8388,44.7,101018
SENS,S3eta1/mfu0.5,best_s2+wait,8,1.56654,1.51562,18519.7,21.2855,46.2,15011.3
SENS,S3eta1/mfu0.5,best_s2+wait,9,1.66744,1.57812,17366.8,21.7594,47.5,15206.5
SENS,S3eta1/mfu0.5,best_s2+wait,10,1.58157,1.54688,18251.5,21.1994,46.5,15519.5
SENS,S3eta1/mfu0.5,reference,1,1.10953,1.09375,23175.6,15.6787,14.6,86295.4
SENS,S3eta1/mfu0.5,reference,2,1.09341,1.07812,23687.3,12.6216,14,9233.5
SENS,S3eta1/mfu0.5,reference,3,1.03173,1.03125,24974.6,12.0336,13.9,9545.7
SENS,S3eta1/mfu0.5,reference,4,1.14302,1.14062,22605.1,15.2902,14.6,71812.8
SENS,S3eta1/mfu0.5,reference,5,1.157,1.14062,22259.2,16.2165,14.4,85473.5
SENS,S3eta1/mfu0.5,reference,6,1.22041,1.21875,21324.8,16.8681,14.9,87948.8
SENS,S3eta1/mfu0.5,reference,7,1.26366,1.21875,20569.7,14.0609,14.7,16151.3
SENS,S3eta1/mfu0.5,reference,8,1.07027,1.01562,24088.3,13.0303,14.5,9150.2
SENS,S3eta1/mfu0.5,reference,9,1.24813,1.20312,20682.9,13.9895,15.1,9341.6
SENS,S3eta1/mfu0.5,reference,10,1.15132,1.15625,22435.1,14.2775,15.6,13408.6
SENS,S3eta1/tail0.75,best_s2+carry,1,1.67436,1.67188,20156.3,19.5506,49,11941.4
SENS,S3eta1/tail0.75,best_s2+carry,2,1.64202,1.64062,20298.2,19.199,48.7,10012.6
SENS,S3eta1/tail0.75,best_s2+carry,3,1.58653,1.57812,20799.5,18.9297,48.3,15223.6
SENS,S3eta1/tail0.75,best_s2+carry,4,1.69012,1.6875,19835.3,19.3783,49.2,12533.5
SENS,S3eta1/tail0.75,best_s2+carry,5,1.71291,1.67188,19572.5,19.706,51.3,9557.5
SENS,S3eta1/tail0.75,best_s2+carry,6,1.88901,1.84375,17576.4,21.8756,55.5,13514.6
SENS,S3eta1/tail0.75,best_s2+carry,7,1.8967,1.89062,17803.5,25.1079,57.5,121128
SENS,S3eta1/tail0.75,best_s2+carry,8,1.76089,1.75,19147.7,21.2462,53.5,13816.9
SENS,S3eta1/tail0.75,best_s2+carry,9,1.87637,1.82812,17861.6,21.5998,55.4,15883.8
SENS,S3eta1/tail0.75,best_s2+carry,10,1.83366,1.8125,18280.4,24.3537,52.4,118419
SENS,S3eta1/tail0.75,best_s2+wait,1,1.44284,1.42188,20193.5,20.0005,42.6,16283.7
SENS,S3eta1/tail0.75,best_s2+wait,2,1.43466,1.4375,20330.9,19.5567,41.9,14776
SENS,S3eta1/tail0.75,best_s2+wait,3,1.4341,1.4375,20177.8,19.4338,42.5,10061.2
SENS,S3eta1/tail0.75,best_s2+wait,4,1.44543,1.45312,20106.8,19.3578,42.1,9252.1
SENS,S3eta1/tail0.75,best_s2+wait,5,1.49486,1.46875,19458.7,20.4033,44.5,14229.6
SENS,S3eta1/tail0.75,best_s2+wait,6,1.64776,1.59375,17622.1,22.2748,46.6,15843
SENS,S3eta1/tail0.75,best_s2+wait,7,1.69627,1.625,17174.1,22.259,48.4,14213.7
SENS,S3eta1/tail0.75,best_s2+wait,8,1.68863,1.64062,17309.9,21.9072,45.9,14757.4
SENS,S3eta1/tail0.75,best_s2+wait,9,1.62573,1.57812,17915.1,25.3763,47,124438
SENS,S3eta1/tail0.75,best_s2+wait,10,1.61695,1.60938,17965.3,25.1965,44.8,119638
SENS,S3eta1/tail0.75,reference,1,1.07897,1.04688,23906.1,12.0542,13.9,7159.5
SENS,S3eta1/tail0.75,reference,2,1.09656,1.0625,23721.4,12.2569,14.1,6915.8
SENS,S3eta1/tail0.75,reference,3,1.0852,1.09375,23791.9,12.3762,13.9,12715.7
SENS,S3eta1/tail0.75,reference,4,1.10337,1.10938,23476.2,12.2037,14.1,8661.1
SENS,S3eta1/tail0.75,reference,5,1.10689,1.07812,23372.7,16.5037,14.1,119995
SENS,S3eta1/tail0.75,reference,6,1.27685,1.25,20362.6,18.1192,14.6,128884
SENS,S3eta1/tail0.75,reference,7,1.26704,1.20312,20505.2,13.9977,15,10678.2
SENS,S3eta1/tail0.75,reference,8,1.29597,1.28125,19965,13.9025,14.9,12727.9
SENS,S3eta1/tail0.75,reference,9,1.24715,1.23438,20726.4,18.0468,15,125609
SENS,S3eta1/tail0.75,reference,10,1.22237,1.1875,21181.9,13.5048,14.7,11531.1
SENS,S3eta1/tail1.25,best_s2+carry,1,1.74397,1.75,19722.3,19.879,49.1,9617.9
SENS,S3eta1/tail1.25,best_s2+carry,2,1.5492,1.53125,22018.4,19.1798,47.2,11888.2
SENS,S3eta1/tail1.25,best_s2+carry,3,1.5285,1.5,22355.3,20.1496,46.4,93413.4
SENS,S3eta1/tail1.25,best_s2+carry,4,1.59172,1.5625,21623.8,20.9513,47.7,92782
SENS,S3eta1/tail1.25,best_s2+carry,5,1.45764,1.45312,23483.9,21.7042,46.2,144613
SENS,S3eta1/tail1.25,best_s2+carry,6,1.3554,1.35938,25087.8,17.264,46,11104.4
SENS,S3eta1/tail1.25,best_s2+carry,7,1.60511,1.60938,21858.9,23.393,48.8,162744
SENS,S3eta1/tail1.25,best_s2+carry,8,1.70239,1.67188,20265,19.1309,49.8,12735.3
SENS,S3eta1/tail1.25,best_s2+carry,9,1.61423,1.59375,21394.7,21.2906,46,118741
SENS,S3eta1/tail1.25,best_s2+carry,10,1.429,1.42188,24218.3,17.4682,45.8,14601.1
SENS,S3eta1/tail1.25,best_s2+wait,1,1.54564,1.48438,18932,24.5908,44.2,122408
SENS,S3eta1/tail1.25,best_s2+wait,2,1.48812,1.48438,19632.2,23.8028,42.7,115817
SENS,S3eta1/tail1.25,best_s2+wait,3,1.30062,1.28125,22341.6,19.1257,41.6,9096.8
SENS,S3eta1/tail1.25,best_s2+wait,4,1.35618,1.34375,21506,18.319,39.5,11822.2
SENS,S3eta1/tail1.25,best_s2+wait,5,1.29642,1.26562,22561.3,18.485,40.1,9185.1
SENS,S3eta1/tail1.25,best_s2+wait,6,1.312,1.3125,22281.2,20.9574,38.3,99218.2
SENS,S3eta1/tail1.25,best_s2+wait,7,1.24574,1.25,23456,22.8645,39.1,156912
SENS,S3eta1/tail1.25,best_s2+wait,8,1.33698,1.3125,21850.7,24.017,43,139057
SENS,S3eta1/tail1.25,best_s2+wait,9,1.3923,1.375,20981.8,21.8334,39.2,118408
SENS,S3eta1/tail1.25,best_s2+wait,10,1.26073,1.26562,23059.6,23.9526,39.6,181569
SENS,S3eta1/tail1.25,reference,1,1.10557,1.0625,23371.6,13.2731,14.5,8594.2
SENS,S3eta1/tail1.25,reference,2,0.955879,0.953125,27156.2,12.2774,14,10525.3
SENS,S3eta1/tail1.25,reference,3,1.04526,1.03125,24758.5,15.4392,14,106777
SENS,S3eta1/tail1.25,reference,4,0.859156,0.828125,30201.7,11.0461,13.5,9997
SENS,S3eta1/tail1.25,reference,5,1.04998,1.04688,24633.8,15.9958,13.7,124253
SENS,S3eta1/tail1.25,reference,6,0.995511,0.984375,26133.3,10.863,13.6,6753.6
SENS,S3eta1/tail1.25,reference,7,0.983184,0.984375,26449.8,10.9091,13.5,9420.5
SENS,S3eta1/tail1.25,reference,8,1.05928,1.04688,24535.5,15.6691,14,107578
SENS,S3eta1/tail1.25,reference,9,1.09247,1.04688,23686.7,11.8176,14,11331.8
SENS,S3eta1/tail1.25,reference,10,0.961796,0.96875,26958.9,11.4161,13.7,11554.7
SENS,S4eta2/est_high,best_s2+abort(1.5),1,1.96794,1.95312,17585.9,24.9943,59.2,73822.3
SENS,S4eta2/est_high,best_s2+abort(1.5),2,2.0711,1.9375,16744.2,26.5755,66.4,87285.7
SENS,S4eta2/est_high,best_s2+abort(1.5),3,1.94633,1.85938,17939.9,24.9292,58.7,66853.8
SENS,S4eta2/est_high,best_s2+abort(1.5),4,2.27495,2.04688,15387.6,28.7807,79.8,68381.4
SENS,S4eta2/est_high,best_s2+abort(1.5),5,2.11055,1.98438,16540.7,24.1509,63,21201.8
SENS,S4eta2/est_high,best_s2+abort(1.5),6,1.89664,1.84375,18133.2,24.3635,55.9,79008.5
SENS,S4eta2/est_high,best_s2+abort(1.5),7,1.79926,1.76562,19326.8,21.0998,52.4,13681.5
SENS,S4eta2/est_high,best_s2+abort(1.5),8,1.7479,1.73438,19763.7,22.7444,51.2,73202.6
SENS,S4eta2/est_high,best_s2+abort(1.5),9,1.83212,1.78125,18871.1,21.5543,55.2,14569.1
SENS,S4eta2/est_high,best_s2+abort(1.5),10,1.80477,1.73438,19276.7,22.4832,51.7,64523.9
SENS,S4eta2/est_high,best_s2+carry(1.5),1,1.65491,1.59375,17666.2,25.2655,58.7,62437.2
SENS,S4eta2/est_high,best_s2+carry(1.5),2,1.88091,1.73438,15546.7,29.0379,74.6,70892.3
SENS,S4eta2/est_high,best_s2+carry(1.5),3,1.75142,1.67188,16622.5,27.0755,64.9,75095.9
SENS,S4eta2/est_high,best_s2+carry(1.5),4,1.92792,1.82812,15130.3,27.6354,77.2,13880
SENS,S4eta2/est_high,best_s2+carry(1.5),5,1.86468,1.79688,15384.4,28.5411,66.4,128448
SENS,S4eta2/est_high,best_s2+carry(1.5),6,1.72513,1.70312,16798.8,24.1013,59.5,16074.2
SENS,S4eta2/est_high,best_s2+carry(1.5),7,1.7149,1.65625,17055.3,25.504,56.7,56545
SENS,S4eta2/est_high,best_s2+carry(1.5),8,1.55089,1.53125,19111,23.3613,52.9,63868.1
SENS,S4eta2/est_high,best_s2+carry(1.5),9,1.65245,1.5625,17595.7,23.2849,56,15602.6
SENS,S4eta2/est_high,best_s2+carry(1.5),10,1.62399,1.5625,17860.3,24.208,54.6,71178.8
SENS,S4eta2/est_high,best_s2+wait,1,1.56869,1.51562,18676.1,22.1439,45.4,14878.4
SENS,S4eta2/est_high,best_s2+wait,2,1.77479,1.73438,16463.9,24.4266,51.6,13611.1
SENS,S4eta2/est_high,best_s2+wait,3,1.71393,1.65625,17046.3,23.9322,48.3,17338.1
SENS,S4eta2/est_high,best_s2+wait,4,1.68196,1.60938,17307.2,26.2339,48.1,80360.3
SENS,S4eta2/est_high,best_s2+wait,5,1.88837,1.6875,15483.2,29.1242,59.9,85683
SENS,S4eta2/est_high,best_s2+wait,6,1.66517,1.65625,17597,25.749,47.7,77333.3
SENS,S4eta2/est_high,best_s2+wait,7,1.59288,1.51562,18389.4,24.5536,46,70848.3
SENS,S4eta2/est_high,best_s2+wait,8,1.42196,1.40625,20604.6,19.8413,42.2,13263.5
SENS,S4eta2/est_high,best_s2+wait,9,1.56113,1.5625,18757.6,21.4683,44.9,15804.4
SENS,S4eta2/est_high,best_s2+wait,10,1.53948,1.5,18924.6,21.5008,45.1,12617.4
SENS,S4eta2/est_high,reference,1,1.16135,1.09375,22287,13.558,14.8,11377.8
SENS,S4eta2/est_high,reference,2,1.20358,1.15625,21633,16.2176,16.1,63775.2
SENS,S4eta2/est_high,reference,3,1.28326,1.25,20165.9,15.0375,16.2,11010.3
SENS,S4eta2/est_high,reference,4,1.27044,1.20312,20474.8,17.3252,15.7,76967
SENS,S4eta2/est_high,reference,5,1.3825,1.32812,18728.4,18.4725,17.1,81717.4
SENS,S4eta2/est_high,reference,6,1.27947,1.25,20417,17.311,15.4,80918.6
SENS,S4eta2/est_high,reference,7,1.19036,1.14062,21935.5,14.1338,14.8,14335.9
SENS,S4eta2/est_high,reference,8,1.17193,1.125,22144.7,15.9238,14.4,73475.1
SENS,S4eta2/est_high,reference,9,1.06921,1.07812,24284.4,12.8371,14.3,11626.1
SENS,S4eta2/est_high,reference,10,1.12514,1.125,23065.5,15.5311,14.4,66777
SENS,S4eta2/est_none,best_s2+abort(1.5),1,2.01409,1.90625,17285.2,25.0479,51.8,72556.6
SENS,S4eta2/est_none,best_s2+abort(1.5),2,2.05867,2.01562,16877.9,25.3507,50.6,78907.6
SENS,S4eta2/est_none,best_s2+abort(1.5),3,2.14897,2.09375,16158.9,26.5963,63.3,82097.7
SENS,S4eta2/est_none,best_s2+abort(1.5),4,2.09025,1.98438,16665,26.2247,62.9,81874.9
SENS,S4eta2/est_none,best_s2+abort(1.5),5,2.25889,1.92188,15638.2,28.462,66.4,72245.7
SENS,S4eta2/est_none,best_s2+abort(1.5),6,1.98075,1.90625,17476.2,24.7285,49.6,81325.9
SENS,S4eta2/est_none,best_s2+abort(1.5),7,2.00186,1.90625,17506.7,25.1286,51.8,82142.6
SENS,S4eta2/est_none,best_s2+abort(1.5),8,1.98875,1.89062,17480.8,23.163,57,14055.6
SENS,S4eta2/est_none,best_s2+abort(1.5),9,2.06946,2.01562,17054.7,25.0221,50.5,75709.4
SENS,S4eta2/est_none,best_s2+abort(1.5),10,2.14412,2.04688,16479.5,26.4434,56.7,90553.6
SENS,S4eta2/est_none,best_s2+carry(1.5),1,1.78534,1.75,16361.6,26.9421,53.6,71995.2
SENS,S4eta2/est_none,best_s2+carry(1.5),2,1.7515,1.71875,16575.5,24.5352,52.8,15143.4
SENS,S4eta2/est_none,best_s2+carry(1.5),3,1.88295,1.82812,15204.3,25.132,66.3,14463.6
SENS,S4eta2/est_none,best_s2+carry(1.5),4,1.87148,1.73438,15529.4,28.9967,65,71267.4
SENS,S4eta2/est_none,best_s2+carry(1.5),5,1.98741,1.71875,14643.7,30.5198,70.3,73948.1
SENS,S4eta2/est_none,best_s2+carry(1.5),6,1.82148,1.6875,16086.4,27.1169,53.7,75070.6
SENS,S4eta2/est_none,best_s2+carry(1.5),7,1.74699,1.6875,16669.3,26.6548,53.6,77314.6
SENS,S4eta2/est_none,best_s2+carry(1.5),8,1.78504,1.75,16577.8,26.2659,61.4,70338.9
SENS,S4eta2/est_none,best_s2+carry(1.5),9,1.75767,1.71875,16400.1,24.6216,55.7,15473
SENS,S4eta2/est_none,best_s2+carry(1.5),10,1.82502,1.75,15901.2,25.3068,58.7,14058.6
SENS,S4eta2/est_none,best_s2+wait,1,1.78829,1.76562,16306.1,24.0899,42.9,14211.2
SENS,S4eta2/est_none,best_s2+wait,2,1.73062,1.6875,16909.6,26.4038,42.6,85434.8
SENS,S4eta2/est_none,best_s2+wait,3,1.67065,1.65625,17460.9,25.896,43.1,77114
SENS,S4eta2/est_none,best_s2+wait,4,1.80791,1.625,16140.7,27.35,44.7,87269.5
SENS,S4eta2/est_none,best_s2+wait,5,1.77158,1.65625,16519.7,27.2762,44.4,82797.7
SENS,S4eta2/est_none,best_s2+wait,6,1.88313,1.6875,15508.2,26.0156,45.5,20591.5
SENS,S4eta2/est_none,best_s2+wait,7,1.62827,1.57812,17927,23.2024,41.7,13354.5
SENS,S4eta2/est_none,best_s2+wait,8,1.7377,1.6875,16876.4,23.1629,41.8,14613.2
SENS,S4eta2/est_none,best_s2+wait,9,1.71577,1.60938,17027.3,24.0082,43.8,14301.2
SENS,S4eta2/est_none,best_s2+wait,10,1.67833,1.64062,17330.3,26.2965,42.5,88276
SENS,S4eta2/est_none,reference,1,1.26219,1.23438,20506.5,17.0638,13.7,72957.4
SENS,S4eta2/est_none,reference,2,1.25242,1.15625,20789.4,14.549,13.7,10933.3
SENS,S4eta2/est_none,reference,3,1.23414,1.23438,20968.4,14.3607,13.6,12063.5
SENS,S4eta2/est_none,reference,4,1.37193,1.35938,18960.1,15.3147,14.7,11442.8
SENS,S4eta2/est_none,reference,5,1.35528,1.29688,19104.5,15.2351,13.8,12046.6
SENS,S4eta2/est_none,reference,6,1.47223,1.15625,17743.8,19.7741,14.4,84677.8
SENS,S4eta2/est_none,reference,7,1.23387,1.23438,21161.8,16.2063,13.1,65808.6
SENS,S4eta2/est_none,reference,8,1.24994,1.21875,20762.6,14.4355,13.4,10808.7
SENS,S4eta2/est_none,reference,9,1.2698,1.23438,20448.1,14.663,14,10463.5
SENS,S4eta2/est_none,reference,10,1.3057,1.26562,19876,14.3044,13.6,10432.1
SENS,S4eta2/mfu0.2,best_s2+abort(1.5),1,2.20167,2.125,17626.6,26.32,60.4,92793.5
SENS,S4eta2/mfu0.2,best_s2+abort(1.5),2,2.17527,2.15625,17860.3,25.9219,55.8,89932.5
SENS,S4eta2/mfu0.2,best_s2+abort(1.5),3,2.25396,2.17188,17460.8,24.7897,60.3,11983.6
SENS,S4eta2/mfu0.2,best_s2+abort(1.5),4,2.16884,2.03125,18070,23.881,58.5,15748.3
SENS,S4eta2/mfu0.2,best_s2+abort(1.5),5,2.12015,2.04688,18339.3,25.5087,56.1,78189.3
SENS,S4eta2/mfu0.2,best_s2+abort(1.5),6,1.98945,1.96875,19439.6,24.2895,53.5,104411
SENS,S4eta2/mfu0.2,best_s2+abort(1.5),7,2.07361,2.01562,18970.3,24.5573,54.4,77787
SENS,S4eta2/mfu0.2,best_s2+abort(1.5),8,1.93716,1.90625,20028.3,23.3428,51.6,85369.3
SENS,S4eta2/mfu0.2,best_s2+abort(1.5),9,1.92724,1.92188,20291.2,22.7567,50.8,74652.9
SENS,S4eta2/mfu0.2,best_s2+abort(1.5),10,2.01194,2,19419.1,23.645,52.7,83313.8
SENS,S4eta2/mfu0.2,best_s2+carry(1.5),1,1.72997,1.6875,16846.6,25.3501,59.7,14610.1
SENS,S4eta2/mfu0.2,best_s2+carry(1.5),2,1.78558,1.78125,16347.1,27.912,58.7,77432.3
SENS,S4eta2/mfu0.2,best_s2+carry(1.5),3,1.71534,1.6875,17019.4,26.2737,61.4,14353.6
SENS,S4eta2/mfu0.2,best_s2+carry(1.5),4,1.79664,1.70312,16385,25.7097,62.6,14462.9
SENS,S4eta2/mfu0.2,best_s2+carry(1.5),5,1.64218,1.60938,17916.4,24.1577,55.4,16115.6
SENS,S4eta2/mfu0.2,best_s2+carry(1.5),6,1.65208,1.59375,17577.2,25.1821,53.3,71151.9
SENS,S4eta2/mfu0.2,best_s2+carry(1.5),7,1.61774,1.54688,18065.3,25.0144,53.5,66717.5
SENS,S4eta2/mfu0.2,best_s2+carry(1.5),8,1.5421,1.51562,18983.9,24.821,52.2,81744.4
SENS,S4eta2/mfu0.2,best_s2+carry(1.5),9,1.53904,1.51562,18911.8,24.3428,51.8,61617.2
SENS,S4eta2/mfu0.2,best_s2+carry(1.5),10,1.56187,1.54688,18697.4,25.3127,53.8,73634
SENS,S4eta2/mfu0.2,best_s2+wait,1,1.65928,1.57812,17730,26.2873,47.2,72431.7
SENS,S4eta2/mfu0.2,best_s2+wait,2,1.67461,1.64062,17598.7,26.9739,47.5,78274.1
SENS,S4eta2/mfu0.2,best_s2+wait,3,1.60333,1.57812,18319.4,25.7932,45.1,73427.5
SENS,S4eta2/mfu0.2,best_s2+wait,4,1.73651,1.67188,16945.5,28.2492,49.4,101940
SENS,S4eta2/mfu0.2,best_s2+wait,5,1.58708,1.54688,18567.4,23.4321,46.1,15292
SENS,S4eta2/mfu0.2,best_s2+wait,6,1.63241,1.5625,18031,23.0773,45.8,13405
SENS,S4eta2/mfu0.2,best_s2+wait,7,1.4378,1.4375,20450.1,22.9466,42.4,62308.4
SENS,S4eta2/mfu0.2,best_s2+wait,8,1.52246,1.46875,19358.8,21.6176,43.8,10200.6
SENS,S4eta2/mfu0.2,best_s2+wait,9,1.42753,1.4375,20668.6,20.787,42.5,9491.4
SENS,S4eta2/mfu0.2,best_s2+wait,10,1.44715,1.4375,20264,21.0323,42.1,13838.8
SENS,S4eta2/mfu0.2,reference,1,1.23695,1.1875,21127,14.537,15.1,11265.7
SENS,S4eta2/mfu0.2,reference,2,1.21957,1.21875,21492,14.4303,14.7,11475.2
SENS,S4eta2/mfu0.2,reference,3,1.232,1.21875,21198.9,14.296,14.2,18003.6
SENS,S4eta2/mfu0.2,reference,4,1.30526,1.23438,20069.6,18.5813,15,111597
SENS,S4eta2/mfu0.2,reference,5,1.22536,1.17188,21308.8,16.9223,14.7,83437.5
SENS,S4eta2/mfu0.2,reference,6,1.19664,1.1875,21953.1,13.0639,14.4,7301.1
SENS,S4eta2/mfu0.2,reference,7,1.1327,1.09375,23172,13.3444,14.3,14980.4
SENS,S4eta2/mfu0.2,reference,8,1.16491,1.14062,22496.2,16.5123,14.3,102125
SENS,S4eta2/mfu0.2,reference,9,1.10944,1.10938,23568.6,15.6833,14,92897.6
SENS,S4eta2/mfu0.2,reference,10,1.04468,1.03125,25008.6,12.4786,14,10855.9
SENS,S4eta2/mfu0.5,best_s2+abort(1.5),1,1.8304,1.8125,19199.1,19.8472,50.6,18494.4
SENS,S4eta2/mfu0.5,best_s2+abort(1.5),2,1.71818,1.70312,20444.9,21.047,48.8,61885.9
SENS,S4eta2/mfu0.5,best_s2+abort(1.5),3,1.6544,1.60938,21283.2,20.5777,47.7,78208.5
SENS,S4eta2/mfu0.5,best_s2+abort(1.5),4,1.68044,1.67188,20825.5,21.3767,49.3,66526.4
SENS,S4eta2/mfu0.5,best_s2+abort(1.5),5,1.6611,1.625,21179.9,20.5416,46.6,66554.8
SENS,S4eta2/mfu0.5,best_s2+abort(1.5),6,1.8376,1.8125,19181,23.0941,51.4,70822.8
SENS,S4eta2/mfu0.5,best_s2+abort(1.5),7,1.84605,1.82812,18929.6,21.083,50.8,14193.6
SENS,S4eta2/mfu0.5,best_s2+abort(1.5),8,2.03358,1.9375,17198.2,23.7991,58.6,15507.4
SENS,S4eta2/mfu0.5,best_s2+abort(1.5),9,2.31065,2.17188,15524.2,27.0722,55,116655
SENS,S4eta2/mfu0.5,best_s2+abort(1.5),10,2.23818,2.07812,15608.2,27.8981,64.1,119301
SENS,S4eta2/mfu0.5,best_s2+carry(1.5),1,1.70194,1.65625,17075.2,23.7766,58.9,11669.1
SENS,S4eta2/mfu0.5,best_s2+carry(1.5),2,1.51389,1.48438,18940.6,22.2056,50.9,68894.6
SENS,S4eta2/mfu0.5,best_s2+carry(1.5),3,1.44909,1.4375,19798.7,22.2703,50.2,66438.4
SENS,S4eta2/mfu0.5,best_s2+carry(1.5),4,1.43561,1.4375,20073,21.7313,50,56934.2
SENS,S4eta2/mfu0.5,best_s2+carry(1.5),5,1.39381,1.39062,20377.3,21.3396,48.1,68469.9
SENS,S4eta2/mfu0.5,best_s2+carry(1.5),6,1.57725,1.54688,18131.6,22.2311,55.6,15839.9
SENS,S4eta2/mfu0.5,best_s2+carry(1.5),7,1.50301,1.4375,19110.3,20.9409,51.5,16038.2
SENS,S4eta2/mfu0.5,best_s2+carry(1.5),8,1.78215,1.73438,16232.6,27.8751,59.8,117296
SENS,S4eta2/mfu0.5,best_s2+carry(1.5),9,1.83916,1.73438,15575.6,27.8692,53.1,110261
SENS,S4eta2/mfu0.5,best_s2+carry(1.5),10,1.91141,1.76562,14845.1,28.9408,64.1,116659
SENS,S4eta2/mfu0.5,best_s2+wait,1,1.67531,1.59375,17328.1,23.0975,47.9,13127.4
SENS,S4eta2/mfu0.5,best_s2+wait,2,1.38718,1.39062,20921.6,21.372,42.8,77190.4
SENS,S4eta2/mfu0.5,best_s2+wait,3,1.40878,1.40625,20522.8,19.2613,42,15130.2
SENS,S4eta2/mfu0.5,best_s2+wait,4,1.31883,1.3125,21892.8,20.4138,41.5,68545.8
SENS,S4eta2/mfu0.5,best_s2+wait,5,1.41184,1.40625,20457.7,19.1709,41.5,13186.5
SENS,S4eta2/mfu0.5,best_s2+wait,6,1.36155,1.34375,21264.8,19.1934,41.4,15320.9
SENS,S4eta2/mfu0.5,best_s2+wait,7,1.52019,1.5,19044.3,22.8959,43.6,67578.7
SENS,S4eta2/mfu0.5,best_s2+wait,8,1.55488,1.48438,18658.6,21.1774,43.8,13785
SENS,S4eta2/mfu0.5,best_s2+wait,9,1.77771,1.71875,16289.5,26.512,43.2,121697
SENS,S4eta2/mfu0.5,best_s2+wait,10,1.82531,1.70312,15814.3,27.8076,44,133365
SENS,S4eta2/mfu0.5,reference,1,1.21537,1.17188,21157.4,14.3951,15.4,13607.2
SENS,S4eta2/mfu0.5,reference,2,1.11681,1.07812,23191,12.9419,14.5,10805.2
SENS,S4eta2/mfu0.5,reference,3,1.07916,1.04688,23876.8,15.2884,14.2,77172.3
SENS,S4eta2/mfu0.5,reference,4,1.03271,1,25019.7,12.0798,13.8,11228.6
SENS,S4eta2/mfu0.5,reference,5,1.091,1.09375,23605.9,15.6055,14.1,82561.7
SENS,S4eta2/mfu0.5,reference,6,0.990228,0.984375,26281.8,11.6093,13.7,9998
SENS,S4eta2/mfu0.5,reference,7,1.19934,1.17188,21672.8,13.959,14.3,13977.2
SENS,S4eta2/mfu0.5,reference,8,1.13176,1.10938,22779.5,13.3006,14.1,12508.3
SENS,S4eta2/mfu0.5,reference,9,1.4187,1.39062,18196.3,14.9599,14.1,11311.5
SENS,S4eta2/mfu0.5,reference,10,1.37547,1.23438,18779.1,14.6522,13.8,11341.8
SENS,S4eta2/tail0.75,best_s2+abort(1.5),1,1.91999,1.84375,17961.1,24.3795,52.4,119375
SENS,S4eta2/tail0.75,best_s2+abort(1.5),2,1.84676,1.82812,18610.4,22.159,55.6,13966
SENS,S4eta2/tail0.75,best_s2+abort(1.5),3,1.95733,1.96875,17607.1,24.9152,55.7,106645
SENS,S4eta2/tail0.75,best_s2+abort(1.5),4,1.95839,1.92188,17712.5,24.5368,52.3,116123
SENS,S4eta2/tail0.75,best_s2+abort(1.5),5,1.72449,1.71875,19964.2,20.4343,49.9,12659.1
SENS,S4eta2/tail0.75,best_s2+abort(1.5),6,1.87005,1.84375,18419.3,23.927,50.4,127520
SENS,S4eta2/tail0.75,best_s2+abort(1.5),7,1.88113,1.85938,18305,23.8962,50.9,119687
SENS,S4eta2/tail0.75,best_s2+abort(1.5),8,1.8183,1.82812,19114.5,21.4408,52.8,9663.1
SENS,S4eta2/tail0.75,best_s2+abort(1.5),9,1.98346,1.98438,17521.4,25.3909,54.2,123739
SENS,S4eta2/tail0.75,best_s2+abort(1.5),10,1.89284,1.85938,18094.5,24.5354,51.7,147180
SENS,S4eta2/tail0.75,best_s2+carry(1.5),1,1.69658,1.6875,17392.6,23.8278,57.6,14704.9
SENS,S4eta2/tail0.75,best_s2+carry(1.5),2,1.76183,1.73438,16522.6,23.4945,55.6,14033.8
SENS,S4eta2/tail0.75,best_s2+carry(1.5),3,1.73527,1.73438,16807.7,26.9859,56.1,125710
SENS,S4eta2/tail0.75,best_s2+carry(1.5),4,1.83084,1.8125,15950.6,27.8831,59,127437
SENS,S4eta2/tail0.75,best_s2+carry(1.5),5,1.63533,1.60938,17818.5,25.1289,51.2,113853
SENS,S4eta2/tail0.75,best_s2+carry(1.5),6,1.55377,1.54688,18626.4,21.7781,53.6,14481.8
SENS,S4eta2/tail0.75,best_s2+carry(1.5),7,1.69965,1.65625,17157.7,22.6926,54.7,13533.9
SENS,S4eta2/tail0.75,best_s2+carry(1.5),8,1.70442,1.70312,17300.3,25.6529,53.7,126036
SENS,S4eta2/tail0.75,best_s2+carry(1.5),9,1.6087,1.59375,18033.8,21.366,53.6,11765.8
SENS,S4eta2/tail0.75,best_s2+carry(1.5),10,1.74588,1.71875,16650,26.7321,60.7,107320
SENS,S4eta2/tail0.75,best_s2+wait,1,1.65783,1.60938,17574.8,25.9391,46.3,121680
SENS,S4eta2/tail0.75,best_s2+wait,2,1.66152,1.65625,17555,22.0599,45.9,10832.8
SENS,S4eta2/tail0.75,best_s2+wait,3,1.56687,1.53125,18468.1,22.2228,46.2,13082.6
SENS,S4eta2/tail0.75,best_s2+wait,4,1.63306,1.59375,17796.6,25.7038,45.8,119443
SENS,S4eta2/tail0.75,best_s2+wait,5,1.62048,1.59375,17950.3,24.82,43.4,121925
SENS,S4eta2/tail0.75,best_s2+wait,6,1.5284,1.5,18998.2,24.2684,42.7,133420
SENS,S4eta2/tail0.75,best_s2+wait,7,1.47718,1.48438,19721.4,25.9937,43.7,155787
SENS,S4eta2/tail0.75,best_s2+wait,8,1.57614,1.5625,18545.4,25.0345,43.3,125387
SENS,S4eta2/tail0.75,best_s2+wait,9,1.50752,1.51562,19319.8,21.0879,44.7,15362
SENS,S4eta2/tail0.75,best_s2+wait,10,1.63866,1.625,17727.3,25.596,47.4,102159
SENS,S4eta2/tail0.75,reference,1,1.22092,1.20312,21126.6,13.5223,14.4,10782.9
SENS,S4eta2/tail0.75,reference,2,1.26836,1.26562,20508.4,13.5047,14.5,11136.4
SENS,S4eta2/tail0.75,reference,3,1.30534,1.28125,19779.5,18.4023,14.3,138642
SENS,S4eta2/tail0.75,reference,4,1.20968,1.1875,21413.1,13.3507,14.5,12482.5
SENS,S4eta2/tail0.75,reference,5,1.19532,1.1875,21643.6,13.7329,14.3,10554.1
SENS,S4eta2/tail0.75,reference,6,1.18406,1.14062,21958.4,17.0395,14.1,111651
SENS,S4eta2/tail0.75,reference,7,1.19622,1.20312,21719.3,16.973,14.2,104820
SENS,S4eta2/tail0.75,reference,8,1.2459,1.23438,20767.3,13.4631,14.3,9783.7
SENS,S4eta2/tail0.75,reference,9,1.12321,1.125,23013.5,13.2975,14.4,11502.1
SENS,S4eta2/tail0.75,reference,10,1.20706,1.21875,21450.5,13.464,14.3,10357.3
SENS,S4eta2/tail1.25,best_s2+abort(1.5),1,1.58914,1.57812,22079.9,20.7628,45.7,112569
SENS,S4eta2/tail1.25,best_s2+abort(1.5),2,1.62568,1.59375,21955.7,21.3196,47.8,113700
SENS,S4eta2/tail1.25,best_s2+abort(1.5),3,1.81176,1.8125,19614.6,23.8044,50.5,131050
SENS,S4eta2/tail1.25,best_s2+abort(1.5),4,1.93965,1.90625,18207.4,24.9532,53,129660
SENS,S4eta2/tail1.25,best_s2+abort(1.5),5,1.81096,1.8125,19609.4,21.6359,53.5,11994.8
SENS,S4eta2/tail1.25,best_s2+abort(1.5),6,1.8732,1.82812,18963.8,24.0335,50.3,128148
SENS,S4eta2/tail1.25,best_s2+abort(1.5),7,1.86149,1.79688,19416.7,23.3112,51.7,104872
SENS,S4eta2/tail1.25,best_s2+abort(1.5),8,1.87479,1.84375,18870.9,24.0542,52.1,120718
SENS,S4eta2/tail1.25,best_s2+abort(1.5),9,1.67745,1.625,21150,19.7207,48.5,15412.1
SENS,S4eta2/tail1.25,best_s2+abort(1.5),10,1.62234,1.54688,22375,18.9139,47.8,10926.6
SENS,S4eta2/tail1.25,best_s2+carry(1.5),1,1.38453,1.375,20929.8,22.0956,47.8,101395
SENS,S4eta2/tail1.25,best_s2+carry(1.5),2,1.32661,1.3125,21701.9,23.8932,48.4,159977
SENS,S4eta2/tail1.25,best_s2+carry(1.5),3,1.55951,1.54688,18543.6,24.9728,51.5,121751
SENS,S4eta2/tail1.25,best_s2+carry(1.5),4,1.67888,1.65625,17172.7,30.1982,58.5,203602
SENS,S4eta2/tail1.25,best_s2+carry(1.5),5,1.64595,1.5625,17925.8,23.4681,57,11534.7
SENS,S4eta2/tail1.25,best_s2+carry(1.5),6,1.61273,1.5625,18117.7,28.5389,54.3,177572
SENS,S4eta2/tail1.25,best_s2+carry(1.5),7,1.5066,1.46875,19274.5,21.5387,52.3,12829.6
SENS,S4eta2/tail1.25,best_s2+carry(1.5),8,1.61774,1.59375,17750.1,25.1923,53.9,118878
SENS,S4eta2/tail1.25,best_s2+carry(1.5),9,1.60582,1.5625,18402.4,24.5252,51.3,105451
SENS,S4eta2/tail1.25,best_s2+carry(1.5),10,1.41513,1.375,20461.1,25.2207,49.8,155578
SENS,S4eta2/tail1.25,best_s2+wait,1,1.32584,1.32812,22070.6,21.5931,39,114647
SENS,S4eta2/tail1.25,best_s2+wait,2,1.27886,1.28125,22844.5,23.5962,40.7,166257
SENS,S4eta2/tail1.25,best_s2+wait,3,1.38182,1.375,21028.8,18.8023,40,11169.6
SENS,S4eta2/tail1.25,best_s2+wait,4,1.50702,1.48438,19353.5,27.5381,44.1,182412
SENS,S4eta2/tail1.25,best_s2+wait,5,1.5972,1.54688,18312.7,25.5847,44.2,119985
SENS,S4eta2/tail1.25,best_s2+wait,6,1.53641,1.5,19026.9,27.8574,46,168467
SENS,S4eta2/tail1.25,best_s2+wait,7,1.44628,1.375,20203.6,21.2083,43.6,17139.6
SENS,S4eta2/tail1.25,best_s2+wait,8,1.48113,1.45312,19724.1,23.4573,42.8,109815
SENS,S4eta2/tail1.25,best_s2+wait,9,1.47499,1.40625,19805.5,21.0131,43.4,17481.2
SENS,S4eta2/tail1.25,best_s2+wait,10,1.47871,1.46875,19660.4,24.3892,42.8,118571
SENS,S4eta2/tail1.25,reference,1,0.92927,0.921875,27805.7,17.1334,13.6,161767
SENS,S4eta2/tail1.25,reference,2,0.853977,0.859375,30396.6,11.0171,13.5,7651.1
SENS,S4eta2/tail1.25,reference,3,0.94622,0.9375,27349.9,17.3345,13.7,158183
SENS,S4eta2/tail1.25,reference,4,1.06065,1.04688,24464.3,12.8543,14.4,7776.2
SENS,S4eta2/tail1.25,reference,5,1.17821,1.1875,21952.8,21.0512,14.5,192222
SENS,S4eta2/tail1.25,reference,6,1.21264,1.20312,21453.9,13.521,14.2,8930.7
SENS,S4eta2/tail1.25,reference,7,1.08084,1.07812,24060,13.9103,14.4,10048.2
SENS,S4eta2/tail1.25,reference,8,1.03065,1,25217,12.596,14.1,9016.8
SENS,S4eta2/tail1.25,reference,9,1.09107,1.07812,23717.1,13.3408,14.5,7444.6
SENS,S4eta2/tail1.25,reference,10,1.08529,1.07812,23891.4,12.4799,14,7995.6
